glass_id,manufacturer_id,glass_name,manufacturer_code,glass_family,description,material_class,status
CDGM-H-ZF52,CDGM,H-ZF52,H-ZF52,Dense flint,CDGM dense flint.,oxide_glass,
SCHOTT-BK7G18,SCHOTT,BK7G18,BK7G18,Borosilicate crown,Imported from SCHOTT-AGF-2025-06.,oxide_glass,standard
SCHOTT-F2,SCHOTT,F2,F2,Optical glass,Imported from SCHOTT-AGF-2025-06.,oxide_glass,standard
SCHOTT-F2G12,SCHOTT,F2G12,F2G12,Optical glass,Imported from SCHOTT-AGF-2025-06.,oxide_glass,standard
SCHOTT-F2HT,SCHOTT,F2HT,F2HT,Optical glass,Imported from SCHOTT-AGF-2025-06.,oxide_glass,standard
SCHOTT-F2HTI,SCHOTT,F2HTi,F2HTi,Optical glass,Imported from SCHOTT-AGF-2025-06.,oxide_glass,standard
SCHOTT-F5,SCHOTT,F5,F5,Optical glass,Imported from SCHOTT-AGF-2025-06.,oxide_glass,standard
SCHOTT-FK5HTI,SCHOTT,FK5HTi,FK5HTi,Fluor crown,Imported from SCHOTT-AGF-2025-06.,oxide_glass,standard
SCHOTT-K10,SCHOTT,K10,K10,Optical glass,Imported from SCHOTT-AGF-2025-06.,oxide_glass,standard
SCHOTT-K5G20,SCHOTT,K5G20,K5G20,Optical glass,Imported from SCHOTT-AGF-2025-06.,oxide_glass,standard
SCHOTT-LAFN7,SCHOTT,LAFN7,LAFN7,Lanthanum flint,Imported from SCHOTT-AGF-2025-06.,oxide_glass,standard
SCHOTT-LAK9G15,SCHOTT,LAK9G15,LAK9G15,Lanthanum crown,Imported from SCHOTT-AGF-2025-06.,oxide_glass,standard
SCHOTT-LASF35,SCHOTT,LASF35,LASF35,Dense flint,Imported from SCHOTT-AGF-2025-06.,oxide_glass,standard
SCHOTT-LF5,SCHOTT,LF5,LF5,Optical glass,Imported from SCHOTT-AGF-2025-06.,oxide_glass,standard
SCHOTT-LF5G19,SCHOTT,LF5G19,LF5G19,Optical glass,Imported from SCHOTT-AGF-2025-06.,oxide_glass,standard
SCHOTT-LF5HTI,SCHOTT,LF5HTi,LF5HTi,Optical glass,Imported from SCHOTT-AGF-2025-06.,oxide_glass,standard
SCHOTT-LLF1,SCHOTT,LLF1,LLF1,Optical glass,Imported from SCHOTT-AGF-2025-06.,oxide_glass,standard
SCHOTT-LLF1HTI,SCHOTT,LLF1HTi,LLF1HTi,Optical glass,Imported from SCHOTT-AGF-2025-06.,oxide_glass,standard
SCHOTT-N-BAF10,SCHOTT,N-BAF10,N-BAF10,Barium flint,Imported from SCHOTT-AGF-2025-06.,oxide_glass,standard
SCHOTT-N-BAF4,SCHOTT,N-BAF4,N-BAF4,Barium flint,Imported from SCHOTT-AGF-2025-06.,oxide_glass,standard
SCHOTT-N-BAF51,SCHOTT,N-BAF51,N-BAF51,Barium flint,Imported from SCHOTT-AGF-2025-06.,oxide_glass,standard
SCHOTT-N-BAF52,SCHOTT,N-BAF52,N-BAF52,Barium flint,Imported from SCHOTT-AGF-2025-06.,oxide_glass,standard
SCHOTT-N-BAK1,SCHOTT,N-BAK1,N-BAK1,Barium crown,Imported from SCHOTT-AGF-2025-06.,oxide_glass,standard
SCHOTT-N-BAK2,SCHOTT,N-BAK2,N-BAK2,Barium crown,Imported from SCHOTT-AGF-2025-06.,oxide_glass,standard
SCHOTT-N-BAK4,SCHOTT,N-BAK4,N-BAK4,Barium crown,Imported from SCHOTT-AGF-2025-06.,oxide_glass,standard
SCHOTT-N-BAK4HT,SCHOTT,N-BAK4HT,N-BAK4HT,Barium crown,Imported from SCHOTT-AGF-2025-06.,oxide_glass,standard
SCHOTT-N-BALF4,SCHOTT,N-BALF4,N-BALF4,Barium crown,Imported from SCHOTT-AGF-2025-06.,oxide_glass,standard
SCHOTT-N-BALF5,SCHOTT,N-BALF5,N-BALF5,Barium crown,Imported from SCHOTT-AGF-2025-06.,oxide_glass,standard
SCHOTT-N-BASF2,SCHOTT,N-BASF2,N-BASF2,Dense flint,Imported from SCHOTT-AGF-2025-06.,oxide_glass,standard
SCHOTT-N-BASF64,SCHOTT,N-BASF64,N-BASF64,Dense flint,Imported from SCHOTT-AGF-2025-06.,oxide_glass,standard
SCHOTT-N-BK10,SCHOTT,N-BK10,N-BK10,Borosilicate crown,Imported from SCHOTT-AGF-2025-06.,oxide_glass,standard
SCHOTT-N-BK7,SCHOTT,N-BK7,N-BK7,Borosilicate crown,Imported from SCHOTT-AGF-2025-06.,oxide_glass,standard
SCHOTT-N-BK7HT,SCHOTT,N-BK7HT,N-BK7HT,Borosilicate crown,Imported from SCHOTT-AGF-2025-06.,oxide_glass,standard
SCHOTT-N-BK7HTI,SCHOTT,N-BK7HTi,N-BK7HTi,Borosilicate crown,Imported from SCHOTT-AGF-2025-06.,oxide_glass,standard
SCHOTT-N-F2,SCHOTT,N-F2,N-F2,Optical glass,Imported from SCHOTT-AGF-2025-06.,oxide_glass,standard
SCHOTT-N-FK5,SCHOTT,N-FK5,N-FK5,Fluor crown,Imported from SCHOTT-AGF-2025-06.,oxide_glass,standard
SCHOTT-N-FK51A,SCHOTT,N-FK51A,N-FK51A,Fluor crown,Imported from SCHOTT-AGF-2025-06.,oxide_glass,standard
SCHOTT-N-FK58,SCHOTT,N-FK58,N-FK58,Fluor crown,Imported from SCHOTT-AGF-2025-06.,oxide_glass,standard
SCHOTT-N-K5,SCHOTT,N-K5,N-K5,Optical glass,Imported from SCHOTT-AGF-2025-06.,oxide_glass,standard
SCHOTT-N-KF9,SCHOTT,N-KF9,N-KF9,Optical glass,Imported from SCHOTT-AGF-2025-06.,oxide_glass,standard
SCHOTT-N-KZFS11,SCHOTT,N-KZFS11,N-KZFS11,Dense flint,Imported from SCHOTT-AGF-2025-06.,oxide_glass,standard
SCHOTT-N-KZFS2,SCHOTT,N-KZFS2,N-KZFS2,Dense flint,Imported from SCHOTT-AGF-2025-06.,oxide_glass,standard
SCHOTT-N-KZFS4,SCHOTT,N-KZFS4,N-KZFS4,Dense flint,Imported from SCHOTT-AGF-2025-06.,oxide_glass,standard
SCHOTT-N-KZFS5,SCHOTT,N-KZFS5,N-KZFS5,Dense flint,Imported from SCHOTT-AGF-2025-06.,oxide_glass,standard
SCHOTT-N-KZFS8,SCHOTT,N-KZFS8,N-KZFS8,Dense flint,Imported from SCHOTT-AGF-2025-06.,oxide_glass,standard
SCHOTT-N-LAF2,SCHOTT,N-LAF2,N-LAF2,Lanthanum flint,Imported from SCHOTT-AGF-2025-06.,oxide_glass,standard
SCHOTT-N-LAF21,SCHOTT,N-LAF21,N-LAF21,Lanthanum flint,Imported from SCHOTT-AGF-2025-06.,oxide_glass,standard
SCHOTT-N-LAF33,SCHOTT,N-LAF33,N-LAF33,Lanthanum flint,Imported from SCHOTT-AGF-2025-06.,oxide_glass,standard
SCHOTT-N-LAF34,SCHOTT,N-LAF34,N-LAF34,Lanthanum flint,Imported from SCHOTT-AGF-2025-06.,oxide_glass,standard
SCHOTT-N-LAF35,SCHOTT,N-LAF35,N-LAF35,Lanthanum flint,Imported from SCHOTT-AGF-2025-06.,oxide_glass,standard
SCHOTT-N-LAF7,SCHOTT,N-LAF7,N-LAF7,Lanthanum flint,Imported from SCHOTT-AGF-2025-06.,oxide_glass,standard
SCHOTT-N-LAK10,SCHOTT,N-LAK10,N-LAK10,Lanthanum crown,Imported from SCHOTT-AGF-2025-06.,oxide_glass,standard
SCHOTT-N-LAK12,SCHOTT,N-LAK12,N-LAK12,Lanthanum crown,Imported from SCHOTT-AGF-2025-06.,oxide_glass,standard
SCHOTT-N-LAK14,SCHOTT,N-LAK14,N-LAK14,Lanthanum crown,Imported from SCHOTT-AGF-2025-06.,oxide_glass,standard
SCHOTT-N-LAK21,SCHOTT,N-LAK21,N-LAK21,Lanthanum crown,Imported from SCHOTT-AGF-2025-06.,oxide_glass,standard
SCHOTT-N-LAK22,SCHOTT,N-LAK22,N-LAK22,Lanthanum crown,Imported from SCHOTT-AGF-2025-06.,oxide_glass,standard
SCHOTT-N-LAK28,SCHOTT,N-LAK28,N-LAK28,Lanthanum crown,Imported from SCHOTT-AGF-2025-06.,oxide_glass,standard
SCHOTT-N-LAK33B,SCHOTT,N-LAK33B,N-LAK33B,Lanthanum crown,Imported from SCHOTT-AGF-2025-06.,oxide_glass,standard
SCHOTT-N-LAK34,SCHOTT,N-LAK34,N-LAK34,Lanthanum crown,Imported from SCHOTT-AGF-2025-06.,oxide_glass,standard
SCHOTT-N-LAK7,SCHOTT,N-LAK7,N-LAK7,Lanthanum crown,Imported from SCHOTT-AGF-2025-06.,oxide_glass,standard
SCHOTT-N-LAK8,SCHOTT,N-LAK8,N-LAK8,Lanthanum crown,Imported from SCHOTT-AGF-2025-06.,oxide_glass,standard
SCHOTT-N-LAK9,SCHOTT,N-LAK9,N-LAK9,Lanthanum crown,Imported from SCHOTT-AGF-2025-06.,oxide_glass,standard
SCHOTT-N-LASF31A,SCHOTT,N-LASF31A,N-LASF31A,Dense flint,Imported from SCHOTT-AGF-2025-06.,oxide_glass,standard
SCHOTT-N-LASF40,SCHOTT,N-LASF40,N-LASF40,Dense flint,Imported from SCHOTT-AGF-2025-06.,oxide_glass,standard
SCHOTT-N-LASF41,SCHOTT,N-LASF41,N-LASF41,Dense flint,Imported from SCHOTT-AGF-2025-06.,oxide_glass,standard
SCHOTT-N-LASF43,SCHOTT,N-LASF43,N-LASF43,Dense flint,Imported from SCHOTT-AGF-2025-06.,oxide_glass,standard
SCHOTT-N-LASF44,SCHOTT,N-LASF44,N-LASF44,Dense flint,Imported from SCHOTT-AGF-2025-06.,oxide_glass,standard
SCHOTT-N-LASF45,SCHOTT,N-LASF45,N-LASF45,Dense flint,Imported from SCHOTT-AGF-2025-06.,oxide_glass,standard
SCHOTT-N-LASF46B,SCHOTT,N-LASF46B,N-LASF46B,Dense flint,Imported from SCHOTT-AGF-2025-06.,oxide_glass,standard
SCHOTT-N-LASF55,SCHOTT,N-LASF55,N-LASF55,Dense flint,Imported from SCHOTT-AGF-2025-06.,oxide_glass,standard
SCHOTT-N-LASF9,SCHOTT,N-LASF9,N-LASF9,Dense flint,Imported from SCHOTT-AGF-2025-06.,oxide_glass,standard
SCHOTT-N-PK51,SCHOTT,N-PK51,N-PK51,Optical glass,Imported from SCHOTT-AGF-2025-06.,oxide_glass,standard
SCHOTT-N-PK52A,SCHOTT,N-PK52A,N-PK52A,Optical glass,Imported from SCHOTT-AGF-2025-06.,oxide_glass,standard
SCHOTT-N-PSK3,SCHOTT,N-PSK3,N-PSK3,Dense crown,Imported from SCHOTT-AGF-2025-06.,oxide_glass,standard
SCHOTT-N-PSK53A,SCHOTT,N-PSK53A,N-PSK53A,Dense crown,Imported from SCHOTT-AGF-2025-06.,oxide_glass,standard
SCHOTT-N-SF1,SCHOTT,N-SF1,N-SF1,Dense flint,Imported from SCHOTT-AGF-2025-06.,oxide_glass,standard
SCHOTT-N-SF10,SCHOTT,N-SF10,N-SF10,Dense flint,Imported from SCHOTT-AGF-2025-06.,oxide_glass,standard
SCHOTT-N-SF11,SCHOTT,N-SF11,N-SF11,Dense flint,Imported from SCHOTT-AGF-2025-06.,oxide_glass,standard
SCHOTT-N-SF14,SCHOTT,N-SF14,N-SF14,Dense flint,Imported from SCHOTT-AGF-2025-06.,oxide_glass,standard
SCHOTT-N-SF15,SCHOTT,N-SF15,N-SF15,Dense flint,Imported from SCHOTT-AGF-2025-06.,oxide_glass,standard
SCHOTT-N-SF2,SCHOTT,N-SF2,N-SF2,Dense flint,Imported from SCHOTT-AGF-2025-06.,oxide_glass,standard
SCHOTT-N-SF4,SCHOTT,N-SF4,N-SF4,Dense flint,Imported from SCHOTT-AGF-2025-06.,oxide_glass,standard
SCHOTT-N-SF5,SCHOTT,N-SF5,N-SF5,Dense flint,Imported from SCHOTT-AGF-2025-06.,oxide_glass,standard
SCHOTT-N-SF57,SCHOTT,N-SF57,N-SF57,Dense flint,Imported from SCHOTT-AGF-2025-06.,oxide_glass,standard
SCHOTT-N-SF57HT,SCHOTT,N-SF57HT,N-SF57HT,Dense flint,Imported from SCHOTT-AGF-2025-06.,oxide_glass,standard
SCHOTT-N-SF57HTULTRA,SCHOTT,N-SF57HTultra,N-SF57HTultra,Dense flint,Imported from SCHOTT-AGF-2025-06.,oxide_glass,standard
SCHOTT-N-SF6,SCHOTT,N-SF6,N-SF6,Dense flint,Imported from SCHOTT-AGF-2025-06.,oxide_glass,standard
SCHOTT-N-SF66,SCHOTT,N-SF66,N-SF66,Dense flint,Imported from SCHOTT-AGF-2025-06.,oxide_glass,standard
SCHOTT-N-SF6HT,SCHOTT,N-SF6HT,N-SF6HT,Dense flint,Imported from SCHOTT-AGF-2025-06.,oxide_glass,standard
SCHOTT-N-SF6HTULTRA,SCHOTT,N-SF6HTultra,N-SF6HTultra,Dense flint,Imported from SCHOTT-AGF-2025-06.,oxide_glass,standard
SCHOTT-N-SF8,SCHOTT,N-SF8,N-SF8,Dense flint,Imported from SCHOTT-AGF-2025-06.,oxide_glass,standard
SCHOTT-N-SK11,SCHOTT,N-SK11,N-SK11,Dense crown,Imported from SCHOTT-AGF-2025-06.,oxide_glass,standard
SCHOTT-N-SK14,SCHOTT,N-SK14,N-SK14,Dense crown,Imported from SCHOTT-AGF-2025-06.,oxide_glass,standard
SCHOTT-N-SK16,SCHOTT,N-SK16,N-SK16,Dense crown,Imported from SCHOTT-AGF-2025-06.,oxide_glass,standard
SCHOTT-N-SK2,SCHOTT,N-SK2,N-SK2,Dense crown,Imported from SCHOTT-AGF-2025-06.,oxide_glass,standard
SCHOTT-N-SK2HT,SCHOTT,N-SK2HT,N-SK2HT,Dense crown,Imported from SCHOTT-AGF-2025-06.,oxide_glass,standard
SCHOTT-N-SK4,SCHOTT,N-SK4,N-SK4,Dense crown,Imported from SCHOTT-AGF-2025-06.,oxide_glass,standard
SCHOTT-N-SK5,SCHOTT,N-SK5,N-SK5,Dense crown,Imported from SCHOTT-AGF-2025-06.,oxide_glass,standard
SCHOTT-N-SK5HTI,SCHOTT,N-SK5HTi,N-SK5HTi,Dense crown,Imported from SCHOTT-AGF-2025-06.,oxide_glass,standard
SCHOTT-N-SSK2,SCHOTT,N-SSK2,N-SSK2,Dense crown,Imported from SCHOTT-AGF-2025-06.,oxide_glass,standard
SCHOTT-N-SSK5,SCHOTT,N-SSK5,N-SSK5,Dense crown,Imported from SCHOTT-AGF-2025-06.,oxide_glass,standard
SCHOTT-N-SSK8,SCHOTT,N-SSK8,N-SSK8,Dense crown,Imported from SCHOTT-AGF-2025-06.,oxide_glass,standard
SCHOTT-N-ZK7A,SCHOTT,N-ZK7A,N-ZK7A,Optical glass,Imported from SCHOTT-AGF-2025-06.,oxide_glass,standard
SCHOTT-P-BK7,SCHOTT,P-BK7,P-BK7,Borosilicate crown,Imported from SCHOTT-AGF-2025-06.,oxide_glass,standard
SCHOTT-P-LAF37,SCHOTT,P-LAF37,P-LAF37,Lanthanum flint,Imported from SCHOTT-AGF-2025-06.,oxide_glass,standard
SCHOTT-P-LAK35,SCHOTT,P-LAK35,P-LAK35,Lanthanum crown,Imported from SCHOTT-AGF-2025-06.,oxide_glass,standard
SCHOTT-P-LASF47,SCHOTT,P-LASF47,P-LASF47,Dense flint,Imported from SCHOTT-AGF-2025-06.,oxide_glass,standard
SCHOTT-P-LASF50,SCHOTT,P-LASF50,P-LASF50,Dense flint,Imported from SCHOTT-AGF-2025-06.,oxide_glass,standard
SCHOTT-P-LASF51,SCHOTT,P-LASF51,P-LASF51,Dense flint,Imported from SCHOTT-AGF-2025-06.,oxide_glass,standard
SCHOTT-P-SF68,SCHOTT,P-SF68,P-SF68,Dense flint,Imported from SCHOTT-AGF-2025-06.,oxide_glass,standard
SCHOTT-P-SF69,SCHOTT,P-SF69,P-SF69,Dense flint,Imported from SCHOTT-AGF-2025-06.,oxide_glass,standard
SCHOTT-P-SF8,SCHOTT,P-SF8,P-SF8,Dense flint,Imported from SCHOTT-AGF-2025-06.,oxide_glass,standard
SCHOTT-P-SK57,SCHOTT,P-SK57,P-SK57,Dense crown,Imported from SCHOTT-AGF-2025-06.,oxide_glass,standard
SCHOTT-P-SK57Q1,SCHOTT,P-SK57Q1,P-SK57Q1,Dense crown,Imported from SCHOTT-AGF-2025-06.,oxide_glass,standard
SCHOTT-P-SK58A,SCHOTT,P-SK58A,P-SK58A,Dense crown,Imported from SCHOTT-AGF-2025-06.,oxide_glass,standard
SCHOTT-P-SK60,SCHOTT,P-SK60,P-SK60,Dense crown,Imported from SCHOTT-AGF-2025-06.,oxide_glass,standard
SCHOTT-SF1,SCHOTT,SF1,SF1,Dense flint,Imported from SCHOTT-AGF-2025-06.,oxide_glass,standard
SCHOTT-SF10,SCHOTT,SF10,SF10,Dense flint,Imported from SCHOTT-AGF-2025-06.,oxide_glass,standard
SCHOTT-SF11,SCHOTT,SF11,SF11,Dense flint,Imported from SCHOTT-AGF-2025-06.,oxide_glass,standard
SCHOTT-SF2,SCHOTT,SF2,SF2,Dense flint,Imported from SCHOTT-AGF-2025-06.,oxide_glass,standard
SCHOTT-SF3,SCHOTT,SF3,SF3,Dense flint,Imported from SCHOTT-AGF-2025-06.,oxide_glass,standard
SCHOTT-SF4,SCHOTT,SF4,SF4,Dense flint,Imported from SCHOTT-AGF-2025-06.,oxide_glass,standard
SCHOTT-SF5,SCHOTT,SF5,SF5,Dense flint,Imported from SCHOTT-AGF-2025-06.,oxide_glass,standard
SCHOTT-SF56A,SCHOTT,SF56A,SF56A,Dense flint,Imported from SCHOTT-AGF-2025-06.,oxide_glass,standard
SCHOTT-SF57,SCHOTT,SF57,SF57,Dense flint,Imported from SCHOTT-AGF-2025-06.,oxide_glass,standard
SCHOTT-SF57HTULTRA,SCHOTT,SF57HTultra,SF57HTultra,Dense flint,Imported from SCHOTT-AGF-2025-06.,oxide_glass,standard
SCHOTT-SF6,SCHOTT,SF6,SF6,Dense flint,Imported from SCHOTT-AGF-2025-06.,oxide_glass,standard
SCHOTT-SF6G05,SCHOTT,SF6G05,SF6G05,Dense flint,Imported from SCHOTT-AGF-2025-06.,oxide_glass,standard
SCHOTT-SF6HT,SCHOTT,SF6HT,SF6HT,Dense flint,Imported from SCHOTT-AGF-2025-06.,oxide_glass,standard
SCHOTT-REALVIEW_1.9_LIGHTWEIGHT,SCHOTT,REALVIEW_1.9_LIGHTWEIGHT,REALVIEW_1.9_LIGHTWEIGHT,Optical glass,Imported from SCHOTT-AGF-2025-06.,oxide_glass,standard
SCHOTT-REALVIEW_2.0,SCHOTT,REALVIEW_2.0,REALVIEW_2.0,Optical glass,Imported from SCHOTT-AGF-2025-06.,oxide_glass,standard
SCHOTT-FK3,SCHOTT,FK3,FK3,Fluor crown,Imported from SCHOTT-AGF-2025-06.,oxide_glass,standard
SCHOTT-N-BAF3,SCHOTT,N-BAF3,N-BAF3,Barium flint,Imported from SCHOTT-AGF-2025-06.,oxide_glass,standard
SCHOTT-BAFN6,SCHOTT,BAFN6,BAFN6,Barium flint,Imported from SCHOTT-AGF-2025-06.,oxide_glass,standard
SCHOTT-N-KZFS4HT,SCHOTT,N-KZFS4HT,N-KZFS4HT,Dense flint,Imported from SCHOTT-AGF-2025-06.,oxide_glass,standard
SCHOTT-N-PSK53,SCHOTT,N-PSK53,N-PSK53,Dense crown,Imported from SCHOTT-AGF-2025-06.,oxide_glass,standard
SCHOTT-N-SK10,SCHOTT,N-SK10,N-SK10,Dense crown,Imported from SCHOTT-AGF-2025-06.,oxide_glass,standard
SCHOTT-N-SK15,SCHOTT,N-SK15,N-SK15,Dense crown,Imported from SCHOTT-AGF-2025-06.,oxide_glass,standard
SCHOTT-KZFSN5,SCHOTT,KZFSN5,KZFSN5,Dense flint,Imported from SCHOTT-AGF-2025-06.,oxide_glass,standard
SCHOTT-N-SF19,SCHOTT,N-SF19,N-SF19,Dense flint,Imported from SCHOTT-AGF-2025-06.,oxide_glass,standard
SCHOTT-KZFS12,SCHOTT,KZFS12,KZFS12,Dense flint,Imported from SCHOTT-AGF-2025-06.,oxide_glass,standard
SCHOTT-N-SF64,SCHOTT,N-SF64,N-SF64,Dense flint,Imported from SCHOTT-AGF-2025-06.,oxide_glass,standard
SCHOTT-N-LAF3,SCHOTT,N-LAF3,N-LAF3,Lanthanum flint,Imported from SCHOTT-AGF-2025-06.,oxide_glass,standard
SCHOTT-N-LAK33A,SCHOTT,N-LAK33A,N-LAK33A,Lanthanum crown,Imported from SCHOTT-AGF-2025-06.,oxide_glass,standard
SCHOTT-N-SF56,SCHOTT,N-SF56,N-SF56,Dense flint,Imported from SCHOTT-AGF-2025-06.,oxide_glass,standard
SCHOTT-N-LAF36,SCHOTT,N-LAF36,N-LAF36,Lanthanum flint,Imported from SCHOTT-AGF-2025-06.,oxide_glass,standard
SCHOTT-N-LASF45HT,SCHOTT,N-LASF45HT,N-LASF45HT,Dense flint,Imported from SCHOTT-AGF-2025-06.,oxide_glass,standard
SCHOTT-SFL6,SCHOTT,SFL6,SFL6,Dense flint,Imported from SCHOTT-AGF-2025-06.,oxide_glass,standard
SCHOTT-SFL57,SCHOTT,SFL57,SFL57,Dense flint,Imported from SCHOTT-AGF-2025-06.,oxide_glass,standard
SCHOTT-SF57HT,SCHOTT,SF57HT,SF57HT,Dense flint,Imported from SCHOTT-AGF-2025-06.,oxide_glass,standard
SCHOTT-N-LASF9HT,SCHOTT,N-LASF9HT,N-LASF9HT,Dense flint,Imported from SCHOTT-AGF-2025-06.,oxide_glass,standard
SCHOTT-N-LASF46A,SCHOTT,N-LASF46A,N-LASF46A,Dense flint,Imported from SCHOTT-AGF-2025-06.,oxide_glass,standard
SCHOTT-N-ZK7,SCHOTT,N-ZK7,N-ZK7,Optical glass,Imported from SCHOTT-AGF-2025-06.,oxide_glass,standard
SCHOTT-K7,SCHOTT,K7,K7,Optical glass,Imported from SCHOTT-AGF-2025-06.,oxide_glass,standard
SCHOTT-AF32ECO,SCHOTT,AF32ECO,AF32ECO,Optical glass,Imported from SCHOTT-AGF-2025-06.,oxide_glass,standard
SCHOTT-B270,SCHOTT,B270,B270,Optical glass,Imported from SCHOTT-AGF-2025-06.,oxide_glass,standard
SCHOTT-BAF13,SCHOTT,BAF13,BAF13,Barium flint,Imported from SCHOTT-AGF-2025-06.,oxide_glass,standard
SCHOTT-BAF3,SCHOTT,BAF3,BAF3,Barium flint,Imported from SCHOTT-AGF-2025-06.,oxide_glass,standard
SCHOTT-BAF4,SCHOTT,BAF4,BAF4,Barium flint,Imported from SCHOTT-AGF-2025-06.,oxide_glass,standard
SCHOTT-BAF50,SCHOTT,BAF50,BAF50,Barium flint,Imported from SCHOTT-AGF-2025-06.,oxide_glass,standard
SCHOTT-BAF51,SCHOTT,BAF51,BAF51,Barium flint,Imported from SCHOTT-AGF-2025-06.,oxide_glass,standard
SCHOTT-BAF52,SCHOTT,BAF52,BAF52,Barium flint,Imported from SCHOTT-AGF-2025-06.,oxide_glass,standard
SCHOTT-BAF8,SCHOTT,BAF8,BAF8,Barium flint,Imported from SCHOTT-AGF-2025-06.,oxide_glass,standard
SCHOTT-BAF9,SCHOTT,BAF9,BAF9,Barium flint,Imported from SCHOTT-AGF-2025-06.,oxide_glass,standard
SCHOTT-BAFN10,SCHOTT,BAFN10,BAFN10,Barium flint,Imported from SCHOTT-AGF-2025-06.,oxide_glass,standard
SCHOTT-BAFN11,SCHOTT,BAFN11,BAFN11,Barium flint,Imported from SCHOTT-AGF-2025-06.,oxide_glass,standard
SCHOTT-BAK1,SCHOTT,BAK1,BAK1,Barium crown,Imported from SCHOTT-AGF-2025-06.,oxide_glass,standard
SCHOTT-BAK2,SCHOTT,BAK2,BAK2,Barium crown,Imported from SCHOTT-AGF-2025-06.,oxide_glass,standard
SCHOTT-BAK4,SCHOTT,BAK4,BAK4,Barium crown,Imported from SCHOTT-AGF-2025-06.,oxide_glass,standard
SCHOTT-BAK5,SCHOTT,BAK5,BAK5,Barium crown,Imported from SCHOTT-AGF-2025-06.,oxide_glass,standard
SCHOTT-BAK50,SCHOTT,BAK50,BAK50,Barium crown,Imported from SCHOTT-AGF-2025-06.,oxide_glass,standard
SCHOTT-BALF4,SCHOTT,BALF4,BALF4,Barium crown,Imported from SCHOTT-AGF-2025-06.,oxide_glass,standard
SCHOTT-BALF5,SCHOTT,BALF5,BALF5,Barium crown,Imported from SCHOTT-AGF-2025-06.,oxide_glass,standard
SCHOTT-BALF50,SCHOTT,BALF50,BALF50,Barium crown,Imported from SCHOTT-AGF-2025-06.,oxide_glass,standard
SCHOTT-BALKN3,SCHOTT,BALKN3,BALKN3,Barium crown,Imported from SCHOTT-AGF-2025-06.,oxide_glass,standard
SCHOTT-BASF1,SCHOTT,BASF1,BASF1,Dense flint,Imported from SCHOTT-AGF-2025-06.,oxide_glass,standard
SCHOTT-BASF10,SCHOTT,BASF10,BASF10,Dense flint,Imported from SCHOTT-AGF-2025-06.,oxide_glass,standard
SCHOTT-BASF12,SCHOTT,BASF12,BASF12,Dense flint,Imported from SCHOTT-AGF-2025-06.,oxide_glass,standard
SCHOTT-BASF13,SCHOTT,BASF13,BASF13,Dense flint,Imported from SCHOTT-AGF-2025-06.,oxide_glass,standard
SCHOTT-BASF2,SCHOTT,BASF2,BASF2,Dense flint,Imported from SCHOTT-AGF-2025-06.,oxide_glass,standard
SCHOTT-BASF51,SCHOTT,BASF51,BASF51,Dense flint,Imported from SCHOTT-AGF-2025-06.,oxide_glass,standard
SCHOTT-BASF52,SCHOTT,BASF52,BASF52,Dense flint,Imported from SCHOTT-AGF-2025-06.,oxide_glass,standard
SCHOTT-BASF54,SCHOTT,BASF54,BASF54,Dense flint,Imported from SCHOTT-AGF-2025-06.,oxide_glass,standard
SCHOTT-BASF56,SCHOTT,BASF56,BASF56,Dense flint,Imported from SCHOTT-AGF-2025-06.,oxide_glass,standard
SCHOTT-BASF57,SCHOTT,BASF57,BASF57,Dense flint,Imported from SCHOTT-AGF-2025-06.,oxide_glass,standard
SCHOTT-BASF6,SCHOTT,BASF6,BASF6,Dense flint,Imported from SCHOTT-AGF-2025-06.,oxide_glass,standard
SCHOTT-BASF64A,SCHOTT,BASF64A,BASF64A,Dense flint,Imported from SCHOTT-AGF-2025-06.,oxide_glass,standard
SCHOTT-BK1,SCHOTT,BK1,BK1,Borosilicate crown,Imported from SCHOTT-AGF-2025-06.,oxide_glass,standard
SCHOTT-BK10,SCHOTT,BK10,BK10,Borosilicate crown,Imported from SCHOTT-AGF-2025-06.,oxide_glass,standard
SCHOTT-BK3,SCHOTT,BK3,BK3,Borosilicate crown,Imported from SCHOTT-AGF-2025-06.,oxide_glass,standard
SCHOTT-BK6,SCHOTT,BK6,BK6,Borosilicate crown,Imported from SCHOTT-AGF-2025-06.,oxide_glass,standard
SCHOTT-BK7,SCHOTT,BK7,BK7,Borosilicate crown,Imported from SCHOTT-AGF-2025-06.,oxide_glass,standard
SCHOTT-BK7HT,SCHOTT,BK7HT,BK7HT,Borosilicate crown,Imported from SCHOTT-AGF-2025-06.,oxide_glass,standard
SCHOTT-BK8,SCHOTT,BK8,BK8,Borosilicate crown,Imported from SCHOTT-AGF-2025-06.,oxide_glass,standard
SCHOTT-D263TECO,SCHOTT,D263TECO,D263TECO,Optical glass,Imported from SCHOTT-AGF-2025-06.,oxide_glass,standard
SCHOTT-F1,SCHOTT,F1,F1,Optical glass,Imported from SCHOTT-AGF-2025-06.,oxide_glass,standard
SCHOTT-F13,SCHOTT,F13,F13,Optical glass,Imported from SCHOTT-AGF-2025-06.,oxide_glass,standard
SCHOTT-F14,SCHOTT,F14,F14,Optical glass,Imported from SCHOTT-AGF-2025-06.,oxide_glass,standard
SCHOTT-F14HT,SCHOTT,F14HT,F14HT,Optical glass,Imported from SCHOTT-AGF-2025-06.,oxide_glass,standard
SCHOTT-F15,SCHOTT,F15,F15,Optical glass,Imported from SCHOTT-AGF-2025-06.,oxide_glass,standard
SCHOTT-F3,SCHOTT,F3,F3,Optical glass,Imported from SCHOTT-AGF-2025-06.,oxide_glass,standard
SCHOTT-F4,SCHOTT,F4,F4,Optical glass,Imported from SCHOTT-AGF-2025-06.,oxide_glass,standard
SCHOTT-F6,SCHOTT,F6,F6,Optical glass,Imported from SCHOTT-AGF-2025-06.,oxide_glass,standard
SCHOTT-F7,SCHOTT,F7,F7,Optical glass,Imported from SCHOTT-AGF-2025-06.,oxide_glass,standard
SCHOTT-F8,SCHOTT,F8,F8,Optical glass,Imported from SCHOTT-AGF-2025-06.,oxide_glass,standard
SCHOTT-F8HT,SCHOTT,F8HT,F8HT,Optical glass,Imported from SCHOTT-AGF-2025-06.,oxide_glass,standard
SCHOTT-F9,SCHOTT,F9,F9,Optical glass,Imported from SCHOTT-AGF-2025-06.,oxide_glass,standard
SCHOTT-FK5,SCHOTT,FK5,FK5,Fluor crown,Imported from SCHOTT-AGF-2025-06.,oxide_glass,standard
SCHOTT-FK51,SCHOTT,FK51,FK51,Fluor crown,Imported from SCHOTT-AGF-2025-06.,oxide_glass,standard
SCHOTT-FK52,SCHOTT,FK52,FK52,Fluor crown,Imported from SCHOTT-AGF-2025-06.,oxide_glass,standard
SCHOTT-FK54,SCHOTT,FK54,FK54,Fluor crown,Imported from SCHOTT-AGF-2025-06.,oxide_glass,standard
SCHOTT-FN11,SCHOTT,FN11,FN11,Optical glass,Imported from SCHOTT-AGF-2025-06.,oxide_glass,standard
SCHOTT-K11,SCHOTT,K11,K11,Optical glass,Imported from SCHOTT-AGF-2025-06.,oxide_glass,standard
SCHOTT-K3,SCHOTT,K3,K3,Optical glass,Imported from SCHOTT-AGF-2025-06.,oxide_glass,standard
SCHOTT-K4,SCHOTT,K4,K4,Optical glass,Imported from SCHOTT-AGF-2025-06.,oxide_glass,standard
SCHOTT-K5,SCHOTT,K5,K5,Optical glass,Imported from SCHOTT-AGF-2025-06.,oxide_glass,standard
SCHOTT-K50,SCHOTT,K50,K50,Optical glass,Imported from SCHOTT-AGF-2025-06.,oxide_glass,standard
SCHOTT-K5HT,SCHOTT,K5HT,K5HT,Optical glass,Imported from SCHOTT-AGF-2025-06.,oxide_glass,standard
SCHOTT-K7HT,SCHOTT,K7HT,K7HT,Optical glass,Imported from SCHOTT-AGF-2025-06.,oxide_glass,standard
SCHOTT-KF3,SCHOTT,KF3,KF3,Optical glass,Imported from SCHOTT-AGF-2025-06.,oxide_glass,standard
SCHOTT-KF6,SCHOTT,KF6,KF6,Optical glass,Imported from SCHOTT-AGF-2025-06.,oxide_glass,standard
SCHOTT-KF9,SCHOTT,KF9,KF9,Optical glass,Imported from SCHOTT-AGF-2025-06.,oxide_glass,standard
SCHOTT-KZFN1,SCHOTT,KZFN1,KZFN1,Dense flint,Imported from SCHOTT-AGF-2025-06.,oxide_glass,standard
SCHOTT-KZFN2,SCHOTT,KZFN2,KZFN2,Dense flint,Imported from SCHOTT-AGF-2025-06.,oxide_glass,standard
SCHOTT-KZFS1,SCHOTT,KZFS1,KZFS1,Dense flint,Imported from SCHOTT-AGF-2025-06.,oxide_glass,standard
SCHOTT-KZFS6,SCHOTT,KZFS6,KZFS6,Dense flint,Imported from SCHOTT-AGF-2025-06.,oxide_glass,standard
SCHOTT-KZFS7A,SCHOTT,KZFS7A,KZFS7A,Dense flint,Imported from SCHOTT-AGF-2025-06.,oxide_glass,standard
SCHOTT-KZFS8,SCHOTT,KZFS8,KZFS8,Dense flint,Imported from SCHOTT-AGF-2025-06.,oxide_glass,standard
SCHOTT-KZFSN2,SCHOTT,KZFSN2,KZFSN2,Dense flint,Imported from SCHOTT-AGF-2025-06.,oxide_glass,standard
SCHOTT-KZFSN4,SCHOTT,KZFSN4,KZFSN4,Dense flint,Imported from SCHOTT-AGF-2025-06.,oxide_glass,standard
SCHOTT-KZFSN9,SCHOTT,KZFSN9,KZFSN9,Dense flint,Imported from SCHOTT-AGF-2025-06.,oxide_glass,standard
SCHOTT-LAF11A,SCHOTT,LAF11A,LAF11A,Lanthanum flint,Imported from SCHOTT-AGF-2025-06.,oxide_glass,standard
SCHOTT-LAF13,SCHOTT,LAF13,LAF13,Lanthanum flint,Imported from SCHOTT-AGF-2025-06.,oxide_glass,standard
SCHOTT-LAF2,SCHOTT,LAF2,LAF2,Lanthanum flint,Imported from SCHOTT-AGF-2025-06.,oxide_glass,standard
SCHOTT-LAF20,SCHOTT,LAF20,LAF20,Lanthanum flint,Imported from SCHOTT-AGF-2025-06.,oxide_glass,standard
SCHOTT-LAF22A,SCHOTT,LAF22A,LAF22A,Lanthanum flint,Imported from SCHOTT-AGF-2025-06.,oxide_glass,standard
SCHOTT-LAF3,SCHOTT,LAF3,LAF3,Lanthanum flint,Imported from SCHOTT-AGF-2025-06.,oxide_glass,standard
SCHOTT-LAF9,SCHOTT,LAF9,LAF9,Lanthanum flint,Imported from SCHOTT-AGF-2025-06.,oxide_glass,standard
SCHOTT-LAFN10,SCHOTT,LAFN10,LAFN10,Lanthanum flint,Imported from SCHOTT-AGF-2025-06.,oxide_glass,standard
SCHOTT-LAFN21,SCHOTT,LAFN21,LAFN21,Lanthanum flint,Imported from SCHOTT-AGF-2025-06.,oxide_glass,standard
SCHOTT-LAFN23,SCHOTT,LAFN23,LAFN23,Lanthanum flint,Imported from SCHOTT-AGF-2025-06.,oxide_glass,standard
SCHOTT-LAFN24,SCHOTT,LAFN24,LAFN24,Lanthanum flint,Imported from SCHOTT-AGF-2025-06.,oxide_glass,standard
SCHOTT-LAFN28,SCHOTT,LAFN28,LAFN28,Lanthanum flint,Imported from SCHOTT-AGF-2025-06.,oxide_glass,standard
SCHOTT-LAFN8,SCHOTT,LAFN8,LAFN8,Lanthanum flint,Imported from SCHOTT-AGF-2025-06.,oxide_glass,standard
SCHOTT-LAK10,SCHOTT,LAK10,LAK10,Lanthanum crown,Imported from SCHOTT-AGF-2025-06.,oxide_glass,standard
SCHOTT-LAK11,SCHOTT,LAK11,LAK11,Lanthanum crown,Imported from SCHOTT-AGF-2025-06.,oxide_glass,standard
SCHOTT-LAK16A,SCHOTT,LAK16A,LAK16A,Lanthanum crown,Imported from SCHOTT-AGF-2025-06.,oxide_glass,standard
SCHOTT-LAK21,SCHOTT,LAK21,LAK21,Lanthanum crown,Imported from SCHOTT-AGF-2025-06.,oxide_glass,standard
SCHOTT-LAK23,SCHOTT,LAK23,LAK23,Lanthanum crown,Imported from SCHOTT-AGF-2025-06.,oxide_glass,standard
SCHOTT-LAK28,SCHOTT,LAK28,LAK28,Lanthanum crown,Imported from SCHOTT-AGF-2025-06.,oxide_glass,standard
SCHOTT-LAK31,SCHOTT,LAK31,LAK31,Lanthanum crown,Imported from SCHOTT-AGF-2025-06.,oxide_glass,standard
SCHOTT-LAK33,SCHOTT,LAK33,LAK33,Lanthanum crown,Imported from SCHOTT-AGF-2025-06.,oxide_glass,standard
SCHOTT-LAK8,SCHOTT,LAK8,LAK8,Lanthanum crown,Imported from SCHOTT-AGF-2025-06.,oxide_glass,standard
SCHOTT-LAK9,SCHOTT,LAK9,LAK9,Lanthanum crown,Imported from SCHOTT-AGF-2025-06.,oxide_glass,standard
SCHOTT-LAKL12,SCHOTT,LAKL12,LAKL12,Lanthanum crown,Imported from SCHOTT-AGF-2025-06.,oxide_glass,standard
SCHOTT-LAKL21,SCHOTT,LAKL21,LAKL21,Lanthanum crown,Imported from SCHOTT-AGF-2025-06.,oxide_glass,standard
SCHOTT-LAKN12,SCHOTT,LAKN12,LAKN12,Lanthanum crown,Imported from SCHOTT-AGF-2025-06.,oxide_glass,standard
SCHOTT-LAKN13,SCHOTT,LAKN13,LAKN13,Lanthanum crown,Imported from SCHOTT-AGF-2025-06.,oxide_glass,standard
SCHOTT-LAKN14,SCHOTT,LAKN14,LAKN14,Lanthanum crown,Imported from SCHOTT-AGF-2025-06.,oxide_glass,standard
SCHOTT-LAKN22,SCHOTT,LAKN22,LAKN22,Lanthanum crown,Imported from SCHOTT-AGF-2025-06.,oxide_glass,standard
SCHOTT-LAKN6,SCHOTT,LAKN6,LAKN6,Lanthanum crown,Imported from SCHOTT-AGF-2025-06.,oxide_glass,standard
SCHOTT-LAKN7,SCHOTT,LAKN7,LAKN7,Lanthanum crown,Imported from SCHOTT-AGF-2025-06.,oxide_glass,standard
SCHOTT-LASF14A,SCHOTT,LASF14A,LASF14A,Dense flint,Imported from SCHOTT-AGF-2025-06.,oxide_glass,standard
SCHOTT-LASF18A,SCHOTT,LASF18A,LASF18A,Dense flint,Imported from SCHOTT-AGF-2025-06.,oxide_glass,standard
SCHOTT-LASF3,SCHOTT,LASF3,LASF3,Dense flint,Imported from SCHOTT-AGF-2025-06.,oxide_glass,standard
SCHOTT-LASF32,SCHOTT,LASF32,LASF32,Dense flint,Imported from SCHOTT-AGF-2025-06.,oxide_glass,standard
SCHOTT-LASF33,SCHOTT,LASF33,LASF33,Dense flint,Imported from SCHOTT-AGF-2025-06.,oxide_glass,standard
SCHOTT-LASF36A,SCHOTT,LASF36A,LASF36A,Dense flint,Imported from SCHOTT-AGF-2025-06.,oxide_glass,standard
SCHOTT-LASFN15,SCHOTT,LASFN15,LASFN15,Dense flint,Imported from SCHOTT-AGF-2025-06.,oxide_glass,standard
SCHOTT-LASFN30,SCHOTT,LASFN30,LASFN30,Dense flint,Imported from SCHOTT-AGF-2025-06.,oxide_glass,standard
SCHOTT-LASFN31,SCHOTT,LASFN31,LASFN31,Dense flint,Imported from SCHOTT-AGF-2025-06.,oxide_glass,standard
SCHOTT-LASFN9,SCHOTT,LASFN9,LASFN9,Dense flint,Imported from SCHOTT-AGF-2025-06.,oxide_glass,standard
SCHOTT-LF5G15,SCHOTT,LF5G15,LF5G15,Optical glass,Imported from SCHOTT-AGF-2025-06.,oxide_glass,standard
SCHOTT-LF5HT,SCHOTT,LF5HT,LF5HT,Optical glass,Imported from SCHOTT-AGF-2025-06.,oxide_glass,standard
SCHOTT-LF6HT,SCHOTT,LF6HT,LF6HT,Optical glass,Imported from SCHOTT-AGF-2025-06.,oxide_glass,standard
SCHOTT-LF7,SCHOTT,LF7,LF7,Optical glass,Imported from SCHOTT-AGF-2025-06.,oxide_glass,standard
SCHOTT-LF8,SCHOTT,LF8,LF8,Optical glass,Imported from SCHOTT-AGF-2025-06.,oxide_glass,standard
SCHOTT-LITHOSIL-Q,SCHOTT,LITHOSIL-Q,LITHOSIL-Q,Optical glass,Imported from SCHOTT-AGF-2025-06.,oxide_glass,standard
SCHOTT-LITHOTEC-CAF2,SCHOTT,LITHOTEC-CAF2,LITHOTEC-CAF2,Optical glass,Imported from SCHOTT-AGF-2025-06.,oxide_glass,standard
SCHOTT-LLF1HT,SCHOTT,LLF1HT,LLF1HT,Optical glass,Imported from SCHOTT-AGF-2025-06.,oxide_glass,standard
SCHOTT-LLF2,SCHOTT,LLF2,LLF2,Optical glass,Imported from SCHOTT-AGF-2025-06.,oxide_glass,standard
SCHOTT-LLF6,SCHOTT,LLF6,LLF6,Optical glass,Imported from SCHOTT-AGF-2025-06.,oxide_glass,standard
SCHOTT-LLF6HT,SCHOTT,LLF6HT,LLF6HT,Optical glass,Imported from SCHOTT-AGF-2025-06.,oxide_glass,standard
SCHOTT-LLF7,SCHOTT,LLF7,LLF7,Optical glass,Imported from SCHOTT-AGF-2025-06.,oxide_glass,standard
SCHOTT-N-FK51,SCHOTT,N-FK51,N-FK51,Fluor crown,Imported from SCHOTT-AGF-2025-06.,oxide_glass,standard
SCHOTT-N-FK56,SCHOTT,N-FK56,N-FK56,Fluor crown,Imported from SCHOTT-AGF-2025-06.,oxide_glass,standard
SCHOTT-N-LAF32,SCHOTT,N-LAF32,N-LAF32,Lanthanum flint,Imported from SCHOTT-AGF-2025-06.,oxide_glass,standard
SCHOTT-N-LAK33,SCHOTT,N-LAK33,N-LAK33,Lanthanum crown,Imported from SCHOTT-AGF-2025-06.,oxide_glass,standard
SCHOTT-N-LASF31,SCHOTT,N-LASF31,N-LASF31,Dense flint,Imported from SCHOTT-AGF-2025-06.,oxide_glass,standard
SCHOTT-N-LASF46,SCHOTT,N-LASF46,N-LASF46,Dense flint,Imported from SCHOTT-AGF-2025-06.,oxide_glass,standard
SCHOTT-N-LF5,SCHOTT,N-LF5,N-LF5,Optical glass,Imported from SCHOTT-AGF-2025-06.,oxide_glass,standard
SCHOTT-N-LLF1,SCHOTT,N-LLF1,N-LLF1,Optical glass,Imported from SCHOTT-AGF-2025-06.,oxide_glass,standard
SCHOTT-N-LLF6,SCHOTT,N-LLF6,N-LLF6,Optical glass,Imported from SCHOTT-AGF-2025-06.,oxide_glass,standard
SCHOTT-N-PK52,SCHOTT,N-PK52,N-PK52,Optical glass,Imported from SCHOTT-AGF-2025-06.,oxide_glass,standard
SCHOTT-N-PSK57,SCHOTT,N-PSK57,N-PSK57,Dense crown,Imported from SCHOTT-AGF-2025-06.,oxide_glass,standard
SCHOTT-N-PSK58,SCHOTT,N-PSK58,N-PSK58,Dense crown,Imported from SCHOTT-AGF-2025-06.,oxide_glass,standard
SCHOTT-N-SK18,SCHOTT,N-SK18,N-SK18,Dense crown,Imported from SCHOTT-AGF-2025-06.,oxide_glass,standard
SCHOTT-P-PK53,SCHOTT,P-PK53,P-PK53,Optical glass,Imported from SCHOTT-AGF-2025-06.,oxide_glass,standard
SCHOTT-P-SF67,SCHOTT,P-SF67,P-SF67,Dense flint,Imported from SCHOTT-AGF-2025-06.,oxide_glass,standard
SCHOTT-PK1,SCHOTT,PK1,PK1,Optical glass,Imported from SCHOTT-AGF-2025-06.,oxide_glass,standard
SCHOTT-PK2,SCHOTT,PK2,PK2,Optical glass,Imported from SCHOTT-AGF-2025-06.,oxide_glass,standard
SCHOTT-PK3,SCHOTT,PK3,PK3,Optical glass,Imported from SCHOTT-AGF-2025-06.,oxide_glass,standard
SCHOTT-PK50,SCHOTT,PK50,PK50,Optical glass,Imported from SCHOTT-AGF-2025-06.,oxide_glass,standard
SCHOTT-PK51A,SCHOTT,PK51A,PK51A,Optical glass,Imported from SCHOTT-AGF-2025-06.,oxide_glass,standard
SCHOTT-PSK2,SCHOTT,PSK2,PSK2,Dense crown,Imported from SCHOTT-AGF-2025-06.,oxide_glass,standard
SCHOTT-PSK3,SCHOTT,PSK3,PSK3,Dense crown,Imported from SCHOTT-AGF-2025-06.,oxide_glass,standard
SCHOTT-PSK50,SCHOTT,PSK50,PSK50,Dense crown,Imported from SCHOTT-AGF-2025-06.,oxide_glass,standard
SCHOTT-PSK52,SCHOTT,PSK52,PSK52,Dense crown,Imported from SCHOTT-AGF-2025-06.,oxide_glass,standard
SCHOTT-PSK53A,SCHOTT,PSK53A,PSK53A,Dense crown,Imported from SCHOTT-AGF-2025-06.,oxide_glass,standard
SCHOTT-PSK54,SCHOTT,PSK54,PSK54,Dense crown,Imported from SCHOTT-AGF-2025-06.,oxide_glass,standard
SCHOTT-SF12,SCHOTT,SF12,SF12,Dense flint,Imported from SCHOTT-AGF-2025-06.,oxide_glass,standard
SCHOTT-SF13,SCHOTT,SF13,SF13,Dense flint,Imported from SCHOTT-AGF-2025-06.,oxide_glass,standard
SCHOTT-SF14,SCHOTT,SF14,SF14,Dense flint,Imported from SCHOTT-AGF-2025-06.,oxide_glass,standard
SCHOTT-SF15,SCHOTT,SF15,SF15,Dense flint,Imported from SCHOTT-AGF-2025-06.,oxide_glass,standard
SCHOTT-SF16,SCHOTT,SF16,SF16,Dense flint,Imported from SCHOTT-AGF-2025-06.,oxide_glass,standard
SCHOTT-SF18,SCHOTT,SF18,SF18,Dense flint,Imported from SCHOTT-AGF-2025-06.,oxide_glass,standard
SCHOTT-SF19,SCHOTT,SF19,SF19,Dense flint,Imported from SCHOTT-AGF-2025-06.,oxide_glass,standard
SCHOTT-SF53,SCHOTT,SF53,SF53,Dense flint,Imported from SCHOTT-AGF-2025-06.,oxide_glass,standard
SCHOTT-SF54,SCHOTT,SF54,SF54,Dense flint,Imported from SCHOTT-AGF-2025-06.,oxide_glass,standard
SCHOTT-SF55,SCHOTT,SF55,SF55,Dense flint,Imported from SCHOTT-AGF-2025-06.,oxide_glass,standard
SCHOTT-SF57HHT,SCHOTT,SF57HHT,SF57HHT,Dense flint,Imported from SCHOTT-AGF-2025-06.,oxide_glass,standard
SCHOTT-SF58,SCHOTT,SF58,SF58,Dense flint,Imported from SCHOTT-AGF-2025-06.,oxide_glass,standard
SCHOTT-SF59,SCHOTT,SF59,SF59,Dense flint,Imported from SCHOTT-AGF-2025-06.,oxide_glass,standard
SCHOTT-SF63,SCHOTT,SF63,SF63,Dense flint,Imported from SCHOTT-AGF-2025-06.,oxide_glass,standard
SCHOTT-SF64A,SCHOTT,SF64A,SF64A,Dense flint,Imported from SCHOTT-AGF-2025-06.,oxide_glass,standard
SCHOTT-SF66,SCHOTT,SF66,SF66,Dense flint,Imported from SCHOTT-AGF-2025-06.,oxide_glass,standard
SCHOTT-SF8,SCHOTT,SF8,SF8,Dense flint,Imported from SCHOTT-AGF-2025-06.,oxide_glass,standard
SCHOTT-SF9,SCHOTT,SF9,SF9,Dense flint,Imported from SCHOTT-AGF-2025-06.,oxide_glass,standard
SCHOTT-SFL4,SCHOTT,SFL4,SFL4,Dense flint,Imported from SCHOTT-AGF-2025-06.,oxide_glass,standard
SCHOTT-SFL56,SCHOTT,SFL56,SFL56,Dense flint,Imported from SCHOTT-AGF-2025-06.,oxide_glass,standard
SCHOTT-SK1,SCHOTT,SK1,SK1,Dense crown,Imported from SCHOTT-AGF-2025-06.,oxide_glass,standard
SCHOTT-SK10,SCHOTT,SK10,SK10,Dense crown,Imported from SCHOTT-AGF-2025-06.,oxide_glass,standard
SCHOTT-SK11,SCHOTT,SK11,SK11,Dense crown,Imported from SCHOTT-AGF-2025-06.,oxide_glass,standard
SCHOTT-SK12,SCHOTT,SK12,SK12,Dense crown,Imported from SCHOTT-AGF-2025-06.,oxide_glass,standard
SCHOTT-SK13,SCHOTT,SK13,SK13,Dense crown,Imported from SCHOTT-AGF-2025-06.,oxide_glass,standard
SCHOTT-SK14,SCHOTT,SK14,SK14,Dense crown,Imported from SCHOTT-AGF-2025-06.,oxide_glass,standard
SCHOTT-SK15,SCHOTT,SK15,SK15,Dense crown,Imported from SCHOTT-AGF-2025-06.,oxide_glass,standard
SCHOTT-SK16,SCHOTT,SK16,SK16,Dense crown,Imported from SCHOTT-AGF-2025-06.,oxide_glass,standard
SCHOTT-SK18A,SCHOTT,SK18A,SK18A,Dense crown,Imported from SCHOTT-AGF-2025-06.,oxide_glass,standard
SCHOTT-SK2,SCHOTT,SK2,SK2,Dense crown,Imported from SCHOTT-AGF-2025-06.,oxide_glass,standard
SCHOTT-SK3,SCHOTT,SK3,SK3,Dense crown,Imported from SCHOTT-AGF-2025-06.,oxide_glass,standard
SCHOTT-SK4,SCHOTT,SK4,SK4,Dense crown,Imported from SCHOTT-AGF-2025-06.,oxide_glass,standard
SCHOTT-SK5,SCHOTT,SK5,SK5,Dense crown,Imported from SCHOTT-AGF-2025-06.,oxide_glass,standard
SCHOTT-SK51,SCHOTT,SK51,SK51,Dense crown,Imported from SCHOTT-AGF-2025-06.,oxide_glass,standard
SCHOTT-SK55,SCHOTT,SK55,SK55,Dense crown,Imported from SCHOTT-AGF-2025-06.,oxide_glass,standard
SCHOTT-SK6,SCHOTT,SK6,SK6,Dense crown,Imported from SCHOTT-AGF-2025-06.,oxide_glass,standard
SCHOTT-SK7,SCHOTT,SK7,SK7,Dense crown,Imported from SCHOTT-AGF-2025-06.,oxide_glass,standard
SCHOTT-SK8,SCHOTT,SK8,SK8,Dense crown,Imported from SCHOTT-AGF-2025-06.,oxide_glass,standard
SCHOTT-SSK1,SCHOTT,SSK1,SSK1,Dense crown,Imported from SCHOTT-AGF-2025-06.,oxide_glass,standard
SCHOTT-SSK2,SCHOTT,SSK2,SSK2,Dense crown,Imported from SCHOTT-AGF-2025-06.,oxide_glass,standard
SCHOTT-SSK3,SCHOTT,SSK3,SSK3,Dense crown,Imported from SCHOTT-AGF-2025-06.,oxide_glass,standard
SCHOTT-SSK4A,SCHOTT,SSK4A,SSK4A,Dense crown,Imported from SCHOTT-AGF-2025-06.,oxide_glass,standard
SCHOTT-SSK50,SCHOTT,SSK50,SSK50,Dense crown,Imported from SCHOTT-AGF-2025-06.,oxide_glass,standard
SCHOTT-SSK51,SCHOTT,SSK51,SSK51,Dense crown,Imported from SCHOTT-AGF-2025-06.,oxide_glass,standard
SCHOTT-SSKN5,SCHOTT,SSKN5,SSKN5,Dense crown,Imported from SCHOTT-AGF-2025-06.,oxide_glass,standard
SCHOTT-SSKN8,SCHOTT,SSKN8,SSKN8,Dense crown,Imported from SCHOTT-AGF-2025-06.,oxide_glass,standard
SCHOTT-TIF3,SCHOTT,TIF3,TIF3,Optical glass,Imported from SCHOTT-AGF-2025-06.,oxide_glass,standard
SCHOTT-TIF6,SCHOTT,TIF6,TIF6,Optical glass,Imported from SCHOTT-AGF-2025-06.,oxide_glass,standard
SCHOTT-TIFN5,SCHOTT,TIFN5,TIFN5,Optical glass,Imported from SCHOTT-AGF-2025-06.,oxide_glass,standard
SCHOTT-UBK7,SCHOTT,UBK7,UBK7,Borosilicate crown,Imported from SCHOTT-AGF-2025-06.,oxide_glass,standard
SCHOTT-UK50,SCHOTT,UK50,UK50,Optical glass,Imported from SCHOTT-AGF-2025-06.,oxide_glass,standard
SCHOTT-ULTRAN20,SCHOTT,ULTRAN20,ULTRAN20,Optical glass,Imported from SCHOTT-AGF-2025-06.,oxide_glass,standard
SCHOTT-ULTRAN30,SCHOTT,ULTRAN30,ULTRAN30,Optical glass,Imported from SCHOTT-AGF-2025-06.,oxide_glass,standard
SCHOTT-ZK1,SCHOTT,ZK1,ZK1,Optical glass,Imported from SCHOTT-AGF-2025-06.,oxide_glass,standard
SCHOTT-ZKN7,SCHOTT,ZKN7,ZKN7,Optical glass,Imported from SCHOTT-AGF-2025-06.,oxide_glass,standard
SCHOTT-N-SSK20,SCHOTT,N-SSK20,N-SSK20,Dense crown,Imported from SCHOTT-AGF-2025-06.,oxide_glass,standard
SCHOTT-N-BK7HTSULTRA,SCHOTT,N-BK7HTSultra,N-BK7HTSultra,Borosilicate crown,Imported from SCHOTT-AGF-2025-06.,oxide_glass,standard
OHARA-PBM2R,OHARA,PBM2R,PBM2R,Optical glass,Imported from OHARA-AGF-2026-05-29.,oxide_glass,standard
OHARA-S-NBM52,OHARA,S-NBM52,S-NBM52,Optical glass,Imported from OHARA-AGF-2026-05-29.,oxide_glass,standard
OHARA-S-FPM5,OHARA,S-FPM5,S-FPM5,Optical glass,Imported from OHARA-AGF-2026-05-29.,oxide_glass,standard
OHARA-S-LAL61Q,OHARA,S-LAL61Q,S-LAL61Q,Optical glass,Imported from OHARA-AGF-2026-05-29.,oxide_glass,standard
OHARA-S-LAH99W,OHARA,S-LAH99W,S-LAH99W,Optical glass,Imported from OHARA-AGF-2026-05-29.,oxide_glass,standard
OHARA-S-NBH59,OHARA,S-NBH59,S-NBH59,Optical glass,Imported from OHARA-AGF-2026-05-29.,oxide_glass,standard
OHARA-S-BSL7R,OHARA,S-BSL7R,S-BSL7R,Borosilicate crown,Imported from OHARA-AGF-2026-05-29.,oxide_glass,standard
OHARA-SK-1310,OHARA,SK-1310,SK-1310,Dense crown,Imported from OHARA-AGF-2026-05-29.,oxide_glass,standard
OHARA-SK-1300,OHARA,SK-1300,SK-1300,Dense crown,Imported from OHARA-AGF-2026-05-29.,oxide_glass,standard
OHARA-S-BAL35R,OHARA,S-BAL35R,S-BAL35R,Barium crown,Imported from OHARA-AGF-2026-05-29.,oxide_glass,standard
OHARA-S-LAL12Q,OHARA,S-LAL12Q,S-LAL12Q,Optical glass,Imported from OHARA-AGF-2026-05-29.,oxide_glass,standard
OHARA-S-PHM52Q,OHARA,S-PHM52Q,S-PHM52Q,Optical glass,Imported from OHARA-AGF-2026-05-29.,oxide_glass,standard
OHARA-S-FPM4,OHARA,S-FPM4,S-FPM4,Optical glass,Imported from OHARA-AGF-2026-05-29.,oxide_glass,standard
OHARA-S-LAH60MQ,OHARA,S-LAH60MQ,S-LAH60MQ,Optical glass,Imported from OHARA-AGF-2026-05-29.,oxide_glass,standard
OHARA-S-LAL7Q,OHARA,S-LAL7Q,S-LAL7Q,Optical glass,Imported from OHARA-AGF-2026-05-29.,oxide_glass,standard
OHARA-S-NBH58,OHARA,S-NBH58,S-NBH58,Optical glass,Imported from OHARA-AGF-2026-05-29.,oxide_glass,standard
OHARA-S-NPH7,OHARA,S-NPH7,S-NPH7,Optical glass,Imported from OHARA-AGF-2026-05-29.,oxide_glass,standard
OHARA-S-LAL21,OHARA,S-LAL21,S-LAL21,Optical glass,Imported from OHARA-AGF-2026-05-29.,oxide_glass,standard
OHARA-S-LAH99,OHARA,S-LAH99,S-LAH99,Optical glass,Imported from OHARA-AGF-2026-05-29.,oxide_glass,standard
OHARA-S-LAH98,OHARA,S-LAH98,S-LAH98,Optical glass,Imported from OHARA-AGF-2026-05-29.,oxide_glass,standard
OHARA-S-LAH63Q,OHARA,S-LAH63Q,S-LAH63Q,Optical glass,Imported from OHARA-AGF-2026-05-29.,oxide_glass,standard
OHARA-APL1,OHARA,APL1,APL1,Optical glass,Imported from OHARA-AGF-2026-05-29.,oxide_glass,standard
OHARA-BAH10,OHARA,BAH10,BAH10,Optical glass,Imported from OHARA-AGF-2026-05-29.,oxide_glass,standard
OHARA-BAH11,OHARA,BAH11,BAH11,Optical glass,Imported from OHARA-AGF-2026-05-29.,oxide_glass,standard
OHARA-BAH13,OHARA,BAH13,BAH13,Optical glass,Imported from OHARA-AGF-2026-05-29.,oxide_glass,standard
OHARA-BAH22,OHARA,BAH22,BAH22,Optical glass,Imported from OHARA-AGF-2026-05-29.,oxide_glass,standard
OHARA-BAH26,OHARA,BAH26,BAH26,Optical glass,Imported from OHARA-AGF-2026-05-29.,oxide_glass,standard
OHARA-BAH27,OHARA,BAH27,BAH27,Optical glass,Imported from OHARA-AGF-2026-05-29.,oxide_glass,standard
OHARA-BAH28,OHARA,BAH28,BAH28,Optical glass,Imported from OHARA-AGF-2026-05-29.,oxide_glass,standard
OHARA-BAH30,OHARA,BAH30,BAH30,Optical glass,Imported from OHARA-AGF-2026-05-29.,oxide_glass,standard
OHARA-BAH32,OHARA,BAH32,BAH32,Optical glass,Imported from OHARA-AGF-2026-05-29.,oxide_glass,standard
OHARA-BAH54,OHARA,BAH54,BAH54,Optical glass,Imported from OHARA-AGF-2026-05-29.,oxide_glass,standard
OHARA-BAH71,OHARA,BAH71,BAH71,Optical glass,Imported from OHARA-AGF-2026-05-29.,oxide_glass,standard
OHARA-BAH77,OHARA,BAH77,BAH77,Optical glass,Imported from OHARA-AGF-2026-05-29.,oxide_glass,standard
OHARA-BAH78,OHARA,BAH78,BAH78,Optical glass,Imported from OHARA-AGF-2026-05-29.,oxide_glass,standard
OHARA-BAL2,OHARA,BAL2,BAL2,Barium crown,Imported from OHARA-AGF-2026-05-29.,oxide_glass,standard
OHARA-BAL3,OHARA,BAL3,BAL3,Barium crown,Imported from OHARA-AGF-2026-05-29.,oxide_glass,standard
OHARA-BAL5,OHARA,BAL5,BAL5,Barium crown,Imported from OHARA-AGF-2026-05-29.,oxide_glass,standard
OHARA-BAL7,OHARA,BAL7,BAL7,Barium crown,Imported from OHARA-AGF-2026-05-29.,oxide_glass,standard
OHARA-BAL11,OHARA,BAL11,BAL11,Barium crown,Imported from OHARA-AGF-2026-05-29.,oxide_glass,standard
OHARA-BAL12,OHARA,BAL12,BAL12,Barium crown,Imported from OHARA-AGF-2026-05-29.,oxide_glass,standard
OHARA-BAL14,OHARA,BAL14,BAL14,Barium crown,Imported from OHARA-AGF-2026-05-29.,oxide_glass,standard
OHARA-BAL15,OHARA,BAL15,BAL15,Barium crown,Imported from OHARA-AGF-2026-05-29.,oxide_glass,standard
OHARA-BAL15Y,OHARA,BAL15Y,BAL15Y,Barium crown,Imported from OHARA-AGF-2026-05-29.,oxide_glass,standard
OHARA-BAL22,OHARA,BAL22,BAL22,Barium crown,Imported from OHARA-AGF-2026-05-29.,oxide_glass,standard
OHARA-BAL35,OHARA,BAL35,BAL35,Barium crown,Imported from OHARA-AGF-2026-05-29.,oxide_glass,standard
OHARA-BAL35Y,OHARA,BAL35Y,BAL35Y,Barium crown,Imported from OHARA-AGF-2026-05-29.,oxide_glass,standard
OHARA-BAL41,OHARA,BAL41,BAL41,Barium crown,Imported from OHARA-AGF-2026-05-29.,oxide_glass,standard
OHARA-BAL42,OHARA,BAL42,BAL42,Barium crown,Imported from OHARA-AGF-2026-05-29.,oxide_glass,standard
OHARA-BAL50,OHARA,BAL50,BAL50,Barium crown,Imported from OHARA-AGF-2026-05-29.,oxide_glass,standard
OHARA-BAM3,OHARA,BAM3,BAM3,Optical glass,Imported from OHARA-AGF-2026-05-29.,oxide_glass,standard
OHARA-BAM4,OHARA,BAM4,BAM4,Optical glass,Imported from OHARA-AGF-2026-05-29.,oxide_glass,standard
OHARA-BAM5,OHARA,BAM5,BAM5,Optical glass,Imported from OHARA-AGF-2026-05-29.,oxide_glass,standard
OHARA-BAM8,OHARA,BAM8,BAM8,Optical glass,Imported from OHARA-AGF-2026-05-29.,oxide_glass,standard
OHARA-BAM9,OHARA,BAM9,BAM9,Optical glass,Imported from OHARA-AGF-2026-05-29.,oxide_glass,standard
OHARA-BAM12,OHARA,BAM12,BAM12,Optical glass,Imported from OHARA-AGF-2026-05-29.,oxide_glass,standard
OHARA-BAM21,OHARA,BAM21,BAM21,Optical glass,Imported from OHARA-AGF-2026-05-29.,oxide_glass,standard
OHARA-BAM23,OHARA,BAM23,BAM23,Optical glass,Imported from OHARA-AGF-2026-05-29.,oxide_glass,standard
OHARA-BAM25,OHARA,BAM25,BAM25,Optical glass,Imported from OHARA-AGF-2026-05-29.,oxide_glass,standard
OHARA-BPH5,OHARA,BPH5,BPH5,Optical glass,Imported from OHARA-AGF-2026-05-29.,oxide_glass,standard
OHARA-BPH8,OHARA,BPH8,BPH8,Optical glass,Imported from OHARA-AGF-2026-05-29.,oxide_glass,standard
OHARA-BPH35,OHARA,BPH35,BPH35,Optical glass,Imported from OHARA-AGF-2026-05-29.,oxide_glass,standard
OHARA-BPH40,OHARA,BPH40,BPH40,Optical glass,Imported from OHARA-AGF-2026-05-29.,oxide_glass,standard
OHARA-BPH45,OHARA,BPH45,BPH45,Optical glass,Imported from OHARA-AGF-2026-05-29.,oxide_glass,standard
OHARA-BPH50,OHARA,BPH50,BPH50,Optical glass,Imported from OHARA-AGF-2026-05-29.,oxide_glass,standard
OHARA-BPM4,OHARA,BPM4,BPM4,Optical glass,Imported from OHARA-AGF-2026-05-29.,oxide_glass,standard
OHARA-BPM51,OHARA,BPM51,BPM51,Optical glass,Imported from OHARA-AGF-2026-05-29.,oxide_glass,standard
OHARA-BSL1,OHARA,BSL1,BSL1,Borosilicate crown,Imported from OHARA-AGF-2026-05-29.,oxide_glass,standard
OHARA-BSL3,OHARA,BSL3,BSL3,Borosilicate crown,Imported from OHARA-AGF-2026-05-29.,oxide_glass,standard
OHARA-BSL7,OHARA,BSL7,BSL7,Borosilicate crown,Imported from OHARA-AGF-2026-05-29.,oxide_glass,standard
OHARA-BSL7Y,OHARA,BSL7Y,BSL7Y,Borosilicate crown,Imported from OHARA-AGF-2026-05-29.,oxide_glass,standard
OHARA-BSL21,OHARA,BSL21,BSL21,Borosilicate crown,Imported from OHARA-AGF-2026-05-29.,oxide_glass,standard
OHARA-BSL22,OHARA,BSL22,BSL22,Borosilicate crown,Imported from OHARA-AGF-2026-05-29.,oxide_glass,standard
OHARA-BSM2,OHARA,BSM2,BSM2,Optical glass,Imported from OHARA-AGF-2026-05-29.,oxide_glass,standard
OHARA-BSM4,OHARA,BSM4,BSM4,Optical glass,Imported from OHARA-AGF-2026-05-29.,oxide_glass,standard
OHARA-BSM6,OHARA,BSM6,BSM6,Optical glass,Imported from OHARA-AGF-2026-05-29.,oxide_glass,standard
OHARA-BSM7,OHARA,BSM7,BSM7,Optical glass,Imported from OHARA-AGF-2026-05-29.,oxide_glass,standard
OHARA-BSM9,OHARA,BSM9,BSM9,Optical glass,Imported from OHARA-AGF-2026-05-29.,oxide_glass,standard
OHARA-BSM10,OHARA,BSM10,BSM10,Optical glass,Imported from OHARA-AGF-2026-05-29.,oxide_glass,standard
OHARA-BSM14,OHARA,BSM14,BSM14,Optical glass,Imported from OHARA-AGF-2026-05-29.,oxide_glass,standard
OHARA-BSM15,OHARA,BSM15,BSM15,Optical glass,Imported from OHARA-AGF-2026-05-29.,oxide_glass,standard
OHARA-BSM16,OHARA,BSM16,BSM16,Optical glass,Imported from OHARA-AGF-2026-05-29.,oxide_glass,standard
OHARA-BSM16C,OHARA,BSM16C,BSM16C,Optical glass,Imported from OHARA-AGF-2026-05-29.,oxide_glass,standard
OHARA-BSM18,OHARA,BSM18,BSM18,Optical glass,Imported from OHARA-AGF-2026-05-29.,oxide_glass,standard
OHARA-BSM21,OHARA,BSM21,BSM21,Optical glass,Imported from OHARA-AGF-2026-05-29.,oxide_glass,standard
OHARA-BSM22,OHARA,BSM22,BSM22,Optical glass,Imported from OHARA-AGF-2026-05-29.,oxide_glass,standard
OHARA-BSM23,OHARA,BSM23,BSM23,Optical glass,Imported from OHARA-AGF-2026-05-29.,oxide_glass,standard
OHARA-BSM24,OHARA,BSM24,BSM24,Optical glass,Imported from OHARA-AGF-2026-05-29.,oxide_glass,standard
OHARA-BSM25,OHARA,BSM25,BSM25,Optical glass,Imported from OHARA-AGF-2026-05-29.,oxide_glass,standard
OHARA-BSM28,OHARA,BSM28,BSM28,Optical glass,Imported from OHARA-AGF-2026-05-29.,oxide_glass,standard
OHARA-BSM36,OHARA,BSM36,BSM36,Optical glass,Imported from OHARA-AGF-2026-05-29.,oxide_glass,standard
OHARA-BSM51Y,OHARA,BSM51Y,BSM51Y,Optical glass,Imported from OHARA-AGF-2026-05-29.,oxide_glass,standard
OHARA-BSM71,OHARA,BSM71,BSM71,Optical glass,Imported from OHARA-AGF-2026-05-29.,oxide_glass,standard
OHARA-BSM81,OHARA,BSM81,BSM81,Optical glass,Imported from OHARA-AGF-2026-05-29.,oxide_glass,standard
OHARA-BSM93,OHARA,BSM93,BSM93,Optical glass,Imported from OHARA-AGF-2026-05-29.,oxide_glass,standard
OHARA-FPL51,OHARA,FPL51,FPL51,Fluor crown,Imported from OHARA-AGF-2026-05-29.,oxide_glass,standard
OHARA-FPL52,OHARA,FPL52,FPL52,Fluor crown,Imported from OHARA-AGF-2026-05-29.,oxide_glass,standard
OHARA-FPL53,OHARA,FPL53,FPL53,Fluor crown,Imported from OHARA-AGF-2026-05-29.,oxide_glass,standard
OHARA-FSL3,OHARA,FSL3,FSL3,Optical glass,Imported from OHARA-AGF-2026-05-29.,oxide_glass,standard
OHARA-FSL5,OHARA,FSL5,FSL5,Optical glass,Imported from OHARA-AGF-2026-05-29.,oxide_glass,standard
OHARA-FTL8,OHARA,FTL8,FTL8,Optical glass,Imported from OHARA-AGF-2026-05-29.,oxide_glass,standard
OHARA-FTL10,OHARA,FTL10,FTL10,Optical glass,Imported from OHARA-AGF-2026-05-29.,oxide_glass,standard
OHARA-FTM8,OHARA,FTM8,FTM8,Optical glass,Imported from OHARA-AGF-2026-05-29.,oxide_glass,standard
OHARA-FTM16,OHARA,FTM16,FTM16,Optical glass,Imported from OHARA-AGF-2026-05-29.,oxide_glass,standard
OHARA-L-BAL35,OHARA,L-BAL35,L-BAL35,Barium crown,Imported from OHARA-AGF-2026-05-29.,oxide_glass,standard
OHARA-L-BAL35P,OHARA,L-BAL35P,L-BAL35P,Barium crown,Imported from OHARA-AGF-2026-05-29.,oxide_glass,standard
OHARA-L-BAL42,OHARA,L-BAL42,L-BAL42,Barium crown,Imported from OHARA-AGF-2026-05-29.,oxide_glass,standard
OHARA-L-BAL42P,OHARA,L-BAL42P,L-BAL42P,Barium crown,Imported from OHARA-AGF-2026-05-29.,oxide_glass,standard
OHARA-L-BAL43,OHARA,L-BAL43,L-BAL43,Barium crown,Imported from OHARA-AGF-2026-05-29.,oxide_glass,standard
OHARA-L-BBH1,OHARA,L-BBH1,L-BBH1,Optical glass,Imported from OHARA-AGF-2026-05-29.,oxide_glass,standard
OHARA-L-BBH2,OHARA,L-BBH2,L-BBH2,Optical glass,Imported from OHARA-AGF-2026-05-29.,oxide_glass,standard
OHARA-L-BSL7,OHARA,L-BSL7,L-BSL7,Borosilicate crown,Imported from OHARA-AGF-2026-05-29.,oxide_glass,standard
OHARA-L-LAH53,OHARA,L-LAH53,L-LAH53,Optical glass,Imported from OHARA-AGF-2026-05-29.,oxide_glass,standard
OHARA-L-LAH81,OHARA,L-LAH81,L-LAH81,Optical glass,Imported from OHARA-AGF-2026-05-29.,oxide_glass,standard
OHARA-L-LAH83,OHARA,L-LAH83,L-LAH83,Optical glass,Imported from OHARA-AGF-2026-05-29.,oxide_glass,standard
OHARA-L-LAH84,OHARA,L-LAH84,L-LAH84,Optical glass,Imported from OHARA-AGF-2026-05-29.,oxide_glass,standard
OHARA-L-LAH85V,OHARA,L-LAH85V,L-LAH85V,Optical glass,Imported from OHARA-AGF-2026-05-29.,oxide_glass,standard
OHARA-L-LAH84P,OHARA,L-LAH84P,L-LAH84P,Optical glass,Imported from OHARA-AGF-2026-05-29.,oxide_glass,standard
OHARA-L-LAH85,OHARA,L-LAH85,L-LAH85,Optical glass,Imported from OHARA-AGF-2026-05-29.,oxide_glass,standard
OHARA-L-LAH86,OHARA,L-LAH86,L-LAH86,Optical glass,Imported from OHARA-AGF-2026-05-29.,oxide_glass,standard
OHARA-L-LAH87,OHARA,L-LAH87,L-LAH87,Optical glass,Imported from OHARA-AGF-2026-05-29.,oxide_glass,standard
OHARA-L-LAH90,OHARA,L-LAH90,L-LAH90,Optical glass,Imported from OHARA-AGF-2026-05-29.,oxide_glass,standard
OHARA-L-LAH91,OHARA,L-LAH91,L-LAH91,Optical glass,Imported from OHARA-AGF-2026-05-29.,oxide_glass,standard
OHARA-L-LAH94,OHARA,L-LAH94,L-LAH94,Optical glass,Imported from OHARA-AGF-2026-05-29.,oxide_glass,standard
OHARA-L-LAL12,OHARA,L-LAL12,L-LAL12,Optical glass,Imported from OHARA-AGF-2026-05-29.,oxide_glass,standard
OHARA-L-LAL13,OHARA,L-LAL13,L-LAL13,Optical glass,Imported from OHARA-AGF-2026-05-29.,oxide_glass,standard
OHARA-L-LAL15,OHARA,L-LAL15,L-LAL15,Optical glass,Imported from OHARA-AGF-2026-05-29.,oxide_glass,standard
OHARA-L-LAM60,OHARA,L-LAM60,L-LAM60,Optical glass,Imported from OHARA-AGF-2026-05-29.,oxide_glass,standard
OHARA-L-LAM69,OHARA,L-LAM69,L-LAM69,Optical glass,Imported from OHARA-AGF-2026-05-29.,oxide_glass,standard
OHARA-L-LAM72,OHARA,L-LAM72,L-LAM72,Optical glass,Imported from OHARA-AGF-2026-05-29.,oxide_glass,standard
OHARA-L-NBH54,OHARA,L-NBH54,L-NBH54,Optical glass,Imported from OHARA-AGF-2026-05-29.,oxide_glass,standard
OHARA-L-PHL1,OHARA,L-PHL1,L-PHL1,Optical glass,Imported from OHARA-AGF-2026-05-29.,oxide_glass,standard
OHARA-L-PHL2,OHARA,L-PHL2,L-PHL2,Optical glass,Imported from OHARA-AGF-2026-05-29.,oxide_glass,standard
OHARA-L-TIH53,OHARA,L-TIH53,L-TIH53,Dense flint,Imported from OHARA-AGF-2026-05-29.,oxide_glass,standard
OHARA-L-TIM28,OHARA,L-TIM28,L-TIM28,Optical glass,Imported from OHARA-AGF-2026-05-29.,oxide_glass,standard
OHARA-L-TIM28P,OHARA,L-TIM28P,L-TIM28P,Optical glass,Imported from OHARA-AGF-2026-05-29.,oxide_glass,standard
OHARA-LAH51,OHARA,LAH51,LAH51,Optical glass,Imported from OHARA-AGF-2026-05-29.,oxide_glass,standard
OHARA-LAH52,OHARA,LAH52,LAH52,Optical glass,Imported from OHARA-AGF-2026-05-29.,oxide_glass,standard
OHARA-LAH53,OHARA,LAH53,LAH53,Optical glass,Imported from OHARA-AGF-2026-05-29.,oxide_glass,standard
OHARA-LAH54,OHARA,LAH54,LAH54,Optical glass,Imported from OHARA-AGF-2026-05-29.,oxide_glass,standard
OHARA-LAH55,OHARA,LAH55,LAH55,Optical glass,Imported from OHARA-AGF-2026-05-29.,oxide_glass,standard
OHARA-LAH58,OHARA,LAH58,LAH58,Optical glass,Imported from OHARA-AGF-2026-05-29.,oxide_glass,standard
OHARA-LAH59,OHARA,LAH59,LAH59,Optical glass,Imported from OHARA-AGF-2026-05-29.,oxide_glass,standard
OHARA-LAH60,OHARA,LAH60,LAH60,Optical glass,Imported from OHARA-AGF-2026-05-29.,oxide_glass,standard
OHARA-LAH63,OHARA,LAH63,LAH63,Optical glass,Imported from OHARA-AGF-2026-05-29.,oxide_glass,standard
OHARA-LAH64,OHARA,LAH64,LAH64,Optical glass,Imported from OHARA-AGF-2026-05-29.,oxide_glass,standard
OHARA-LAH65,OHARA,LAH65,LAH65,Optical glass,Imported from OHARA-AGF-2026-05-29.,oxide_glass,standard
OHARA-LAH66,OHARA,LAH66,LAH66,Optical glass,Imported from OHARA-AGF-2026-05-29.,oxide_glass,standard
OHARA-LAH67,OHARA,LAH67,LAH67,Optical glass,Imported from OHARA-AGF-2026-05-29.,oxide_glass,standard
OHARA-LAH71,OHARA,LAH71,LAH71,Optical glass,Imported from OHARA-AGF-2026-05-29.,oxide_glass,standard
OHARA-LAH75,OHARA,LAH75,LAH75,Optical glass,Imported from OHARA-AGF-2026-05-29.,oxide_glass,standard
OHARA-LAH78,OHARA,LAH78,LAH78,Optical glass,Imported from OHARA-AGF-2026-05-29.,oxide_glass,standard
OHARA-LAH80,OHARA,LAH80,LAH80,Optical glass,Imported from OHARA-AGF-2026-05-29.,oxide_glass,standard
OHARA-LAL7,OHARA,LAL7,LAL7,Optical glass,Imported from OHARA-AGF-2026-05-29.,oxide_glass,standard
OHARA-LAL8,OHARA,LAL8,LAL8,Optical glass,Imported from OHARA-AGF-2026-05-29.,oxide_glass,standard
OHARA-LAL9,OHARA,LAL9,LAL9,Optical glass,Imported from OHARA-AGF-2026-05-29.,oxide_glass,standard
OHARA-LAL10,OHARA,LAL10,LAL10,Optical glass,Imported from OHARA-AGF-2026-05-29.,oxide_glass,standard
OHARA-LAL11,OHARA,LAL11,LAL11,Optical glass,Imported from OHARA-AGF-2026-05-29.,oxide_glass,standard
OHARA-LAL12,OHARA,LAL12,LAL12,Optical glass,Imported from OHARA-AGF-2026-05-29.,oxide_glass,standard
OHARA-LAL13,OHARA,LAL13,LAL13,Optical glass,Imported from OHARA-AGF-2026-05-29.,oxide_glass,standard
OHARA-LAL14,OHARA,LAL14,LAL14,Optical glass,Imported from OHARA-AGF-2026-05-29.,oxide_glass,standard
OHARA-LAL18,OHARA,LAL18,LAL18,Optical glass,Imported from OHARA-AGF-2026-05-29.,oxide_glass,standard
OHARA-LAL52,OHARA,LAL52,LAL52,Optical glass,Imported from OHARA-AGF-2026-05-29.,oxide_glass,standard
OHARA-LAL54,OHARA,LAL54,LAL54,Optical glass,Imported from OHARA-AGF-2026-05-29.,oxide_glass,standard
OHARA-LAL56,OHARA,LAL56,LAL56,Optical glass,Imported from OHARA-AGF-2026-05-29.,oxide_glass,standard
OHARA-LAL58,OHARA,LAL58,LAL58,Optical glass,Imported from OHARA-AGF-2026-05-29.,oxide_glass,standard
OHARA-LAL59,OHARA,LAL59,LAL59,Optical glass,Imported from OHARA-AGF-2026-05-29.,oxide_glass,standard
OHARA-LAL60,OHARA,LAL60,LAL60,Optical glass,Imported from OHARA-AGF-2026-05-29.,oxide_glass,standard
OHARA-LAL61,OHARA,LAL61,LAL61,Optical glass,Imported from OHARA-AGF-2026-05-29.,oxide_glass,standard
OHARA-LAM2,OHARA,LAM2,LAM2,Optical glass,Imported from OHARA-AGF-2026-05-29.,oxide_glass,standard
OHARA-LAM3,OHARA,LAM3,LAM3,Optical glass,Imported from OHARA-AGF-2026-05-29.,oxide_glass,standard
OHARA-LAM7,OHARA,LAM7,LAM7,Optical glass,Imported from OHARA-AGF-2026-05-29.,oxide_glass,standard
OHARA-LAM51,OHARA,LAM51,LAM51,Optical glass,Imported from OHARA-AGF-2026-05-29.,oxide_glass,standard
OHARA-LAM52,OHARA,LAM52,LAM52,Optical glass,Imported from OHARA-AGF-2026-05-29.,oxide_glass,standard
OHARA-LAM54,OHARA,LAM54,LAM54,Optical glass,Imported from OHARA-AGF-2026-05-29.,oxide_glass,standard
OHARA-LAM55,OHARA,LAM55,LAM55,Optical glass,Imported from OHARA-AGF-2026-05-29.,oxide_glass,standard
OHARA-LAM58,OHARA,LAM58,LAM58,Optical glass,Imported from OHARA-AGF-2026-05-29.,oxide_glass,standard
OHARA-LAM59,OHARA,LAM59,LAM59,Optical glass,Imported from OHARA-AGF-2026-05-29.,oxide_glass,standard
OHARA-LAM60,OHARA,LAM60,LAM60,Optical glass,Imported from OHARA-AGF-2026-05-29.,oxide_glass,standard
OHARA-LAM61,OHARA,LAM61,LAM61,Optical glass,Imported from OHARA-AGF-2026-05-29.,oxide_glass,standard
OHARA-LAM66,OHARA,LAM66,LAM66,Optical glass,Imported from OHARA-AGF-2026-05-29.,oxide_glass,standard
OHARA-NSL2,OHARA,NSL2,NSL2,Optical glass,Imported from OHARA-AGF-2026-05-29.,oxide_glass,standard
OHARA-NSL3,OHARA,NSL3,NSL3,Optical glass,Imported from OHARA-AGF-2026-05-29.,oxide_glass,standard
OHARA-NSL5,OHARA,NSL5,NSL5,Optical glass,Imported from OHARA-AGF-2026-05-29.,oxide_glass,standard
OHARA-NSL7,OHARA,NSL7,NSL7,Optical glass,Imported from OHARA-AGF-2026-05-29.,oxide_glass,standard
OHARA-NSL33,OHARA,NSL33,NSL33,Optical glass,Imported from OHARA-AGF-2026-05-29.,oxide_glass,standard
OHARA-NSL36,OHARA,NSL36,NSL36,Optical glass,Imported from OHARA-AGF-2026-05-29.,oxide_glass,standard
OHARA-PBH1,OHARA,PBH1,PBH1,Optical glass,Imported from OHARA-AGF-2026-05-29.,oxide_glass,standard
OHARA-PBH3,OHARA,PBH3,PBH3,Optical glass,Imported from OHARA-AGF-2026-05-29.,oxide_glass,standard
OHARA-PBH3W,OHARA,PBH3W,PBH3W,Optical glass,Imported from OHARA-AGF-2026-05-29.,oxide_glass,standard
OHARA-PBH4,OHARA,PBH4,PBH4,Optical glass,Imported from OHARA-AGF-2026-05-29.,oxide_glass,standard
OHARA-PBH4W,OHARA,PBH4W,PBH4W,Optical glass,Imported from OHARA-AGF-2026-05-29.,oxide_glass,standard
OHARA-PBH6,OHARA,PBH6,PBH6,Optical glass,Imported from OHARA-AGF-2026-05-29.,oxide_glass,standard
OHARA-PBH6W,OHARA,PBH6W,PBH6W,Optical glass,Imported from OHARA-AGF-2026-05-29.,oxide_glass,standard
OHARA-PBH10,OHARA,PBH10,PBH10,Optical glass,Imported from OHARA-AGF-2026-05-29.,oxide_glass,standard
OHARA-PBH11,OHARA,PBH11,PBH11,Optical glass,Imported from OHARA-AGF-2026-05-29.,oxide_glass,standard
OHARA-PBH11W,OHARA,PBH11W,PBH11W,Optical glass,Imported from OHARA-AGF-2026-05-29.,oxide_glass,standard
OHARA-PBH13,OHARA,PBH13,PBH13,Optical glass,Imported from OHARA-AGF-2026-05-29.,oxide_glass,standard
OHARA-PBH13W,OHARA,PBH13W,PBH13W,Optical glass,Imported from OHARA-AGF-2026-05-29.,oxide_glass,standard
OHARA-PBH14,OHARA,PBH14,PBH14,Optical glass,Imported from OHARA-AGF-2026-05-29.,oxide_glass,standard
OHARA-PBH14W,OHARA,PBH14W,PBH14W,Optical glass,Imported from OHARA-AGF-2026-05-29.,oxide_glass,standard
OHARA-PBH18,OHARA,PBH18,PBH18,Optical glass,Imported from OHARA-AGF-2026-05-29.,oxide_glass,standard
OHARA-PBH21,OHARA,PBH21,PBH21,Optical glass,Imported from OHARA-AGF-2026-05-29.,oxide_glass,standard
OHARA-PBH23,OHARA,PBH23,PBH23,Optical glass,Imported from OHARA-AGF-2026-05-29.,oxide_glass,standard
OHARA-PBH23W,OHARA,PBH23W,PBH23W,Optical glass,Imported from OHARA-AGF-2026-05-29.,oxide_glass,standard
OHARA-PBH25,OHARA,PBH25,PBH25,Optical glass,Imported from OHARA-AGF-2026-05-29.,oxide_glass,standard
OHARA-PBH25W,OHARA,PBH25W,PBH25W,Optical glass,Imported from OHARA-AGF-2026-05-29.,oxide_glass,standard
OHARA-PBH53,OHARA,PBH53,PBH53,Optical glass,Imported from OHARA-AGF-2026-05-29.,oxide_glass,standard
OHARA-PBH53W,OHARA,PBH53W,PBH53W,Optical glass,Imported from OHARA-AGF-2026-05-29.,oxide_glass,standard
OHARA-PBH55,OHARA,PBH55,PBH55,Optical glass,Imported from OHARA-AGF-2026-05-29.,oxide_glass,standard
OHARA-PBH56,OHARA,PBH56,PBH56,Optical glass,Imported from OHARA-AGF-2026-05-29.,oxide_glass,standard
OHARA-PBH71,OHARA,PBH71,PBH71,Optical glass,Imported from OHARA-AGF-2026-05-29.,oxide_glass,standard
OHARA-PBH72,OHARA,PBH72,PBH72,Optical glass,Imported from OHARA-AGF-2026-05-29.,oxide_glass,standard
OHARA-PBL1,OHARA,PBL1,PBL1,Optical glass,Imported from OHARA-AGF-2026-05-29.,oxide_glass,standard
OHARA-PBL1Y,OHARA,PBL1Y,PBL1Y,Optical glass,Imported from OHARA-AGF-2026-05-29.,oxide_glass,standard
OHARA-PBL2,OHARA,PBL2,PBL2,Optical glass,Imported from OHARA-AGF-2026-05-29.,oxide_glass,standard
OHARA-PBL6,OHARA,PBL6,PBL6,Optical glass,Imported from OHARA-AGF-2026-05-29.,oxide_glass,standard
OHARA-PBL6Y,OHARA,PBL6Y,PBL6Y,Optical glass,Imported from OHARA-AGF-2026-05-29.,oxide_glass,standard
OHARA-PBL7,OHARA,PBL7,PBL7,Optical glass,Imported from OHARA-AGF-2026-05-29.,oxide_glass,standard
OHARA-PBL21,OHARA,PBL21,PBL21,Optical glass,Imported from OHARA-AGF-2026-05-29.,oxide_glass,standard
OHARA-PBL22,OHARA,PBL22,PBL22,Optical glass,Imported from OHARA-AGF-2026-05-29.,oxide_glass,standard
OHARA-PBL25,OHARA,PBL25,PBL25,Optical glass,Imported from OHARA-AGF-2026-05-29.,oxide_glass,standard
OHARA-PBL25Y,OHARA,PBL25Y,PBL25Y,Optical glass,Imported from OHARA-AGF-2026-05-29.,oxide_glass,standard
OHARA-PBL26,OHARA,PBL26,PBL26,Optical glass,Imported from OHARA-AGF-2026-05-29.,oxide_glass,standard
OHARA-PBL26Y,OHARA,PBL26Y,PBL26Y,Optical glass,Imported from OHARA-AGF-2026-05-29.,oxide_glass,standard
OHARA-PBL27,OHARA,PBL27,PBL27,Optical glass,Imported from OHARA-AGF-2026-05-29.,oxide_glass,standard
OHARA-PBL35Y,OHARA,PBL35Y,PBL35Y,Optical glass,Imported from OHARA-AGF-2026-05-29.,oxide_glass,standard
OHARA-PBM1,OHARA,PBM1,PBM1,Optical glass,Imported from OHARA-AGF-2026-05-29.,oxide_glass,standard
OHARA-PBM2,OHARA,PBM2,PBM2,Optical glass,Imported from OHARA-AGF-2026-05-29.,oxide_glass,standard
OHARA-PBM2Y,OHARA,PBM2Y,PBM2Y,Optical glass,Imported from OHARA-AGF-2026-05-29.,oxide_glass,standard
OHARA-PBM3,OHARA,PBM3,PBM3,Optical glass,Imported from OHARA-AGF-2026-05-29.,oxide_glass,standard
OHARA-PBM4,OHARA,PBM4,PBM4,Optical glass,Imported from OHARA-AGF-2026-05-29.,oxide_glass,standard
OHARA-PBM5,OHARA,PBM5,PBM5,Optical glass,Imported from OHARA-AGF-2026-05-29.,oxide_glass,standard
OHARA-PBM6,OHARA,PBM6,PBM6,Optical glass,Imported from OHARA-AGF-2026-05-29.,oxide_glass,standard
OHARA-PBM8,OHARA,PBM8,PBM8,Optical glass,Imported from OHARA-AGF-2026-05-29.,oxide_glass,standard
OHARA-PBM8Y,OHARA,PBM8Y,PBM8Y,Optical glass,Imported from OHARA-AGF-2026-05-29.,oxide_glass,standard
OHARA-PBM9,OHARA,PBM9,PBM9,Optical glass,Imported from OHARA-AGF-2026-05-29.,oxide_glass,standard
OHARA-PBM11,OHARA,PBM11,PBM11,Optical glass,Imported from OHARA-AGF-2026-05-29.,oxide_glass,standard
OHARA-PBM18Y,OHARA,PBM18Y,PBM18Y,Optical glass,Imported from OHARA-AGF-2026-05-29.,oxide_glass,standard
OHARA-PBM22,OHARA,PBM22,PBM22,Optical glass,Imported from OHARA-AGF-2026-05-29.,oxide_glass,standard
OHARA-PBM25,OHARA,PBM25,PBM25,Optical glass,Imported from OHARA-AGF-2026-05-29.,oxide_glass,standard
OHARA-PBM27,OHARA,PBM27,PBM27,Optical glass,Imported from OHARA-AGF-2026-05-29.,oxide_glass,standard
OHARA-PBM28,OHARA,PBM28,PBM28,Optical glass,Imported from OHARA-AGF-2026-05-29.,oxide_glass,standard
OHARA-PBM28W,OHARA,PBM28W,PBM28W,Optical glass,Imported from OHARA-AGF-2026-05-29.,oxide_glass,standard
OHARA-PBM35,OHARA,PBM35,PBM35,Optical glass,Imported from OHARA-AGF-2026-05-29.,oxide_glass,standard
OHARA-PBM39,OHARA,PBM39,PBM39,Optical glass,Imported from OHARA-AGF-2026-05-29.,oxide_glass,standard
OHARA-PHM51,OHARA,PHM51,PHM51,Optical glass,Imported from OHARA-AGF-2026-05-29.,oxide_glass,standard
OHARA-PHM52,OHARA,PHM52,PHM52,Optical glass,Imported from OHARA-AGF-2026-05-29.,oxide_glass,standard
OHARA-PHM53,OHARA,PHM53,PHM53,Optical glass,Imported from OHARA-AGF-2026-05-29.,oxide_glass,standard
OHARA-S-APL,OHARA,S-APL,S-APL,Optical glass,Imported from OHARA-AGF-2026-05-29.,oxide_glass,standard
OHARA-S-APL1,OHARA,S-APL1,S-APL1,Optical glass,Imported from OHARA-AGF-2026-05-29.,oxide_glass,standard
OHARA-S-BAH10,OHARA,S-BAH10,S-BAH10,Optical glass,Imported from OHARA-AGF-2026-05-29.,oxide_glass,standard
OHARA-S-BAH11,OHARA,S-BAH11,S-BAH11,Optical glass,Imported from OHARA-AGF-2026-05-29.,oxide_glass,standard
OHARA-S-BAH27,OHARA,S-BAH27,S-BAH27,Optical glass,Imported from OHARA-AGF-2026-05-29.,oxide_glass,standard
OHARA-S-BAH28,OHARA,S-BAH28,S-BAH28,Optical glass,Imported from OHARA-AGF-2026-05-29.,oxide_glass,standard
OHARA-S-BAH32,OHARA,S-BAH32,S-BAH32,Optical glass,Imported from OHARA-AGF-2026-05-29.,oxide_glass,standard
OHARA-S-BAH54,OHARA,S-BAH54,S-BAH54,Optical glass,Imported from OHARA-AGF-2026-05-29.,oxide_glass,standard
OHARA-S-BAL2,OHARA,S-BAL2,S-BAL2,Barium crown,Imported from OHARA-AGF-2026-05-29.,oxide_glass,standard
OHARA-S-BAL3,OHARA,S-BAL3,S-BAL3,Barium crown,Imported from OHARA-AGF-2026-05-29.,oxide_glass,standard
OHARA-S-BAL11,OHARA,S-BAL11,S-BAL11,Barium crown,Imported from OHARA-AGF-2026-05-29.,oxide_glass,standard
OHARA-S-BAL12,OHARA,S-BAL12,S-BAL12,Barium crown,Imported from OHARA-AGF-2026-05-29.,oxide_glass,standard
OHARA-S-BAL14,OHARA,S-BAL14,S-BAL14,Barium crown,Imported from OHARA-AGF-2026-05-29.,oxide_glass,standard
OHARA-S-BAL22,OHARA,S-BAL22,S-BAL22,Barium crown,Imported from OHARA-AGF-2026-05-29.,oxide_glass,standard
OHARA-S-BAL35,OHARA,S-BAL35,S-BAL35,Barium crown,Imported from OHARA-AGF-2026-05-29.,oxide_glass,standard
OHARA-S-BAL41,OHARA,S-BAL41,S-BAL41,Barium crown,Imported from OHARA-AGF-2026-05-29.,oxide_glass,standard
OHARA-S-BAL42,OHARA,S-BAL42,S-BAL42,Barium crown,Imported from OHARA-AGF-2026-05-29.,oxide_glass,standard
OHARA-S-BAL50,OHARA,S-BAL50,S-BAL50,Barium crown,Imported from OHARA-AGF-2026-05-29.,oxide_glass,standard
OHARA-S-BAM3,OHARA,S-BAM3,S-BAM3,Optical glass,Imported from OHARA-AGF-2026-05-29.,oxide_glass,standard
OHARA-S-BAM4,OHARA,S-BAM4,S-BAM4,Optical glass,Imported from OHARA-AGF-2026-05-29.,oxide_glass,standard
OHARA-S-BAM12,OHARA,S-BAM12,S-BAM12,Optical glass,Imported from OHARA-AGF-2026-05-29.,oxide_glass,standard
OHARA-S-BSL7,OHARA,S-BSL7,S-BSL7,Borosilicate crown,Imported from OHARA-AGF-2026-05-29.,oxide_glass,standard
OHARA-S-BSM2,OHARA,S-BSM2,S-BSM2,Optical glass,Imported from OHARA-AGF-2026-05-29.,oxide_glass,standard
OHARA-S-BSM4,OHARA,S-BSM4,S-BSM4,Optical glass,Imported from OHARA-AGF-2026-05-29.,oxide_glass,standard
OHARA-S-BSM9,OHARA,S-BSM9,S-BSM9,Optical glass,Imported from OHARA-AGF-2026-05-29.,oxide_glass,standard
OHARA-S-BSM10,OHARA,S-BSM10,S-BSM10,Optical glass,Imported from OHARA-AGF-2026-05-29.,oxide_glass,standard
OHARA-S-BSM14,OHARA,S-BSM14,S-BSM14,Optical glass,Imported from OHARA-AGF-2026-05-29.,oxide_glass,standard
OHARA-S-BSM15,OHARA,S-BSM15,S-BSM15,Optical glass,Imported from OHARA-AGF-2026-05-29.,oxide_glass,standard
OHARA-S-BSM16,OHARA,S-BSM16,S-BSM16,Optical glass,Imported from OHARA-AGF-2026-05-29.,oxide_glass,standard
OHARA-S-BSM18,OHARA,S-BSM18,S-BSM18,Optical glass,Imported from OHARA-AGF-2026-05-29.,oxide_glass,standard
OHARA-S-BSM21,OHARA,S-BSM21,S-BSM21,Optical glass,Imported from OHARA-AGF-2026-05-29.,oxide_glass,standard
OHARA-S-BSM22,OHARA,S-BSM22,S-BSM22,Optical glass,Imported from OHARA-AGF-2026-05-29.,oxide_glass,standard
OHARA-S-BSM25,OHARA,S-BSM25,S-BSM25,Optical glass,Imported from OHARA-AGF-2026-05-29.,oxide_glass,standard
OHARA-S-BSM28,OHARA,S-BSM28,S-BSM28,Optical glass,Imported from OHARA-AGF-2026-05-29.,oxide_glass,standard
OHARA-S-BSM36,OHARA,S-BSM36,S-BSM36,Optical glass,Imported from OHARA-AGF-2026-05-29.,oxide_glass,standard
OHARA-S-BSM71,OHARA,S-BSM71,S-BSM71,Optical glass,Imported from OHARA-AGF-2026-05-29.,oxide_glass,standard
OHARA-S-BSM81,OHARA,S-BSM81,S-BSM81,Optical glass,Imported from OHARA-AGF-2026-05-29.,oxide_glass,standard
OHARA-S-BSM93,OHARA,S-BSM93,S-BSM93,Optical glass,Imported from OHARA-AGF-2026-05-29.,oxide_glass,standard
OHARA-S-FPL51,OHARA,S-FPL51,S-FPL51,Fluor crown,Imported from OHARA-AGF-2026-05-29.,oxide_glass,standard
OHARA-S-FPL51Y,OHARA,S-FPL51Y,S-FPL51Y,Fluor crown,Imported from OHARA-AGF-2026-05-29.,oxide_glass,standard
OHARA-S-FPL52,OHARA,S-FPL52,S-FPL52,Fluor crown,Imported from OHARA-AGF-2026-05-29.,oxide_glass,standard
OHARA-S-FPL53,OHARA,S-FPL53,S-FPL53,Fluor crown,Imported from OHARA-AGF-2026-05-29.,oxide_glass,standard
OHARA-S-FPL55,OHARA,S-FPL55,S-FPL55,Fluor crown,Imported from OHARA-AGF-2026-05-29.,oxide_glass,standard
OHARA-S-FPM2,OHARA,S-FPM2,S-FPM2,Optical glass,Imported from OHARA-AGF-2026-05-29.,oxide_glass,standard
OHARA-S-FPM3,OHARA,S-FPM3,S-FPM3,Optical glass,Imported from OHARA-AGF-2026-05-29.,oxide_glass,standard
OHARA-S-FSL5,OHARA,S-FSL5,S-FSL5,Optical glass,Imported from OHARA-AGF-2026-05-29.,oxide_glass,standard
OHARA-S-FSL5Y,OHARA,S-FSL5Y,S-FSL5Y,Optical glass,Imported from OHARA-AGF-2026-05-29.,oxide_glass,standard
OHARA-S-FTL10,OHARA,S-FTL10,S-FTL10,Optical glass,Imported from OHARA-AGF-2026-05-29.,oxide_glass,standard
OHARA-S-FTM16,OHARA,S-FTM16,S-FTM16,Optical glass,Imported from OHARA-AGF-2026-05-29.,oxide_glass,standard
OHARA-S-LAH51,OHARA,S-LAH51,S-LAH51,Optical glass,Imported from OHARA-AGF-2026-05-29.,oxide_glass,standard
OHARA-S-LAH52,OHARA,S-LAH52,S-LAH52,Optical glass,Imported from OHARA-AGF-2026-05-29.,oxide_glass,standard
OHARA-S-LAH52Q,OHARA,S-LAH52Q,S-LAH52Q,Optical glass,Imported from OHARA-AGF-2026-05-29.,oxide_glass,standard
OHARA-S-LAH53,OHARA,S-LAH53,S-LAH53,Optical glass,Imported from OHARA-AGF-2026-05-29.,oxide_glass,standard
OHARA-S-LAH53V,OHARA,S-LAH53V,S-LAH53V,Optical glass,Imported from OHARA-AGF-2026-05-29.,oxide_glass,standard
OHARA-S-LAH54,OHARA,S-LAH54,S-LAH54,Optical glass,Imported from OHARA-AGF-2026-05-29.,oxide_glass,standard
OHARA-S-LAH55,OHARA,S-LAH55,S-LAH55,Optical glass,Imported from OHARA-AGF-2026-05-29.,oxide_glass,standard
OHARA-S-LAH55V,OHARA,S-LAH55V,S-LAH55V,Optical glass,Imported from OHARA-AGF-2026-05-29.,oxide_glass,standard
OHARA-S-LAH55VS,OHARA,S-LAH55VS,S-LAH55VS,Optical glass,Imported from OHARA-AGF-2026-05-29.,oxide_glass,standard
OHARA-S-LAH58,OHARA,S-LAH58,S-LAH58,Optical glass,Imported from OHARA-AGF-2026-05-29.,oxide_glass,standard
OHARA-S-LAH59,OHARA,S-LAH59,S-LAH59,Optical glass,Imported from OHARA-AGF-2026-05-29.,oxide_glass,standard
OHARA-S-LAH60,OHARA,S-LAH60,S-LAH60,Optical glass,Imported from OHARA-AGF-2026-05-29.,oxide_glass,standard
OHARA-S-LAH60V,OHARA,S-LAH60V,S-LAH60V,Optical glass,Imported from OHARA-AGF-2026-05-29.,oxide_glass,standard
OHARA-S-LAH63,OHARA,S-LAH63,S-LAH63,Optical glass,Imported from OHARA-AGF-2026-05-29.,oxide_glass,standard
OHARA-S-LAH64,OHARA,S-LAH64,S-LAH64,Optical glass,Imported from OHARA-AGF-2026-05-29.,oxide_glass,standard
OHARA-S-LAH65,OHARA,S-LAH65,S-LAH65,Optical glass,Imported from OHARA-AGF-2026-05-29.,oxide_glass,standard
OHARA-S-LAH65V,OHARA,S-LAH65V,S-LAH65V,Optical glass,Imported from OHARA-AGF-2026-05-29.,oxide_glass,standard
OHARA-S-LAH65VS,OHARA,S-LAH65VS,S-LAH65VS,Optical glass,Imported from OHARA-AGF-2026-05-29.,oxide_glass,standard
OHARA-S-LAH66N,OHARA,S-LAH66N,S-LAH66N,Optical glass,Imported from OHARA-AGF-2026-05-29.,oxide_glass,standard
OHARA-S-LAH66,OHARA,S-LAH66,S-LAH66,Optical glass,Imported from OHARA-AGF-2026-05-29.,oxide_glass,standard
OHARA-S-LAH67,OHARA,S-LAH67,S-LAH67,Optical glass,Imported from OHARA-AGF-2026-05-29.,oxide_glass,standard
OHARA-S-LAH71,OHARA,S-LAH71,S-LAH71,Optical glass,Imported from OHARA-AGF-2026-05-29.,oxide_glass,standard
OHARA-S-LAH75,OHARA,S-LAH75,S-LAH75,Optical glass,Imported from OHARA-AGF-2026-05-29.,oxide_glass,standard
OHARA-S-LAH79,OHARA,S-LAH79,S-LAH79,Optical glass,Imported from OHARA-AGF-2026-05-29.,oxide_glass,standard
OHARA-S-LAH88,OHARA,S-LAH88,S-LAH88,Optical glass,Imported from OHARA-AGF-2026-05-29.,oxide_glass,standard
OHARA-S-LAH89,OHARA,S-LAH89,S-LAH89,Optical glass,Imported from OHARA-AGF-2026-05-29.,oxide_glass,standard
OHARA-S-LAH92,OHARA,S-LAH92,S-LAH92,Optical glass,Imported from OHARA-AGF-2026-05-29.,oxide_glass,standard
OHARA-S-LAH93,OHARA,S-LAH93,S-LAH93,Optical glass,Imported from OHARA-AGF-2026-05-29.,oxide_glass,standard
OHARA-S-LAH95,OHARA,S-LAH95,S-LAH95,Optical glass,Imported from OHARA-AGF-2026-05-29.,oxide_glass,standard
OHARA-S-LAH96,OHARA,S-LAH96,S-LAH96,Optical glass,Imported from OHARA-AGF-2026-05-29.,oxide_glass,standard
OHARA-S-LAH97,OHARA,S-LAH97,S-LAH97,Optical glass,Imported from OHARA-AGF-2026-05-29.,oxide_glass,standard
OHARA-S-LAL7,OHARA,S-LAL7,S-LAL7,Optical glass,Imported from OHARA-AGF-2026-05-29.,oxide_glass,standard
OHARA-S-LAL8,OHARA,S-LAL8,S-LAL8,Optical glass,Imported from OHARA-AGF-2026-05-29.,oxide_glass,standard
OHARA-S-LAL9,OHARA,S-LAL9,S-LAL9,Optical glass,Imported from OHARA-AGF-2026-05-29.,oxide_glass,standard
OHARA-S-LAL10,OHARA,S-LAL10,S-LAL10,Optical glass,Imported from OHARA-AGF-2026-05-29.,oxide_glass,standard
OHARA-S-LAL11,OHARA,S-LAL11,S-LAL11,Optical glass,Imported from OHARA-AGF-2026-05-29.,oxide_glass,standard
OHARA-S-LAL12,OHARA,S-LAL12,S-LAL12,Optical glass,Imported from OHARA-AGF-2026-05-29.,oxide_glass,standard
OHARA-S-LAL13,OHARA,S-LAL13,S-LAL13,Optical glass,Imported from OHARA-AGF-2026-05-29.,oxide_glass,standard
OHARA-S-LAL14,OHARA,S-LAL14,S-LAL14,Optical glass,Imported from OHARA-AGF-2026-05-29.,oxide_glass,standard
OHARA-S-LAL18N,OHARA,S-LAL18N,S-LAL18N,Optical glass,Imported from OHARA-AGF-2026-05-29.,oxide_glass,standard
OHARA-S-LAL18,OHARA,S-LAL18,S-LAL18,Optical glass,Imported from OHARA-AGF-2026-05-29.,oxide_glass,standard
OHARA-S-LAL19,OHARA,S-LAL19,S-LAL19,Optical glass,Imported from OHARA-AGF-2026-05-29.,oxide_glass,standard
OHARA-S-LAL20,OHARA,S-LAL20,S-LAL20,Optical glass,Imported from OHARA-AGF-2026-05-29.,oxide_glass,standard
OHARA-S-LAL52,OHARA,S-LAL52,S-LAL52,Optical glass,Imported from OHARA-AGF-2026-05-29.,oxide_glass,standard
OHARA-S-LAL54,OHARA,S-LAL54,S-LAL54,Optical glass,Imported from OHARA-AGF-2026-05-29.,oxide_glass,standard
OHARA-S-LAL54Q,OHARA,S-LAL54Q,S-LAL54Q,Optical glass,Imported from OHARA-AGF-2026-05-29.,oxide_glass,standard
OHARA-S-LAL56,OHARA,S-LAL56,S-LAL56,Optical glass,Imported from OHARA-AGF-2026-05-29.,oxide_glass,standard
OHARA-S-LAL58,OHARA,S-LAL58,S-LAL58,Optical glass,Imported from OHARA-AGF-2026-05-29.,oxide_glass,standard
OHARA-S-LAL59,OHARA,S-LAL59,S-LAL59,Optical glass,Imported from OHARA-AGF-2026-05-29.,oxide_glass,standard
OHARA-S-LAL60,OHARA,S-LAL60,S-LAL60,Optical glass,Imported from OHARA-AGF-2026-05-29.,oxide_glass,standard
OHARA-S-LAL61,OHARA,S-LAL61,S-LAL61,Optical glass,Imported from OHARA-AGF-2026-05-29.,oxide_glass,standard
OHARA-S-LAM2,OHARA,S-LAM2,S-LAM2,Optical glass,Imported from OHARA-AGF-2026-05-29.,oxide_glass,standard
OHARA-S-LAM3,OHARA,S-LAM3,S-LAM3,Optical glass,Imported from OHARA-AGF-2026-05-29.,oxide_glass,standard
OHARA-S-LAM7,OHARA,S-LAM7,S-LAM7,Optical glass,Imported from OHARA-AGF-2026-05-29.,oxide_glass,standard
OHARA-S-LAM51,OHARA,S-LAM51,S-LAM51,Optical glass,Imported from OHARA-AGF-2026-05-29.,oxide_glass,standard
OHARA-S-LAM52,OHARA,S-LAM52,S-LAM52,Optical glass,Imported from OHARA-AGF-2026-05-29.,oxide_glass,standard
OHARA-S-LAM54,OHARA,S-LAM54,S-LAM54,Optical glass,Imported from OHARA-AGF-2026-05-29.,oxide_glass,standard
OHARA-S-LAM55,OHARA,S-LAM55,S-LAM55,Optical glass,Imported from OHARA-AGF-2026-05-29.,oxide_glass,standard
OHARA-S-LAM58,OHARA,S-LAM58,S-LAM58,Optical glass,Imported from OHARA-AGF-2026-05-29.,oxide_glass,standard
OHARA-S-LAM59,OHARA,S-LAM59,S-LAM59,Optical glass,Imported from OHARA-AGF-2026-05-29.,oxide_glass,standard
OHARA-S-LAM60,OHARA,S-LAM60,S-LAM60,Optical glass,Imported from OHARA-AGF-2026-05-29.,oxide_glass,standard
OHARA-S-LAM61,OHARA,S-LAM61,S-LAM61,Optical glass,Imported from OHARA-AGF-2026-05-29.,oxide_glass,standard
OHARA-S-LAM66,OHARA,S-LAM66,S-LAM66,Optical glass,Imported from OHARA-AGF-2026-05-29.,oxide_glass,standard
OHARA-S-LAM73,OHARA,S-LAM73,S-LAM73,Optical glass,Imported from OHARA-AGF-2026-05-29.,oxide_glass,standard
OHARA-S-NBH5,OHARA,S-NBH5,S-NBH5,Optical glass,Imported from OHARA-AGF-2026-05-29.,oxide_glass,standard
OHARA-S-NBH8,OHARA,S-NBH8,S-NBH8,Optical glass,Imported from OHARA-AGF-2026-05-29.,oxide_glass,standard
OHARA-S-NBH51,OHARA,S-NBH51,S-NBH51,Optical glass,Imported from OHARA-AGF-2026-05-29.,oxide_glass,standard
OHARA-S-NBH52,OHARA,S-NBH52,S-NBH52,Optical glass,Imported from OHARA-AGF-2026-05-29.,oxide_glass,standard
OHARA-S-NBH52V,OHARA,S-NBH52V,S-NBH52V,Optical glass,Imported from OHARA-AGF-2026-05-29.,oxide_glass,standard
OHARA-S-NBH53,OHARA,S-NBH53,S-NBH53,Optical glass,Imported from OHARA-AGF-2026-05-29.,oxide_glass,standard
OHARA-S-NBH53V,OHARA,S-NBH53V,S-NBH53V,Optical glass,Imported from OHARA-AGF-2026-05-29.,oxide_glass,standard
OHARA-S-NBH55,OHARA,S-NBH55,S-NBH55,Optical glass,Imported from OHARA-AGF-2026-05-29.,oxide_glass,standard
OHARA-S-NBH56,OHARA,S-NBH56,S-NBH56,Optical glass,Imported from OHARA-AGF-2026-05-29.,oxide_glass,standard
OHARA-S-NBH57,OHARA,S-NBH57,S-NBH57,Optical glass,Imported from OHARA-AGF-2026-05-29.,oxide_glass,standard
OHARA-S-NBM51,OHARA,S-NBM51,S-NBM51,Optical glass,Imported from OHARA-AGF-2026-05-29.,oxide_glass,standard
OHARA-S-NPH1,OHARA,S-NPH1,S-NPH1,Optical glass,Imported from OHARA-AGF-2026-05-29.,oxide_glass,standard
OHARA-S-NPH1W,OHARA,S-NPH1W,S-NPH1W,Optical glass,Imported from OHARA-AGF-2026-05-29.,oxide_glass,standard
OHARA-S-NPH2,OHARA,S-NPH2,S-NPH2,Optical glass,Imported from OHARA-AGF-2026-05-29.,oxide_glass,standard
OHARA-S-NPH3,OHARA,S-NPH3,S-NPH3,Optical glass,Imported from OHARA-AGF-2026-05-29.,oxide_glass,standard
OHARA-S-NPH4,OHARA,S-NPH4,S-NPH4,Optical glass,Imported from OHARA-AGF-2026-05-29.,oxide_glass,standard
OHARA-S-NPH5,OHARA,S-NPH5,S-NPH5,Optical glass,Imported from OHARA-AGF-2026-05-29.,oxide_glass,standard
OHARA-S-NPH53,OHARA,S-NPH53,S-NPH53,Optical glass,Imported from OHARA-AGF-2026-05-29.,oxide_glass,standard
OHARA-S-NSL2,OHARA,S-NSL2,S-NSL2,Optical glass,Imported from OHARA-AGF-2026-05-29.,oxide_glass,standard
OHARA-S-NSL3,OHARA,S-NSL3,S-NSL3,Optical glass,Imported from OHARA-AGF-2026-05-29.,oxide_glass,standard
OHARA-S-NSL5,OHARA,S-NSL5,S-NSL5,Optical glass,Imported from OHARA-AGF-2026-05-29.,oxide_glass,standard
OHARA-S-NSL36,OHARA,S-NSL36,S-NSL36,Optical glass,Imported from OHARA-AGF-2026-05-29.,oxide_glass,standard
OHARA-S-PHM51,OHARA,S-PHM51,S-PHM51,Optical glass,Imported from OHARA-AGF-2026-05-29.,oxide_glass,standard
OHARA-S-PHM52,OHARA,S-PHM52,S-PHM52,Optical glass,Imported from OHARA-AGF-2026-05-29.,oxide_glass,standard
OHARA-S-PHM53,OHARA,S-PHM53,S-PHM53,Optical glass,Imported from OHARA-AGF-2026-05-29.,oxide_glass,standard
OHARA-S-TIH1,OHARA,S-TIH1,S-TIH1,Dense flint,Imported from OHARA-AGF-2026-05-29.,oxide_glass,standard
OHARA-S-TIH3,OHARA,S-TIH3,S-TIH3,Dense flint,Imported from OHARA-AGF-2026-05-29.,oxide_glass,standard
OHARA-S-TIH4,OHARA,S-TIH4,S-TIH4,Dense flint,Imported from OHARA-AGF-2026-05-29.,oxide_glass,standard
OHARA-S-TIH6,OHARA,S-TIH6,S-TIH6,Dense flint,Imported from OHARA-AGF-2026-05-29.,oxide_glass,standard
OHARA-S-TIH10,OHARA,S-TIH10,S-TIH10,Dense flint,Imported from OHARA-AGF-2026-05-29.,oxide_glass,standard
OHARA-S-TIH11,OHARA,S-TIH11,S-TIH11,Dense flint,Imported from OHARA-AGF-2026-05-29.,oxide_glass,standard
OHARA-S-TIH13,OHARA,S-TIH13,S-TIH13,Dense flint,Imported from OHARA-AGF-2026-05-29.,oxide_glass,standard
OHARA-S-TIH14,OHARA,S-TIH14,S-TIH14,Dense flint,Imported from OHARA-AGF-2026-05-29.,oxide_glass,standard
OHARA-S-TIH18,OHARA,S-TIH18,S-TIH18,Dense flint,Imported from OHARA-AGF-2026-05-29.,oxide_glass,standard
OHARA-S-TIH20,OHARA,S-TIH20,S-TIH20,Dense flint,Imported from OHARA-AGF-2026-05-29.,oxide_glass,standard
OHARA-S-TIH23,OHARA,S-TIH23,S-TIH23,Dense flint,Imported from OHARA-AGF-2026-05-29.,oxide_glass,standard
OHARA-S-TIH53,OHARA,S-TIH53,S-TIH53,Dense flint,Imported from OHARA-AGF-2026-05-29.,oxide_glass,standard
OHARA-S-TIH53WN,OHARA,S-TIH53WN,S-TIH53WN,Dense flint,Imported from OHARA-AGF-2026-05-29.,oxide_glass,standard
OHARA-S-TIH53W,OHARA,S-TIH53W,S-TIH53W,Dense flint,Imported from OHARA-AGF-2026-05-29.,oxide_glass,standard
OHARA-S-TIH57,OHARA,S-TIH57,S-TIH57,Dense flint,Imported from OHARA-AGF-2026-05-29.,oxide_glass,standard
OHARA-S-TIL1,OHARA,S-TIL1,S-TIL1,Optical glass,Imported from OHARA-AGF-2026-05-29.,oxide_glass,standard
OHARA-S-TIL2,OHARA,S-TIL2,S-TIL2,Optical glass,Imported from OHARA-AGF-2026-05-29.,oxide_glass,standard
OHARA-S-TIL6,OHARA,S-TIL6,S-TIL6,Optical glass,Imported from OHARA-AGF-2026-05-29.,oxide_glass,standard
OHARA-S-TIL25,OHARA,S-TIL25,S-TIL25,Optical glass,Imported from OHARA-AGF-2026-05-29.,oxide_glass,standard
OHARA-S-TIL26,OHARA,S-TIL26,S-TIL26,Optical glass,Imported from OHARA-AGF-2026-05-29.,oxide_glass,standard
OHARA-S-TIL27,OHARA,S-TIL27,S-TIL27,Optical glass,Imported from OHARA-AGF-2026-05-29.,oxide_glass,standard
OHARA-S-TIM1,OHARA,S-TIM1,S-TIM1,Optical glass,Imported from OHARA-AGF-2026-05-29.,oxide_glass,standard
OHARA-S-TIM2,OHARA,S-TIM2,S-TIM2,Optical glass,Imported from OHARA-AGF-2026-05-29.,oxide_glass,standard
OHARA-S-TIM3,OHARA,S-TIM3,S-TIM3,Optical glass,Imported from OHARA-AGF-2026-05-29.,oxide_glass,standard
OHARA-S-TIM5,OHARA,S-TIM5,S-TIM5,Optical glass,Imported from OHARA-AGF-2026-05-29.,oxide_glass,standard
OHARA-S-TIM6,OHARA,S-TIM6,S-TIM6,Optical glass,Imported from OHARA-AGF-2026-05-29.,oxide_glass,standard
OHARA-S-TIM8,OHARA,S-TIM8,S-TIM8,Optical glass,Imported from OHARA-AGF-2026-05-29.,oxide_glass,standard
OHARA-S-TIM22,OHARA,S-TIM22,S-TIM22,Optical glass,Imported from OHARA-AGF-2026-05-29.,oxide_glass,standard
OHARA-S-TIM25,OHARA,S-TIM25,S-TIM25,Optical glass,Imported from OHARA-AGF-2026-05-29.,oxide_glass,standard
OHARA-S-TIM27,OHARA,S-TIM27,S-TIM27,Optical glass,Imported from OHARA-AGF-2026-05-29.,oxide_glass,standard
OHARA-S-TIM28,OHARA,S-TIM28,S-TIM28,Optical glass,Imported from OHARA-AGF-2026-05-29.,oxide_glass,standard
OHARA-S-TIM35,OHARA,S-TIM35,S-TIM35,Optical glass,Imported from OHARA-AGF-2026-05-29.,oxide_glass,standard
OHARA-S-TIM39,OHARA,S-TIM39,S-TIM39,Optical glass,Imported from OHARA-AGF-2026-05-29.,oxide_glass,standard
OHARA-S-YGH51,OHARA,S-YGH51,S-YGH51,Optical glass,Imported from OHARA-AGF-2026-05-29.,oxide_glass,standard
OHARA-S-YGH52,OHARA,S-YGH52,S-YGH52,Optical glass,Imported from OHARA-AGF-2026-05-29.,oxide_glass,standard
OHARA-SSL2,OHARA,SSL2,SSL2,Optical glass,Imported from OHARA-AGF-2026-05-29.,oxide_glass,standard
OHARA-SSL5,OHARA,SSL5,SSL5,Optical glass,Imported from OHARA-AGF-2026-05-29.,oxide_glass,standard
OHARA-TIH6,OHARA,TIH6,TIH6,Dense flint,Imported from OHARA-AGF-2026-05-29.,oxide_glass,standard
OHARA-TIH11,OHARA,TIH11,TIH11,Dense flint,Imported from OHARA-AGF-2026-05-29.,oxide_glass,standard
OHARA-TIH14,OHARA,TIH14,TIH14,Dense flint,Imported from OHARA-AGF-2026-05-29.,oxide_glass,standard
OHARA-TIH23,OHARA,TIH23,TIH23,Dense flint,Imported from OHARA-AGF-2026-05-29.,oxide_glass,standard
OHARA-TIH53,OHARA,TIH53,TIH53,Dense flint,Imported from OHARA-AGF-2026-05-29.,oxide_glass,standard
OHARA-TIM11,OHARA,TIM11,TIM11,Optical glass,Imported from OHARA-AGF-2026-05-29.,oxide_glass,standard
OHARA-TPH55,OHARA,TPH55,TPH55,Optical glass,Imported from OHARA-AGF-2026-05-29.,oxide_glass,standard
OHARA-YGH51,OHARA,YGH51,YGH51,Optical glass,Imported from OHARA-AGF-2026-05-29.,oxide_glass,standard
OHARA-YGH52,OHARA,YGH52,YGH52,Optical glass,Imported from OHARA-AGF-2026-05-29.,oxide_glass,standard
CDGM-H-QK1,CDGM,H-QK1,H-QK1,Optical glass,Imported from CDGM-AGF-NZHAGEN-MIRROR.,oxide_glass,standard
CDGM-H-QK3,CDGM,H-QK3,H-QK3,Optical glass,Imported from CDGM-AGF-NZHAGEN-MIRROR.,oxide_glass,standard
CDGM-H-QK3L,CDGM,H-QK3L,H-QK3L,Optical glass,Imported from CDGM-AGF-NZHAGEN-MIRROR.,oxide_glass,standard
CDGM-K4A,CDGM,K4A,K4A,Optical glass,Imported from CDGM-AGF-NZHAGEN-MIRROR.,oxide_glass,standard
CDGM-H-K5,CDGM,H-K5,H-K5,Optical glass,Imported from CDGM-AGF-NZHAGEN-MIRROR.,oxide_glass,standard
CDGM-H-K6,CDGM,H-K6,H-K6,Optical glass,Imported from CDGM-AGF-NZHAGEN-MIRROR.,oxide_glass,standard
CDGM-H-K7,CDGM,H-K7,H-K7,Optical glass,Imported from CDGM-AGF-NZHAGEN-MIRROR.,oxide_glass,standard
CDGM-H-K9L,CDGM,H-K9L,H-K9L,Borosilicate crown,Imported from CDGM-AGF-NZHAGEN-MIRROR.,oxide_glass,standard
CDGM-H-K10,CDGM,H-K10,H-K10,Optical glass,Imported from CDGM-AGF-NZHAGEN-MIRROR.,oxide_glass,standard
CDGM-H-K11,CDGM,H-K11,H-K11,Optical glass,Imported from CDGM-AGF-NZHAGEN-MIRROR.,oxide_glass,standard
CDGM-H-K50,CDGM,H-K50,H-K50,Optical glass,Imported from CDGM-AGF-NZHAGEN-MIRROR.,oxide_glass,standard
CDGM-H-K51,CDGM,H-K51,H-K51,Optical glass,Imported from CDGM-AGF-NZHAGEN-MIRROR.,oxide_glass,standard
CDGM-H-BAK1,CDGM,H-BAK1,H-BAK1,Barium crown,Imported from CDGM-AGF-NZHAGEN-MIRROR.,oxide_glass,standard
CDGM-H-BAK2,CDGM,H-BAK2,H-BAK2,Barium crown,Imported from CDGM-AGF-NZHAGEN-MIRROR.,oxide_glass,standard
CDGM-H-BAK3,CDGM,H-BAK3,H-BAK3,Barium crown,Imported from CDGM-AGF-NZHAGEN-MIRROR.,oxide_glass,standard
CDGM-H-BAK4,CDGM,H-BAK4,H-BAK4,Barium crown,Imported from CDGM-AGF-NZHAGEN-MIRROR.,oxide_glass,standard
CDGM-H-BAK5,CDGM,H-BAK5,H-BAK5,Barium crown,Imported from CDGM-AGF-NZHAGEN-MIRROR.,oxide_glass,standard
CDGM-H-BAK6,CDGM,H-BAK6,H-BAK6,Barium crown,Imported from CDGM-AGF-NZHAGEN-MIRROR.,oxide_glass,standard
CDGM-H-BAK7,CDGM,H-BAK7,H-BAK7,Barium crown,Imported from CDGM-AGF-NZHAGEN-MIRROR.,oxide_glass,standard
CDGM-H-BAK8,CDGM,H-BAK8,H-BAK8,Barium crown,Imported from CDGM-AGF-NZHAGEN-MIRROR.,oxide_glass,standard
CDGM-H-ZK1,CDGM,H-ZK1,H-ZK1,Optical glass,Imported from CDGM-AGF-NZHAGEN-MIRROR.,oxide_glass,standard
CDGM-H-ZK2,CDGM,H-ZK2,H-ZK2,Optical glass,Imported from CDGM-AGF-NZHAGEN-MIRROR.,oxide_glass,standard
CDGM-H-ZK3,CDGM,H-ZK3,H-ZK3,Optical glass,Imported from CDGM-AGF-NZHAGEN-MIRROR.,oxide_glass,standard
CDGM-H-ZK4,CDGM,H-ZK4,H-ZK4,Optical glass,Imported from CDGM-AGF-NZHAGEN-MIRROR.,oxide_glass,standard
CDGM-H-ZK5,CDGM,H-ZK5,H-ZK5,Optical glass,Imported from CDGM-AGF-NZHAGEN-MIRROR.,oxide_glass,standard
CDGM-H-ZK6,CDGM,H-ZK6,H-ZK6,Optical glass,Imported from CDGM-AGF-NZHAGEN-MIRROR.,oxide_glass,standard
CDGM-H-ZK7,CDGM,H-ZK7,H-ZK7,Optical glass,Imported from CDGM-AGF-NZHAGEN-MIRROR.,oxide_glass,standard
CDGM-H-ZK8,CDGM,H-ZK8,H-ZK8,Optical glass,Imported from CDGM-AGF-NZHAGEN-MIRROR.,oxide_glass,standard
CDGM-H-ZK9A,CDGM,H-ZK9A,H-ZK9A,Borosilicate crown,Imported from CDGM-AGF-NZHAGEN-MIRROR.,oxide_glass,standard
CDGM-H-ZK10,CDGM,H-ZK10,H-ZK10,Optical glass,Imported from CDGM-AGF-NZHAGEN-MIRROR.,oxide_glass,standard
CDGM-H-ZK10L,CDGM,H-ZK10L,H-ZK10L,Optical glass,Imported from CDGM-AGF-NZHAGEN-MIRROR.,oxide_glass,standard
CDGM-H-ZK11,CDGM,H-ZK11,H-ZK11,Optical glass,Imported from CDGM-AGF-NZHAGEN-MIRROR.,oxide_glass,standard
CDGM-H-ZK14,CDGM,H-ZK14,H-ZK14,Optical glass,Imported from CDGM-AGF-NZHAGEN-MIRROR.,oxide_glass,standard
CDGM-H-ZK20,CDGM,H-ZK20,H-ZK20,Optical glass,Imported from CDGM-AGF-NZHAGEN-MIRROR.,oxide_glass,standard
CDGM-H-ZK21,CDGM,H-ZK21,H-ZK21,Optical glass,Imported from CDGM-AGF-NZHAGEN-MIRROR.,oxide_glass,standard
CDGM-H-ZK50,CDGM,H-ZK50,H-ZK50,Optical glass,Imported from CDGM-AGF-NZHAGEN-MIRROR.,oxide_glass,standard
CDGM-H-LAK2,CDGM,H-LAK2,H-LAK2,Lanthanum crown,Imported from CDGM-AGF-NZHAGEN-MIRROR.,oxide_glass,standard
CDGM-H-LAK3,CDGM,H-LAK3,H-LAK3,Lanthanum crown,Imported from CDGM-AGF-NZHAGEN-MIRROR.,oxide_glass,standard
CDGM-H-LAK4L,CDGM,H-LAK4L,H-LAK4L,Lanthanum crown,Imported from CDGM-AGF-NZHAGEN-MIRROR.,oxide_glass,standard
CDGM-H-LAK5A,CDGM,H-LAK5A,H-LAK5A,Lanthanum crown,Imported from CDGM-AGF-NZHAGEN-MIRROR.,oxide_glass,standard
CDGM-H-LAK6A,CDGM,H-LAK6A,H-LAK6A,Lanthanum crown,Imported from CDGM-AGF-NZHAGEN-MIRROR.,oxide_glass,standard
CDGM-H-LAK7,CDGM,H-LAK7,H-LAK7,Lanthanum crown,Imported from CDGM-AGF-NZHAGEN-MIRROR.,oxide_glass,standard
CDGM-H-LAK8A,CDGM,H-LAK8A,H-LAK8A,Lanthanum crown,Imported from CDGM-AGF-NZHAGEN-MIRROR.,oxide_glass,standard
CDGM-H-LAK10,CDGM,H-LAK10,H-LAK10,Lanthanum crown,Imported from CDGM-AGF-NZHAGEN-MIRROR.,oxide_glass,standard
CDGM-H-LAK11,CDGM,H-LAK11,H-LAK11,Lanthanum crown,Imported from CDGM-AGF-NZHAGEN-MIRROR.,oxide_glass,standard
CDGM-H-LAK12,CDGM,H-LAK12,H-LAK12,Lanthanum crown,Imported from CDGM-AGF-NZHAGEN-MIRROR.,oxide_glass,standard
CDGM-H-LAK50A,CDGM,H-LAK50A,H-LAK50A,Lanthanum crown,Imported from CDGM-AGF-NZHAGEN-MIRROR.,oxide_glass,standard
CDGM-H-LAK51,CDGM,H-LAK51,H-LAK51,Lanthanum crown,Imported from CDGM-AGF-NZHAGEN-MIRROR.,oxide_glass,standard
CDGM-H-LAK52,CDGM,H-LAK52,H-LAK52,Lanthanum crown,Imported from CDGM-AGF-NZHAGEN-MIRROR.,oxide_glass,standard
CDGM-H-LAK53A,CDGM,H-LAK53A,H-LAK53A,Lanthanum crown,Imported from CDGM-AGF-NZHAGEN-MIRROR.,oxide_glass,standard
CDGM-H-LAK54,CDGM,H-LAK54,H-LAK54,Lanthanum crown,Imported from CDGM-AGF-NZHAGEN-MIRROR.,oxide_glass,standard
CDGM-H-LAK59,CDGM,H-LAK59,H-LAK59,Lanthanum crown,Imported from CDGM-AGF-NZHAGEN-MIRROR.,oxide_glass,standard
CDGM-H-LAK61,CDGM,H-LAK61,H-LAK61,Lanthanum crown,Imported from CDGM-AGF-NZHAGEN-MIRROR.,oxide_glass,standard
CDGM-H-LAK67,CDGM,H-LAK67,H-LAK67,Lanthanum crown,Imported from CDGM-AGF-NZHAGEN-MIRROR.,oxide_glass,standard
CDGM-H-KF6,CDGM,H-KF6,H-KF6,Optical glass,Imported from CDGM-AGF-NZHAGEN-MIRROR.,oxide_glass,standard
CDGM-H-FK61,CDGM,H-FK61,H-FK61,Fluor crown,Imported from CDGM-AGF-NZHAGEN-MIRROR.,oxide_glass,standard
CDGM-QF1,CDGM,QF1,QF1,Optical glass,Imported from CDGM-AGF-NZHAGEN-MIRROR.,oxide_glass,standard
CDGM-H-QF1,CDGM,H-QF1,H-QF1,Optical glass,Imported from CDGM-AGF-NZHAGEN-MIRROR.,oxide_glass,standard
CDGM-H-QF3,CDGM,H-QF3,H-QF3,Optical glass,Imported from CDGM-AGF-NZHAGEN-MIRROR.,oxide_glass,standard
CDGM-QF3,CDGM,QF3,QF3,Optical glass,Imported from CDGM-AGF-NZHAGEN-MIRROR.,oxide_glass,standard
CDGM-QF5,CDGM,QF5,QF5,Optical glass,Imported from CDGM-AGF-NZHAGEN-MIRROR.,oxide_glass,standard
CDGM-QF6,CDGM,QF6,QF6,Optical glass,Imported from CDGM-AGF-NZHAGEN-MIRROR.,oxide_glass,standard
CDGM-H-QF6,CDGM,H-QF6,H-QF6,Optical glass,Imported from CDGM-AGF-NZHAGEN-MIRROR.,oxide_glass,standard
CDGM-QF8,CDGM,QF8,QF8,Optical glass,Imported from CDGM-AGF-NZHAGEN-MIRROR.,oxide_glass,standard
CDGM-H-QF8,CDGM,H-QF8,H-QF8,Optical glass,Imported from CDGM-AGF-NZHAGEN-MIRROR.,oxide_glass,standard
CDGM-H-QF14,CDGM,H-QF14,H-QF14,Optical glass,Imported from CDGM-AGF-NZHAGEN-MIRROR.,oxide_glass,standard
CDGM-QF50,CDGM,QF50,QF50,Optical glass,Imported from CDGM-AGF-NZHAGEN-MIRROR.,oxide_glass,standard
CDGM-H-QF50,CDGM,H-QF50,H-QF50,Optical glass,Imported from CDGM-AGF-NZHAGEN-MIRROR.,oxide_glass,standard
CDGM-H-QF56,CDGM,H-QF56,H-QF56,Optical glass,Imported from CDGM-AGF-NZHAGEN-MIRROR.,oxide_glass,standard
CDGM-H-F1,CDGM,H-F1,H-F1,Optical glass,Imported from CDGM-AGF-NZHAGEN-MIRROR.,oxide_glass,standard
CDGM-F1,CDGM,F1,F1,Optical glass,Imported from CDGM-AGF-NZHAGEN-MIRROR.,oxide_glass,standard
CDGM-H-F2,CDGM,H-F2,H-F2,Optical glass,Imported from CDGM-AGF-NZHAGEN-MIRROR.,oxide_glass,standard
CDGM-F2,CDGM,F2,F2,Optical glass,Imported from CDGM-AGF-NZHAGEN-MIRROR.,oxide_glass,standard
CDGM-F3,CDGM,F3,F3,Optical glass,Imported from CDGM-AGF-NZHAGEN-MIRROR.,oxide_glass,standard
CDGM-F4,CDGM,F4,F4,Optical glass,Imported from CDGM-AGF-NZHAGEN-MIRROR.,oxide_glass,standard
CDGM-H-F4,CDGM,H-F4,H-F4,Optical glass,Imported from CDGM-AGF-NZHAGEN-MIRROR.,oxide_glass,standard
CDGM-F5,CDGM,F5,F5,Optical glass,Imported from CDGM-AGF-NZHAGEN-MIRROR.,oxide_glass,standard
CDGM-F6,CDGM,F6,F6,Optical glass,Imported from CDGM-AGF-NZHAGEN-MIRROR.,oxide_glass,standard
CDGM-F7,CDGM,F7,F7,Optical glass,Imported from CDGM-AGF-NZHAGEN-MIRROR.,oxide_glass,standard
CDGM-F13,CDGM,F13,F13,Optical glass,Imported from CDGM-AGF-NZHAGEN-MIRROR.,oxide_glass,standard
CDGM-H-F13,CDGM,H-F13,H-F13,Optical glass,Imported from CDGM-AGF-NZHAGEN-MIRROR.,oxide_glass,standard
CDGM-H-F51,CDGM,H-F51,H-F51,Optical glass,Imported from CDGM-AGF-NZHAGEN-MIRROR.,oxide_glass,standard
CDGM-BAF2,CDGM,BAF2,BAF2,Barium flint,Imported from CDGM-AGF-NZHAGEN-MIRROR.,oxide_glass,standard
CDGM-BAF3,CDGM,BAF3,BAF3,Barium flint,Imported from CDGM-AGF-NZHAGEN-MIRROR.,oxide_glass,standard
CDGM-BAF4,CDGM,BAF4,BAF4,Barium flint,Imported from CDGM-AGF-NZHAGEN-MIRROR.,oxide_glass,standard
CDGM-BAF5,CDGM,BAF5,BAF5,Barium flint,Imported from CDGM-AGF-NZHAGEN-MIRROR.,oxide_glass,standard
CDGM-BAF6,CDGM,BAF6,BAF6,Barium flint,Imported from CDGM-AGF-NZHAGEN-MIRROR.,oxide_glass,standard
CDGM-BAF7,CDGM,BAF7,BAF7,Barium flint,Imported from CDGM-AGF-NZHAGEN-MIRROR.,oxide_glass,standard
CDGM-BAF8,CDGM,BAF8,BAF8,Barium flint,Imported from CDGM-AGF-NZHAGEN-MIRROR.,oxide_glass,standard
CDGM-ZBAF1,CDGM,ZBAF1,ZBAF1,Barium flint,Imported from CDGM-AGF-NZHAGEN-MIRROR.,oxide_glass,standard
CDGM-H-ZBAF1,CDGM,H-ZBAF1,H-ZBAF1,Barium flint,Imported from CDGM-AGF-NZHAGEN-MIRROR.,oxide_glass,standard
CDGM-ZBAF2,CDGM,ZBAF2,ZBAF2,Barium flint,Imported from CDGM-AGF-NZHAGEN-MIRROR.,oxide_glass,standard
CDGM-H-ZBAF3,CDGM,H-ZBAF3,H-ZBAF3,Barium flint,Imported from CDGM-AGF-NZHAGEN-MIRROR.,oxide_glass,standard
CDGM-ZBAF4,CDGM,ZBAF4,ZBAF4,Barium flint,Imported from CDGM-AGF-NZHAGEN-MIRROR.,oxide_glass,standard
CDGM-H-ZBAF5,CDGM,H-ZBAF5,H-ZBAF5,Barium flint,Imported from CDGM-AGF-NZHAGEN-MIRROR.,oxide_glass,standard
CDGM-H-ZBAF16,CDGM,H-ZBAF16,H-ZBAF16,Barium flint,Imported from CDGM-AGF-NZHAGEN-MIRROR.,oxide_glass,standard
CDGM-H-ZBAF20,CDGM,H-ZBAF20,H-ZBAF20,Barium flint,Imported from CDGM-AGF-NZHAGEN-MIRROR.,oxide_glass,standard
CDGM-H-ZBAF21,CDGM,H-ZBAF21,H-ZBAF21,Barium flint,Imported from CDGM-AGF-NZHAGEN-MIRROR.,oxide_glass,standard
CDGM-H-ZBAF50,CDGM,H-ZBAF50,H-ZBAF50,Barium flint,Imported from CDGM-AGF-NZHAGEN-MIRROR.,oxide_glass,standard
CDGM-H-ZBAF52,CDGM,H-ZBAF52,H-ZBAF52,Barium flint,Imported from CDGM-AGF-NZHAGEN-MIRROR.,oxide_glass,standard
CDGM-ZF1,CDGM,ZF1,ZF1,Dense flint,Imported from CDGM-AGF-NZHAGEN-MIRROR.,oxide_glass,standard
CDGM-H-ZF1,CDGM,H-ZF1,H-ZF1,Dense flint,Imported from CDGM-AGF-NZHAGEN-MIRROR.,oxide_glass,standard
CDGM-ZF2,CDGM,ZF2,ZF2,Dense flint,Imported from CDGM-AGF-NZHAGEN-MIRROR.,oxide_glass,standard
CDGM-H-ZF2,CDGM,H-ZF2,H-ZF2,Dense flint,Imported from CDGM-AGF-NZHAGEN-MIRROR.,oxide_glass,standard
CDGM-ZF3,CDGM,ZF3,ZF3,Dense flint,Imported from CDGM-AGF-NZHAGEN-MIRROR.,oxide_glass,standard
CDGM-H-ZF3,CDGM,H-ZF3,H-ZF3,Dense flint,Imported from CDGM-AGF-NZHAGEN-MIRROR.,oxide_glass,standard
CDGM-ZF4,CDGM,ZF4,ZF4,Dense flint,Imported from CDGM-AGF-NZHAGEN-MIRROR.,oxide_glass,standard
CDGM-H-ZF4,CDGM,H-ZF4,H-ZF4,Dense flint,Imported from CDGM-AGF-NZHAGEN-MIRROR.,oxide_glass,standard
CDGM-ZF5,CDGM,ZF5,ZF5,Dense flint,Imported from CDGM-AGF-NZHAGEN-MIRROR.,oxide_glass,standard
CDGM-H-ZF5,CDGM,H-ZF5,H-ZF5,Dense flint,Imported from CDGM-AGF-NZHAGEN-MIRROR.,oxide_glass,standard
CDGM-ZF6,CDGM,ZF6,ZF6,Dense flint,Imported from CDGM-AGF-NZHAGEN-MIRROR.,oxide_glass,standard
CDGM-H-ZF6,CDGM,H-ZF6,H-ZF6,Dense flint,Imported from CDGM-AGF-NZHAGEN-MIRROR.,oxide_glass,standard
CDGM-ZF7L,CDGM,ZF7L,ZF7L,Dense flint,Imported from CDGM-AGF-NZHAGEN-MIRROR.,oxide_glass,standard
CDGM-H-ZF7LA,CDGM,H-ZF7LA,H-ZF7LA,Dense flint,Imported from CDGM-AGF-NZHAGEN-MIRROR.,oxide_glass,standard
CDGM-ZF8,CDGM,ZF8,ZF8,Dense flint,Imported from CDGM-AGF-NZHAGEN-MIRROR.,oxide_glass,standard
CDGM-ZF10,CDGM,ZF10,ZF10,Dense flint,Imported from CDGM-AGF-NZHAGEN-MIRROR.,oxide_glass,standard
CDGM-H-ZF10,CDGM,H-ZF10,H-ZF10,Dense flint,Imported from CDGM-AGF-NZHAGEN-MIRROR.,oxide_glass,standard
CDGM-ZF11,CDGM,ZF11,ZF11,Dense flint,Imported from CDGM-AGF-NZHAGEN-MIRROR.,oxide_glass,standard
CDGM-H-ZF11,CDGM,H-ZF11,H-ZF11,Dense flint,Imported from CDGM-AGF-NZHAGEN-MIRROR.,oxide_glass,standard
CDGM-ZF12,CDGM,ZF12,ZF12,Dense flint,Imported from CDGM-AGF-NZHAGEN-MIRROR.,oxide_glass,standard
CDGM-H-ZF12,CDGM,H-ZF12,H-ZF12,Dense flint,Imported from CDGM-AGF-NZHAGEN-MIRROR.,oxide_glass,standard
CDGM-ZF13,CDGM,ZF13,ZF13,Dense flint,Imported from CDGM-AGF-NZHAGEN-MIRROR.,oxide_glass,standard
CDGM-H-ZF13,CDGM,H-ZF13,H-ZF13,Dense flint,Imported from CDGM-AGF-NZHAGEN-MIRROR.,oxide_glass,standard
CDGM-ZF50,CDGM,ZF50,ZF50,Dense flint,Imported from CDGM-AGF-NZHAGEN-MIRROR.,oxide_glass,standard
CDGM-H-ZF50,CDGM,H-ZF50,H-ZF50,Dense flint,Imported from CDGM-AGF-NZHAGEN-MIRROR.,oxide_glass,standard
CDGM-ZF51,CDGM,ZF51,ZF51,Dense flint,Imported from CDGM-AGF-NZHAGEN-MIRROR.,oxide_glass,standard
CDGM-ZF52,CDGM,ZF52,ZF52,Dense flint,Imported from CDGM-AGF-NZHAGEN-MIRROR.,oxide_glass,standard
CDGM-H-ZF52A,CDGM,H-ZF52A,H-ZF52A,Dense flint,Imported from CDGM-AGF-NZHAGEN-MIRROR.,oxide_glass,standard
CDGM-H-LAF2,CDGM,H-LAF2,H-LAF2,Lanthanum flint,Imported from CDGM-AGF-NZHAGEN-MIRROR.,oxide_glass,standard
CDGM-H-LAF3A,CDGM,H-LAF3A,H-LAF3A,Lanthanum flint,Imported from CDGM-AGF-NZHAGEN-MIRROR.,oxide_glass,standard
CDGM-H-LAF4,CDGM,H-LAF4,H-LAF4,Lanthanum flint,Imported from CDGM-AGF-NZHAGEN-MIRROR.,oxide_glass,standard
CDGM-H-LAFL5,CDGM,H-LAFL5,H-LAFL5,Lanthanum flint,Imported from CDGM-AGF-NZHAGEN-MIRROR.,oxide_glass,standard
CDGM-H-LAF6LA,CDGM,H-LAF6LA,H-LAF6LA,Lanthanum flint,Imported from CDGM-AGF-NZHAGEN-MIRROR.,oxide_glass,standard
CDGM-H-LAF7,CDGM,H-LAF7,H-LAF7,Lanthanum flint,Imported from CDGM-AGF-NZHAGEN-MIRROR.,oxide_glass,standard
CDGM-H-LAF10L,CDGM,H-LAF10L,H-LAF10L,Lanthanum flint,Imported from CDGM-AGF-NZHAGEN-MIRROR.,oxide_glass,standard
CDGM-H-LAF50A,CDGM,H-LAF50A,H-LAF50A,Lanthanum flint,Imported from CDGM-AGF-NZHAGEN-MIRROR.,oxide_glass,standard
CDGM-H-LAF52,CDGM,H-LAF52,H-LAF52,Lanthanum flint,Imported from CDGM-AGF-NZHAGEN-MIRROR.,oxide_glass,standard
CDGM-H-LAF53,CDGM,H-LAF53,H-LAF53,Lanthanum flint,Imported from CDGM-AGF-NZHAGEN-MIRROR.,oxide_glass,standard
CDGM-H-LAF54,CDGM,H-LAF54,H-LAF54,Lanthanum flint,Imported from CDGM-AGF-NZHAGEN-MIRROR.,oxide_glass,standard
CDGM-H-LAF62,CDGM,H-LAF62,H-LAF62,Lanthanum flint,Imported from CDGM-AGF-NZHAGEN-MIRROR.,oxide_glass,standard
CDGM-H-ZLAF3,CDGM,H-ZLAF3,H-ZLAF3,Lanthanum flint,Imported from CDGM-AGF-NZHAGEN-MIRROR.,oxide_glass,standard
CDGM-H-ZLAF50B,CDGM,H-ZLAF50B,H-ZLAF50B,Lanthanum flint,Imported from CDGM-AGF-NZHAGEN-MIRROR.,oxide_glass,standard
CDGM-H-ZLAF51,CDGM,H-ZLAF51,H-ZLAF51,Lanthanum flint,Imported from CDGM-AGF-NZHAGEN-MIRROR.,oxide_glass,standard
CDGM-H-ZLAF52,CDGM,H-ZLAF52,H-ZLAF52,Lanthanum flint,Imported from CDGM-AGF-NZHAGEN-MIRROR.,oxide_glass,standard
CDGM-H-ZLAF53A,CDGM,H-ZLAF53A,H-ZLAF53A,Lanthanum flint,Imported from CDGM-AGF-NZHAGEN-MIRROR.,oxide_glass,standard
CDGM-H-ZLAF55A,CDGM,H-ZLAF55A,H-ZLAF55A,Lanthanum flint,Imported from CDGM-AGF-NZHAGEN-MIRROR.,oxide_glass,standard
CDGM-H-ZLAF56A,CDGM,H-ZLAF56A,H-ZLAF56A,Lanthanum flint,Imported from CDGM-AGF-NZHAGEN-MIRROR.,oxide_glass,standard
CDGM-H-ZLAF66,CDGM,H-ZLAF66,H-ZLAF66,Lanthanum flint,Imported from CDGM-AGF-NZHAGEN-MIRROR.,oxide_glass,standard
CDGM-H-ZLAF76,CDGM,H-ZLAF76,H-ZLAF76,Lanthanum flint,Imported from CDGM-AGF-NZHAGEN-MIRROR.,oxide_glass,standard
CDGM-H-ZLAF78,CDGM,H-ZLAF78,H-ZLAF78,Lanthanum flint,Imported from CDGM-AGF-NZHAGEN-MIRROR.,oxide_glass,standard
CDGM-D-K9L,CDGM,D-K9L,D-K9L,Borosilicate crown,Imported from CDGM-AGF-NZHAGEN-MIRROR.,oxide_glass,standard
CDGM-D-LAF79,CDGM,D-LAF79,D-LAF79,Lanthanum flint,Imported from CDGM-AGF-NZHAGEN-MIRROR.,oxide_glass,standard
CDGM-D-LAF82L,CDGM,D-LAF82L,D-LAF82L,Lanthanum flint,Imported from CDGM-AGF-NZHAGEN-MIRROR.,oxide_glass,standard
CDGM-D-ZK2,CDGM,D-ZK2,D-ZK2,Optical glass,Imported from CDGM-AGF-NZHAGEN-MIRROR.,oxide_glass,standard
CDGM-D-ZK3,CDGM,D-ZK3,D-ZK3,Optical glass,Imported from CDGM-AGF-NZHAGEN-MIRROR.,oxide_glass,standard
CDGM-D-ZK3L,CDGM,D-ZK3L,D-ZK3L,Optical glass,Imported from CDGM-AGF-NZHAGEN-MIRROR.,oxide_glass,standard
CDGM-D-ZF10,CDGM,D-ZF10,D-ZF10,Dense flint,Imported from CDGM-AGF-NZHAGEN-MIRROR.,oxide_glass,standard
CDGM-D-LAK70,CDGM,D-LAK70,D-LAK70,Lanthanum crown,Imported from CDGM-AGF-NZHAGEN-MIRROR.,oxide_glass,standard
CDGM-D-LAK6,CDGM,D-LAK6,D-LAK6,Lanthanum crown,Imported from CDGM-AGF-NZHAGEN-MIRROR.,oxide_glass,standard
CDGM-D-ZLAF52LA,CDGM,D-ZLAF52LA,D-ZLAF52LA,Lanthanum flint,Imported from CDGM-AGF-NZHAGEN-MIRROR.,oxide_glass,standard
CDGM-TF3,CDGM,TF3,TF3,Optical glass,Imported from CDGM-AGF-NZHAGEN-MIRROR.,oxide_glass,standard
CDGM-H-ZPK1,CDGM,H-ZPK1,H-ZPK1,Optical glass,Imported from CDGM-AGF-NZHAGEN-MIRROR.,oxide_glass,standard
CORNING-A63-65,CORNING,A63-65,A63-65,Optical glass,Imported from CORNING-AGF-NZHAGEN-MIRROR.,oxide_glass,standard
CORNING-A86-82,CORNING,A86-82,A86-82,Optical glass,Imported from CORNING-AGF-NZHAGEN-MIRROR.,oxide_glass,standard
CORNING-A87-70,CORNING,A87-70,A87-70,Optical glass,Imported from CORNING-AGF-NZHAGEN-MIRROR.,oxide_glass,standard
CORNING-A87-84,CORNING,A87-84,A87-84,Optical glass,Imported from CORNING-AGF-NZHAGEN-MIRROR.,oxide_glass,standard
CORNING-A88-66,CORNING,A88-66,A88-66,Optical glass,Imported from CORNING-AGF-NZHAGEN-MIRROR.,oxide_glass,standard
CORNING-B10-63,CORNING,B10-63,B10-63,Optical glass,Imported from CORNING-AGF-NZHAGEN-MIRROR.,oxide_glass,standard
CORNING-B11-60,CORNING,B11-60,B11-60,Optical glass,Imported from CORNING-AGF-NZHAGEN-MIRROR.,oxide_glass,standard
CORNING-B16-64,CORNING,B16-64,B16-64,Optical glass,Imported from CORNING-AGF-NZHAGEN-MIRROR.,oxide_glass,standard
CORNING-B18-60,CORNING,B18-60,B18-60,Optical glass,Imported from CORNING-AGF-NZHAGEN-MIRROR.,oxide_glass,standard
CORNING-B18-65,CORNING,B18-65,B18-65,Optical glass,Imported from CORNING-AGF-NZHAGEN-MIRROR.,oxide_glass,standard
CORNING-B19-61,CORNING,B19-61,B19-61,Optical glass,Imported from CORNING-AGF-NZHAGEN-MIRROR.,oxide_glass,standard
CORNING-B23-59,CORNING,B23-59,B23-59,Optical glass,Imported from CORNING-AGF-NZHAGEN-MIRROR.,oxide_glass,standard
CORNING-B29-52,CORNING,B29-52,B29-52,Optical glass,Imported from CORNING-AGF-NZHAGEN-MIRROR.,oxide_glass,standard
CORNING-B29-77,CORNING,B29-77,B29-77,Optical glass,Imported from CORNING-AGF-NZHAGEN-MIRROR.,oxide_glass,standard
CORNING-B39-59,CORNING,B39-59,B39-59,Optical glass,Imported from CORNING-AGF-NZHAGEN-MIRROR.,oxide_glass,standard
CORNING-B42-73,CORNING,B42-73,B42-73,Optical glass,Imported from CORNING-AGF-NZHAGEN-MIRROR.,oxide_glass,standard
CORNING-B48-46,CORNING,B48-46,B48-46,Optical glass,Imported from CORNING-AGF-NZHAGEN-MIRROR.,oxide_glass,standard
CORNING-B48-53,CORNING,B48-53,B48-53,Optical glass,Imported from CORNING-AGF-NZHAGEN-MIRROR.,oxide_glass,standard
CORNING-B52-67,CORNING,B52-67,B52-67,Optical glass,Imported from CORNING-AGF-NZHAGEN-MIRROR.,oxide_glass,standard
CORNING-B58-53,CORNING,B58-53,B58-53,Optical glass,Imported from CORNING-AGF-NZHAGEN-MIRROR.,oxide_glass,standard
CORNING-B58-72,CORNING,B58-72,B58-72,Optical glass,Imported from CORNING-AGF-NZHAGEN-MIRROR.,oxide_glass,standard
CORNING-B64-61,CORNING,B64-61,B64-61,Optical glass,Imported from CORNING-AGF-NZHAGEN-MIRROR.,oxide_glass,standard
CORNING-B69-56,CORNING,B69-56,B69-56,Optical glass,Imported from CORNING-AGF-NZHAGEN-MIRROR.,oxide_glass,standard
CORNING-B72-57,CORNING,B72-57,B72-57,Optical glass,Imported from CORNING-AGF-NZHAGEN-MIRROR.,oxide_glass,standard
CORNING-B81-41,CORNING,B81-41,B81-41,Optical glass,Imported from CORNING-AGF-NZHAGEN-MIRROR.,oxide_glass,standard
CORNING-B89-61,CORNING,B89-61,B89-61,Optical glass,Imported from CORNING-AGF-NZHAGEN-MIRROR.,oxide_glass,standard
CORNING-B96-67,CORNING,B96-67,B96-67,Optical glass,Imported from CORNING-AGF-NZHAGEN-MIRROR.,oxide_glass,standard
CORNING-C04-38,CORNING,C04-38,C04-38,Optical glass,Imported from CORNING-AGF-NZHAGEN-MIRROR.,oxide_glass,standard
CORNING-C04-64,CORNING,C04-64,C04-64,Optical glass,Imported from CORNING-AGF-NZHAGEN-MIRROR.,oxide_glass,standard
CORNING-C05-50,CORNING,C05-50,C05-50,Optical glass,Imported from CORNING-AGF-NZHAGEN-MIRROR.,oxide_glass,standard
CORNING-C06-44,CORNING,C06-44,C06-44,Optical glass,Imported from CORNING-AGF-NZHAGEN-MIRROR.,oxide_glass,standard
CORNING-C07-57,CORNING,C07-57,C07-57,Optical glass,Imported from CORNING-AGF-NZHAGEN-MIRROR.,oxide_glass,standard
CORNING-C09-59,CORNING,C09-59,C09-59,Optical glass,Imported from CORNING-AGF-NZHAGEN-MIRROR.,oxide_glass,standard
CORNING-C13-44,CORNING,C13-44,C13-44,Optical glass,Imported from CORNING-AGF-NZHAGEN-MIRROR.,oxide_glass,standard
CORNING-C13-56,CORNING,C13-56,C13-56,Optical glass,Imported from CORNING-AGF-NZHAGEN-MIRROR.,oxide_glass,standard
CORNING-C13-58,CORNING,C13-58,C13-58,Optical glass,Imported from CORNING-AGF-NZHAGEN-MIRROR.,oxide_glass,standard
CORNING-C16-44,CORNING,C16-44,C16-44,Optical glass,Imported from CORNING-AGF-NZHAGEN-MIRROR.,oxide_glass,standard
CORNING-C17-55,CORNING,C17-55,C17-55,Optical glass,Imported from CORNING-AGF-NZHAGEN-MIRROR.,oxide_glass,standard
CORNING-C20-36,CORNING,C20-36,C20-36,Optical glass,Imported from CORNING-AGF-NZHAGEN-MIRROR.,oxide_glass,standard
CORNING-C20-60,CORNING,C20-60,C20-60,Optical glass,Imported from CORNING-AGF-NZHAGEN-MIRROR.,oxide_glass,standard
CORNING-C23-53,CORNING,C23-53,C23-53,Optical glass,Imported from CORNING-AGF-NZHAGEN-MIRROR.,oxide_glass,standard
CORNING-C23-57,CORNING,C23-57,C23-57,Optical glass,Imported from CORNING-AGF-NZHAGEN-MIRROR.,oxide_glass,standard
CORNING-C23-58,CORNING,C23-58,C23-58,Optical glass,Imported from CORNING-AGF-NZHAGEN-MIRROR.,oxide_glass,standard
CORNING-C24-47,CORNING,C24-47,C24-47,Optical glass,Imported from CORNING-AGF-NZHAGEN-MIRROR.,oxide_glass,standard
CORNING-C26-36,CORNING,C26-36,C26-36,Optical glass,Imported from CORNING-AGF-NZHAGEN-MIRROR.,oxide_glass,standard
CORNING-C37-35,CORNING,C37-35,C37-35,Optical glass,Imported from CORNING-AGF-NZHAGEN-MIRROR.,oxide_glass,standard
CORNING-C38-42,CORNING,C38-42,C38-42,Optical glass,Imported from CORNING-AGF-NZHAGEN-MIRROR.,oxide_glass,standard
CORNING-C39-56,CORNING,C39-56,C39-56,Optical glass,Imported from CORNING-AGF-NZHAGEN-MIRROR.,oxide_glass,standard
CORNING-C41-60,CORNING,C41-60,C41-60,Optical glass,Imported from CORNING-AGF-NZHAGEN-MIRROR.,oxide_glass,standard
CORNING-C42-58,CORNING,C42-58,C42-58,Optical glass,Imported from CORNING-AGF-NZHAGEN-MIRROR.,oxide_glass,standard
CORNING-C48-34,CORNING,C48-34,C48-34,Optical glass,Imported from CORNING-AGF-NZHAGEN-MIRROR.,oxide_glass,standard
CORNING-C48-46,CORNING,C48-46,C48-46,Optical glass,Imported from CORNING-AGF-NZHAGEN-MIRROR.,oxide_glass,standard
CORNING-C51-39,CORNING,C51-39,C51-39,Optical glass,Imported from CORNING-AGF-NZHAGEN-MIRROR.,oxide_glass,standard
CORNING-C51-56,CORNING,C51-56,C51-56,Optical glass,Imported from CORNING-AGF-NZHAGEN-MIRROR.,oxide_glass,standard
CORNING-C52-58,CORNING,C52-58,C52-58,Optical glass,Imported from CORNING-AGF-NZHAGEN-MIRROR.,oxide_glass,standard
CORNING-C55-40,CORNING,C55-40,C55-40,Optical glass,Imported from CORNING-AGF-NZHAGEN-MIRROR.,oxide_glass,standard
CORNING-C57-57,CORNING,C57-57,C57-57,Optical glass,Imported from CORNING-AGF-NZHAGEN-MIRROR.,oxide_glass,standard
CORNING-C58-51,CORNING,C58-51,C58-51,Optical glass,Imported from CORNING-AGF-NZHAGEN-MIRROR.,oxide_glass,standard
CORNING-C67-33,CORNING,C67-33,C67-33,Optical glass,Imported from CORNING-AGF-NZHAGEN-MIRROR.,oxide_glass,standard
CORNING-C67-48,CORNING,C67-48,C67-48,Optical glass,Imported from CORNING-AGF-NZHAGEN-MIRROR.,oxide_glass,standard
CORNING-C70-47,CORNING,C70-47,C70-47,Optical glass,Imported from CORNING-AGF-NZHAGEN-MIRROR.,oxide_glass,standard
CORNING-C72-32,CORNING,C72-32,C72-32,Optical glass,Imported from CORNING-AGF-NZHAGEN-MIRROR.,oxide_glass,standard
CORNING-C78-56,CORNING,C78-56,C78-56,Optical glass,Imported from CORNING-AGF-NZHAGEN-MIRROR.,oxide_glass,standard
CORNING-C79-80,CORNING,C79-80,C79-80,Optical glass,Imported from CORNING-AGF-NZHAGEN-MIRROR.,oxide_glass,standard
CORNING-C89-31,CORNING,C89-31,C89-31,Optical glass,Imported from CORNING-AGF-NZHAGEN-MIRROR.,oxide_glass,standard
CORNING-C90-50,CORNING,C90-50,C90-50,Optical glass,Imported from CORNING-AGF-NZHAGEN-MIRROR.,oxide_glass,standard
CORNING-C90-55,CORNING,C90-55,C90-55,Optical glass,Imported from CORNING-AGF-NZHAGEN-MIRROR.,oxide_glass,standard
CORNING-C97-36,CORNING,C97-36,C97-36,Optical glass,Imported from CORNING-AGF-NZHAGEN-MIRROR.,oxide_glass,standard
CORNING-C97-55,CORNING,C97-55,C97-55,Optical glass,Imported from CORNING-AGF-NZHAGEN-MIRROR.,oxide_glass,standard
CORNING-C97-56,CORNING,C97-56,C97-56,Optical glass,Imported from CORNING-AGF-NZHAGEN-MIRROR.,oxide_glass,standard
CORNING-C99-30,CORNING,C99-30,C99-30,Optical glass,Imported from CORNING-AGF-NZHAGEN-MIRROR.,oxide_glass,standard
CORNING-C0550,CORNING,C0550,C0550,Optical glass,Imported from CORNING-AGF-NZHAGEN-MIRROR.,oxide_glass,standard
CORNING-D01-41,CORNING,D01-41,D01-41,Optical glass,Imported from CORNING-AGF-NZHAGEN-MIRROR.,oxide_glass,standard
CORNING-D13-54,CORNING,D13-54,D13-54,Optical glass,Imported from CORNING-AGF-NZHAGEN-MIRROR.,oxide_glass,standard
CORNING-D17-29,CORNING,D17-29,D17-29,Optical glass,Imported from CORNING-AGF-NZHAGEN-MIRROR.,oxide_glass,standard
CORNING-D17-48,CORNING,D17-48,D17-48,Optical glass,Imported from CORNING-AGF-NZHAGEN-MIRROR.,oxide_glass,standard
CORNING-D20-50,CORNING,D20-50,D20-50,Optical glass,Imported from CORNING-AGF-NZHAGEN-MIRROR.,oxide_glass,standard
CORNING-D23-38,CORNING,D23-38,D23-38,Optical glass,Imported from CORNING-AGF-NZHAGEN-MIRROR.,oxide_glass,standard
CORNING-D28-28,CORNING,D28-28,D28-28,Optical glass,Imported from CORNING-AGF-NZHAGEN-MIRROR.,oxide_glass,standard
CORNING-D34-26,CORNING,D34-26,D34-26,Optical glass,Imported from CORNING-AGF-NZHAGEN-MIRROR.,oxide_glass,standard
CORNING-D34-51,CORNING,D34-51,D34-51,Optical glass,Imported from CORNING-AGF-NZHAGEN-MIRROR.,oxide_glass,standard
CORNING-D40-28,CORNING,D40-28,D40-28,Optical glass,Imported from CORNING-AGF-NZHAGEN-MIRROR.,oxide_glass,standard
CORNING-D44-45,CORNING,D44-45,D44-45,Optical glass,Imported from CORNING-AGF-NZHAGEN-MIRROR.,oxide_glass,standard
CORNING-D56-27,CORNING,D56-27,D56-27,Optical glass,Imported from CORNING-AGF-NZHAGEN-MIRROR.,oxide_glass,standard
CORNING-D62-27,CORNING,D62-27,D62-27,Optical glass,Imported from CORNING-AGF-NZHAGEN-MIRROR.,oxide_glass,standard
CORNING-D85-25,CORNING,D85-25,D85-25,Optical glass,Imported from CORNING-AGF-NZHAGEN-MIRROR.,oxide_glass,standard
CORNING-D85-26,CORNING,D85-26,D85-26,Optical glass,Imported from CORNING-AGF-NZHAGEN-MIRROR.,oxide_glass,standard
CORNING-D88-47,CORNING,D88-47,D88-47,Optical glass,Imported from CORNING-AGF-NZHAGEN-MIRROR.,oxide_glass,standard
CORNING-D96-43,CORNING,D96-43,D96-43,Optical glass,Imported from CORNING-AGF-NZHAGEN-MIRROR.,oxide_glass,standard
CORNING-E00-46,CORNING,E00-46,E00-46,Optical glass,Imported from CORNING-AGF-NZHAGEN-MIRROR.,oxide_glass,standard
CORNING-E03-47,CORNING,E03-47,E03-47,Optical glass,Imported from CORNING-AGF-NZHAGEN-MIRROR.,oxide_glass,standard
CORNING-E05-25,CORNING,E05-25,E05-25,Optical glass,Imported from CORNING-AGF-NZHAGEN-MIRROR.,oxide_glass,standard
CORNING-E37-30,CORNING,E37-30,E37-30,Optical glass,Imported from CORNING-AGF-NZHAGEN-MIRROR.,oxide_glass,standard
CORNING-E65-40,CORNING,E65-40,E65-40,Optical glass,Imported from CORNING-AGF-NZHAGEN-MIRROR.,oxide_glass,standard
CORNING-E78-38,CORNING,E78-38,E78-38,Optical glass,Imported from CORNING-AGF-NZHAGEN-MIRROR.,oxide_glass,standard
HIKARI-Q-LASFH19S,HIKARI,Q-LASFH19S,Q-LASFH19S,Dense flint,Imported from HIKARI-AGF-NZHAGEN-MIRROR.,oxide_glass,standard
HIKARI-Q-LASFH18S,HIKARI,Q-LASFH18S,Q-LASFH18S,Dense flint,Imported from HIKARI-AGF-NZHAGEN-MIRROR.,oxide_glass,standard
HIKARI-Q-LASFH12S,HIKARI,Q-LASFH12S,Q-LASFH12S,Dense flint,Imported from HIKARI-AGF-NZHAGEN-MIRROR.,oxide_glass,standard
HIKARI-Q-LASFH11S,HIKARI,Q-LASFH11S,Q-LASFH11S,Dense flint,Imported from HIKARI-AGF-NZHAGEN-MIRROR.,oxide_glass,standard
HIKARI-Q-LASF03S,HIKARI,Q-LASF03S,Q-LASF03S,Dense flint,Imported from HIKARI-AGF-NZHAGEN-MIRROR.,oxide_glass,standard
HIKARI-Q-LAF010S,HIKARI,Q-LAF010S,Q-LAF010S,Lanthanum flint,Imported from HIKARI-AGF-NZHAGEN-MIRROR.,oxide_glass,standard
HIKARI-Q-LAK52S,HIKARI,Q-LAK52S,Q-LAK52S,Lanthanum crown,Imported from HIKARI-AGF-NZHAGEN-MIRROR.,oxide_glass,standard
HIKARI-Q-LAK13S,HIKARI,Q-LAK13S,Q-LAK13S,Lanthanum crown,Imported from HIKARI-AGF-NZHAGEN-MIRROR.,oxide_glass,standard
HIKARI-Q-SF6S,HIKARI,Q-SF6S,Q-SF6S,Dense flint,Imported from HIKARI-AGF-NZHAGEN-MIRROR.,oxide_glass,standard
HIKARI-Q-SK12S,HIKARI,Q-SK12S,Q-SK12S,Dense crown,Imported from HIKARI-AGF-NZHAGEN-MIRROR.,oxide_glass,standard
HIKARI-Q-SK5S,HIKARI,Q-SK5S,Q-SK5S,Dense crown,Imported from HIKARI-AGF-NZHAGEN-MIRROR.,oxide_glass,standard
HIKARI-Q-PSKH2S,HIKARI,Q-PSKH2S,Q-PSKH2S,Dense crown,Imported from HIKARI-AGF-NZHAGEN-MIRROR.,oxide_glass,standard
HIKARI-Q-PSKH1S,HIKARI,Q-PSKH1S,Q-PSKH1S,Dense crown,Imported from HIKARI-AGF-NZHAGEN-MIRROR.,oxide_glass,standard
HIKARI-Q-FKH2S,HIKARI,Q-FKH2S,Q-FKH2S,Fluor crown,Imported from HIKARI-AGF-NZHAGEN-MIRROR.,oxide_glass,standard
HIKARI-Q-FK01S,HIKARI,Q-FK01S,Q-FK01S,Fluor crown,Imported from HIKARI-AGF-NZHAGEN-MIRROR.,oxide_glass,standard
HIKARI-J-LASFH17,HIKARI,J-LASFH17,J-LASFH17,Dense flint,Imported from HIKARI-AGF-NZHAGEN-MIRROR.,oxide_glass,standard
HIKARI-J-LASFH15,HIKARI,J-LASFH15,J-LASFH15,Dense flint,Imported from HIKARI-AGF-NZHAGEN-MIRROR.,oxide_glass,standard
HIKARI-J-LASFH13,HIKARI,J-LASFH13,J-LASFH13,Dense flint,Imported from HIKARI-AGF-NZHAGEN-MIRROR.,oxide_glass,standard
HIKARI-J-LASFH9,HIKARI,J-LASFH9,J-LASFH9,Dense flint,Imported from HIKARI-AGF-NZHAGEN-MIRROR.,oxide_glass,standard
HIKARI-J-LASFH6,HIKARI,J-LASFH6,J-LASFH6,Dense flint,Imported from HIKARI-AGF-NZHAGEN-MIRROR.,oxide_glass,standard
HIKARI-J-LASFH2,HIKARI,J-LASFH2,J-LASFH2,Dense flint,Imported from HIKARI-AGF-NZHAGEN-MIRROR.,oxide_glass,standard
HIKARI-J-LASF021,HIKARI,J-LASF021,J-LASF021,Dense flint,Imported from HIKARI-AGF-NZHAGEN-MIRROR.,oxide_glass,standard
HIKARI-J-LASF017,HIKARI,J-LASF017,J-LASF017,Dense flint,Imported from HIKARI-AGF-NZHAGEN-MIRROR.,oxide_glass,standard
HIKARI-J-LASF016,HIKARI,J-LASF016,J-LASF016,Dense flint,Imported from HIKARI-AGF-NZHAGEN-MIRROR.,oxide_glass,standard
HIKARI-J-LASF015,HIKARI,J-LASF015,J-LASF015,Dense flint,Imported from HIKARI-AGF-NZHAGEN-MIRROR.,oxide_glass,standard
HIKARI-J-LASF014,HIKARI,J-LASF014,J-LASF014,Dense flint,Imported from HIKARI-AGF-NZHAGEN-MIRROR.,oxide_glass,standard
HIKARI-J-LASF013,HIKARI,J-LASF013,J-LASF013,Dense flint,Imported from HIKARI-AGF-NZHAGEN-MIRROR.,oxide_glass,standard
HIKARI-J-LASF010,HIKARI,J-LASF010,J-LASF010,Dense flint,Imported from HIKARI-AGF-NZHAGEN-MIRROR.,oxide_glass,standard
HIKARI-J-LASF09,HIKARI,J-LASF09,J-LASF09,Dense flint,Imported from HIKARI-AGF-NZHAGEN-MIRROR.,oxide_glass,standard
HIKARI-J-LASF08,HIKARI,J-LASF08,J-LASF08,Dense flint,Imported from HIKARI-AGF-NZHAGEN-MIRROR.,oxide_glass,standard
HIKARI-J-LASF05,HIKARI,J-LASF05,J-LASF05,Dense flint,Imported from HIKARI-AGF-NZHAGEN-MIRROR.,oxide_glass,standard
HIKARI-J-LASF03,HIKARI,J-LASF03,J-LASF03,Dense flint,Imported from HIKARI-AGF-NZHAGEN-MIRROR.,oxide_glass,standard
HIKARI-J-LASF02,HIKARI,J-LASF02,J-LASF02,Dense flint,Imported from HIKARI-AGF-NZHAGEN-MIRROR.,oxide_glass,standard
HIKARI-J-LASF01,HIKARI,J-LASF01,J-LASF01,Dense flint,Imported from HIKARI-AGF-NZHAGEN-MIRROR.,oxide_glass,standard
HIKARI-J-LAFH3,HIKARI,J-LAFH3,J-LAFH3,Lanthanum flint,Imported from HIKARI-AGF-NZHAGEN-MIRROR.,oxide_glass,standard
HIKARI-J-LAF016,HIKARI,J-LAF016,J-LAF016,Lanthanum flint,Imported from HIKARI-AGF-NZHAGEN-MIRROR.,oxide_glass,standard
HIKARI-J-LAF010,HIKARI,J-LAF010,J-LAF010,Lanthanum flint,Imported from HIKARI-AGF-NZHAGEN-MIRROR.,oxide_glass,standard
HIKARI-J-LAF09,HIKARI,J-LAF09,J-LAF09,Lanthanum flint,Imported from HIKARI-AGF-NZHAGEN-MIRROR.,oxide_glass,standard
HIKARI-J-LAF05,HIKARI,J-LAF05,J-LAF05,Lanthanum flint,Imported from HIKARI-AGF-NZHAGEN-MIRROR.,oxide_glass,standard
HIKARI-J-LAF04,HIKARI,J-LAF04,J-LAF04,Lanthanum flint,Imported from HIKARI-AGF-NZHAGEN-MIRROR.,oxide_glass,standard
HIKARI-J-LAF02,HIKARI,J-LAF02,J-LAF02,Lanthanum flint,Imported from HIKARI-AGF-NZHAGEN-MIRROR.,oxide_glass,standard
HIKARI-J-LAF01,HIKARI,J-LAF01,J-LAF01,Lanthanum flint,Imported from HIKARI-AGF-NZHAGEN-MIRROR.,oxide_glass,standard
HIKARI-J-LAF7,HIKARI,J-LAF7,J-LAF7,Lanthanum flint,Imported from HIKARI-AGF-NZHAGEN-MIRROR.,oxide_glass,standard
HIKARI-J-LAF3,HIKARI,J-LAF3,J-LAF3,Lanthanum flint,Imported from HIKARI-AGF-NZHAGEN-MIRROR.,oxide_glass,standard
HIKARI-J-LAF2,HIKARI,J-LAF2,J-LAF2,Lanthanum flint,Imported from HIKARI-AGF-NZHAGEN-MIRROR.,oxide_glass,standard
HIKARI-J-LASKH2,HIKARI,J-LASKH2,J-LASKH2,Dense crown,Imported from HIKARI-AGF-NZHAGEN-MIRROR.,oxide_glass,standard
HIKARI-J-LAK011,HIKARI,J-LAK011,J-LAK011,Lanthanum crown,Imported from HIKARI-AGF-NZHAGEN-MIRROR.,oxide_glass,standard
HIKARI-J-LAK09,HIKARI,J-LAK09,J-LAK09,Lanthanum crown,Imported from HIKARI-AGF-NZHAGEN-MIRROR.,oxide_glass,standard
HIKARI-J-LAK06,HIKARI,J-LAK06,J-LAK06,Lanthanum crown,Imported from HIKARI-AGF-NZHAGEN-MIRROR.,oxide_glass,standard
HIKARI-J-LAK04,HIKARI,J-LAK04,J-LAK04,Lanthanum crown,Imported from HIKARI-AGF-NZHAGEN-MIRROR.,oxide_glass,standard
HIKARI-J-LAK02,HIKARI,J-LAK02,J-LAK02,Lanthanum crown,Imported from HIKARI-AGF-NZHAGEN-MIRROR.,oxide_glass,standard
HIKARI-J-LAK01,HIKARI,J-LAK01,J-LAK01,Lanthanum crown,Imported from HIKARI-AGF-NZHAGEN-MIRROR.,oxide_glass,standard
HIKARI-J-LAK18,HIKARI,J-LAK18,J-LAK18,Lanthanum crown,Imported from HIKARI-AGF-NZHAGEN-MIRROR.,oxide_glass,standard
HIKARI-J-LAK14,HIKARI,J-LAK14,J-LAK14,Lanthanum crown,Imported from HIKARI-AGF-NZHAGEN-MIRROR.,oxide_glass,standard
HIKARI-J-LAK13,HIKARI,J-LAK13,J-LAK13,Lanthanum crown,Imported from HIKARI-AGF-NZHAGEN-MIRROR.,oxide_glass,standard
HIKARI-J-LAK12,HIKARI,J-LAK12,J-LAK12,Lanthanum crown,Imported from HIKARI-AGF-NZHAGEN-MIRROR.,oxide_glass,standard
HIKARI-J-LAK10,HIKARI,J-LAK10,J-LAK10,Lanthanum crown,Imported from HIKARI-AGF-NZHAGEN-MIRROR.,oxide_glass,standard
HIKARI-J-LAK9,HIKARI,J-LAK9,J-LAK9,Lanthanum crown,Imported from HIKARI-AGF-NZHAGEN-MIRROR.,oxide_glass,standard
HIKARI-J-LAK8,HIKARI,J-LAK8,J-LAK8,Lanthanum crown,Imported from HIKARI-AGF-NZHAGEN-MIRROR.,oxide_glass,standard
HIKARI-J-LAK7,HIKARI,J-LAK7,J-LAK7,Lanthanum crown,Imported from HIKARI-AGF-NZHAGEN-MIRROR.,oxide_glass,standard
HIKARI-J-SFH2,HIKARI,J-SFH2,J-SFH2,Dense flint,Imported from HIKARI-AGF-NZHAGEN-MIRROR.,oxide_glass,standard
HIKARI-J-SFH1,HIKARI,J-SFH1,J-SFH1,Dense flint,Imported from HIKARI-AGF-NZHAGEN-MIRROR.,oxide_glass,standard
HIKARI-J-SFS3,HIKARI,J-SFS3,J-SFS3,Dense flint,Imported from HIKARI-AGF-NZHAGEN-MIRROR.,oxide_glass,standard
HIKARI-J-SF03,HIKARI,J-SF03,J-SF03,Dense flint,Imported from HIKARI-AGF-NZHAGEN-MIRROR.,oxide_glass,standard
HIKARI-J-SF15,HIKARI,J-SF15,J-SF15,Dense flint,Imported from HIKARI-AGF-NZHAGEN-MIRROR.,oxide_glass,standard
HIKARI-J-SF14,HIKARI,J-SF14,J-SF14,Dense flint,Imported from HIKARI-AGF-NZHAGEN-MIRROR.,oxide_glass,standard
HIKARI-J-SF13,HIKARI,J-SF13,J-SF13,Dense flint,Imported from HIKARI-AGF-NZHAGEN-MIRROR.,oxide_glass,standard
HIKARI-J-SF11,HIKARI,J-SF11,J-SF11,Dense flint,Imported from HIKARI-AGF-NZHAGEN-MIRROR.,oxide_glass,standard
HIKARI-J-SF10,HIKARI,J-SF10,J-SF10,Dense flint,Imported from HIKARI-AGF-NZHAGEN-MIRROR.,oxide_glass,standard
HIKARI-J-SF8,HIKARI,J-SF8,J-SF8,Dense flint,Imported from HIKARI-AGF-NZHAGEN-MIRROR.,oxide_glass,standard
HIKARI-J-SF7,HIKARI,J-SF7,J-SF7,Dense flint,Imported from HIKARI-AGF-NZHAGEN-MIRROR.,oxide_glass,standard
HIKARI-J-SF6,HIKARI,J-SF6,J-SF6,Dense flint,Imported from HIKARI-AGF-NZHAGEN-MIRROR.,oxide_glass,standard
HIKARI-J-SF5,HIKARI,J-SF5,J-SF5,Dense flint,Imported from HIKARI-AGF-NZHAGEN-MIRROR.,oxide_glass,standard
HIKARI-J-SF4,HIKARI,J-SF4,J-SF4,Dense flint,Imported from HIKARI-AGF-NZHAGEN-MIRROR.,oxide_glass,standard
HIKARI-J-SF2,HIKARI,J-SF2,J-SF2,Dense flint,Imported from HIKARI-AGF-NZHAGEN-MIRROR.,oxide_glass,standard
HIKARI-J-SF1,HIKARI,J-SF1,J-SF1,Dense flint,Imported from HIKARI-AGF-NZHAGEN-MIRROR.,oxide_glass,standard
HIKARI-J-F16,HIKARI,J-F16,J-F16,Optical glass,Imported from HIKARI-AGF-NZHAGEN-MIRROR.,oxide_glass,standard
HIKARI-J-F8,HIKARI,J-F8,J-F8,Optical glass,Imported from HIKARI-AGF-NZHAGEN-MIRROR.,oxide_glass,standard
HIKARI-J-F5,HIKARI,J-F5,J-F5,Optical glass,Imported from HIKARI-AGF-NZHAGEN-MIRROR.,oxide_glass,standard
HIKARI-J-F3,HIKARI,J-F3,J-F3,Optical glass,Imported from HIKARI-AGF-NZHAGEN-MIRROR.,oxide_glass,standard
HIKARI-J-F2,HIKARI,J-F2,J-F2,Optical glass,Imported from HIKARI-AGF-NZHAGEN-MIRROR.,oxide_glass,standard
HIKARI-J-F1,HIKARI,J-F1,J-F1,Optical glass,Imported from HIKARI-AGF-NZHAGEN-MIRROR.,oxide_glass,standard
HIKARI-J-LF7,HIKARI,J-LF7,J-LF7,Optical glass,Imported from HIKARI-AGF-NZHAGEN-MIRROR.,oxide_glass,standard
HIKARI-J-LF6,HIKARI,J-LF6,J-LF6,Optical glass,Imported from HIKARI-AGF-NZHAGEN-MIRROR.,oxide_glass,standard
HIKARI-J-LF5,HIKARI,J-LF5,J-LF5,Optical glass,Imported from HIKARI-AGF-NZHAGEN-MIRROR.,oxide_glass,standard
HIKARI-J-LLF6,HIKARI,J-LLF6,J-LLF6,Optical glass,Imported from HIKARI-AGF-NZHAGEN-MIRROR.,oxide_glass,standard
HIKARI-J-LLF2,HIKARI,J-LLF2,J-LLF2,Optical glass,Imported from HIKARI-AGF-NZHAGEN-MIRROR.,oxide_glass,standard
HIKARI-J-LLF1,HIKARI,J-LLF1,J-LLF1,Optical glass,Imported from HIKARI-AGF-NZHAGEN-MIRROR.,oxide_glass,standard
HIKARI-J-SSK8,HIKARI,J-SSK8,J-SSK8,Dense crown,Imported from HIKARI-AGF-NZHAGEN-MIRROR.,oxide_glass,standard
HIKARI-J-SSK5,HIKARI,J-SSK5,J-SSK5,Dense crown,Imported from HIKARI-AGF-NZHAGEN-MIRROR.,oxide_glass,standard
HIKARI-J-SSK1,HIKARI,J-SSK1,J-SSK1,Dense crown,Imported from HIKARI-AGF-NZHAGEN-MIRROR.,oxide_glass,standard
HIKARI-J-SK18,HIKARI,J-SK18,J-SK18,Dense crown,Imported from HIKARI-AGF-NZHAGEN-MIRROR.,oxide_glass,standard
HIKARI-J-SK16,HIKARI,J-SK16,J-SK16,Dense crown,Imported from HIKARI-AGF-NZHAGEN-MIRROR.,oxide_glass,standard
HIKARI-J-SK15,HIKARI,J-SK15,J-SK15,Dense crown,Imported from HIKARI-AGF-NZHAGEN-MIRROR.,oxide_glass,standard
HIKARI-J-SK14,HIKARI,J-SK14,J-SK14,Dense crown,Imported from HIKARI-AGF-NZHAGEN-MIRROR.,oxide_glass,standard
HIKARI-J-SK12,HIKARI,J-SK12,J-SK12,Dense crown,Imported from HIKARI-AGF-NZHAGEN-MIRROR.,oxide_glass,standard
HIKARI-J-SK11,HIKARI,J-SK11,J-SK11,Dense crown,Imported from HIKARI-AGF-NZHAGEN-MIRROR.,oxide_glass,standard
HIKARI-J-SK10,HIKARI,J-SK10,J-SK10,Dense crown,Imported from HIKARI-AGF-NZHAGEN-MIRROR.,oxide_glass,standard
HIKARI-J-SK5,HIKARI,J-SK5,J-SK5,Dense crown,Imported from HIKARI-AGF-NZHAGEN-MIRROR.,oxide_glass,standard
HIKARI-J-SK4,HIKARI,J-SK4,J-SK4,Dense crown,Imported from HIKARI-AGF-NZHAGEN-MIRROR.,oxide_glass,standard
HIKARI-J-SK2,HIKARI,J-SK2,J-SK2,Dense crown,Imported from HIKARI-AGF-NZHAGEN-MIRROR.,oxide_glass,standard
HIKARI-J-BASF8,HIKARI,J-BASF8,J-BASF8,Dense flint,Imported from HIKARI-AGF-NZHAGEN-MIRROR.,oxide_glass,standard
HIKARI-J-BASF7,HIKARI,J-BASF7,J-BASF7,Dense flint,Imported from HIKARI-AGF-NZHAGEN-MIRROR.,oxide_glass,standard
HIKARI-J-BASF6,HIKARI,J-BASF6,J-BASF6,Dense flint,Imported from HIKARI-AGF-NZHAGEN-MIRROR.,oxide_glass,standard
HIKARI-J-BASF2,HIKARI,J-BASF2,J-BASF2,Dense flint,Imported from HIKARI-AGF-NZHAGEN-MIRROR.,oxide_glass,standard
HIKARI-J-BAF12,HIKARI,J-BAF12,J-BAF12,Barium flint,Imported from HIKARI-AGF-NZHAGEN-MIRROR.,oxide_glass,standard
HIKARI-J-BAF11,HIKARI,J-BAF11,J-BAF11,Barium flint,Imported from HIKARI-AGF-NZHAGEN-MIRROR.,oxide_glass,standard
HIKARI-J-BAF10,HIKARI,J-BAF10,J-BAF10,Barium flint,Imported from HIKARI-AGF-NZHAGEN-MIRROR.,oxide_glass,standard
HIKARI-J-BAF8,HIKARI,J-BAF8,J-BAF8,Barium flint,Imported from HIKARI-AGF-NZHAGEN-MIRROR.,oxide_glass,standard
HIKARI-J-BAF4,HIKARI,J-BAF4,J-BAF4,Barium flint,Imported from HIKARI-AGF-NZHAGEN-MIRROR.,oxide_glass,standard
HIKARI-J-BAF3,HIKARI,J-BAF3,J-BAF3,Barium flint,Imported from HIKARI-AGF-NZHAGEN-MIRROR.,oxide_glass,standard
HIKARI-J-BALF4,HIKARI,J-BALF4,J-BALF4,Barium crown,Imported from HIKARI-AGF-NZHAGEN-MIRROR.,oxide_glass,standard
HIKARI-J-KF6,HIKARI,J-KF6,J-KF6,Optical glass,Imported from HIKARI-AGF-NZHAGEN-MIRROR.,oxide_glass,standard
HIKARI-J-KZFH1,HIKARI,J-KZFH1,J-KZFH1,Dense flint,Imported from HIKARI-AGF-NZHAGEN-MIRROR.,oxide_glass,standard
HIKARI-J-K5,HIKARI,J-K5,J-K5,Optical glass,Imported from HIKARI-AGF-NZHAGEN-MIRROR.,oxide_glass,standard
HIKARI-J-K3,HIKARI,J-K3,J-K3,Optical glass,Imported from HIKARI-AGF-NZHAGEN-MIRROR.,oxide_glass,standard
HIKARI-J-BAK4,HIKARI,J-BAK4,J-BAK4,Barium crown,Imported from HIKARI-AGF-NZHAGEN-MIRROR.,oxide_glass,standard
HIKARI-J-BAK2,HIKARI,J-BAK2,J-BAK2,Barium crown,Imported from HIKARI-AGF-NZHAGEN-MIRROR.,oxide_glass,standard
HIKARI-J-BAK1,HIKARI,J-BAK1,J-BAK1,Barium crown,Imported from HIKARI-AGF-NZHAGEN-MIRROR.,oxide_glass,standard
HIKARI-J-BK7,HIKARI,J-BK7,J-BK7,Borosilicate crown,Imported from HIKARI-AGF-NZHAGEN-MIRROR.,oxide_glass,standard
HIKARI-J-PSKH1,HIKARI,J-PSKH1,J-PSKH1,Dense crown,Imported from HIKARI-AGF-NZHAGEN-MIRROR.,oxide_glass,standard
HIKARI-J-PSK03,HIKARI,J-PSK03,J-PSK03,Dense crown,Imported from HIKARI-AGF-NZHAGEN-MIRROR.,oxide_glass,standard
HIKARI-J-PSK02,HIKARI,J-PSK02,J-PSK02,Dense crown,Imported from HIKARI-AGF-NZHAGEN-MIRROR.,oxide_glass,standard
HIKARI-J-PKH1,HIKARI,J-PKH1,J-PKH1,Optical glass,Imported from HIKARI-AGF-NZHAGEN-MIRROR.,oxide_glass,standard
HIKARI-J-FKH2,HIKARI,J-FKH2,J-FKH2,Fluor crown,Imported from HIKARI-AGF-NZHAGEN-MIRROR.,oxide_glass,standard
HIKARI-J-FKH1,HIKARI,J-FKH1,J-FKH1,Fluor crown,Imported from HIKARI-AGF-NZHAGEN-MIRROR.,oxide_glass,standard
HIKARI-J-FK01,HIKARI,J-FK01,J-FK01,Fluor crown,Imported from HIKARI-AGF-NZHAGEN-MIRROR.,oxide_glass,standard
HIKARI-J-FK5,HIKARI,J-FK5,J-FK5,Fluor crown,Imported from HIKARI-AGF-NZHAGEN-MIRROR.,oxide_glass,standard
HIKARI-BAF3,HIKARI,BAF3,BAF3,Barium flint,Imported from HIKARI-AGF-NZHAGEN-MIRROR.,oxide_glass,standard
HIKARI-BAF4,HIKARI,BAF4,BAF4,Barium flint,Imported from HIKARI-AGF-NZHAGEN-MIRROR.,oxide_glass,standard
HIKARI-BAF8,HIKARI,BAF8,BAF8,Barium flint,Imported from HIKARI-AGF-NZHAGEN-MIRROR.,oxide_glass,standard
HIKARI-BAF10,HIKARI,BAF10,BAF10,Barium flint,Imported from HIKARI-AGF-NZHAGEN-MIRROR.,oxide_glass,standard
HIKARI-BAF11,HIKARI,BAF11,BAF11,Barium flint,Imported from HIKARI-AGF-NZHAGEN-MIRROR.,oxide_glass,standard
HIKARI-BAK2,HIKARI,BAK2,BAK2,Barium crown,Imported from HIKARI-AGF-NZHAGEN-MIRROR.,oxide_glass,standard
HIKARI-BAK4,HIKARI,BAK4,BAK4,Barium crown,Imported from HIKARI-AGF-NZHAGEN-MIRROR.,oxide_glass,standard
HIKARI-BASF2,HIKARI,BASF2,BASF2,Dense flint,Imported from HIKARI-AGF-NZHAGEN-MIRROR.,oxide_glass,standard
HIKARI-BASF4,HIKARI,BASF4,BASF4,Dense flint,Imported from HIKARI-AGF-NZHAGEN-MIRROR.,oxide_glass,standard
HIKARI-BASF6,HIKARI,BASF6,BASF6,Dense flint,Imported from HIKARI-AGF-NZHAGEN-MIRROR.,oxide_glass,standard
HIKARI-BASF7,HIKARI,BASF7,BASF7,Dense flint,Imported from HIKARI-AGF-NZHAGEN-MIRROR.,oxide_glass,standard
HIKARI-BASF8,HIKARI,BASF8,BASF8,Dense flint,Imported from HIKARI-AGF-NZHAGEN-MIRROR.,oxide_glass,standard
HIKARI-BASF12,HIKARI,BASF12,BASF12,Dense flint,Imported from HIKARI-AGF-NZHAGEN-MIRROR.,oxide_glass,standard
HIKARI-E-BAF3,HIKARI,E-BAF3,E-BAF3,Barium flint,Imported from HIKARI-AGF-NZHAGEN-MIRROR.,oxide_glass,standard
HIKARI-E-BAF4,HIKARI,E-BAF4,E-BAF4,Barium flint,Imported from HIKARI-AGF-NZHAGEN-MIRROR.,oxide_glass,standard
HIKARI-E-BAF8,HIKARI,E-BAF8,E-BAF8,Barium flint,Imported from HIKARI-AGF-NZHAGEN-MIRROR.,oxide_glass,standard
HIKARI-E-BAF10,HIKARI,E-BAF10,E-BAF10,Barium flint,Imported from HIKARI-AGF-NZHAGEN-MIRROR.,oxide_glass,standard
HIKARI-E-BAF11,HIKARI,E-BAF11,E-BAF11,Barium flint,Imported from HIKARI-AGF-NZHAGEN-MIRROR.,oxide_glass,standard
HIKARI-E-BAF12,HIKARI,E-BAF12,E-BAF12,Barium flint,Imported from HIKARI-AGF-NZHAGEN-MIRROR.,oxide_glass,standard
HIKARI-E-BAK1,HIKARI,E-BAK1,E-BAK1,Barium crown,Imported from HIKARI-AGF-NZHAGEN-MIRROR.,oxide_glass,standard
HIKARI-E-BAK2,HIKARI,E-BAK2,E-BAK2,Barium crown,Imported from HIKARI-AGF-NZHAGEN-MIRROR.,oxide_glass,standard
HIKARI-E-BAK4,HIKARI,E-BAK4,E-BAK4,Barium crown,Imported from HIKARI-AGF-NZHAGEN-MIRROR.,oxide_glass,standard
HIKARI-E-BALF4,HIKARI,E-BALF4,E-BALF4,Barium crown,Imported from HIKARI-AGF-NZHAGEN-MIRROR.,oxide_glass,standard
HIKARI-E-BASF2,HIKARI,E-BASF2,E-BASF2,Dense flint,Imported from HIKARI-AGF-NZHAGEN-MIRROR.,oxide_glass,standard
HIKARI-E-BASF6,HIKARI,E-BASF6,E-BASF6,Dense flint,Imported from HIKARI-AGF-NZHAGEN-MIRROR.,oxide_glass,standard
HIKARI-E-BASF7,HIKARI,E-BASF7,E-BASF7,Dense flint,Imported from HIKARI-AGF-NZHAGEN-MIRROR.,oxide_glass,standard
HIKARI-E-BASF8,HIKARI,E-BASF8,E-BASF8,Dense flint,Imported from HIKARI-AGF-NZHAGEN-MIRROR.,oxide_glass,standard
HIKARI-E-BK7,HIKARI,E-BK7,E-BK7,Borosilicate crown,Imported from HIKARI-AGF-NZHAGEN-MIRROR.,oxide_glass,standard
HIKARI-E-F1,HIKARI,E-F1,E-F1,Optical glass,Imported from HIKARI-AGF-NZHAGEN-MIRROR.,oxide_glass,standard
HIKARI-E-F2,HIKARI,E-F2,E-F2,Optical glass,Imported from HIKARI-AGF-NZHAGEN-MIRROR.,oxide_glass,standard
HIKARI-E-F2-MOLD0,HIKARI,E-F2,E-F2,Optical glass,Imported from HIKARI-AGF-NZHAGEN-MIRROR.,oxide_glass,standard
HIKARI-E-F3,HIKARI,E-F3,E-F3,Optical glass,Imported from HIKARI-AGF-NZHAGEN-MIRROR.,oxide_glass,standard
HIKARI-E-F5,HIKARI,E-F5,E-F5,Optical glass,Imported from HIKARI-AGF-NZHAGEN-MIRROR.,oxide_glass,standard
HIKARI-E-F8,HIKARI,E-F8,E-F8,Optical glass,Imported from HIKARI-AGF-NZHAGEN-MIRROR.,oxide_glass,standard
HIKARI-E-F16,HIKARI,E-F16,E-F16,Optical glass,Imported from HIKARI-AGF-NZHAGEN-MIRROR.,oxide_glass,standard
HIKARI-E-FK01,HIKARI,E-FK01,E-FK01,Fluor crown,Imported from HIKARI-AGF-NZHAGEN-MIRROR.,oxide_glass,standard
HIKARI-E-FK5,HIKARI,E-FK5,E-FK5,Fluor crown,Imported from HIKARI-AGF-NZHAGEN-MIRROR.,oxide_glass,standard
HIKARI-E-FKH1,HIKARI,E-FKH1,E-FKH1,Fluor crown,Imported from HIKARI-AGF-NZHAGEN-MIRROR.,oxide_glass,standard
HIKARI-E-FKH2,HIKARI,E-FKH2,E-FKH2,Fluor crown,Imported from HIKARI-AGF-NZHAGEN-MIRROR.,oxide_glass,standard
HIKARI-E-K3,HIKARI,E-K3,E-K3,Optical glass,Imported from HIKARI-AGF-NZHAGEN-MIRROR.,oxide_glass,standard
HIKARI-E-K5,HIKARI,E-K5,E-K5,Optical glass,Imported from HIKARI-AGF-NZHAGEN-MIRROR.,oxide_glass,standard
HIKARI-E-KF6,HIKARI,E-KF6,E-KF6,Optical glass,Imported from HIKARI-AGF-NZHAGEN-MIRROR.,oxide_glass,standard
HIKARI-E-KZFH1,HIKARI,E-KZFH1,E-KZFH1,Dense flint,Imported from HIKARI-AGF-NZHAGEN-MIRROR.,oxide_glass,standard
HIKARI-E-LAF01,HIKARI,E-LAF01,E-LAF01,Lanthanum flint,Imported from HIKARI-AGF-NZHAGEN-MIRROR.,oxide_glass,standard
HIKARI-E-LAF02,HIKARI,E-LAF02,E-LAF02,Lanthanum flint,Imported from HIKARI-AGF-NZHAGEN-MIRROR.,oxide_glass,standard
HIKARI-E-LAF2,HIKARI,E-LAF2,E-LAF2,Lanthanum flint,Imported from HIKARI-AGF-NZHAGEN-MIRROR.,oxide_glass,standard
HIKARI-E-LAF3,HIKARI,E-LAF3,E-LAF3,Lanthanum flint,Imported from HIKARI-AGF-NZHAGEN-MIRROR.,oxide_glass,standard
HIKARI-E-LAF04,HIKARI,E-LAF04,E-LAF04,Lanthanum flint,Imported from HIKARI-AGF-NZHAGEN-MIRROR.,oxide_glass,standard
HIKARI-E-LAF05,HIKARI,E-LAF05,E-LAF05,Lanthanum flint,Imported from HIKARI-AGF-NZHAGEN-MIRROR.,oxide_glass,standard
HIKARI-E-LAF7,HIKARI,E-LAF7,E-LAF7,Lanthanum flint,Imported from HIKARI-AGF-NZHAGEN-MIRROR.,oxide_glass,standard
HIKARI-E-LAF09,HIKARI,E-LAF09,E-LAF09,Lanthanum flint,Imported from HIKARI-AGF-NZHAGEN-MIRROR.,oxide_glass,standard
HIKARI-E-LAF9,HIKARI,E-LAF9,E-LAF9,Lanthanum flint,Imported from HIKARI-AGF-NZHAGEN-MIRROR.,oxide_glass,standard
HIKARI-E-LAF010,HIKARI,E-LAF010,E-LAF010,Lanthanum flint,Imported from HIKARI-AGF-NZHAGEN-MIRROR.,oxide_glass,standard
HIKARI-E-LAF11,HIKARI,E-LAF11,E-LAF11,Lanthanum flint,Imported from HIKARI-AGF-NZHAGEN-MIRROR.,oxide_glass,standard
HIKARI-E-LAF016,HIKARI,E-LAF016,E-LAF016,Lanthanum flint,Imported from HIKARI-AGF-NZHAGEN-MIRROR.,oxide_glass,standard
HIKARI-E-LAFH2,HIKARI,E-LAFH2,E-LAFH2,Lanthanum flint,Imported from HIKARI-AGF-NZHAGEN-MIRROR.,oxide_glass,standard
HIKARI-E-LAFH3,HIKARI,E-LAFH3,E-LAFH3,Lanthanum flint,Imported from HIKARI-AGF-NZHAGEN-MIRROR.,oxide_glass,standard
HIKARI-E-LAK01,HIKARI,E-LAK01,E-LAK01,Lanthanum crown,Imported from HIKARI-AGF-NZHAGEN-MIRROR.,oxide_glass,standard
HIKARI-E-LAK02,HIKARI,E-LAK02,E-LAK02,Lanthanum crown,Imported from HIKARI-AGF-NZHAGEN-MIRROR.,oxide_glass,standard
HIKARI-E-LAK04,HIKARI,E-LAK04,E-LAK04,Lanthanum crown,Imported from HIKARI-AGF-NZHAGEN-MIRROR.,oxide_glass,standard
HIKARI-E-LAK06,HIKARI,E-LAK06,E-LAK06,Lanthanum crown,Imported from HIKARI-AGF-NZHAGEN-MIRROR.,oxide_glass,standard
HIKARI-E-LAK7,HIKARI,E-LAK7,E-LAK7,Lanthanum crown,Imported from HIKARI-AGF-NZHAGEN-MIRROR.,oxide_glass,standard
HIKARI-E-LAK8,HIKARI,E-LAK8,E-LAK8,Lanthanum crown,Imported from HIKARI-AGF-NZHAGEN-MIRROR.,oxide_glass,standard
HIKARI-E-LAK09,HIKARI,E-LAK09,E-LAK09,Lanthanum crown,Imported from HIKARI-AGF-NZHAGEN-MIRROR.,oxide_glass,standard
HIKARI-E-LAK9,HIKARI,E-LAK9,E-LAK9,Lanthanum crown,Imported from HIKARI-AGF-NZHAGEN-MIRROR.,oxide_glass,standard
HIKARI-E-LAK10,HIKARI,E-LAK10,E-LAK10,Lanthanum crown,Imported from HIKARI-AGF-NZHAGEN-MIRROR.,oxide_glass,standard
HIKARI-E-LAK011,HIKARI,E-LAK011,E-LAK011,Lanthanum crown,Imported from HIKARI-AGF-NZHAGEN-MIRROR.,oxide_glass,standard
HIKARI-E-LAK12,HIKARI,E-LAK12,E-LAK12,Lanthanum crown,Imported from HIKARI-AGF-NZHAGEN-MIRROR.,oxide_glass,standard
HIKARI-E-LAK13,HIKARI,E-LAK13,E-LAK13,Lanthanum crown,Imported from HIKARI-AGF-NZHAGEN-MIRROR.,oxide_glass,standard
HIKARI-E-LAK14,HIKARI,E-LAK14,E-LAK14,Lanthanum crown,Imported from HIKARI-AGF-NZHAGEN-MIRROR.,oxide_glass,standard
HIKARI-E-LAK18,HIKARI,E-LAK18,E-LAK18,Lanthanum crown,Imported from HIKARI-AGF-NZHAGEN-MIRROR.,oxide_glass,standard
HIKARI-E-LAKH1,HIKARI,E-LAKH1,E-LAKH1,Lanthanum crown,Imported from HIKARI-AGF-NZHAGEN-MIRROR.,oxide_glass,standard
HIKARI-E-LASF01,HIKARI,E-LASF01,E-LASF01,Dense flint,Imported from HIKARI-AGF-NZHAGEN-MIRROR.,oxide_glass,standard
HIKARI-E-LASF02,HIKARI,E-LASF02,E-LASF02,Dense flint,Imported from HIKARI-AGF-NZHAGEN-MIRROR.,oxide_glass,standard
HIKARI-E-LASF03,HIKARI,E-LASF03,E-LASF03,Dense flint,Imported from HIKARI-AGF-NZHAGEN-MIRROR.,oxide_glass,standard
HIKARI-E-LASF04,HIKARI,E-LASF04,E-LASF04,Dense flint,Imported from HIKARI-AGF-NZHAGEN-MIRROR.,oxide_glass,standard
HIKARI-E-LASF05,HIKARI,E-LASF05,E-LASF05,Dense flint,Imported from HIKARI-AGF-NZHAGEN-MIRROR.,oxide_glass,standard
HIKARI-E-LASF08,HIKARI,E-LASF08,E-LASF08,Dense flint,Imported from HIKARI-AGF-NZHAGEN-MIRROR.,oxide_glass,standard
HIKARI-E-LASF09,HIKARI,E-LASF09,E-LASF09,Dense flint,Imported from HIKARI-AGF-NZHAGEN-MIRROR.,oxide_glass,standard
HIKARI-E-LASF010,HIKARI,E-LASF010,E-LASF010,Dense flint,Imported from HIKARI-AGF-NZHAGEN-MIRROR.,oxide_glass,standard
HIKARI-E-LASF013,HIKARI,E-LASF013,E-LASF013,Dense flint,Imported from HIKARI-AGF-NZHAGEN-MIRROR.,oxide_glass,standard
HIKARI-E-LASF014,HIKARI,E-LASF014,E-LASF014,Dense flint,Imported from HIKARI-AGF-NZHAGEN-MIRROR.,oxide_glass,standard
HIKARI-E-LASF015,HIKARI,E-LASF015,E-LASF015,Dense flint,Imported from HIKARI-AGF-NZHAGEN-MIRROR.,oxide_glass,standard
HIKARI-E-LASF016,HIKARI,E-LASF016,E-LASF016,Dense flint,Imported from HIKARI-AGF-NZHAGEN-MIRROR.,oxide_glass,standard
HIKARI-E-LASF017,HIKARI,E-LASF017,E-LASF017,Dense flint,Imported from HIKARI-AGF-NZHAGEN-MIRROR.,oxide_glass,standard
HIKARI-E-LASF021,HIKARI,E-LASF021,E-LASF021,Dense flint,Imported from HIKARI-AGF-NZHAGEN-MIRROR.,oxide_glass,standard
HIKARI-E-LASFH2,HIKARI,E-LASFH2,E-LASFH2,Dense flint,Imported from HIKARI-AGF-NZHAGEN-MIRROR.,oxide_glass,standard
HIKARI-E-LASFH6,HIKARI,E-LASFH6,E-LASFH6,Dense flint,Imported from HIKARI-AGF-NZHAGEN-MIRROR.,oxide_glass,standard
HIKARI-E-LASFH9,HIKARI,E-LASFH9,E-LASFH9,Dense flint,Imported from HIKARI-AGF-NZHAGEN-MIRROR.,oxide_glass,standard
HIKARI-E-LASFH13,HIKARI,E-LASFH13,E-LASFH13,Dense flint,Imported from HIKARI-AGF-NZHAGEN-MIRROR.,oxide_glass,standard
HIKARI-E-LASFH15,HIKARI,E-LASFH15,E-LASFH15,Dense flint,Imported from HIKARI-AGF-NZHAGEN-MIRROR.,oxide_glass,standard
HIKARI-E-LASFH17,HIKARI,E-LASFH17,E-LASFH17,Dense flint,Imported from HIKARI-AGF-NZHAGEN-MIRROR.,oxide_glass,standard
HIKARI-E-LASKH2,HIKARI,E-LASKH2,E-LASKH2,Dense crown,Imported from HIKARI-AGF-NZHAGEN-MIRROR.,oxide_glass,standard
HIKARI-E-LF5,HIKARI,E-LF5,E-LF5,Optical glass,Imported from HIKARI-AGF-NZHAGEN-MIRROR.,oxide_glass,standard
HIKARI-E-LF6,HIKARI,E-LF6,E-LF6,Optical glass,Imported from HIKARI-AGF-NZHAGEN-MIRROR.,oxide_glass,standard
HIKARI-E-LF7,HIKARI,E-LF7,E-LF7,Optical glass,Imported from HIKARI-AGF-NZHAGEN-MIRROR.,oxide_glass,standard
HIKARI-E-LLF1,HIKARI,E-LLF1,E-LLF1,Optical glass,Imported from HIKARI-AGF-NZHAGEN-MIRROR.,oxide_glass,standard
HIKARI-E-LLF2,HIKARI,E-LLF2,E-LLF2,Optical glass,Imported from HIKARI-AGF-NZHAGEN-MIRROR.,oxide_glass,standard
HIKARI-E-LLF6,HIKARI,E-LLF6,E-LLF6,Optical glass,Imported from HIKARI-AGF-NZHAGEN-MIRROR.,oxide_glass,standard
HIKARI-E-PKH1,HIKARI,E-PKH1,E-PKH1,Optical glass,Imported from HIKARI-AGF-NZHAGEN-MIRROR.,oxide_glass,standard
HIKARI-E-PSK02,HIKARI,E-PSK02,E-PSK02,Dense crown,Imported from HIKARI-AGF-NZHAGEN-MIRROR.,oxide_glass,standard
HIKARI-E-PSK03,HIKARI,E-PSK03,E-PSK03,Dense crown,Imported from HIKARI-AGF-NZHAGEN-MIRROR.,oxide_glass,standard
HIKARI-E-PSKH1,HIKARI,E-PSKH1,E-PSKH1,Dense crown,Imported from HIKARI-AGF-NZHAGEN-MIRROR.,oxide_glass,standard
HIKARI-E-SF1,HIKARI,E-SF1,E-SF1,Dense flint,Imported from HIKARI-AGF-NZHAGEN-MIRROR.,oxide_glass,standard
HIKARI-E-SF2,HIKARI,E-SF2,E-SF2,Dense flint,Imported from HIKARI-AGF-NZHAGEN-MIRROR.,oxide_glass,standard
HIKARI-E-SF03,HIKARI,E-SF03,E-SF03,Dense flint,Imported from HIKARI-AGF-NZHAGEN-MIRROR.,oxide_glass,standard
HIKARI-E-SF4,HIKARI,E-SF4,E-SF4,Dense flint,Imported from HIKARI-AGF-NZHAGEN-MIRROR.,oxide_glass,standard
HIKARI-E-SF5,HIKARI,E-SF5,E-SF5,Dense flint,Imported from HIKARI-AGF-NZHAGEN-MIRROR.,oxide_glass,standard
HIKARI-E-SF6,HIKARI,E-SF6,E-SF6,Dense flint,Imported from HIKARI-AGF-NZHAGEN-MIRROR.,oxide_glass,standard
HIKARI-E-SF7,HIKARI,E-SF7,E-SF7,Dense flint,Imported from HIKARI-AGF-NZHAGEN-MIRROR.,oxide_glass,standard
HIKARI-E-SF8,HIKARI,E-SF8,E-SF8,Dense flint,Imported from HIKARI-AGF-NZHAGEN-MIRROR.,oxide_glass,standard
HIKARI-E-SF10,HIKARI,E-SF10,E-SF10,Dense flint,Imported from HIKARI-AGF-NZHAGEN-MIRROR.,oxide_glass,standard
HIKARI-E-SF11,HIKARI,E-SF11,E-SF11,Dense flint,Imported from HIKARI-AGF-NZHAGEN-MIRROR.,oxide_glass,standard
HIKARI-E-SF13,HIKARI,E-SF13,E-SF13,Dense flint,Imported from HIKARI-AGF-NZHAGEN-MIRROR.,oxide_glass,standard
HIKARI-E-SF14,HIKARI,E-SF14,E-SF14,Dense flint,Imported from HIKARI-AGF-NZHAGEN-MIRROR.,oxide_glass,standard
HIKARI-E-SF15,HIKARI,E-SF15,E-SF15,Dense flint,Imported from HIKARI-AGF-NZHAGEN-MIRROR.,oxide_glass,standard
HIKARI-E-SFH1,HIKARI,E-SFH1,E-SFH1,Dense flint,Imported from HIKARI-AGF-NZHAGEN-MIRROR.,oxide_glass,standard
HIKARI-E-SFH2,HIKARI,E-SFH2,E-SFH2,Dense flint,Imported from HIKARI-AGF-NZHAGEN-MIRROR.,oxide_glass,standard
HIKARI-E-SFS3,HIKARI,E-SFS3,E-SFS3,Dense flint,Imported from HIKARI-AGF-NZHAGEN-MIRROR.,oxide_glass,standard
HIKARI-E-SK2,HIKARI,E-SK2,E-SK2,Dense crown,Imported from HIKARI-AGF-NZHAGEN-MIRROR.,oxide_glass,standard
HIKARI-E-SK4,HIKARI,E-SK4,E-SK4,Dense crown,Imported from HIKARI-AGF-NZHAGEN-MIRROR.,oxide_glass,standard
HIKARI-E-SK5,HIKARI,E-SK5,E-SK5,Dense crown,Imported from HIKARI-AGF-NZHAGEN-MIRROR.,oxide_glass,standard
HIKARI-E-SK10,HIKARI,E-SK10,E-SK10,Dense crown,Imported from HIKARI-AGF-NZHAGEN-MIRROR.,oxide_glass,standard
HIKARI-E-SK11,HIKARI,E-SK11,E-SK11,Dense crown,Imported from HIKARI-AGF-NZHAGEN-MIRROR.,oxide_glass,standard
HIKARI-E-SK12,HIKARI,E-SK12,E-SK12,Dense crown,Imported from HIKARI-AGF-NZHAGEN-MIRROR.,oxide_glass,standard
HIKARI-E-SK14,HIKARI,E-SK14,E-SK14,Dense crown,Imported from HIKARI-AGF-NZHAGEN-MIRROR.,oxide_glass,standard
HIKARI-E-SK15,HIKARI,E-SK15,E-SK15,Dense crown,Imported from HIKARI-AGF-NZHAGEN-MIRROR.,oxide_glass,standard
HIKARI-E-SK16,HIKARI,E-SK16,E-SK16,Dense crown,Imported from HIKARI-AGF-NZHAGEN-MIRROR.,oxide_glass,standard
HIKARI-E-SK18,HIKARI,E-SK18,E-SK18,Dense crown,Imported from HIKARI-AGF-NZHAGEN-MIRROR.,oxide_glass,standard
HIKARI-E-SSK1,HIKARI,E-SSK1,E-SSK1,Dense crown,Imported from HIKARI-AGF-NZHAGEN-MIRROR.,oxide_glass,standard
HIKARI-E-SSK5,HIKARI,E-SSK5,E-SSK5,Dense crown,Imported from HIKARI-AGF-NZHAGEN-MIRROR.,oxide_glass,standard
HIKARI-E-SSK8,HIKARI,E-SSK8,E-SSK8,Dense crown,Imported from HIKARI-AGF-NZHAGEN-MIRROR.,oxide_glass,standard
HIKARI-F1,HIKARI,F1,F1,Optical glass,Imported from HIKARI-AGF-NZHAGEN-MIRROR.,oxide_glass,standard
HIKARI-F2,HIKARI,F2,F2,Optical glass,Imported from HIKARI-AGF-NZHAGEN-MIRROR.,oxide_glass,standard
HIKARI-F3,HIKARI,F3,F3,Optical glass,Imported from HIKARI-AGF-NZHAGEN-MIRROR.,oxide_glass,standard
HIKARI-F5,HIKARI,F5,F5,Optical glass,Imported from HIKARI-AGF-NZHAGEN-MIRROR.,oxide_glass,standard
HIKARI-F8,HIKARI,F8,F8,Optical glass,Imported from HIKARI-AGF-NZHAGEN-MIRROR.,oxide_glass,standard
HIKARI-K3,HIKARI,K3,K3,Optical glass,Imported from HIKARI-AGF-NZHAGEN-MIRROR.,oxide_glass,standard
HIKARI-K5,HIKARI,K5,K5,Optical glass,Imported from HIKARI-AGF-NZHAGEN-MIRROR.,oxide_glass,standard
HIKARI-KF6,HIKARI,KF6,KF6,Optical glass,Imported from HIKARI-AGF-NZHAGEN-MIRROR.,oxide_glass,standard
HIKARI-KZFH1,HIKARI,KZFH1,KZFH1,Dense flint,Imported from HIKARI-AGF-NZHAGEN-MIRROR.,oxide_glass,standard
HIKARI-KZFH2,HIKARI,KZFH2,KZFH2,Dense flint,Imported from HIKARI-AGF-NZHAGEN-MIRROR.,oxide_glass,standard
HIKARI-KZFS4,HIKARI,KZFS4,KZFS4,Dense flint,Imported from HIKARI-AGF-NZHAGEN-MIRROR.,oxide_glass,standard
HIKARI-LAF2,HIKARI,LAF2,LAF2,Lanthanum flint,Imported from HIKARI-AGF-NZHAGEN-MIRROR.,oxide_glass,standard
HIKARI-LAF3,HIKARI,LAF3,LAF3,Lanthanum flint,Imported from HIKARI-AGF-NZHAGEN-MIRROR.,oxide_glass,standard
HIKARI-LAF7,HIKARI,LAF7,LAF7,Lanthanum flint,Imported from HIKARI-AGF-NZHAGEN-MIRROR.,oxide_glass,standard
HIKARI-LAF09,HIKARI,LAF09,LAF09,Lanthanum flint,Imported from HIKARI-AGF-NZHAGEN-MIRROR.,oxide_glass,standard
HIKARI-LAF9,HIKARI,LAF9,LAF9,Lanthanum flint,Imported from HIKARI-AGF-NZHAGEN-MIRROR.,oxide_glass,standard
HIKARI-LAF11,HIKARI,LAF11,LAF11,Lanthanum flint,Imported from HIKARI-AGF-NZHAGEN-MIRROR.,oxide_glass,standard
HIKARI-LAK04,HIKARI,LAK04,LAK04,Lanthanum crown,Imported from HIKARI-AGF-NZHAGEN-MIRROR.,oxide_glass,standard
HIKARI-LAK7,HIKARI,LAK7,LAK7,Lanthanum crown,Imported from HIKARI-AGF-NZHAGEN-MIRROR.,oxide_glass,standard
HIKARI-LAK09,HIKARI,LAK09,LAK09,Lanthanum crown,Imported from HIKARI-AGF-NZHAGEN-MIRROR.,oxide_glass,standard
HIKARI-LAK9,HIKARI,LAK9,LAK9,Lanthanum crown,Imported from HIKARI-AGF-NZHAGEN-MIRROR.,oxide_glass,standard
HIKARI-LAK011,HIKARI,LAK011,LAK011,Lanthanum crown,Imported from HIKARI-AGF-NZHAGEN-MIRROR.,oxide_glass,standard
HIKARI-LAK12,HIKARI,LAK12,LAK12,Lanthanum crown,Imported from HIKARI-AGF-NZHAGEN-MIRROR.,oxide_glass,standard
HIKARI-LASF01,HIKARI,LASF01,LASF01,Dense flint,Imported from HIKARI-AGF-NZHAGEN-MIRROR.,oxide_glass,standard
HIKARI-LASF02,HIKARI,LASF02,LASF02,Dense flint,Imported from HIKARI-AGF-NZHAGEN-MIRROR.,oxide_glass,standard
HIKARI-LASF010,HIKARI,LASF010,LASF010,Dense flint,Imported from HIKARI-AGF-NZHAGEN-MIRROR.,oxide_glass,standard
HIKARI-LASFH6,HIKARI,LASFH6,LASFH6,Dense flint,Imported from HIKARI-AGF-NZHAGEN-MIRROR.,oxide_glass,standard
HIKARI-LF5,HIKARI,LF5,LF5,Optical glass,Imported from HIKARI-AGF-NZHAGEN-MIRROR.,oxide_glass,standard
HIKARI-LF6,HIKARI,LF6,LF6,Optical glass,Imported from HIKARI-AGF-NZHAGEN-MIRROR.,oxide_glass,standard
HIKARI-LF7,HIKARI,LF7,LF7,Optical glass,Imported from HIKARI-AGF-NZHAGEN-MIRROR.,oxide_glass,standard
HIKARI-LLF1,HIKARI,LLF1,LLF1,Optical glass,Imported from HIKARI-AGF-NZHAGEN-MIRROR.,oxide_glass,standard
HIKARI-LLF2,HIKARI,LLF2,LLF2,Optical glass,Imported from HIKARI-AGF-NZHAGEN-MIRROR.,oxide_glass,standard
HIKARI-LLF6,HIKARI,LLF6,LLF6,Optical glass,Imported from HIKARI-AGF-NZHAGEN-MIRROR.,oxide_glass,standard
HIKARI-P-FK01S,HIKARI,P-FK01S,P-FK01S,Fluor crown,Imported from HIKARI-AGF-NZHAGEN-MIRROR.,oxide_glass,standard
HIKARI-P-FKH2S,HIKARI,P-FKH2S,P-FKH2S,Fluor crown,Imported from HIKARI-AGF-NZHAGEN-MIRROR.,oxide_glass,standard
HIKARI-P-LAF010S,HIKARI,P-LAF010S,P-LAF010S,Lanthanum flint,Imported from HIKARI-AGF-NZHAGEN-MIRROR.,oxide_glass,standard
HIKARI-P-LAK13S,HIKARI,P-LAK13S,P-LAK13S,Lanthanum crown,Imported from HIKARI-AGF-NZHAGEN-MIRROR.,oxide_glass,standard
HIKARI-P-LASF03S,HIKARI,P-LASF03S,P-LASF03S,Dense flint,Imported from HIKARI-AGF-NZHAGEN-MIRROR.,oxide_glass,standard
HIKARI-P-LASFH11S,HIKARI,P-LASFH11S,P-LASFH11S,Dense flint,Imported from HIKARI-AGF-NZHAGEN-MIRROR.,oxide_glass,standard
HIKARI-P-LASFH12S,HIKARI,P-LASFH12S,P-LASFH12S,Dense flint,Imported from HIKARI-AGF-NZHAGEN-MIRROR.,oxide_glass,standard
HIKARI-P-LASFH18S,HIKARI,P-LASFH18S,P-LASFH18S,Dense flint,Imported from HIKARI-AGF-NZHAGEN-MIRROR.,oxide_glass,standard
HIKARI-P-LASFH19S,HIKARI,P-LASFH19S,P-LASFH19S,Dense flint,Imported from HIKARI-AGF-NZHAGEN-MIRROR.,oxide_glass,standard
HIKARI-P-PSKH1S,HIKARI,P-PSKH1S,P-PSKH1S,Dense crown,Imported from HIKARI-AGF-NZHAGEN-MIRROR.,oxide_glass,standard
HIKARI-P-SK5S,HIKARI,P-SK5S,P-SK5S,Dense crown,Imported from HIKARI-AGF-NZHAGEN-MIRROR.,oxide_glass,standard
HIKARI-P-SK12S,HIKARI,P-SK12S,P-SK12S,Dense crown,Imported from HIKARI-AGF-NZHAGEN-MIRROR.,oxide_glass,standard
HIKARI-PK1,HIKARI,PK1,PK1,Optical glass,Imported from HIKARI-AGF-NZHAGEN-MIRROR.,oxide_glass,standard
HIKARI-PK2,HIKARI,PK2,PK2,Optical glass,Imported from HIKARI-AGF-NZHAGEN-MIRROR.,oxide_glass,standard
HIKARI-SF1,HIKARI,SF1,SF1,Dense flint,Imported from HIKARI-AGF-NZHAGEN-MIRROR.,oxide_glass,standard
HIKARI-SF2,HIKARI,SF2,SF2,Dense flint,Imported from HIKARI-AGF-NZHAGEN-MIRROR.,oxide_glass,standard
HIKARI-SF03,HIKARI,SF03,SF03,Dense flint,Imported from HIKARI-AGF-NZHAGEN-MIRROR.,oxide_glass,standard
HIKARI-SF4,HIKARI,SF4,SF4,Dense flint,Imported from HIKARI-AGF-NZHAGEN-MIRROR.,oxide_glass,standard
HIKARI-SF5,HIKARI,SF5,SF5,Dense flint,Imported from HIKARI-AGF-NZHAGEN-MIRROR.,oxide_glass,standard
HIKARI-SF6,HIKARI,SF6,SF6,Dense flint,Imported from HIKARI-AGF-NZHAGEN-MIRROR.,oxide_glass,standard
HIKARI-SF7,HIKARI,SF7,SF7,Dense flint,Imported from HIKARI-AGF-NZHAGEN-MIRROR.,oxide_glass,standard
HIKARI-SF8,HIKARI,SF8,SF8,Dense flint,Imported from HIKARI-AGF-NZHAGEN-MIRROR.,oxide_glass,standard
HIKARI-SF9,HIKARI,SF9,SF9,Dense flint,Imported from HIKARI-AGF-NZHAGEN-MIRROR.,oxide_glass,standard
HIKARI-SF10,HIKARI,SF10,SF10,Dense flint,Imported from HIKARI-AGF-NZHAGEN-MIRROR.,oxide_glass,standard
HIKARI-SF11,HIKARI,SF11,SF11,Dense flint,Imported from HIKARI-AGF-NZHAGEN-MIRROR.,oxide_glass,standard
HIKARI-SF12,HIKARI,SF12,SF12,Dense flint,Imported from HIKARI-AGF-NZHAGEN-MIRROR.,oxide_glass,standard
HIKARI-SF13,HIKARI,SF13,SF13,Dense flint,Imported from HIKARI-AGF-NZHAGEN-MIRROR.,oxide_glass,standard
HIKARI-SF14,HIKARI,SF14,SF14,Dense flint,Imported from HIKARI-AGF-NZHAGEN-MIRROR.,oxide_glass,standard
HIKARI-SF15,HIKARI,SF15,SF15,Dense flint,Imported from HIKARI-AGF-NZHAGEN-MIRROR.,oxide_glass,standard
HIKARI-SFS3,HIKARI,SFS3,SFS3,Dense flint,Imported from HIKARI-AGF-NZHAGEN-MIRROR.,oxide_glass,standard
HIKARI-SK2,HIKARI,SK2,SK2,Dense crown,Imported from HIKARI-AGF-NZHAGEN-MIRROR.,oxide_glass,standard
HIKARI-SK4,HIKARI,SK4,SK4,Dense crown,Imported from HIKARI-AGF-NZHAGEN-MIRROR.,oxide_glass,standard
HIKARI-SK9,HIKARI,SK9,SK9,Dense crown,Imported from HIKARI-AGF-NZHAGEN-MIRROR.,oxide_glass,standard
HIKARI-SK15,HIKARI,SK15,SK15,Dense crown,Imported from HIKARI-AGF-NZHAGEN-MIRROR.,oxide_glass,standard
HIKARI-SK16,HIKARI,SK16,SK16,Dense crown,Imported from HIKARI-AGF-NZHAGEN-MIRROR.,oxide_glass,standard
HIKARI-SK18,HIKARI,SK18,SK18,Dense crown,Imported from HIKARI-AGF-NZHAGEN-MIRROR.,oxide_glass,standard
HIKARI-SSK1,HIKARI,SSK1,SSK1,Dense crown,Imported from HIKARI-AGF-NZHAGEN-MIRROR.,oxide_glass,standard
HIKARI-SSK2,HIKARI,SSK2,SSK2,Dense crown,Imported from HIKARI-AGF-NZHAGEN-MIRROR.,oxide_glass,standard
HIKARI-SSK8,HIKARI,SSK8,SSK8,Dense crown,Imported from HIKARI-AGF-NZHAGEN-MIRROR.,oxide_glass,standard
HOYA-TAFD37,HOYA,TAFD37,TAFD37,Optical glass,Imported from HOYA-AGF-NZHAGEN-MIRROR.,oxide_glass,standard
HOYA-M-TAF105,HOYA,M-TAF105,M-TAF105,Optical glass,Imported from HOYA-AGF-NZHAGEN-MIRROR.,oxide_glass,standard
HOYA-MP-TAF105,HOYA,MP-TAF105,MP-TAF105,Optical glass,Imported from HOYA-AGF-NZHAGEN-MIRROR.,oxide_glass,standard
HOYA-MC-TAF105,HOYA,MC-TAF105,MC-TAF105,Optical glass,Imported from HOYA-AGF-NZHAGEN-MIRROR.,oxide_glass,standard
HOYA-FDS24,HOYA,FDS24,FDS24,Optical glass,Imported from HOYA-AGF-NZHAGEN-MIRROR.,oxide_glass,standard
HOYA-FCD515,HOYA,FCD515,FCD515,Fluor crown,Imported from HOYA-AGF-NZHAGEN-MIRROR.,oxide_glass,standard
HOYA-E-FDS3,HOYA,E-FDS3,E-FDS3,Optical glass,Imported from HOYA-AGF-NZHAGEN-MIRROR.,oxide_glass,standard
HOYA-FD60-W,HOYA,FD60-W,FD60-W,Optical glass,Imported from HOYA-AGF-NZHAGEN-MIRROR.,oxide_glass,standard
HOYA-MC-FCD500-20,HOYA,MC-FCD500-20,MC-FCD500-20,Fluor crown,Imported from HOYA-AGF-NZHAGEN-MIRROR.,oxide_glass,standard
HOYA-MC-TAF31-15,HOYA,MC-TAF31-15,MC-TAF31-15,Optical glass,Imported from HOYA-AGF-NZHAGEN-MIRROR.,oxide_glass,standard
HOYA-NBFD15-W,HOYA,NBFD15-W,NBFD15-W,Optical glass,Imported from HOYA-AGF-NZHAGEN-MIRROR.,oxide_glass,standard
HOYA-TAFD45,HOYA,TAFD45,TAFD45,Optical glass,Imported from HOYA-AGF-NZHAGEN-MIRROR.,oxide_glass,standard
HOYA-BAC4,HOYA,BAC4,BAC4,Optical glass,Imported from HOYA-AGF-NZHAGEN-MIRROR.,oxide_glass,standard
HOYA-BACD11,HOYA,BACD11,BACD11,Optical glass,Imported from HOYA-AGF-NZHAGEN-MIRROR.,oxide_glass,standard
HOYA-BACD14,HOYA,BACD14,BACD14,Optical glass,Imported from HOYA-AGF-NZHAGEN-MIRROR.,oxide_glass,standard
HOYA-BACD15,HOYA,BACD15,BACD15,Optical glass,Imported from HOYA-AGF-NZHAGEN-MIRROR.,oxide_glass,standard
HOYA-BACD16,HOYA,BACD16,BACD16,Optical glass,Imported from HOYA-AGF-NZHAGEN-MIRROR.,oxide_glass,standard
HOYA-BACD18,HOYA,BACD18,BACD18,Optical glass,Imported from HOYA-AGF-NZHAGEN-MIRROR.,oxide_glass,standard
HOYA-BACD2,HOYA,BACD2,BACD2,Optical glass,Imported from HOYA-AGF-NZHAGEN-MIRROR.,oxide_glass,standard
HOYA-BACD4,HOYA,BACD4,BACD4,Optical glass,Imported from HOYA-AGF-NZHAGEN-MIRROR.,oxide_glass,standard
HOYA-BACD5,HOYA,BACD5,BACD5,Optical glass,Imported from HOYA-AGF-NZHAGEN-MIRROR.,oxide_glass,standard
HOYA-BACED5,HOYA,BACED5,BACED5,Optical glass,Imported from HOYA-AGF-NZHAGEN-MIRROR.,oxide_glass,standard
HOYA-BAF10,HOYA,BAF10,BAF10,Barium flint,Imported from HOYA-AGF-NZHAGEN-MIRROR.,oxide_glass,standard
HOYA-BAF11,HOYA,BAF11,BAF11,Barium flint,Imported from HOYA-AGF-NZHAGEN-MIRROR.,oxide_glass,standard
HOYA-BAFD7,HOYA,BAFD7,BAFD7,Barium flint,Imported from HOYA-AGF-NZHAGEN-MIRROR.,oxide_glass,standard
HOYA-BAFD8,HOYA,BAFD8,BAFD8,Barium flint,Imported from HOYA-AGF-NZHAGEN-MIRROR.,oxide_glass,standard
HOYA-BSC7,HOYA,BSC7,BSC7,Optical glass,Imported from HOYA-AGF-NZHAGEN-MIRROR.,oxide_glass,standard
HOYA-E-ADF10,HOYA,E-ADF10,E-ADF10,Optical glass,Imported from HOYA-AGF-NZHAGEN-MIRROR.,oxide_glass,standard
HOYA-E-ADF50,HOYA,E-ADF50,E-ADF50,Optical glass,Imported from HOYA-AGF-NZHAGEN-MIRROR.,oxide_glass,standard
HOYA-E-BACD10,HOYA,E-BACD10,E-BACD10,Optical glass,Imported from HOYA-AGF-NZHAGEN-MIRROR.,oxide_glass,standard
HOYA-E-BACED20,HOYA,E-BACED20,E-BACED20,Optical glass,Imported from HOYA-AGF-NZHAGEN-MIRROR.,oxide_glass,standard
HOYA-E-BAF8,HOYA,E-BAF8,E-BAF8,Barium flint,Imported from HOYA-AGF-NZHAGEN-MIRROR.,oxide_glass,standard
HOYA-E-C3,HOYA,E-C3,E-C3,Optical glass,Imported from HOYA-AGF-NZHAGEN-MIRROR.,oxide_glass,standard
HOYA-E-CF6,HOYA,E-CF6,E-CF6,Optical glass,Imported from HOYA-AGF-NZHAGEN-MIRROR.,oxide_glass,standard
HOYA-E-F1,HOYA,E-F1,E-F1,Optical glass,Imported from HOYA-AGF-NZHAGEN-MIRROR.,oxide_glass,standard
HOYA-E-F2,HOYA,E-F2,E-F2,Optical glass,Imported from HOYA-AGF-NZHAGEN-MIRROR.,oxide_glass,standard
HOYA-E-F3,HOYA,E-F3,E-F3,Optical glass,Imported from HOYA-AGF-NZHAGEN-MIRROR.,oxide_glass,standard
HOYA-E-F5,HOYA,E-F5,E-F5,Optical glass,Imported from HOYA-AGF-NZHAGEN-MIRROR.,oxide_glass,standard
HOYA-E-F8,HOYA,E-F8,E-F8,Optical glass,Imported from HOYA-AGF-NZHAGEN-MIRROR.,oxide_glass,standard
HOYA-E-FD1,HOYA,E-FD1,E-FD1,Optical glass,Imported from HOYA-AGF-NZHAGEN-MIRROR.,oxide_glass,standard
HOYA-E-FD10,HOYA,E-FD10,E-FD10,Optical glass,Imported from HOYA-AGF-NZHAGEN-MIRROR.,oxide_glass,standard
HOYA-E-FD13,HOYA,E-FD13,E-FD13,Optical glass,Imported from HOYA-AGF-NZHAGEN-MIRROR.,oxide_glass,standard
HOYA-E-FD15,HOYA,E-FD15,E-FD15,Optical glass,Imported from HOYA-AGF-NZHAGEN-MIRROR.,oxide_glass,standard
HOYA-E-FD2,HOYA,E-FD2,E-FD2,Optical glass,Imported from HOYA-AGF-NZHAGEN-MIRROR.,oxide_glass,standard
HOYA-E-FD4,HOYA,E-FD4,E-FD4,Optical glass,Imported from HOYA-AGF-NZHAGEN-MIRROR.,oxide_glass,standard
HOYA-E-FD5,HOYA,E-FD5,E-FD5,Optical glass,Imported from HOYA-AGF-NZHAGEN-MIRROR.,oxide_glass,standard
HOYA-E-FD7,HOYA,E-FD7,E-FD7,Optical glass,Imported from HOYA-AGF-NZHAGEN-MIRROR.,oxide_glass,standard
HOYA-E-FD8,HOYA,E-FD8,E-FD8,Optical glass,Imported from HOYA-AGF-NZHAGEN-MIRROR.,oxide_glass,standard
HOYA-E-FDS1,HOYA,E-FDS1,E-FDS1,Optical glass,Imported from HOYA-AGF-NZHAGEN-MIRROR.,oxide_glass,standard
HOYA-E-FDS2,HOYA,E-FDS2,E-FDS2,Optical glass,Imported from HOYA-AGF-NZHAGEN-MIRROR.,oxide_glass,standard
HOYA-E-FEL1,HOYA,E-FEL1,E-FEL1,Optical glass,Imported from HOYA-AGF-NZHAGEN-MIRROR.,oxide_glass,standard
HOYA-E-FEL2,HOYA,E-FEL2,E-FEL2,Optical glass,Imported from HOYA-AGF-NZHAGEN-MIRROR.,oxide_glass,standard
HOYA-E-FEL6,HOYA,E-FEL6,E-FEL6,Optical glass,Imported from HOYA-AGF-NZHAGEN-MIRROR.,oxide_glass,standard
HOYA-E-FL5,HOYA,E-FL5,E-FL5,Optical glass,Imported from HOYA-AGF-NZHAGEN-MIRROR.,oxide_glass,standard
HOYA-E-FL6,HOYA,E-FL6,E-FL6,Optical glass,Imported from HOYA-AGF-NZHAGEN-MIRROR.,oxide_glass,standard
HOYA-E-LAF7,HOYA,E-LAF7,E-LAF7,Lanthanum flint,Imported from HOYA-AGF-NZHAGEN-MIRROR.,oxide_glass,standard
HOYA-FC5,HOYA,FC5,FC5,Fluor crown,Imported from HOYA-AGF-NZHAGEN-MIRROR.,oxide_glass,standard
HOYA-FCD1,HOYA,FCD1,FCD1,Fluor crown,Imported from HOYA-AGF-NZHAGEN-MIRROR.,oxide_glass,standard
HOYA-FCD10,HOYA,FCD10,FCD10,Fluor crown,Imported from HOYA-AGF-NZHAGEN-MIRROR.,oxide_glass,standard
HOYA-FCD100,HOYA,FCD100,FCD100,Fluor crown,Imported from HOYA-AGF-NZHAGEN-MIRROR.,oxide_glass,standard
HOYA-FCD10A,HOYA,FCD10A,FCD10A,Fluor crown,Imported from HOYA-AGF-NZHAGEN-MIRROR.,oxide_glass,standard
HOYA-FCD505,HOYA,FCD505,FCD505,Fluor crown,Imported from HOYA-AGF-NZHAGEN-MIRROR.,oxide_glass,standard
HOYA-FD110,HOYA,FD110,FD110,Optical glass,Imported from HOYA-AGF-NZHAGEN-MIRROR.,oxide_glass,standard
HOYA-FD140,HOYA,FD140,FD140,Optical glass,Imported from HOYA-AGF-NZHAGEN-MIRROR.,oxide_glass,standard
HOYA-FD60,HOYA,FD60,FD60,Optical glass,Imported from HOYA-AGF-NZHAGEN-MIRROR.,oxide_glass,standard
HOYA-FDS18,HOYA,FDS18,FDS18,Optical glass,Imported from HOYA-AGF-NZHAGEN-MIRROR.,oxide_glass,standard
HOYA-FDS90,HOYA,FDS90,FDS90,Optical glass,Imported from HOYA-AGF-NZHAGEN-MIRROR.,oxide_glass,standard
HOYA-FF5,HOYA,FF5,FF5,Optical glass,Imported from HOYA-AGF-NZHAGEN-MIRROR.,oxide_glass,standard
HOYA-FF8,HOYA,FF8,FF8,Optical glass,Imported from HOYA-AGF-NZHAGEN-MIRROR.,oxide_glass,standard
HOYA-LAC10,HOYA,LAC10,LAC10,Optical glass,Imported from HOYA-AGF-NZHAGEN-MIRROR.,oxide_glass,standard
HOYA-LAC12,HOYA,LAC12,LAC12,Optical glass,Imported from HOYA-AGF-NZHAGEN-MIRROR.,oxide_glass,standard
HOYA-LAC13,HOYA,LAC13,LAC13,Optical glass,Imported from HOYA-AGF-NZHAGEN-MIRROR.,oxide_glass,standard
HOYA-LAC14,HOYA,LAC14,LAC14,Optical glass,Imported from HOYA-AGF-NZHAGEN-MIRROR.,oxide_glass,standard
HOYA-LAC7,HOYA,LAC7,LAC7,Optical glass,Imported from HOYA-AGF-NZHAGEN-MIRROR.,oxide_glass,standard
HOYA-LAC8,HOYA,LAC8,LAC8,Optical glass,Imported from HOYA-AGF-NZHAGEN-MIRROR.,oxide_glass,standard
HOYA-LAC9,HOYA,LAC9,LAC9,Optical glass,Imported from HOYA-AGF-NZHAGEN-MIRROR.,oxide_glass,standard
HOYA-LACL60,HOYA,LACL60,LACL60,Optical glass,Imported from HOYA-AGF-NZHAGEN-MIRROR.,oxide_glass,standard
HOYA-LAF2,HOYA,LAF2,LAF2,Lanthanum flint,Imported from HOYA-AGF-NZHAGEN-MIRROR.,oxide_glass,standard
HOYA-LAF3,HOYA,LAF3,LAF3,Lanthanum flint,Imported from HOYA-AGF-NZHAGEN-MIRROR.,oxide_glass,standard
HOYA-LBC3N,HOYA,LBC3N,LBC3N,Optical glass,Imported from HOYA-AGF-NZHAGEN-MIRROR.,oxide_glass,standard
HOYA-M-BACD12,HOYA,M-BACD12,M-BACD12,Optical glass,Imported from HOYA-AGF-NZHAGEN-MIRROR.,oxide_glass,standard
HOYA-M-BACD15,HOYA,M-BACD15,M-BACD15,Optical glass,Imported from HOYA-AGF-NZHAGEN-MIRROR.,oxide_glass,standard
HOYA-M-BACD5N,HOYA,M-BACD5N,M-BACD5N,Optical glass,Imported from HOYA-AGF-NZHAGEN-MIRROR.,oxide_glass,standard
HOYA-MC-BACD12,HOYA,MC-BACD12,MC-BACD12,Optical glass,Imported from HOYA-AGF-NZHAGEN-MIRROR.,oxide_glass,standard
HOYA-MC-BACD5N,HOYA,MC-BACD5N,MC-BACD5N,Optical glass,Imported from HOYA-AGF-NZHAGEN-MIRROR.,oxide_glass,standard
HOYA-MC-FCD1-M20,HOYA,MC-FCD1-M20,MC-FCD1-M20,Fluor crown,Imported from HOYA-AGF-NZHAGEN-MIRROR.,oxide_glass,standard
HOYA-MC-FDS2,HOYA,MC-FDS2,MC-FDS2,Optical glass,Imported from HOYA-AGF-NZHAGEN-MIRROR.,oxide_glass,standard
HOYA-MC-FDS910-50,HOYA,MC-FDS910-50,MC-FDS910-50,Optical glass,Imported from HOYA-AGF-NZHAGEN-MIRROR.,oxide_glass,standard
HOYA-MC-LAC130,HOYA,MC-LAC130,MC-LAC130,Optical glass,Imported from HOYA-AGF-NZHAGEN-MIRROR.,oxide_glass,standard
HOYA-MC-NBF1,HOYA,MC-NBF1,MC-NBF1,Optical glass,Imported from HOYA-AGF-NZHAGEN-MIRROR.,oxide_glass,standard
HOYA-MC-NBFD135,HOYA,MC-NBFD135,MC-NBFD135,Optical glass,Imported from HOYA-AGF-NZHAGEN-MIRROR.,oxide_glass,standard
HOYA-MC-PCD51-70,HOYA,MC-PCD51-70,MC-PCD51-70,Optical glass,Imported from HOYA-AGF-NZHAGEN-MIRROR.,oxide_glass,standard
HOYA-MC-TAF1,HOYA,MC-TAF1,MC-TAF1,Optical glass,Imported from HOYA-AGF-NZHAGEN-MIRROR.,oxide_glass,standard
HOYA-MC-TAF101-100,HOYA,MC-TAF101-100,MC-TAF101-100,Optical glass,Imported from HOYA-AGF-NZHAGEN-MIRROR.,oxide_glass,standard
HOYA-MC-TAF401,HOYA,MC-TAF401,MC-TAF401,Optical glass,Imported from HOYA-AGF-NZHAGEN-MIRROR.,oxide_glass,standard
HOYA-MC-TAFD305,HOYA,MC-TAFD305,MC-TAFD305,Optical glass,Imported from HOYA-AGF-NZHAGEN-MIRROR.,oxide_glass,standard
HOYA-MC-TAFD307,HOYA,MC-TAFD307,MC-TAFD307,Optical glass,Imported from HOYA-AGF-NZHAGEN-MIRROR.,oxide_glass,standard
HOYA-MC-TAFD51-50,HOYA,MC-TAFD51-50,MC-TAFD51-50,Optical glass,Imported from HOYA-AGF-NZHAGEN-MIRROR.,oxide_glass,standard
HOYA-M-FCD1,HOYA,M-FCD1,M-FCD1,Fluor crown,Imported from HOYA-AGF-NZHAGEN-MIRROR.,oxide_glass,standard
HOYA-M-FCD500,HOYA,M-FCD500,M-FCD500,Fluor crown,Imported from HOYA-AGF-NZHAGEN-MIRROR.,oxide_glass,standard
HOYA-M-FD80,HOYA,M-FD80,M-FD80,Optical glass,Imported from HOYA-AGF-NZHAGEN-MIRROR.,oxide_glass,standard
HOYA-M-FDS1,HOYA,M-FDS1,M-FDS1,Optical glass,Imported from HOYA-AGF-NZHAGEN-MIRROR.,oxide_glass,standard
HOYA-M-FDS2,HOYA,M-FDS2,M-FDS2,Optical glass,Imported from HOYA-AGF-NZHAGEN-MIRROR.,oxide_glass,standard
HOYA-M-FDS910,HOYA,M-FDS910,M-FDS910,Optical glass,Imported from HOYA-AGF-NZHAGEN-MIRROR.,oxide_glass,standard
HOYA-M-LAC130,HOYA,M-LAC130,M-LAC130,Optical glass,Imported from HOYA-AGF-NZHAGEN-MIRROR.,oxide_glass,standard
HOYA-M-LAC14,HOYA,M-LAC14,M-LAC14,Optical glass,Imported from HOYA-AGF-NZHAGEN-MIRROR.,oxide_glass,standard
HOYA-M-LAC8,HOYA,M-LAC8,M-LAC8,Optical glass,Imported from HOYA-AGF-NZHAGEN-MIRROR.,oxide_glass,standard
HOYA-M-LAF81,HOYA,M-LAF81,M-LAF81,Lanthanum flint,Imported from HOYA-AGF-NZHAGEN-MIRROR.,oxide_glass,standard
HOYA-M-NBF1,HOYA,M-NBF1,M-NBF1,Optical glass,Imported from HOYA-AGF-NZHAGEN-MIRROR.,oxide_glass,standard
HOYA-M-NBFD10,HOYA,M-NBFD10,M-NBFD10,Optical glass,Imported from HOYA-AGF-NZHAGEN-MIRROR.,oxide_glass,standard
HOYA-M-NBFD130,HOYA,M-NBFD130,M-NBFD130,Optical glass,Imported from HOYA-AGF-NZHAGEN-MIRROR.,oxide_glass,standard
HOYA-MP-BACD12,HOYA,MP-BACD12,MP-BACD12,Optical glass,Imported from HOYA-AGF-NZHAGEN-MIRROR.,oxide_glass,standard
HOYA-MP-BACD15,HOYA,MP-BACD15,MP-BACD15,Optical glass,Imported from HOYA-AGF-NZHAGEN-MIRROR.,oxide_glass,standard
HOYA-MP-BACD5N,HOYA,MP-BACD5N,MP-BACD5N,Optical glass,Imported from HOYA-AGF-NZHAGEN-MIRROR.,oxide_glass,standard
HOYA-M-PCD4,HOYA,M-PCD4,M-PCD4,Optical glass,Imported from HOYA-AGF-NZHAGEN-MIRROR.,oxide_glass,standard
HOYA-M-PCD51,HOYA,M-PCD51,M-PCD51,Optical glass,Imported from HOYA-AGF-NZHAGEN-MIRROR.,oxide_glass,standard
HOYA-MP-FCD1-M20,HOYA,MP-FCD1-M20,MP-FCD1-M20,Fluor crown,Imported from HOYA-AGF-NZHAGEN-MIRROR.,oxide_glass,standard
HOYA-MP-FCD500-20,HOYA,MP-FCD500-20,MP-FCD500-20,Fluor crown,Imported from HOYA-AGF-NZHAGEN-MIRROR.,oxide_glass,standard
HOYA-MP-FD80,HOYA,MP-FD80,MP-FD80,Optical glass,Imported from HOYA-AGF-NZHAGEN-MIRROR.,oxide_glass,standard
HOYA-MP-FDS1,HOYA,MP-FDS1,MP-FDS1,Optical glass,Imported from HOYA-AGF-NZHAGEN-MIRROR.,oxide_glass,standard
HOYA-MP-FDS2,HOYA,MP-FDS2,MP-FDS2,Optical glass,Imported from HOYA-AGF-NZHAGEN-MIRROR.,oxide_glass,standard
HOYA-MP-FDS910-50,HOYA,MP-FDS910-50,MP-FDS910-50,Optical glass,Imported from HOYA-AGF-NZHAGEN-MIRROR.,oxide_glass,standard
HOYA-MP-LAC130,HOYA,MP-LAC130,MP-LAC130,Optical glass,Imported from HOYA-AGF-NZHAGEN-MIRROR.,oxide_glass,standard
HOYA-MP-LAC14-80,HOYA,MP-LAC14-80,MP-LAC14-80,Optical glass,Imported from HOYA-AGF-NZHAGEN-MIRROR.,oxide_glass,standard
HOYA-MP-LAC8-30,HOYA,MP-LAC8-30,MP-LAC8-30,Optical glass,Imported from HOYA-AGF-NZHAGEN-MIRROR.,oxide_glass,standard
HOYA-MP-LAF81,HOYA,MP-LAF81,MP-LAF81,Lanthanum flint,Imported from HOYA-AGF-NZHAGEN-MIRROR.,oxide_glass,standard
HOYA-MP-NBF1,HOYA,MP-NBF1,MP-NBF1,Optical glass,Imported from HOYA-AGF-NZHAGEN-MIRROR.,oxide_glass,standard
HOYA-MP-NBFD10-20,HOYA,MP-NBFD10-20,MP-NBFD10-20,Optical glass,Imported from HOYA-AGF-NZHAGEN-MIRROR.,oxide_glass,standard
HOYA-MP-NBFD130,HOYA,MP-NBFD130,MP-NBFD130,Optical glass,Imported from HOYA-AGF-NZHAGEN-MIRROR.,oxide_glass,standard
HOYA-MP-PCD4-40,HOYA,MP-PCD4-40,MP-PCD4-40,Optical glass,Imported from HOYA-AGF-NZHAGEN-MIRROR.,oxide_glass,standard
HOYA-MP-PCD51-70,HOYA,MP-PCD51-70,MP-PCD51-70,Optical glass,Imported from HOYA-AGF-NZHAGEN-MIRROR.,oxide_glass,standard
HOYA-MP-TAC60-90,HOYA,MP-TAC60-90,MP-TAC60-90,Optical glass,Imported from HOYA-AGF-NZHAGEN-MIRROR.,oxide_glass,standard
HOYA-MP-TAC80-60,HOYA,MP-TAC80-60,MP-TAC80-60,Optical glass,Imported from HOYA-AGF-NZHAGEN-MIRROR.,oxide_glass,standard
HOYA-MP-TAF101-100,HOYA,MP-TAF101-100,MP-TAF101-100,Optical glass,Imported from HOYA-AGF-NZHAGEN-MIRROR.,oxide_glass,standard
HOYA-MP-TAF31-15,HOYA,MP-TAF31-15,MP-TAF31-15,Optical glass,Imported from HOYA-AGF-NZHAGEN-MIRROR.,oxide_glass,standard
HOYA-MP-TAF401,HOYA,MP-TAF401,MP-TAF401,Optical glass,Imported from HOYA-AGF-NZHAGEN-MIRROR.,oxide_glass,standard
HOYA-MP-TAFD305,HOYA,MP-TAFD305,MP-TAFD305,Optical glass,Imported from HOYA-AGF-NZHAGEN-MIRROR.,oxide_glass,standard
HOYA-MP-TAFD307,HOYA,MP-TAFD307,MP-TAFD307,Optical glass,Imported from HOYA-AGF-NZHAGEN-MIRROR.,oxide_glass,standard
HOYA-MP-TAFD51-50,HOYA,MP-TAFD51-50,MP-TAFD51-50,Optical glass,Imported from HOYA-AGF-NZHAGEN-MIRROR.,oxide_glass,standard
HOYA-M-TAC60,HOYA,M-TAC60,M-TAC60,Optical glass,Imported from HOYA-AGF-NZHAGEN-MIRROR.,oxide_glass,standard
HOYA-M-TAC80,HOYA,M-TAC80,M-TAC80,Optical glass,Imported from HOYA-AGF-NZHAGEN-MIRROR.,oxide_glass,standard
HOYA-M-TAF1,HOYA,M-TAF1,M-TAF1,Optical glass,Imported from HOYA-AGF-NZHAGEN-MIRROR.,oxide_glass,standard
HOYA-M-TAF101,HOYA,M-TAF101,M-TAF101,Optical glass,Imported from HOYA-AGF-NZHAGEN-MIRROR.,oxide_glass,standard
HOYA-M-TAF31,HOYA,M-TAF31,M-TAF31,Optical glass,Imported from HOYA-AGF-NZHAGEN-MIRROR.,oxide_glass,standard
HOYA-M-TAF401,HOYA,M-TAF401,M-TAF401,Optical glass,Imported from HOYA-AGF-NZHAGEN-MIRROR.,oxide_glass,standard
HOYA-M-TAFD305,HOYA,M-TAFD305,M-TAFD305,Optical glass,Imported from HOYA-AGF-NZHAGEN-MIRROR.,oxide_glass,standard
HOYA-M-TAFD307,HOYA,M-TAFD307,M-TAFD307,Optical glass,Imported from HOYA-AGF-NZHAGEN-MIRROR.,oxide_glass,standard
HOYA-M-TAFD51,HOYA,M-TAFD51,M-TAFD51,Optical glass,Imported from HOYA-AGF-NZHAGEN-MIRROR.,oxide_glass,standard
HOYA-NBF1,HOYA,NBF1,NBF1,Optical glass,Imported from HOYA-AGF-NZHAGEN-MIRROR.,oxide_glass,standard
HOYA-NBFD10,HOYA,NBFD10,NBFD10,Optical glass,Imported from HOYA-AGF-NZHAGEN-MIRROR.,oxide_glass,standard
HOYA-NBFD11,HOYA,NBFD11,NBFD11,Optical glass,Imported from HOYA-AGF-NZHAGEN-MIRROR.,oxide_glass,standard
HOYA-NBFD12,HOYA,NBFD12,NBFD12,Optical glass,Imported from HOYA-AGF-NZHAGEN-MIRROR.,oxide_glass,standard
HOYA-NBFD13,HOYA,NBFD13,NBFD13,Optical glass,Imported from HOYA-AGF-NZHAGEN-MIRROR.,oxide_glass,standard
HOYA-NBFD15,HOYA,NBFD15,NBFD15,Optical glass,Imported from HOYA-AGF-NZHAGEN-MIRROR.,oxide_glass,standard
HOYA-NBFD3,HOYA,NBFD3,NBFD3,Optical glass,Imported from HOYA-AGF-NZHAGEN-MIRROR.,oxide_glass,standard
HOYA-PCD4,HOYA,PCD4,PCD4,Optical glass,Imported from HOYA-AGF-NZHAGEN-MIRROR.,oxide_glass,standard
HOYA-PCD51,HOYA,PCD51,PCD51,Optical glass,Imported from HOYA-AGF-NZHAGEN-MIRROR.,oxide_glass,standard
HOYA-TAC2,HOYA,TAC2,TAC2,Optical glass,Imported from HOYA-AGF-NZHAGEN-MIRROR.,oxide_glass,standard
HOYA-TAC4,HOYA,TAC4,TAC4,Optical glass,Imported from HOYA-AGF-NZHAGEN-MIRROR.,oxide_glass,standard
HOYA-TAC6,HOYA,TAC6,TAC6,Optical glass,Imported from HOYA-AGF-NZHAGEN-MIRROR.,oxide_glass,standard
HOYA-TAC8,HOYA,TAC8,TAC8,Optical glass,Imported from HOYA-AGF-NZHAGEN-MIRROR.,oxide_glass,standard
HOYA-TAF1,HOYA,TAF1,TAF1,Optical glass,Imported from HOYA-AGF-NZHAGEN-MIRROR.,oxide_glass,standard
HOYA-TAF2,HOYA,TAF2,TAF2,Optical glass,Imported from HOYA-AGF-NZHAGEN-MIRROR.,oxide_glass,standard
HOYA-TAF3,HOYA,TAF3,TAF3,Optical glass,Imported from HOYA-AGF-NZHAGEN-MIRROR.,oxide_glass,standard
HOYA-TAF4,HOYA,TAF4,TAF4,Optical glass,Imported from HOYA-AGF-NZHAGEN-MIRROR.,oxide_glass,standard
HOYA-TAF5,HOYA,TAF5,TAF5,Optical glass,Imported from HOYA-AGF-NZHAGEN-MIRROR.,oxide_glass,standard
HOYA-TAFD25,HOYA,TAFD25,TAFD25,Optical glass,Imported from HOYA-AGF-NZHAGEN-MIRROR.,oxide_glass,standard
HOYA-TAFD30,HOYA,TAFD30,TAFD30,Optical glass,Imported from HOYA-AGF-NZHAGEN-MIRROR.,oxide_glass,standard
HOYA-TAFD33,HOYA,TAFD33,TAFD33,Optical glass,Imported from HOYA-AGF-NZHAGEN-MIRROR.,oxide_glass,standard
HOYA-TAFD35,HOYA,TAFD35,TAFD35,Optical glass,Imported from HOYA-AGF-NZHAGEN-MIRROR.,oxide_glass,standard
HOYA-TAFD40,HOYA,TAFD40,TAFD40,Optical glass,Imported from HOYA-AGF-NZHAGEN-MIRROR.,oxide_glass,standard
HOYA-TAFD55,HOYA,TAFD55,TAFD55,Optical glass,Imported from HOYA-AGF-NZHAGEN-MIRROR.,oxide_glass,standard
HOYA-TAFD5F,HOYA,TAFD5F,TAFD5F,Optical glass,Imported from HOYA-AGF-NZHAGEN-MIRROR.,oxide_glass,standard
HOYA-FDS90(P),HOYA,FDS90(P),FDS90(P),Optical glass,Imported from HOYA-AGF-NZHAGEN-MIRROR.,oxide_glass,standard
HOYA-FDS90-SG,HOYA,FDS90-SG,FDS90-SG,Optical glass,Imported from HOYA-AGF-NZHAGEN-MIRROR.,oxide_glass,standard
HOYA-ADC1,HOYA,ADC1,ADC1,Optical glass,Imported from HOYA-AGF-NZHAGEN-MIRROR.,oxide_glass,standard
HOYA-ADC2,HOYA,ADC2,ADC2,Optical glass,Imported from HOYA-AGF-NZHAGEN-MIRROR.,oxide_glass,standard
HOYA-ADF1,HOYA,ADF1,ADF1,Optical glass,Imported from HOYA-AGF-NZHAGEN-MIRROR.,oxide_glass,standard
HOYA-ADF4,HOYA,ADF4,ADF4,Optical glass,Imported from HOYA-AGF-NZHAGEN-MIRROR.,oxide_glass,standard
HOYA-ADF8,HOYA,ADF8,ADF8,Optical glass,Imported from HOYA-AGF-NZHAGEN-MIRROR.,oxide_glass,standard
HOYA-ADF10,HOYA,ADF10,ADF10,Optical glass,Imported from HOYA-AGF-NZHAGEN-MIRROR.,oxide_glass,standard
HOYA-ADF40,HOYA,ADF40,ADF40,Optical glass,Imported from HOYA-AGF-NZHAGEN-MIRROR.,oxide_glass,standard
HOYA-ADF50,HOYA,ADF50,ADF50,Optical glass,Imported from HOYA-AGF-NZHAGEN-MIRROR.,oxide_glass,standard
HOYA-ADF355,HOYA,ADF355,ADF355,Optical glass,Imported from HOYA-AGF-NZHAGEN-MIRROR.,oxide_glass,standard
HOYA-ADF405,HOYA,ADF405,ADF405,Optical glass,Imported from HOYA-AGF-NZHAGEN-MIRROR.,oxide_glass,standard
HOYA-ADF455,HOYA,ADF455,ADF455,Optical glass,Imported from HOYA-AGF-NZHAGEN-MIRROR.,oxide_glass,standard
HOYA-ADF505,HOYA,ADF505,ADF505,Optical glass,Imported from HOYA-AGF-NZHAGEN-MIRROR.,oxide_glass,standard
HOYA-ATC1,HOYA,ATC1,ATC1,Optical glass,Imported from HOYA-AGF-NZHAGEN-MIRROR.,oxide_glass,standard
HOYA-ATF2,HOYA,ATF2,ATF2,Optical glass,Imported from HOYA-AGF-NZHAGEN-MIRROR.,oxide_glass,standard
HOYA-ATF4,HOYA,ATF4,ATF4,Optical glass,Imported from HOYA-AGF-NZHAGEN-MIRROR.,oxide_glass,standard
HOYA-BAC1,HOYA,BAC1,BAC1,Optical glass,Imported from HOYA-AGF-NZHAGEN-MIRROR.,oxide_glass,standard
HOYA-BAC2,HOYA,BAC2,BAC2,Optical glass,Imported from HOYA-AGF-NZHAGEN-MIRROR.,oxide_glass,standard
HOYA-BAC5,HOYA,BAC5,BAC5,Optical glass,Imported from HOYA-AGF-NZHAGEN-MIRROR.,oxide_glass,standard
HOYA-BAC6,HOYA,BAC6,BAC6,Optical glass,Imported from HOYA-AGF-NZHAGEN-MIRROR.,oxide_glass,standard
HOYA-BACD1,HOYA,BACD1,BACD1,Optical glass,Imported from HOYA-AGF-NZHAGEN-MIRROR.,oxide_glass,standard
HOYA-BACD3,HOYA,BACD3,BACD3,Optical glass,Imported from HOYA-AGF-NZHAGEN-MIRROR.,oxide_glass,standard
HOYA-BACD6,HOYA,BACD6,BACD6,Optical glass,Imported from HOYA-AGF-NZHAGEN-MIRROR.,oxide_glass,standard
HOYA-BACD7,HOYA,BACD7,BACD7,Optical glass,Imported from HOYA-AGF-NZHAGEN-MIRROR.,oxide_glass,standard
HOYA-BACD8,HOYA,BACD8,BACD8,Optical glass,Imported from HOYA-AGF-NZHAGEN-MIRROR.,oxide_glass,standard
HOYA-BACD9,HOYA,BACD9,BACD9,Optical glass,Imported from HOYA-AGF-NZHAGEN-MIRROR.,oxide_glass,standard
HOYA-BACD10,HOYA,BACD10,BACD10,Optical glass,Imported from HOYA-AGF-NZHAGEN-MIRROR.,oxide_glass,standard
HOYA-BACD12,HOYA,BACD12,BACD12,Optical glass,Imported from HOYA-AGF-NZHAGEN-MIRROR.,oxide_glass,standard
HOYA-BACD13,HOYA,BACD13,BACD13,Optical glass,Imported from HOYA-AGF-NZHAGEN-MIRROR.,oxide_glass,standard
HOYA-BACD50,HOYA,BACD50,BACD50,Optical glass,Imported from HOYA-AGF-NZHAGEN-MIRROR.,oxide_glass,standard
HOYA-BACED1,HOYA,BACED1,BACED1,Optical glass,Imported from HOYA-AGF-NZHAGEN-MIRROR.,oxide_glass,standard
HOYA-BACED2,HOYA,BACED2,BACED2,Optical glass,Imported from HOYA-AGF-NZHAGEN-MIRROR.,oxide_glass,standard
HOYA-BACED3,HOYA,BACED3,BACED3,Optical glass,Imported from HOYA-AGF-NZHAGEN-MIRROR.,oxide_glass,standard
HOYA-BACED4,HOYA,BACED4,BACED4,Optical glass,Imported from HOYA-AGF-NZHAGEN-MIRROR.,oxide_glass,standard
HOYA-BACED9,HOYA,BACED9,BACED9,Optical glass,Imported from HOYA-AGF-NZHAGEN-MIRROR.,oxide_glass,standard
HOYA-BACED20,HOYA,BACED20,BACED20,Optical glass,Imported from HOYA-AGF-NZHAGEN-MIRROR.,oxide_glass,standard
HOYA-BACL1,HOYA,BACL1,BACL1,Optical glass,Imported from HOYA-AGF-NZHAGEN-MIRROR.,oxide_glass,standard
HOYA-BACL3,HOYA,BACL3,BACL3,Optical glass,Imported from HOYA-AGF-NZHAGEN-MIRROR.,oxide_glass,standard
HOYA-BAF2,HOYA,BAF2,BAF2,Barium flint,Imported from HOYA-AGF-NZHAGEN-MIRROR.,oxide_glass,standard
HOYA-BAF3,HOYA,BAF3,BAF3,Barium flint,Imported from HOYA-AGF-NZHAGEN-MIRROR.,oxide_glass,standard
HOYA-BAF4,HOYA,BAF4,BAF4,Barium flint,Imported from HOYA-AGF-NZHAGEN-MIRROR.,oxide_glass,standard
HOYA-BAF5,HOYA,BAF5,BAF5,Barium flint,Imported from HOYA-AGF-NZHAGEN-MIRROR.,oxide_glass,standard
HOYA-BAF6,HOYA,BAF6,BAF6,Barium flint,Imported from HOYA-AGF-NZHAGEN-MIRROR.,oxide_glass,standard
HOYA-BAF7,HOYA,BAF7,BAF7,Barium flint,Imported from HOYA-AGF-NZHAGEN-MIRROR.,oxide_glass,standard
HOYA-BAF8,HOYA,BAF8,BAF8,Barium flint,Imported from HOYA-AGF-NZHAGEN-MIRROR.,oxide_glass,standard
HOYA-BAF9,HOYA,BAF9,BAF9,Barium flint,Imported from HOYA-AGF-NZHAGEN-MIRROR.,oxide_glass,standard
HOYA-BAF12,HOYA,BAF12,BAF12,Barium flint,Imported from HOYA-AGF-NZHAGEN-MIRROR.,oxide_glass,standard
HOYA-BAF13,HOYA,BAF13,BAF13,Barium flint,Imported from HOYA-AGF-NZHAGEN-MIRROR.,oxide_glass,standard
HOYA-BAF20,HOYA,BAF20,BAF20,Barium flint,Imported from HOYA-AGF-NZHAGEN-MIRROR.,oxide_glass,standard
HOYA-BAF21,HOYA,BAF21,BAF21,Barium flint,Imported from HOYA-AGF-NZHAGEN-MIRROR.,oxide_glass,standard
HOYA-BAF22,HOYA,BAF22,BAF22,Barium flint,Imported from HOYA-AGF-NZHAGEN-MIRROR.,oxide_glass,standard
HOYA-BAF23,HOYA,BAF23,BAF23,Barium flint,Imported from HOYA-AGF-NZHAGEN-MIRROR.,oxide_glass,standard
HOYA-BAFD1,HOYA,BAFD1,BAFD1,Barium flint,Imported from HOYA-AGF-NZHAGEN-MIRROR.,oxide_glass,standard
HOYA-BAFD2,HOYA,BAFD2,BAFD2,Barium flint,Imported from HOYA-AGF-NZHAGEN-MIRROR.,oxide_glass,standard
HOYA-BAFD3,HOYA,BAFD3,BAFD3,Barium flint,Imported from HOYA-AGF-NZHAGEN-MIRROR.,oxide_glass,standard
HOYA-BAFD4,HOYA,BAFD4,BAFD4,Barium flint,Imported from HOYA-AGF-NZHAGEN-MIRROR.,oxide_glass,standard
HOYA-BAFD5,HOYA,BAFD5,BAFD5,Barium flint,Imported from HOYA-AGF-NZHAGEN-MIRROR.,oxide_glass,standard
HOYA-BAFD6,HOYA,BAFD6,BAFD6,Barium flint,Imported from HOYA-AGF-NZHAGEN-MIRROR.,oxide_glass,standard
HOYA-BAFD10,HOYA,BAFD10,BAFD10,Barium flint,Imported from HOYA-AGF-NZHAGEN-MIRROR.,oxide_glass,standard
HOYA-BAFD14,HOYA,BAFD14,BAFD14,Barium flint,Imported from HOYA-AGF-NZHAGEN-MIRROR.,oxide_glass,standard
HOYA-BAFD15,HOYA,BAFD15,BAFD15,Barium flint,Imported from HOYA-AGF-NZHAGEN-MIRROR.,oxide_glass,standard
HOYA-BAFD16,HOYA,BAFD16,BAFD16,Barium flint,Imported from HOYA-AGF-NZHAGEN-MIRROR.,oxide_glass,standard
HOYA-BAFL2,HOYA,BAFL2,BAFL2,Barium flint,Imported from HOYA-AGF-NZHAGEN-MIRROR.,oxide_glass,standard
HOYA-BAFL3,HOYA,BAFL3,BAFL3,Barium flint,Imported from HOYA-AGF-NZHAGEN-MIRROR.,oxide_glass,standard
HOYA-BAFL4,HOYA,BAFL4,BAFL4,Barium flint,Imported from HOYA-AGF-NZHAGEN-MIRROR.,oxide_glass,standard
HOYA-BAFL6,HOYA,BAFL6,BAFL6,Barium flint,Imported from HOYA-AGF-NZHAGEN-MIRROR.,oxide_glass,standard
HOYA-BSC1,HOYA,BSC1,BSC1,Optical glass,Imported from HOYA-AGF-NZHAGEN-MIRROR.,oxide_glass,standard
HOYA-BSC3,HOYA,BSC3,BSC3,Optical glass,Imported from HOYA-AGF-NZHAGEN-MIRROR.,oxide_glass,standard
HOYA-BSC4,HOYA,BSC4,BSC4,Optical glass,Imported from HOYA-AGF-NZHAGEN-MIRROR.,oxide_glass,standard
HOYA-BSC6,HOYA,BSC6,BSC6,Optical glass,Imported from HOYA-AGF-NZHAGEN-MIRROR.,oxide_glass,standard
HOYA-C2,HOYA,C2,C2,Optical glass,Imported from HOYA-AGF-NZHAGEN-MIRROR.,oxide_glass,standard
HOYA-C3,HOYA,C3,C3,Optical glass,Imported from HOYA-AGF-NZHAGEN-MIRROR.,oxide_glass,standard
HOYA-C5,HOYA,C5,C5,Optical glass,Imported from HOYA-AGF-NZHAGEN-MIRROR.,oxide_glass,standard
HOYA-C7,HOYA,C7,C7,Optical glass,Imported from HOYA-AGF-NZHAGEN-MIRROR.,oxide_glass,standard
HOYA-C10,HOYA,C10,C10,Optical glass,Imported from HOYA-AGF-NZHAGEN-MIRROR.,oxide_glass,standard
HOYA-C12,HOYA,C12,C12,Optical glass,Imported from HOYA-AGF-NZHAGEN-MIRROR.,oxide_glass,standard
HOYA-C40,HOYA,C40,C40,Optical glass,Imported from HOYA-AGF-NZHAGEN-MIRROR.,oxide_glass,standard
HOYA-CF2,HOYA,CF2,CF2,Optical glass,Imported from HOYA-AGF-NZHAGEN-MIRROR.,oxide_glass,standard
HOYA-CF3,HOYA,CF3,CF3,Optical glass,Imported from HOYA-AGF-NZHAGEN-MIRROR.,oxide_glass,standard
HOYA-CF4,HOYA,CF4,CF4,Optical glass,Imported from HOYA-AGF-NZHAGEN-MIRROR.,oxide_glass,standard
HOYA-CF5,HOYA,CF5,CF5,Optical glass,Imported from HOYA-AGF-NZHAGEN-MIRROR.,oxide_glass,standard
HOYA-CF6,HOYA,CF6,CF6,Optical glass,Imported from HOYA-AGF-NZHAGEN-MIRROR.,oxide_glass,standard
HOYA-E-FL6-MOLD0,HOYA,E-FL6,E-FL6,Optical glass,Imported from HOYA-AGF-NZHAGEN-MIRROR.,oxide_glass,standard
HOYA-F1,HOYA,F1,F1,Optical glass,Imported from HOYA-AGF-NZHAGEN-MIRROR.,oxide_glass,standard
HOYA-F2,HOYA,F2,F2,Optical glass,Imported from HOYA-AGF-NZHAGEN-MIRROR.,oxide_glass,standard
HOYA-F3,HOYA,F3,F3,Optical glass,Imported from HOYA-AGF-NZHAGEN-MIRROR.,oxide_glass,standard
HOYA-F4,HOYA,F4,F4,Optical glass,Imported from HOYA-AGF-NZHAGEN-MIRROR.,oxide_glass,standard
HOYA-F5,HOYA,F5,F5,Optical glass,Imported from HOYA-AGF-NZHAGEN-MIRROR.,oxide_glass,standard
HOYA-F6,HOYA,F6,F6,Optical glass,Imported from HOYA-AGF-NZHAGEN-MIRROR.,oxide_glass,standard
HOYA-F7,HOYA,F7,F7,Optical glass,Imported from HOYA-AGF-NZHAGEN-MIRROR.,oxide_glass,standard
HOYA-F8,HOYA,F8,F8,Optical glass,Imported from HOYA-AGF-NZHAGEN-MIRROR.,oxide_glass,standard
HOYA-F9,HOYA,F9,F9,Optical glass,Imported from HOYA-AGF-NZHAGEN-MIRROR.,oxide_glass,standard
HOYA-F11,HOYA,F11,F11,Optical glass,Imported from HOYA-AGF-NZHAGEN-MIRROR.,oxide_glass,standard
HOYA-F15,HOYA,F15,F15,Optical glass,Imported from HOYA-AGF-NZHAGEN-MIRROR.,oxide_glass,standard
HOYA-FC1,HOYA,FC1,FC1,Fluor crown,Imported from HOYA-AGF-NZHAGEN-MIRROR.,oxide_glass,standard
HOYA-FC3,HOYA,FC3,FC3,Fluor crown,Imported from HOYA-AGF-NZHAGEN-MIRROR.,oxide_glass,standard
HOYA-FD1,HOYA,FD1,FD1,Optical glass,Imported from HOYA-AGF-NZHAGEN-MIRROR.,oxide_glass,standard
HOYA-FD1-MOLD0,HOYA,FD1,FD1,Optical glass,Imported from HOYA-AGF-NZHAGEN-MIRROR.,oxide_glass,standard
HOYA-FD2,HOYA,FD2,FD2,Optical glass,Imported from HOYA-AGF-NZHAGEN-MIRROR.,oxide_glass,standard
HOYA-FD3,HOYA,FD3,FD3,Optical glass,Imported from HOYA-AGF-NZHAGEN-MIRROR.,oxide_glass,standard
HOYA-FD4,HOYA,FD4,FD4,Optical glass,Imported from HOYA-AGF-NZHAGEN-MIRROR.,oxide_glass,standard
HOYA-FD4-MOLD0,HOYA,FD4,FD4,Optical glass,Imported from HOYA-AGF-NZHAGEN-MIRROR.,oxide_glass,standard
HOYA-FD5,HOYA,FD5,FD5,Optical glass,Imported from HOYA-AGF-NZHAGEN-MIRROR.,oxide_glass,standard
HOYA-FD6,HOYA,FD6,FD6,Optical glass,Imported from HOYA-AGF-NZHAGEN-MIRROR.,oxide_glass,standard
HOYA-FD7,HOYA,FD7,FD7,Optical glass,Imported from HOYA-AGF-NZHAGEN-MIRROR.,oxide_glass,standard
HOYA-FD8,HOYA,FD8,FD8,Optical glass,Imported from HOYA-AGF-NZHAGEN-MIRROR.,oxide_glass,standard
HOYA-FD9,HOYA,FD9,FD9,Optical glass,Imported from HOYA-AGF-NZHAGEN-MIRROR.,oxide_glass,standard
HOYA-FD10,HOYA,FD10,FD10,Optical glass,Imported from HOYA-AGF-NZHAGEN-MIRROR.,oxide_glass,standard
HOYA-FD10-MOLD0,HOYA,FD10,FD10,Optical glass,Imported from HOYA-AGF-NZHAGEN-MIRROR.,oxide_glass,standard
HOYA-FD11,HOYA,FD11,FD11,Optical glass,Imported from HOYA-AGF-NZHAGEN-MIRROR.,oxide_glass,standard
HOYA-FD12,HOYA,FD12,FD12,Optical glass,Imported from HOYA-AGF-NZHAGEN-MIRROR.,oxide_glass,standard
HOYA-FD13,HOYA,FD13,FD13,Optical glass,Imported from HOYA-AGF-NZHAGEN-MIRROR.,oxide_glass,standard
HOYA-FD14,HOYA,FD14,FD14,Optical glass,Imported from HOYA-AGF-NZHAGEN-MIRROR.,oxide_glass,standard
HOYA-FD15,HOYA,FD15,FD15,Optical glass,Imported from HOYA-AGF-NZHAGEN-MIRROR.,oxide_glass,standard
HOYA-FD15-MOLD0,HOYA,FD15,FD15,Optical glass,Imported from HOYA-AGF-NZHAGEN-MIRROR.,oxide_glass,standard
HOYA-FD18,HOYA,FD18,FD18,Optical glass,Imported from HOYA-AGF-NZHAGEN-MIRROR.,oxide_glass,standard
HOYA-FD19,HOYA,FD19,FD19,Optical glass,Imported from HOYA-AGF-NZHAGEN-MIRROR.,oxide_glass,standard
HOYA-FD20,HOYA,FD20,FD20,Optical glass,Imported from HOYA-AGF-NZHAGEN-MIRROR.,oxide_glass,standard
HOYA-FD41,HOYA,FD41,FD41,Optical glass,Imported from HOYA-AGF-NZHAGEN-MIRROR.,oxide_glass,standard
HOYA-FDS1,HOYA,FDS1,FDS1,Optical glass,Imported from HOYA-AGF-NZHAGEN-MIRROR.,oxide_glass,standard
HOYA-FDS2,HOYA,FDS2,FDS2,Optical glass,Imported from HOYA-AGF-NZHAGEN-MIRROR.,oxide_glass,standard
HOYA-FDS3,HOYA,FDS3,FDS3,Optical glass,Imported from HOYA-AGF-NZHAGEN-MIRROR.,oxide_glass,standard
HOYA-FDS5,HOYA,FDS5,FDS5,Optical glass,Imported from HOYA-AGF-NZHAGEN-MIRROR.,oxide_glass,standard
HOYA-FDS9,HOYA,FDS9,FDS9,Optical glass,Imported from HOYA-AGF-NZHAGEN-MIRROR.,oxide_glass,standard
HOYA-FDS30,HOYA,FDS30,FDS30,Optical glass,Imported from HOYA-AGF-NZHAGEN-MIRROR.,oxide_glass,standard
HOYA-FEL1,HOYA,FEL1,FEL1,Optical glass,Imported from HOYA-AGF-NZHAGEN-MIRROR.,oxide_glass,standard
HOYA-FEL2,HOYA,FEL2,FEL2,Optical glass,Imported from HOYA-AGF-NZHAGEN-MIRROR.,oxide_glass,standard
HOYA-FEL3,HOYA,FEL3,FEL3,Optical glass,Imported from HOYA-AGF-NZHAGEN-MIRROR.,oxide_glass,standard
HOYA-FEL4,HOYA,FEL4,FEL4,Optical glass,Imported from HOYA-AGF-NZHAGEN-MIRROR.,oxide_glass,standard
HOYA-FEL6,HOYA,FEL6,FEL6,Optical glass,Imported from HOYA-AGF-NZHAGEN-MIRROR.,oxide_glass,standard
HOYA-FEL7,HOYA,FEL7,FEL7,Optical glass,Imported from HOYA-AGF-NZHAGEN-MIRROR.,oxide_glass,standard
HOYA-FF1,HOYA,FF1,FF1,Optical glass,Imported from HOYA-AGF-NZHAGEN-MIRROR.,oxide_glass,standard
HOYA-FF2,HOYA,FF2,FF2,Optical glass,Imported from HOYA-AGF-NZHAGEN-MIRROR.,oxide_glass,standard
HOYA-FL1,HOYA,FL1,FL1,Optical glass,Imported from HOYA-AGF-NZHAGEN-MIRROR.,oxide_glass,standard
HOYA-FL3,HOYA,FL3,FL3,Optical glass,Imported from HOYA-AGF-NZHAGEN-MIRROR.,oxide_glass,standard
HOYA-FL4,HOYA,FL4,FL4,Optical glass,Imported from HOYA-AGF-NZHAGEN-MIRROR.,oxide_glass,standard
HOYA-FL5,HOYA,FL5,FL5,Optical glass,Imported from HOYA-AGF-NZHAGEN-MIRROR.,oxide_glass,standard
HOYA-FL6,HOYA,FL6,FL6,Optical glass,Imported from HOYA-AGF-NZHAGEN-MIRROR.,oxide_glass,standard
HOYA-FL7,HOYA,FL7,FL7,Optical glass,Imported from HOYA-AGF-NZHAGEN-MIRROR.,oxide_glass,standard
HOYA-FL57,HOYA,FL57,FL57,Optical glass,Imported from HOYA-AGF-NZHAGEN-MIRROR.,oxide_glass,standard
HOYA-LAC6,HOYA,LAC6,LAC6,Optical glass,Imported from HOYA-AGF-NZHAGEN-MIRROR.,oxide_glass,standard
HOYA-LAC11,HOYA,LAC11,LAC11,Optical glass,Imported from HOYA-AGF-NZHAGEN-MIRROR.,oxide_glass,standard
HOYA-LAC15,HOYA,LAC15,LAC15,Optical glass,Imported from HOYA-AGF-NZHAGEN-MIRROR.,oxide_glass,standard
HOYA-LACL1,HOYA,LACL1,LACL1,Optical glass,Imported from HOYA-AGF-NZHAGEN-MIRROR.,oxide_glass,standard
HOYA-LACL2,HOYA,LACL2,LACL2,Optical glass,Imported from HOYA-AGF-NZHAGEN-MIRROR.,oxide_glass,standard
HOYA-LACL3,HOYA,LACL3,LACL3,Optical glass,Imported from HOYA-AGF-NZHAGEN-MIRROR.,oxide_glass,standard
HOYA-LACL4,HOYA,LACL4,LACL4,Optical glass,Imported from HOYA-AGF-NZHAGEN-MIRROR.,oxide_glass,standard
HOYA-LACL5,HOYA,LACL5,LACL5,Optical glass,Imported from HOYA-AGF-NZHAGEN-MIRROR.,oxide_glass,standard
HOYA-LACL6,HOYA,LACL6,LACL6,Optical glass,Imported from HOYA-AGF-NZHAGEN-MIRROR.,oxide_glass,standard
HOYA-LACL7,HOYA,LACL7,LACL7,Optical glass,Imported from HOYA-AGF-NZHAGEN-MIRROR.,oxide_glass,standard
HOYA-LACL8,HOYA,LACL8,LACL8,Optical glass,Imported from HOYA-AGF-NZHAGEN-MIRROR.,oxide_glass,standard
HOYA-LACL9,HOYA,LACL9,LACL9,Optical glass,Imported from HOYA-AGF-NZHAGEN-MIRROR.,oxide_glass,standard
HOYA-LAF7,HOYA,LAF7,LAF7,Lanthanum flint,Imported from HOYA-AGF-NZHAGEN-MIRROR.,oxide_glass,standard
HOYA-LAF20,HOYA,LAF20,LAF20,Lanthanum flint,Imported from HOYA-AGF-NZHAGEN-MIRROR.,oxide_glass,standard
HOYA-LAF30,HOYA,LAF30,LAF30,Lanthanum flint,Imported from HOYA-AGF-NZHAGEN-MIRROR.,oxide_glass,standard
HOYA-LAFL1,HOYA,LAFL1,LAFL1,Lanthanum flint,Imported from HOYA-AGF-NZHAGEN-MIRROR.,oxide_glass,standard
HOYA-LAFL2,HOYA,LAFL2,LAFL2,Lanthanum flint,Imported from HOYA-AGF-NZHAGEN-MIRROR.,oxide_glass,standard
HOYA-LAFL3,HOYA,LAFL3,LAFL3,Lanthanum flint,Imported from HOYA-AGF-NZHAGEN-MIRROR.,oxide_glass,standard
HOYA-LAFL4,HOYA,LAFL4,LAFL4,Lanthanum flint,Imported from HOYA-AGF-NZHAGEN-MIRROR.,oxide_glass,standard
HOYA-LAFL5,HOYA,LAFL5,LAFL5,Lanthanum flint,Imported from HOYA-AGF-NZHAGEN-MIRROR.,oxide_glass,standard
HOYA-LAFL6,HOYA,LAFL6,LAFL6,Lanthanum flint,Imported from HOYA-AGF-NZHAGEN-MIRROR.,oxide_glass,standard
HOYA-LAFL20,HOYA,LAFL20,LAFL20,Lanthanum flint,Imported from HOYA-AGF-NZHAGEN-MIRROR.,oxide_glass,standard
HOYA-LAFL23,HOYA,LAFL23,LAFL23,Lanthanum flint,Imported from HOYA-AGF-NZHAGEN-MIRROR.,oxide_glass,standard
HOYA-M-BAF41,HOYA,M-BAF41,M-BAF41,Barium flint,Imported from HOYA-AGF-NZHAGEN-MIRROR.,oxide_glass,standard
HOYA-M-NBFD13,HOYA,M-NBFD13,M-NBFD13,Optical glass,Imported from HOYA-AGF-NZHAGEN-MIRROR.,oxide_glass,standard
HOYA-M-NBFD82,HOYA,M-NBFD82,M-NBFD82,Optical glass,Imported from HOYA-AGF-NZHAGEN-MIRROR.,oxide_glass,standard
HOYA-M-NBFD83,HOYA,M-NBFD83,M-NBFD83,Optical glass,Imported from HOYA-AGF-NZHAGEN-MIRROR.,oxide_glass,standard
HOYA-NBF2,HOYA,NBF2,NBF2,Optical glass,Imported from HOYA-AGF-NZHAGEN-MIRROR.,oxide_glass,standard
HOYA-NBF3,HOYA,NBF3,NBF3,Optical glass,Imported from HOYA-AGF-NZHAGEN-MIRROR.,oxide_glass,standard
HOYA-NBFD1,HOYA,NBFD1,NBFD1,Optical glass,Imported from HOYA-AGF-NZHAGEN-MIRROR.,oxide_glass,standard
HOYA-NBFD2,HOYA,NBFD2,NBFD2,Optical glass,Imported from HOYA-AGF-NZHAGEN-MIRROR.,oxide_glass,standard
HOYA-NBFD5,HOYA,NBFD5,NBFD5,Optical glass,Imported from HOYA-AGF-NZHAGEN-MIRROR.,oxide_glass,standard
HOYA-NBFD6,HOYA,NBFD6,NBFD6,Optical glass,Imported from HOYA-AGF-NZHAGEN-MIRROR.,oxide_glass,standard
HOYA-NBFD7,HOYA,NBFD7,NBFD7,Optical glass,Imported from HOYA-AGF-NZHAGEN-MIRROR.,oxide_glass,standard
HOYA-NBFD8,HOYA,NBFD8,NBFD8,Optical glass,Imported from HOYA-AGF-NZHAGEN-MIRROR.,oxide_glass,standard
HOYA-NBFD9,HOYA,NBFD9,NBFD9,Optical glass,Imported from HOYA-AGF-NZHAGEN-MIRROR.,oxide_glass,standard
HOYA-NBFD14,HOYA,NBFD14,NBFD14,Optical glass,Imported from HOYA-AGF-NZHAGEN-MIRROR.,oxide_glass,standard
HOYA-NBFD40,HOYA,NBFD40,NBFD40,Optical glass,Imported from HOYA-AGF-NZHAGEN-MIRROR.,oxide_glass,standard
HOYA-PC1,HOYA,PC1,PC1,Optical glass,Imported from HOYA-AGF-NZHAGEN-MIRROR.,oxide_glass,standard
HOYA-PC2,HOYA,PC2,PC2,Optical glass,Imported from HOYA-AGF-NZHAGEN-MIRROR.,oxide_glass,standard
HOYA-PC3,HOYA,PC3,PC3,Optical glass,Imported from HOYA-AGF-NZHAGEN-MIRROR.,oxide_glass,standard
HOYA-PCD2,HOYA,PCD2,PCD2,Optical glass,Imported from HOYA-AGF-NZHAGEN-MIRROR.,oxide_glass,standard
HOYA-PCD3,HOYA,PCD3,PCD3,Optical glass,Imported from HOYA-AGF-NZHAGEN-MIRROR.,oxide_glass,standard
HOYA-PCD5,HOYA,PCD5,PCD5,Optical glass,Imported from HOYA-AGF-NZHAGEN-MIRROR.,oxide_glass,standard
HOYA-PCD53,HOYA,PCD53,PCD53,Optical glass,Imported from HOYA-AGF-NZHAGEN-MIRROR.,oxide_glass,standard
HOYA-PCS1,HOYA,PCS1,PCS1,Optical glass,Imported from HOYA-AGF-NZHAGEN-MIRROR.,oxide_glass,standard
HOYA-SBF1,HOYA,SBF1,SBF1,Optical glass,Imported from HOYA-AGF-NZHAGEN-MIRROR.,oxide_glass,standard
HOYA-SBF2,HOYA,SBF2,SBF2,Optical glass,Imported from HOYA-AGF-NZHAGEN-MIRROR.,oxide_glass,standard
HOYA-SBF5,HOYA,SBF5,SBF5,Optical glass,Imported from HOYA-AGF-NZHAGEN-MIRROR.,oxide_glass,standard
HOYA-TAC1,HOYA,TAC1,TAC1,Optical glass,Imported from HOYA-AGF-NZHAGEN-MIRROR.,oxide_glass,standard
HOYA-TAFD5,HOYA,TAFD5,TAFD5,Optical glass,Imported from HOYA-AGF-NZHAGEN-MIRROR.,oxide_glass,standard
HOYA-TAFD6,HOYA,TAFD6,TAFD6,Optical glass,Imported from HOYA-AGF-NZHAGEN-MIRROR.,oxide_glass,standard
HOYA-TAFD9,HOYA,TAFD9,TAFD9,Optical glass,Imported from HOYA-AGF-NZHAGEN-MIRROR.,oxide_glass,standard
HOYA-TAFD10,HOYA,TAFD10,TAFD10,Optical glass,Imported from HOYA-AGF-NZHAGEN-MIRROR.,oxide_glass,standard
HOYA-TAFD13,HOYA,TAFD13,TAFD13,Optical glass,Imported from HOYA-AGF-NZHAGEN-MIRROR.,oxide_glass,standard
HOYA-TAFD17,HOYA,TAFD17,TAFD17,Optical glass,Imported from HOYA-AGF-NZHAGEN-MIRROR.,oxide_glass,standard
HOYA-TAFD20,HOYA,TAFD20,TAFD20,Optical glass,Imported from HOYA-AGF-NZHAGEN-MIRROR.,oxide_glass,standard
HOYA-TAFD21,HOYA,TAFD21,TAFD21,Optical glass,Imported from HOYA-AGF-NZHAGEN-MIRROR.,oxide_glass,standard
HOYA-TAFD31,HOYA,TAFD31,TAFD31,Optical glass,Imported from HOYA-AGF-NZHAGEN-MIRROR.,oxide_glass,standard
HOYA-TAFD43,HOYA,TAFD43,TAFD43,Optical glass,Imported from HOYA-AGF-NZHAGEN-MIRROR.,oxide_glass,standard
HOYA-ZNC1,HOYA,ZNC1,ZNC1,Optical glass,Imported from HOYA-AGF-NZHAGEN-MIRROR.,oxide_glass,standard
HOYA-ZNC7,HOYA,ZNC7,ZNC7,Optical glass,Imported from HOYA-AGF-NZHAGEN-MIRROR.,oxide_glass,standard
LZOS-LZ_BF1,LZOS,LZ_BF1,LZ_BF1,Optical glass,Imported from LZOS-AGF-NZHAGEN-MIRROR.,oxide_glass,standard
LZOS-LZ_BF7,LZOS,LZ_BF7,LZ_BF7,Optical glass,Imported from LZOS-AGF-NZHAGEN-MIRROR.,oxide_glass,standard
LZOS-LZ_BF8,LZOS,LZ_BF8,LZ_BF8,Optical glass,Imported from LZOS-AGF-NZHAGEN-MIRROR.,oxide_glass,standard
LZOS-LZ_BF11,LZOS,LZ_BF11,LZ_BF11,Optical glass,Imported from LZOS-AGF-NZHAGEN-MIRROR.,oxide_glass,standard
LZOS-LZ_BF16,LZOS,LZ_BF16,LZ_BF16,Optical glass,Imported from LZOS-AGF-NZHAGEN-MIRROR.,oxide_glass,standard
LZOS-LZ_BF21,LZOS,LZ_BF21,LZ_BF21,Optical glass,Imported from LZOS-AGF-NZHAGEN-MIRROR.,oxide_glass,standard
LZOS-LZ_BF24,LZOS,LZ_BF24,LZ_BF24,Optical glass,Imported from LZOS-AGF-NZHAGEN-MIRROR.,oxide_glass,standard
LZOS-LZ_BF25,LZOS,LZ_BF25,LZ_BF25,Optical glass,Imported from LZOS-AGF-NZHAGEN-MIRROR.,oxide_glass,standard
LZOS-LZ_BF28,LZOS,LZ_BF28,LZ_BF28,Optical glass,Imported from LZOS-AGF-NZHAGEN-MIRROR.,oxide_glass,standard
LZOS-LZ_BK4,LZOS,LZ_BK4,LZ_BK4,Borosilicate crown,Imported from LZOS-AGF-NZHAGEN-MIRROR.,oxide_glass,standard
LZOS-LZ_BK6,LZOS,LZ_BK6,LZ_BK6,Borosilicate crown,Imported from LZOS-AGF-NZHAGEN-MIRROR.,oxide_glass,standard
LZOS-LZ_BK8,LZOS,LZ_BK8,LZ_BK8,Borosilicate crown,Imported from LZOS-AGF-NZHAGEN-MIRROR.,oxide_glass,standard
LZOS-LZ_BK10,LZOS,LZ_BK10,LZ_BK10,Borosilicate crown,Imported from LZOS-AGF-NZHAGEN-MIRROR.,oxide_glass,standard
LZOS-LZ_CTK3,LZOS,LZ_CTK3,LZ_CTK3,Optical glass,Imported from LZOS-AGF-NZHAGEN-MIRROR.,oxide_glass,standard
LZOS-LZ_CTK8,LZOS,LZ_CTK8,LZ_CTK8,Optical glass,Imported from LZOS-AGF-NZHAGEN-MIRROR.,oxide_glass,standard
LZOS-LZ_CTK9,LZOS,LZ_CTK9,LZ_CTK9,Borosilicate crown,Imported from LZOS-AGF-NZHAGEN-MIRROR.,oxide_glass,standard
LZOS-LZ_CTK12,LZOS,LZ_CTK12,LZ_CTK12,Optical glass,Imported from LZOS-AGF-NZHAGEN-MIRROR.,oxide_glass,standard
LZOS-LZ_CTK19,LZOS,LZ_CTK19,LZ_CTK19,Optical glass,Imported from LZOS-AGF-NZHAGEN-MIRROR.,oxide_glass,standard
LZOS-LZ_F1,LZOS,LZ_F1,LZ_F1,Optical glass,Imported from LZOS-AGF-NZHAGEN-MIRROR.,oxide_glass,standard
LZOS-LZ_F4,LZOS,LZ_F4,LZ_F4,Optical glass,Imported from LZOS-AGF-NZHAGEN-MIRROR.,oxide_glass,standard
LZOS-LZ_F6,LZOS,LZ_F6,LZ_F6,Optical glass,Imported from LZOS-AGF-NZHAGEN-MIRROR.,oxide_glass,standard
LZOS-LZ_F8,LZOS,LZ_F8,LZ_F8,Optical glass,Imported from LZOS-AGF-NZHAGEN-MIRROR.,oxide_glass,standard
LZOS-LZ_F13,LZOS,LZ_F13,LZ_F13,Optical glass,Imported from LZOS-AGF-NZHAGEN-MIRROR.,oxide_glass,standard
LZOS-LZ_K8,LZOS,LZ_K8,LZ_K8,Optical glass,Imported from LZOS-AGF-NZHAGEN-MIRROR.,oxide_glass,standard
LZOS-LZ_K100,LZOS,LZ_K100,LZ_K100,Optical glass,Imported from LZOS-AGF-NZHAGEN-MIRROR.,oxide_glass,standard
LZOS-LZ_KF6,LZOS,LZ_KF6,LZ_KF6,Optical glass,Imported from LZOS-AGF-NZHAGEN-MIRROR.,oxide_glass,standard
LZOS-LZ_KF7,LZOS,LZ_KF7,LZ_KF7,Optical glass,Imported from LZOS-AGF-NZHAGEN-MIRROR.,oxide_glass,standard
LZOS-LZ_LF5,LZOS,LZ_LF5,LZ_LF5,Optical glass,Imported from LZOS-AGF-NZHAGEN-MIRROR.,oxide_glass,standard
LZOS-LZ_LF7,LZOS,LZ_LF7,LZ_LF7,Optical glass,Imported from LZOS-AGF-NZHAGEN-MIRROR.,oxide_glass,standard
LZOS-LZ_LF9,LZOS,LZ_LF9,LZ_LF9,Optical glass,Imported from LZOS-AGF-NZHAGEN-MIRROR.,oxide_glass,standard
LZOS-LZ_LK3,LZOS,LZ_LK3,LZ_LK3,Optical glass,Imported from LZOS-AGF-NZHAGEN-MIRROR.,oxide_glass,standard
LZOS-LZ_LK5,LZOS,LZ_LK5,LZ_LK5,Optical glass,Imported from LZOS-AGF-NZHAGEN-MIRROR.,oxide_glass,standard
LZOS-LZ_LK6,LZOS,LZ_LK6,LZ_LK6,Optical glass,Imported from LZOS-AGF-NZHAGEN-MIRROR.,oxide_glass,standard
LZOS-LZ_LK7,LZOS,LZ_LK7,LZ_LK7,Optical glass,Imported from LZOS-AGF-NZHAGEN-MIRROR.,oxide_glass,standard
LZOS-LZ_NEWGLASS,LZOS,LZ_NEWGLASS,LZ_NEWGLASS,Optical glass,Imported from LZOS-AGF-NZHAGEN-MIRROR.,oxide_glass,standard
LZOS-LZ_OF1,LZOS,LZ_OF1,LZ_OF1,Optical glass,Imported from LZOS-AGF-NZHAGEN-MIRROR.,oxide_glass,standard
LZOS-LZ_OK4,LZOS,LZ_OK4,LZ_OK4,Optical glass,Imported from LZOS-AGF-NZHAGEN-MIRROR.,oxide_glass,standard
LZOS-LZ_TBF10,LZOS,LZ_TBF10,LZ_TBF10,Optical glass,Imported from LZOS-AGF-NZHAGEN-MIRROR.,oxide_glass,standard
LZOS-LZ_TF1,LZOS,LZ_TF1,LZ_TF1,Optical glass,Imported from LZOS-AGF-NZHAGEN-MIRROR.,oxide_glass,standard
LZOS-LZ_TF2,LZOS,LZ_TF2,LZ_TF2,Optical glass,Imported from LZOS-AGF-NZHAGEN-MIRROR.,oxide_glass,standard
LZOS-LZ_TF3,LZOS,LZ_TF3,LZ_TF3,Optical glass,Imported from LZOS-AGF-NZHAGEN-MIRROR.,oxide_glass,standard
LZOS-LZ_TF4,LZOS,LZ_TF4,LZ_TF4,Optical glass,Imported from LZOS-AGF-NZHAGEN-MIRROR.,oxide_glass,standard
LZOS-LZ_TF5,LZOS,LZ_TF5,LZ_TF5,Optical glass,Imported from LZOS-AGF-NZHAGEN-MIRROR.,oxide_glass,standard
LZOS-LZ_TF7,LZOS,LZ_TF7,LZ_TF7,Optical glass,Imported from LZOS-AGF-NZHAGEN-MIRROR.,oxide_glass,standard
LZOS-LZ_TF8,LZOS,LZ_TF8,LZ_TF8,Optical glass,Imported from LZOS-AGF-NZHAGEN-MIRROR.,oxide_glass,standard
LZOS-LZ_TF10,LZOS,LZ_TF10,LZ_TF10,Optical glass,Imported from LZOS-AGF-NZHAGEN-MIRROR.,oxide_glass,standard
LZOS-LZ_TK2,LZOS,LZ_TK2,LZ_TK2,Optical glass,Imported from LZOS-AGF-NZHAGEN-MIRROR.,oxide_glass,standard
LZOS-LZ_TK9,LZOS,LZ_TK9,LZ_TK9,Borosilicate crown,Imported from LZOS-AGF-NZHAGEN-MIRROR.,oxide_glass,standard
LZOS-LZ_TK12,LZOS,LZ_TK12,LZ_TK12,Optical glass,Imported from LZOS-AGF-NZHAGEN-MIRROR.,oxide_glass,standard
LZOS-LZ_TK14,LZOS,LZ_TK14,LZ_TK14,Optical glass,Imported from LZOS-AGF-NZHAGEN-MIRROR.,oxide_glass,standard
LZOS-LZ_TK16,LZOS,LZ_TK16,LZ_TK16,Optical glass,Imported from LZOS-AGF-NZHAGEN-MIRROR.,oxide_glass,standard
LZOS-LZ_TK17,LZOS,LZ_TK17,LZ_TK17,Optical glass,Imported from LZOS-AGF-NZHAGEN-MIRROR.,oxide_glass,standard
LZOS-LZ_TK20,LZOS,LZ_TK20,LZ_TK20,Optical glass,Imported from LZOS-AGF-NZHAGEN-MIRROR.,oxide_glass,standard
LZOS-LZ_TK21,LZOS,LZ_TK21,LZ_TK21,Optical glass,Imported from LZOS-AGF-NZHAGEN-MIRROR.,oxide_glass,standard
LZOS-LZ_TK23,LZOS,LZ_TK23,LZ_TK23,Optical glass,Imported from LZOS-AGF-NZHAGEN-MIRROR.,oxide_glass,standard
NIKON-J-FK5,NIKON,J-FK5,J-FK5,Fluor crown,Imported from NIKON-AGF-NZHAGEN-MIRROR.,oxide_glass,standard
NIKON-J-FK01A,NIKON,J-FK01A,J-FK01A,Fluor crown,Imported from NIKON-AGF-NZHAGEN-MIRROR.,oxide_glass,standard
NIKON-J-FK01,NIKON,J-FK01,J-FK01,Fluor crown,Imported from NIKON-AGF-NZHAGEN-MIRROR.,oxide_glass,standard
NIKON-J-FKH1,NIKON,J-FKH1,J-FKH1,Fluor crown,Imported from NIKON-AGF-NZHAGEN-MIRROR.,oxide_glass,standard
NIKON-J-FKH2,NIKON,J-FKH2,J-FKH2,Fluor crown,Imported from NIKON-AGF-NZHAGEN-MIRROR.,oxide_glass,standard
NIKON-J-PKH1,NIKON,J-PKH1,J-PKH1,Optical glass,Imported from NIKON-AGF-NZHAGEN-MIRROR.,oxide_glass,standard
NIKON-J-PSK02,NIKON,J-PSK02,J-PSK02,Dense crown,Imported from NIKON-AGF-NZHAGEN-MIRROR.,oxide_glass,standard
NIKON-J-PSK03,NIKON,J-PSK03,J-PSK03,Dense crown,Imported from NIKON-AGF-NZHAGEN-MIRROR.,oxide_glass,standard
NIKON-J-PSKH1,NIKON,J-PSKH1,J-PSKH1,Dense crown,Imported from NIKON-AGF-NZHAGEN-MIRROR.,oxide_glass,standard
NIKON-J-PSKH4,NIKON,J-PSKH4,J-PSKH4,Dense crown,Imported from NIKON-AGF-NZHAGEN-MIRROR.,oxide_glass,standard
NIKON-J-BK7A,NIKON,J-BK7A,J-BK7A,Borosilicate crown,Imported from NIKON-AGF-NZHAGEN-MIRROR.,oxide_glass,standard
NIKON-J-BK7,NIKON,J-BK7,J-BK7,Borosilicate crown,Imported from NIKON-AGF-NZHAGEN-MIRROR.,oxide_glass,standard
NIKON-J-BAK1,NIKON,J-BAK1,J-BAK1,Barium crown,Imported from NIKON-AGF-NZHAGEN-MIRROR.,oxide_glass,standard
NIKON-J-BAK2,NIKON,J-BAK2,J-BAK2,Barium crown,Imported from NIKON-AGF-NZHAGEN-MIRROR.,oxide_glass,standard
NIKON-J-BAK4,NIKON,J-BAK4,J-BAK4,Barium crown,Imported from NIKON-AGF-NZHAGEN-MIRROR.,oxide_glass,standard
NIKON-J-K3,NIKON,J-K3,J-K3,Optical glass,Imported from NIKON-AGF-NZHAGEN-MIRROR.,oxide_glass,standard
NIKON-J-K5,NIKON,J-K5,J-K5,Optical glass,Imported from NIKON-AGF-NZHAGEN-MIRROR.,oxide_glass,standard
NIKON-J-KZFH1,NIKON,J-KZFH1,J-KZFH1,Dense flint,Imported from NIKON-AGF-NZHAGEN-MIRROR.,oxide_glass,standard
NIKON-J-KZFH4,NIKON,J-KZFH4,J-KZFH4,Dense flint,Imported from NIKON-AGF-NZHAGEN-MIRROR.,oxide_glass,standard
NIKON-J-KZFH6,NIKON,J-KZFH6,J-KZFH6,Dense flint,Imported from NIKON-AGF-NZHAGEN-MIRROR.,oxide_glass,standard
NIKON-J-KZFH7,NIKON,J-KZFH7,J-KZFH7,Dense flint,Imported from NIKON-AGF-NZHAGEN-MIRROR.,oxide_glass,standard
NIKON-J-KF6,NIKON,J-KF6,J-KF6,Optical glass,Imported from NIKON-AGF-NZHAGEN-MIRROR.,oxide_glass,standard
NIKON-J-BALF4,NIKON,J-BALF4,J-BALF4,Barium crown,Imported from NIKON-AGF-NZHAGEN-MIRROR.,oxide_glass,standard
NIKON-J-BAF3,NIKON,J-BAF3,J-BAF3,Barium flint,Imported from NIKON-AGF-NZHAGEN-MIRROR.,oxide_glass,standard
NIKON-J-BAF4,NIKON,J-BAF4,J-BAF4,Barium flint,Imported from NIKON-AGF-NZHAGEN-MIRROR.,oxide_glass,standard
NIKON-J-BAF8,NIKON,J-BAF8,J-BAF8,Barium flint,Imported from NIKON-AGF-NZHAGEN-MIRROR.,oxide_glass,standard
NIKON-J-BAF10,NIKON,J-BAF10,J-BAF10,Barium flint,Imported from NIKON-AGF-NZHAGEN-MIRROR.,oxide_glass,standard
NIKON-J-BAF11,NIKON,J-BAF11,J-BAF11,Barium flint,Imported from NIKON-AGF-NZHAGEN-MIRROR.,oxide_glass,standard
NIKON-J-BAF12,NIKON,J-BAF12,J-BAF12,Barium flint,Imported from NIKON-AGF-NZHAGEN-MIRROR.,oxide_glass,standard
NIKON-J-BASF2,NIKON,J-BASF2,J-BASF2,Dense flint,Imported from NIKON-AGF-NZHAGEN-MIRROR.,oxide_glass,standard
NIKON-J-BASF6,NIKON,J-BASF6,J-BASF6,Dense flint,Imported from NIKON-AGF-NZHAGEN-MIRROR.,oxide_glass,standard
NIKON-J-BASF7,NIKON,J-BASF7,J-BASF7,Dense flint,Imported from NIKON-AGF-NZHAGEN-MIRROR.,oxide_glass,standard
NIKON-J-BASF8,NIKON,J-BASF8,J-BASF8,Dense flint,Imported from NIKON-AGF-NZHAGEN-MIRROR.,oxide_glass,standard
NIKON-J-SK2,NIKON,J-SK2,J-SK2,Dense crown,Imported from NIKON-AGF-NZHAGEN-MIRROR.,oxide_glass,standard
NIKON-J-SK4,NIKON,J-SK4,J-SK4,Dense crown,Imported from NIKON-AGF-NZHAGEN-MIRROR.,oxide_glass,standard
NIKON-J-SK5,NIKON,J-SK5,J-SK5,Dense crown,Imported from NIKON-AGF-NZHAGEN-MIRROR.,oxide_glass,standard
NIKON-J-SK10,NIKON,J-SK10,J-SK10,Dense crown,Imported from NIKON-AGF-NZHAGEN-MIRROR.,oxide_glass,standard
NIKON-J-SK11,NIKON,J-SK11,J-SK11,Dense crown,Imported from NIKON-AGF-NZHAGEN-MIRROR.,oxide_glass,standard
NIKON-J-SK12,NIKON,J-SK12,J-SK12,Dense crown,Imported from NIKON-AGF-NZHAGEN-MIRROR.,oxide_glass,standard
NIKON-J-SK14,NIKON,J-SK14,J-SK14,Dense crown,Imported from NIKON-AGF-NZHAGEN-MIRROR.,oxide_glass,standard
NIKON-J-SK15,NIKON,J-SK15,J-SK15,Dense crown,Imported from NIKON-AGF-NZHAGEN-MIRROR.,oxide_glass,standard
NIKON-J-SK16,NIKON,J-SK16,J-SK16,Dense crown,Imported from NIKON-AGF-NZHAGEN-MIRROR.,oxide_glass,standard
NIKON-J-SK18,NIKON,J-SK18,J-SK18,Dense crown,Imported from NIKON-AGF-NZHAGEN-MIRROR.,oxide_glass,standard
NIKON-J-SSK1,NIKON,J-SSK1,J-SSK1,Dense crown,Imported from NIKON-AGF-NZHAGEN-MIRROR.,oxide_glass,standard
NIKON-J-SSK5,NIKON,J-SSK5,J-SSK5,Dense crown,Imported from NIKON-AGF-NZHAGEN-MIRROR.,oxide_glass,standard
NIKON-J-SSK8,NIKON,J-SSK8,J-SSK8,Dense crown,Imported from NIKON-AGF-NZHAGEN-MIRROR.,oxide_glass,standard
NIKON-J-LLF1,NIKON,J-LLF1,J-LLF1,Optical glass,Imported from NIKON-AGF-NZHAGEN-MIRROR.,oxide_glass,standard
NIKON-J-LLF2,NIKON,J-LLF2,J-LLF2,Optical glass,Imported from NIKON-AGF-NZHAGEN-MIRROR.,oxide_glass,standard
NIKON-J-LLF6,NIKON,J-LLF6,J-LLF6,Optical glass,Imported from NIKON-AGF-NZHAGEN-MIRROR.,oxide_glass,standard
NIKON-J-LF5,NIKON,J-LF5,J-LF5,Optical glass,Imported from NIKON-AGF-NZHAGEN-MIRROR.,oxide_glass,standard
NIKON-J-LF6,NIKON,J-LF6,J-LF6,Optical glass,Imported from NIKON-AGF-NZHAGEN-MIRROR.,oxide_glass,standard
NIKON-J-LF7,NIKON,J-LF7,J-LF7,Optical glass,Imported from NIKON-AGF-NZHAGEN-MIRROR.,oxide_glass,standard
NIKON-J-F1,NIKON,J-F1,J-F1,Optical glass,Imported from NIKON-AGF-NZHAGEN-MIRROR.,oxide_glass,standard
NIKON-J-F2,NIKON,J-F2,J-F2,Optical glass,Imported from NIKON-AGF-NZHAGEN-MIRROR.,oxide_glass,standard
NIKON-J-F3,NIKON,J-F3,J-F3,Optical glass,Imported from NIKON-AGF-NZHAGEN-MIRROR.,oxide_glass,standard
NIKON-J-F5,NIKON,J-F5,J-F5,Optical glass,Imported from NIKON-AGF-NZHAGEN-MIRROR.,oxide_glass,standard
NIKON-J-F8,NIKON,J-F8,J-F8,Optical glass,Imported from NIKON-AGF-NZHAGEN-MIRROR.,oxide_glass,standard
NIKON-J-F16,NIKON,J-F16,J-F16,Optical glass,Imported from NIKON-AGF-NZHAGEN-MIRROR.,oxide_glass,standard
NIKON-J-SF1,NIKON,J-SF1,J-SF1,Dense flint,Imported from NIKON-AGF-NZHAGEN-MIRROR.,oxide_glass,standard
NIKON-J-SF2,NIKON,J-SF2,J-SF2,Dense flint,Imported from NIKON-AGF-NZHAGEN-MIRROR.,oxide_glass,standard
NIKON-J-SF4,NIKON,J-SF4,J-SF4,Dense flint,Imported from NIKON-AGF-NZHAGEN-MIRROR.,oxide_glass,standard
NIKON-J-SF5,NIKON,J-SF5,J-SF5,Dense flint,Imported from NIKON-AGF-NZHAGEN-MIRROR.,oxide_glass,standard
NIKON-J-SF6,NIKON,J-SF6,J-SF6,Dense flint,Imported from NIKON-AGF-NZHAGEN-MIRROR.,oxide_glass,standard
NIKON-J-SF6HS,NIKON,J-SF6HS,J-SF6HS,Dense flint,Imported from NIKON-AGF-NZHAGEN-MIRROR.,oxide_glass,standard
NIKON-J-SF7,NIKON,J-SF7,J-SF7,Dense flint,Imported from NIKON-AGF-NZHAGEN-MIRROR.,oxide_glass,standard
NIKON-J-SF8,NIKON,J-SF8,J-SF8,Dense flint,Imported from NIKON-AGF-NZHAGEN-MIRROR.,oxide_glass,standard
NIKON-J-SF10,NIKON,J-SF10,J-SF10,Dense flint,Imported from NIKON-AGF-NZHAGEN-MIRROR.,oxide_glass,standard
NIKON-J-SF11,NIKON,J-SF11,J-SF11,Dense flint,Imported from NIKON-AGF-NZHAGEN-MIRROR.,oxide_glass,standard
NIKON-J-SF13,NIKON,J-SF13,J-SF13,Dense flint,Imported from NIKON-AGF-NZHAGEN-MIRROR.,oxide_glass,standard
NIKON-J-SF14,NIKON,J-SF14,J-SF14,Dense flint,Imported from NIKON-AGF-NZHAGEN-MIRROR.,oxide_glass,standard
NIKON-J-SF15,NIKON,J-SF15,J-SF15,Dense flint,Imported from NIKON-AGF-NZHAGEN-MIRROR.,oxide_glass,standard
NIKON-J-SF03,NIKON,J-SF03,J-SF03,Dense flint,Imported from NIKON-AGF-NZHAGEN-MIRROR.,oxide_glass,standard
NIKON-J-SF03HS,NIKON,J-SF03HS,J-SF03HS,Dense flint,Imported from NIKON-AGF-NZHAGEN-MIRROR.,oxide_glass,standard
NIKON-J-SFS3,NIKON,J-SFS3,J-SFS3,Dense flint,Imported from NIKON-AGF-NZHAGEN-MIRROR.,oxide_glass,standard
NIKON-J-SFH1,NIKON,J-SFH1,J-SFH1,Dense flint,Imported from NIKON-AGF-NZHAGEN-MIRROR.,oxide_glass,standard
NIKON-J-SFH2,NIKON,J-SFH2,J-SFH2,Dense flint,Imported from NIKON-AGF-NZHAGEN-MIRROR.,oxide_glass,standard
NIKON-J-LAK7,NIKON,J-LAK7,J-LAK7,Lanthanum crown,Imported from NIKON-AGF-NZHAGEN-MIRROR.,oxide_glass,standard
NIKON-J-LAK7R,NIKON,J-LAK7R,J-LAK7R,Lanthanum crown,Imported from NIKON-AGF-NZHAGEN-MIRROR.,oxide_glass,standard
NIKON-J-LAK8,NIKON,J-LAK8,J-LAK8,Lanthanum crown,Imported from NIKON-AGF-NZHAGEN-MIRROR.,oxide_glass,standard
NIKON-J-LAK9,NIKON,J-LAK9,J-LAK9,Lanthanum crown,Imported from NIKON-AGF-NZHAGEN-MIRROR.,oxide_glass,standard
NIKON-J-LAK10,NIKON,J-LAK10,J-LAK10,Lanthanum crown,Imported from NIKON-AGF-NZHAGEN-MIRROR.,oxide_glass,standard
NIKON-J-LAK12,NIKON,J-LAK12,J-LAK12,Lanthanum crown,Imported from NIKON-AGF-NZHAGEN-MIRROR.,oxide_glass,standard
NIKON-J-LAK13,NIKON,J-LAK13,J-LAK13,Lanthanum crown,Imported from NIKON-AGF-NZHAGEN-MIRROR.,oxide_glass,standard
NIKON-J-LAK14,NIKON,J-LAK14,J-LAK14,Lanthanum crown,Imported from NIKON-AGF-NZHAGEN-MIRROR.,oxide_glass,standard
NIKON-J-LAK18,NIKON,J-LAK18,J-LAK18,Lanthanum crown,Imported from NIKON-AGF-NZHAGEN-MIRROR.,oxide_glass,standard
NIKON-J-LAK01,NIKON,J-LAK01,J-LAK01,Lanthanum crown,Imported from NIKON-AGF-NZHAGEN-MIRROR.,oxide_glass,standard
NIKON-J-LAK02,NIKON,J-LAK02,J-LAK02,Lanthanum crown,Imported from NIKON-AGF-NZHAGEN-MIRROR.,oxide_glass,standard
NIKON-J-LAK04,NIKON,J-LAK04,J-LAK04,Lanthanum crown,Imported from NIKON-AGF-NZHAGEN-MIRROR.,oxide_glass,standard
NIKON-J-LAK06,NIKON,J-LAK06,J-LAK06,Lanthanum crown,Imported from NIKON-AGF-NZHAGEN-MIRROR.,oxide_glass,standard
NIKON-J-LAK09,NIKON,J-LAK09,J-LAK09,Lanthanum crown,Imported from NIKON-AGF-NZHAGEN-MIRROR.,oxide_glass,standard
NIKON-J-LAK011,NIKON,J-LAK011,J-LAK011,Lanthanum crown,Imported from NIKON-AGF-NZHAGEN-MIRROR.,oxide_glass,standard
NIKON-J-LASKH2,NIKON,J-LASKH2,J-LASKH2,Dense crown,Imported from NIKON-AGF-NZHAGEN-MIRROR.,oxide_glass,standard
NIKON-J-LAF2,NIKON,J-LAF2,J-LAF2,Lanthanum flint,Imported from NIKON-AGF-NZHAGEN-MIRROR.,oxide_glass,standard
NIKON-J-LAF3,NIKON,J-LAF3,J-LAF3,Lanthanum flint,Imported from NIKON-AGF-NZHAGEN-MIRROR.,oxide_glass,standard
NIKON-J-LAF7,NIKON,J-LAF7,J-LAF7,Lanthanum flint,Imported from NIKON-AGF-NZHAGEN-MIRROR.,oxide_glass,standard
NIKON-J-LAF01,NIKON,J-LAF01,J-LAF01,Lanthanum flint,Imported from NIKON-AGF-NZHAGEN-MIRROR.,oxide_glass,standard
NIKON-J-LAF02,NIKON,J-LAF02,J-LAF02,Lanthanum flint,Imported from NIKON-AGF-NZHAGEN-MIRROR.,oxide_glass,standard
NIKON-J-LAF04,NIKON,J-LAF04,J-LAF04,Lanthanum flint,Imported from NIKON-AGF-NZHAGEN-MIRROR.,oxide_glass,standard
NIKON-J-LAF05,NIKON,J-LAF05,J-LAF05,Lanthanum flint,Imported from NIKON-AGF-NZHAGEN-MIRROR.,oxide_glass,standard
NIKON-J-LAF09,NIKON,J-LAF09,J-LAF09,Lanthanum flint,Imported from NIKON-AGF-NZHAGEN-MIRROR.,oxide_glass,standard
NIKON-J-LAF010,NIKON,J-LAF010,J-LAF010,Lanthanum flint,Imported from NIKON-AGF-NZHAGEN-MIRROR.,oxide_glass,standard
NIKON-J-LAF016,NIKON,J-LAF016,J-LAF016,Lanthanum flint,Imported from NIKON-AGF-NZHAGEN-MIRROR.,oxide_glass,standard
NIKON-J-LAF016HS,NIKON,J-LAF016HS,J-LAF016HS,Lanthanum flint,Imported from NIKON-AGF-NZHAGEN-MIRROR.,oxide_glass,standard
NIKON-J-LAFH3,NIKON,J-LAFH3,J-LAFH3,Lanthanum flint,Imported from NIKON-AGF-NZHAGEN-MIRROR.,oxide_glass,standard
NIKON-J-LAFH3HS,NIKON,J-LAFH3HS,J-LAFH3HS,Lanthanum flint,Imported from NIKON-AGF-NZHAGEN-MIRROR.,oxide_glass,standard
NIKON-J-LASF01,NIKON,J-LASF01,J-LASF01,Dense flint,Imported from NIKON-AGF-NZHAGEN-MIRROR.,oxide_glass,standard
NIKON-J-LASF02,NIKON,J-LASF02,J-LASF02,Dense flint,Imported from NIKON-AGF-NZHAGEN-MIRROR.,oxide_glass,standard
NIKON-J-LASF03,NIKON,J-LASF03,J-LASF03,Dense flint,Imported from NIKON-AGF-NZHAGEN-MIRROR.,oxide_glass,standard
NIKON-J-LASF05,NIKON,J-LASF05,J-LASF05,Dense flint,Imported from NIKON-AGF-NZHAGEN-MIRROR.,oxide_glass,standard
NIKON-J-LASF05HS,NIKON,J-LASF05HS,J-LASF05HS,Dense flint,Imported from NIKON-AGF-NZHAGEN-MIRROR.,oxide_glass,standard
NIKON-J-LASF08,NIKON,J-LASF08,J-LASF08,Dense flint,Imported from NIKON-AGF-NZHAGEN-MIRROR.,oxide_glass,standard
NIKON-J-LASF08A,NIKON,J-LASF08A,J-LASF08A,Dense flint,Imported from NIKON-AGF-NZHAGEN-MIRROR.,oxide_glass,standard
NIKON-J-LASF09,NIKON,J-LASF09,J-LASF09,Dense flint,Imported from NIKON-AGF-NZHAGEN-MIRROR.,oxide_glass,standard
NIKON-J-LASF09A,NIKON,J-LASF09A,J-LASF09A,Dense flint,Imported from NIKON-AGF-NZHAGEN-MIRROR.,oxide_glass,standard
NIKON-J-LASF010,NIKON,J-LASF010,J-LASF010,Dense flint,Imported from NIKON-AGF-NZHAGEN-MIRROR.,oxide_glass,standard
NIKON-J-LASF013,NIKON,J-LASF013,J-LASF013,Dense flint,Imported from NIKON-AGF-NZHAGEN-MIRROR.,oxide_glass,standard
NIKON-J-LASF014,NIKON,J-LASF014,J-LASF014,Dense flint,Imported from NIKON-AGF-NZHAGEN-MIRROR.,oxide_glass,standard
NIKON-J-LASF015,NIKON,J-LASF015,J-LASF015,Dense flint,Imported from NIKON-AGF-NZHAGEN-MIRROR.,oxide_glass,standard
NIKON-J-LASF016,NIKON,J-LASF016,J-LASF016,Dense flint,Imported from NIKON-AGF-NZHAGEN-MIRROR.,oxide_glass,standard
NIKON-J-LASF017,NIKON,J-LASF017,J-LASF017,Dense flint,Imported from NIKON-AGF-NZHAGEN-MIRROR.,oxide_glass,standard
NIKON-J-LASF021,NIKON,J-LASF021,J-LASF021,Dense flint,Imported from NIKON-AGF-NZHAGEN-MIRROR.,oxide_glass,standard
NIKON-J-LASF021HS,NIKON,J-LASF021HS,J-LASF021HS,Dense flint,Imported from NIKON-AGF-NZHAGEN-MIRROR.,oxide_glass,standard
NIKON-J-LASFH2,NIKON,J-LASFH2,J-LASFH2,Dense flint,Imported from NIKON-AGF-NZHAGEN-MIRROR.,oxide_glass,standard
NIKON-J-LASFH6,NIKON,J-LASFH6,J-LASFH6,Dense flint,Imported from NIKON-AGF-NZHAGEN-MIRROR.,oxide_glass,standard
NIKON-J-LASFH9,NIKON,J-LASFH9,J-LASFH9,Dense flint,Imported from NIKON-AGF-NZHAGEN-MIRROR.,oxide_glass,standard
NIKON-J-LASFH9A,NIKON,J-LASFH9A,J-LASFH9A,Dense flint,Imported from NIKON-AGF-NZHAGEN-MIRROR.,oxide_glass,standard
NIKON-J-LASFH13,NIKON,J-LASFH13,J-LASFH13,Dense flint,Imported from NIKON-AGF-NZHAGEN-MIRROR.,oxide_glass,standard
NIKON-J-LASFH15,NIKON,J-LASFH15,J-LASFH15,Dense flint,Imported from NIKON-AGF-NZHAGEN-MIRROR.,oxide_glass,standard
NIKON-J-LASFH16,NIKON,J-LASFH16,J-LASFH16,Dense flint,Imported from NIKON-AGF-NZHAGEN-MIRROR.,oxide_glass,standard
NIKON-J-LASFH17,NIKON,J-LASFH17,J-LASFH17,Dense flint,Imported from NIKON-AGF-NZHAGEN-MIRROR.,oxide_glass,standard
NIKON-J-LASFH21,NIKON,J-LASFH21,J-LASFH21,Dense flint,Imported from NIKON-AGF-NZHAGEN-MIRROR.,oxide_glass,standard
NIKON-J-LASFH22,NIKON,J-LASFH22,J-LASFH22,Dense flint,Imported from NIKON-AGF-NZHAGEN-MIRROR.,oxide_glass,standard
NIKON-J-LASFH23,NIKON,J-LASFH23,J-LASFH23,Dense flint,Imported from NIKON-AGF-NZHAGEN-MIRROR.,oxide_glass,standard
NIKON-J-LASFH24,NIKON,J-LASFH24,J-LASFH24,Dense flint,Imported from NIKON-AGF-NZHAGEN-MIRROR.,oxide_glass,standard
NIKON-J-LASFH13HS,NIKON,J-LASFH13HS,J-LASFH13HS,Dense flint,Imported from NIKON-AGF-NZHAGEN-MIRROR.,oxide_glass,standard
NIKON-J-LASFH17HS,NIKON,J-LASFH17HS,J-LASFH17HS,Dense flint,Imported from NIKON-AGF-NZHAGEN-MIRROR.,oxide_glass,standard
NIKON-J-LASFH24HS,NIKON,J-LASFH24HS,J-LASFH24HS,Dense flint,Imported from NIKON-AGF-NZHAGEN-MIRROR.,oxide_glass,standard
NIKON-Q-FK01AS,NIKON,Q-FK01AS,Q-FK01AS,Fluor crown,Imported from NIKON-AGF-NZHAGEN-MIRROR.,oxide_glass,standard
NIKON-Q-FKH1S,NIKON,Q-FKH1S,Q-FKH1S,Fluor crown,Imported from NIKON-AGF-NZHAGEN-MIRROR.,oxide_glass,standard
NIKON-Q-FKH2S,NIKON,Q-FKH2S,Q-FKH2S,Fluor crown,Imported from NIKON-AGF-NZHAGEN-MIRROR.,oxide_glass,standard
NIKON-Q-PSKH1S,NIKON,Q-PSKH1S,Q-PSKH1S,Dense crown,Imported from NIKON-AGF-NZHAGEN-MIRROR.,oxide_glass,standard
NIKON-Q-PSKH2S,NIKON,Q-PSKH2S,Q-PSKH2S,Dense crown,Imported from NIKON-AGF-NZHAGEN-MIRROR.,oxide_glass,standard
NIKON-Q-PSKH4S,NIKON,Q-PSKH4S,Q-PSKH4S,Dense crown,Imported from NIKON-AGF-NZHAGEN-MIRROR.,oxide_glass,standard
NIKON-Q-SK15S,NIKON,Q-SK15S,Q-SK15S,Dense crown,Imported from NIKON-AGF-NZHAGEN-MIRROR.,oxide_glass,standard
NIKON-Q-SK52S,NIKON,Q-SK52S,Q-SK52S,Dense crown,Imported from NIKON-AGF-NZHAGEN-MIRROR.,oxide_glass,standard
NIKON-Q-SK55S,NIKON,Q-SK55S,Q-SK55S,Dense crown,Imported from NIKON-AGF-NZHAGEN-MIRROR.,oxide_glass,standard
NIKON-Q-SF6S,NIKON,Q-SF6S,Q-SF6S,Dense flint,Imported from NIKON-AGF-NZHAGEN-MIRROR.,oxide_glass,standard
NIKON-Q-LAK52S,NIKON,Q-LAK52S,Q-LAK52S,Lanthanum crown,Imported from NIKON-AGF-NZHAGEN-MIRROR.,oxide_glass,standard
NIKON-Q-LAK53S,NIKON,Q-LAK53S,Q-LAK53S,Lanthanum crown,Imported from NIKON-AGF-NZHAGEN-MIRROR.,oxide_glass,standard
NIKON-Q-LAF010S,NIKON,Q-LAF010S,Q-LAF010S,Lanthanum flint,Imported from NIKON-AGF-NZHAGEN-MIRROR.,oxide_glass,standard
NIKON-Q-LAFPH1S,NIKON,Q-LAFPH1S,Q-LAFPH1S,Lanthanum flint,Imported from NIKON-AGF-NZHAGEN-MIRROR.,oxide_glass,standard
NIKON-Q-LASF03S,NIKON,Q-LASF03S,Q-LASF03S,Dense flint,Imported from NIKON-AGF-NZHAGEN-MIRROR.,oxide_glass,standard
NIKON-Q-LASFH11S,NIKON,Q-LASFH11S,Q-LASFH11S,Dense flint,Imported from NIKON-AGF-NZHAGEN-MIRROR.,oxide_glass,standard
NIKON-Q-LASFH12S,NIKON,Q-LASFH12S,Q-LASFH12S,Dense flint,Imported from NIKON-AGF-NZHAGEN-MIRROR.,oxide_glass,standard
NIKON-Q-LASFH58S,NIKON,Q-LASFH58S,Q-LASFH58S,Dense flint,Imported from NIKON-AGF-NZHAGEN-MIRROR.,oxide_glass,standard
NIKON-Q-LASFH59S,NIKON,Q-LASFH59S,Q-LASFH59S,Dense flint,Imported from NIKON-AGF-NZHAGEN-MIRROR.,oxide_glass,standard
NIKON-Q-LASFPH2S,NIKON,Q-LASFPH2S,Q-LASFPH2S,Dense flint,Imported from NIKON-AGF-NZHAGEN-MIRROR.,oxide_glass,standard
NIKON-Q-LASFPH3S,NIKON,Q-LASFPH3S,Q-LASFPH3S,Dense flint,Imported from NIKON-AGF-NZHAGEN-MIRROR.,oxide_glass,standard
NIKON-Q-FK01S,NIKON,Q-FK01S,Q-FK01S,Fluor crown,Imported from NIKON-AGF-NZHAGEN-MIRROR.,oxide_glass,standard
NIKON-Q-LAK13S,NIKON,Q-LAK13S,Q-LAK13S,Lanthanum crown,Imported from NIKON-AGF-NZHAGEN-MIRROR.,oxide_glass,standard
NIKON-Q-LASFH18S,NIKON,Q-LASFH18S,Q-LASFH18S,Dense flint,Imported from NIKON-AGF-NZHAGEN-MIRROR.,oxide_glass,standard
NIKON-Q-LASFH19S,NIKON,Q-LASFH19S,Q-LASFH19S,Dense flint,Imported from NIKON-AGF-NZHAGEN-MIRROR.,oxide_glass,standard
NIKON-Q-SK5S,NIKON,Q-SK5S,Q-SK5S,Dense crown,Imported from NIKON-AGF-NZHAGEN-MIRROR.,oxide_glass,standard
NIKON-Q-SK12S,NIKON,Q-SK12S,Q-SK12S,Dense crown,Imported from NIKON-AGF-NZHAGEN-MIRROR.,oxide_glass,standard
NIKON-E-FK5,NIKON,E-FK5,E-FK5,Fluor crown,Imported from NIKON-AGF-NZHAGEN-MIRROR.,oxide_glass,standard
NIKON-E-FK01,NIKON,E-FK01,E-FK01,Fluor crown,Imported from NIKON-AGF-NZHAGEN-MIRROR.,oxide_glass,standard
NIKON-E-FKH1,NIKON,E-FKH1,E-FKH1,Fluor crown,Imported from NIKON-AGF-NZHAGEN-MIRROR.,oxide_glass,standard
NIKON-E-FKH2,NIKON,E-FKH2,E-FKH2,Fluor crown,Imported from NIKON-AGF-NZHAGEN-MIRROR.,oxide_glass,standard
NIKON-E-BK7,NIKON,E-BK7,E-BK7,Borosilicate crown,Imported from NIKON-AGF-NZHAGEN-MIRROR.,oxide_glass,standard
NIKON-E-BAK1,NIKON,E-BAK1,E-BAK1,Barium crown,Imported from NIKON-AGF-NZHAGEN-MIRROR.,oxide_glass,standard
NIKON-E-BAK2,NIKON,E-BAK2,E-BAK2,Barium crown,Imported from NIKON-AGF-NZHAGEN-MIRROR.,oxide_glass,standard
NIKON-E-BAK1-MOLD4,NIKON,E-BAK1,E-BAK1,Barium crown,Imported from NIKON-AGF-NZHAGEN-MIRROR.,oxide_glass,standard
NIKON-E-BAK2-MOLD4,NIKON,E-BAK2,E-BAK2,Barium crown,Imported from NIKON-AGF-NZHAGEN-MIRROR.,oxide_glass,standard
NIKON-E-BAK4,NIKON,E-BAK4,E-BAK4,Barium crown,Imported from NIKON-AGF-NZHAGEN-MIRROR.,oxide_glass,standard
NIKON-E-BAK4-MOLD3,NIKON,E-BAK4,E-BAK4,Barium crown,Imported from NIKON-AGF-NZHAGEN-MIRROR.,oxide_glass,standard
NIKON-E-K3,NIKON,E-K3,E-K3,Optical glass,Imported from NIKON-AGF-NZHAGEN-MIRROR.,oxide_glass,standard
NIKON-E-K5,NIKON,E-K5,E-K5,Optical glass,Imported from NIKON-AGF-NZHAGEN-MIRROR.,oxide_glass,standard
NIKON-E-KZFH1,NIKON,E-KZFH1,E-KZFH1,Dense flint,Imported from NIKON-AGF-NZHAGEN-MIRROR.,oxide_glass,standard
NIKON-E-KF6,NIKON,E-KF6,E-KF6,Optical glass,Imported from NIKON-AGF-NZHAGEN-MIRROR.,oxide_glass,standard
NIKON-E-BALF4,NIKON,E-BALF4,E-BALF4,Barium crown,Imported from NIKON-AGF-NZHAGEN-MIRROR.,oxide_glass,standard
NIKON-E-BAF3,NIKON,E-BAF3,E-BAF3,Barium flint,Imported from NIKON-AGF-NZHAGEN-MIRROR.,oxide_glass,standard
NIKON-E-BAF4,NIKON,E-BAF4,E-BAF4,Barium flint,Imported from NIKON-AGF-NZHAGEN-MIRROR.,oxide_glass,standard
NIKON-E-BAF8,NIKON,E-BAF8,E-BAF8,Barium flint,Imported from NIKON-AGF-NZHAGEN-MIRROR.,oxide_glass,standard
NIKON-E-BAF10,NIKON,E-BAF10,E-BAF10,Barium flint,Imported from NIKON-AGF-NZHAGEN-MIRROR.,oxide_glass,standard
NIKON-E-BAF11,NIKON,E-BAF11,E-BAF11,Barium flint,Imported from NIKON-AGF-NZHAGEN-MIRROR.,oxide_glass,standard
NIKON-E-BAF12,NIKON,E-BAF12,E-BAF12,Barium flint,Imported from NIKON-AGF-NZHAGEN-MIRROR.,oxide_glass,standard
NIKON-E-BASF2,NIKON,E-BASF2,E-BASF2,Dense flint,Imported from NIKON-AGF-NZHAGEN-MIRROR.,oxide_glass,standard
NIKON-E-BASF6,NIKON,E-BASF6,E-BASF6,Dense flint,Imported from NIKON-AGF-NZHAGEN-MIRROR.,oxide_glass,standard
NIKON-E-BASF7,NIKON,E-BASF7,E-BASF7,Dense flint,Imported from NIKON-AGF-NZHAGEN-MIRROR.,oxide_glass,standard
NIKON-E-BASF8,NIKON,E-BASF8,E-BASF8,Dense flint,Imported from NIKON-AGF-NZHAGEN-MIRROR.,oxide_glass,standard
NIKON-E-LLF1,NIKON,E-LLF1,E-LLF1,Optical glass,Imported from NIKON-AGF-NZHAGEN-MIRROR.,oxide_glass,standard
NIKON-E-LLF2,NIKON,E-LLF2,E-LLF2,Optical glass,Imported from NIKON-AGF-NZHAGEN-MIRROR.,oxide_glass,standard
NIKON-E-LLF6,NIKON,E-LLF6,E-LLF6,Optical glass,Imported from NIKON-AGF-NZHAGEN-MIRROR.,oxide_glass,standard
NIKON-E-LF5,NIKON,E-LF5,E-LF5,Optical glass,Imported from NIKON-AGF-NZHAGEN-MIRROR.,oxide_glass,standard
NIKON-E-LF6,NIKON,E-LF6,E-LF6,Optical glass,Imported from NIKON-AGF-NZHAGEN-MIRROR.,oxide_glass,standard
NIKON-E-LF7,NIKON,E-LF7,E-LF7,Optical glass,Imported from NIKON-AGF-NZHAGEN-MIRROR.,oxide_glass,standard
NIKON-E-PKH1,NIKON,E-PKH1,E-PKH1,Optical glass,Imported from NIKON-AGF-NZHAGEN-MIRROR.,oxide_glass,standard
NIKON-E-F1,NIKON,E-F1,E-F1,Optical glass,Imported from NIKON-AGF-NZHAGEN-MIRROR.,oxide_glass,standard
NIKON-E-F2,NIKON,E-F2,E-F2,Optical glass,Imported from NIKON-AGF-NZHAGEN-MIRROR.,oxide_glass,standard
NIKON-E-F2-MOLD0,NIKON,E-F2,E-F2,Optical glass,Imported from NIKON-AGF-NZHAGEN-MIRROR.,oxide_glass,standard
NIKON-E-F3,NIKON,E-F3,E-F3,Optical glass,Imported from NIKON-AGF-NZHAGEN-MIRROR.,oxide_glass,standard
NIKON-E-F5,NIKON,E-F5,E-F5,Optical glass,Imported from NIKON-AGF-NZHAGEN-MIRROR.,oxide_glass,standard
NIKON-E-F8,NIKON,E-F8,E-F8,Optical glass,Imported from NIKON-AGF-NZHAGEN-MIRROR.,oxide_glass,standard
NIKON-E-F16,NIKON,E-F16,E-F16,Optical glass,Imported from NIKON-AGF-NZHAGEN-MIRROR.,oxide_glass,standard
NIKON-E-SF1,NIKON,E-SF1,E-SF1,Dense flint,Imported from NIKON-AGF-NZHAGEN-MIRROR.,oxide_glass,standard
NIKON-E-SF2,NIKON,E-SF2,E-SF2,Dense flint,Imported from NIKON-AGF-NZHAGEN-MIRROR.,oxide_glass,standard
NIKON-E-SF03,NIKON,E-SF03,E-SF03,Dense flint,Imported from NIKON-AGF-NZHAGEN-MIRROR.,oxide_glass,standard
NIKON-E-SFS3,NIKON,E-SFS3,E-SFS3,Dense flint,Imported from NIKON-AGF-NZHAGEN-MIRROR.,oxide_glass,standard
NIKON-E-SFH1,NIKON,E-SFH1,E-SFH1,Dense flint,Imported from NIKON-AGF-NZHAGEN-MIRROR.,oxide_glass,standard
NIKON-E-SFH2,NIKON,E-SFH2,E-SFH2,Dense flint,Imported from NIKON-AGF-NZHAGEN-MIRROR.,oxide_glass,standard
NIKON-E-LAK7,NIKON,E-LAK7,E-LAK7,Lanthanum crown,Imported from NIKON-AGF-NZHAGEN-MIRROR.,oxide_glass,standard
NIKON-E-LAK8,NIKON,E-LAK8,E-LAK8,Lanthanum crown,Imported from NIKON-AGF-NZHAGEN-MIRROR.,oxide_glass,standard
NIKON-E-LAK09,NIKON,E-LAK09,E-LAK09,Lanthanum crown,Imported from NIKON-AGF-NZHAGEN-MIRROR.,oxide_glass,standard
NIKON-E-LAK9,NIKON,E-LAK9,E-LAK9,Lanthanum crown,Imported from NIKON-AGF-NZHAGEN-MIRROR.,oxide_glass,standard
NIKON-E-LAK10,NIKON,E-LAK10,E-LAK10,Lanthanum crown,Imported from NIKON-AGF-NZHAGEN-MIRROR.,oxide_glass,standard
NIKON-E-LAK011,NIKON,E-LAK011,E-LAK011,Lanthanum crown,Imported from NIKON-AGF-NZHAGEN-MIRROR.,oxide_glass,standard
NIKON-E-LAK12,NIKON,E-LAK12,E-LAK12,Lanthanum crown,Imported from NIKON-AGF-NZHAGEN-MIRROR.,oxide_glass,standard
NIKON-E-LAK13,NIKON,E-LAK13,E-LAK13,Lanthanum crown,Imported from NIKON-AGF-NZHAGEN-MIRROR.,oxide_glass,standard
NIKON-E-LAK14,NIKON,E-LAK14,E-LAK14,Lanthanum crown,Imported from NIKON-AGF-NZHAGEN-MIRROR.,oxide_glass,standard
NIKON-E-LAK18,NIKON,E-LAK18,E-LAK18,Lanthanum crown,Imported from NIKON-AGF-NZHAGEN-MIRROR.,oxide_glass,standard
NIKON-E-LAK01,NIKON,E-LAK01,E-LAK01,Lanthanum crown,Imported from NIKON-AGF-NZHAGEN-MIRROR.,oxide_glass,standard
NIKON-E-LAK02,NIKON,E-LAK02,E-LAK02,Lanthanum crown,Imported from NIKON-AGF-NZHAGEN-MIRROR.,oxide_glass,standard
NIKON-E-LAK04,NIKON,E-LAK04,E-LAK04,Lanthanum crown,Imported from NIKON-AGF-NZHAGEN-MIRROR.,oxide_glass,standard
NIKON-E-LAK06,NIKON,E-LAK06,E-LAK06,Lanthanum crown,Imported from NIKON-AGF-NZHAGEN-MIRROR.,oxide_glass,standard
NIKON-E-LASKH2,NIKON,E-LASKH2,E-LASKH2,Dense crown,Imported from NIKON-AGF-NZHAGEN-MIRROR.,oxide_glass,standard
NIKON-E-LAF2,NIKON,E-LAF2,E-LAF2,Lanthanum flint,Imported from NIKON-AGF-NZHAGEN-MIRROR.,oxide_glass,standard
NIKON-E-LAF3,NIKON,E-LAF3,E-LAF3,Lanthanum flint,Imported from NIKON-AGF-NZHAGEN-MIRROR.,oxide_glass,standard
NIKON-E-LAF7,NIKON,E-LAF7,E-LAF7,Lanthanum flint,Imported from NIKON-AGF-NZHAGEN-MIRROR.,oxide_glass,standard
NIKON-E-LAF01,NIKON,E-LAF01,E-LAF01,Lanthanum flint,Imported from NIKON-AGF-NZHAGEN-MIRROR.,oxide_glass,standard
NIKON-E-LAF02,NIKON,E-LAF02,E-LAF02,Lanthanum flint,Imported from NIKON-AGF-NZHAGEN-MIRROR.,oxide_glass,standard
NIKON-E-LAF04,NIKON,E-LAF04,E-LAF04,Lanthanum flint,Imported from NIKON-AGF-NZHAGEN-MIRROR.,oxide_glass,standard
NIKON-E-LAF05,NIKON,E-LAF05,E-LAF05,Lanthanum flint,Imported from NIKON-AGF-NZHAGEN-MIRROR.,oxide_glass,standard
NIKON-E-LAF09,NIKON,E-LAF09,E-LAF09,Lanthanum flint,Imported from NIKON-AGF-NZHAGEN-MIRROR.,oxide_glass,standard
NIKON-E-LAF9,NIKON,E-LAF9,E-LAF9,Lanthanum flint,Imported from NIKON-AGF-NZHAGEN-MIRROR.,oxide_glass,standard
NIKON-E-LAF010,NIKON,E-LAF010,E-LAF010,Lanthanum flint,Imported from NIKON-AGF-NZHAGEN-MIRROR.,oxide_glass,standard
NIKON-E-LAF11,NIKON,E-LAF11,E-LAF11,Lanthanum flint,Imported from NIKON-AGF-NZHAGEN-MIRROR.,oxide_glass,standard
NIKON-E-LAF016,NIKON,E-LAF016,E-LAF016,Lanthanum flint,Imported from NIKON-AGF-NZHAGEN-MIRROR.,oxide_glass,standard
NIKON-E-LAFH2,NIKON,E-LAFH2,E-LAFH2,Lanthanum flint,Imported from NIKON-AGF-NZHAGEN-MIRROR.,oxide_glass,standard
NIKON-E-LAFH3,NIKON,E-LAFH3,E-LAFH3,Lanthanum flint,Imported from NIKON-AGF-NZHAGEN-MIRROR.,oxide_glass,standard
NIKON-E-LASF01,NIKON,E-LASF01,E-LASF01,Dense flint,Imported from NIKON-AGF-NZHAGEN-MIRROR.,oxide_glass,standard
NIKON-E-LASF02,NIKON,E-LASF02,E-LASF02,Dense flint,Imported from NIKON-AGF-NZHAGEN-MIRROR.,oxide_glass,standard
NIKON-E-LASF03,NIKON,E-LASF03,E-LASF03,Dense flint,Imported from NIKON-AGF-NZHAGEN-MIRROR.,oxide_glass,standard
NIKON-E-LASF04,NIKON,E-LASF04,E-LASF04,Dense flint,Imported from NIKON-AGF-NZHAGEN-MIRROR.,oxide_glass,standard
NIKON-E-LASF05,NIKON,E-LASF05,E-LASF05,Dense flint,Imported from NIKON-AGF-NZHAGEN-MIRROR.,oxide_glass,standard
NIKON-E-LASF08,NIKON,E-LASF08,E-LASF08,Dense flint,Imported from NIKON-AGF-NZHAGEN-MIRROR.,oxide_glass,standard
NIKON-E-LASF09,NIKON,E-LASF09,E-LASF09,Dense flint,Imported from NIKON-AGF-NZHAGEN-MIRROR.,oxide_glass,standard
NIKON-E-LASF010,NIKON,E-LASF010,E-LASF010,Dense flint,Imported from NIKON-AGF-NZHAGEN-MIRROR.,oxide_glass,standard
NIKON-E-LASF013,NIKON,E-LASF013,E-LASF013,Dense flint,Imported from NIKON-AGF-NZHAGEN-MIRROR.,oxide_glass,standard
NIKON-E-LASF014,NIKON,E-LASF014,E-LASF014,Dense flint,Imported from NIKON-AGF-NZHAGEN-MIRROR.,oxide_glass,standard
NIKON-E-LASF015,NIKON,E-LASF015,E-LASF015,Dense flint,Imported from NIKON-AGF-NZHAGEN-MIRROR.,oxide_glass,standard
NIKON-E-LASF016,NIKON,E-LASF016,E-LASF016,Dense flint,Imported from NIKON-AGF-NZHAGEN-MIRROR.,oxide_glass,standard
NIKON-E-LASF017,NIKON,E-LASF017,E-LASF017,Dense flint,Imported from NIKON-AGF-NZHAGEN-MIRROR.,oxide_glass,standard
NIKON-E-LASF021,NIKON,E-LASF021,E-LASF021,Dense flint,Imported from NIKON-AGF-NZHAGEN-MIRROR.,oxide_glass,standard
NIKON-E-LASFH2,NIKON,E-LASFH2,E-LASFH2,Dense flint,Imported from NIKON-AGF-NZHAGEN-MIRROR.,oxide_glass,standard
NIKON-E-LASFH6,NIKON,E-LASFH6,E-LASFH6,Dense flint,Imported from NIKON-AGF-NZHAGEN-MIRROR.,oxide_glass,standard
NIKON-E-LASFH9,NIKON,E-LASFH9,E-LASFH9,Dense flint,Imported from NIKON-AGF-NZHAGEN-MIRROR.,oxide_glass,standard
NIKON-E-LASFH13,NIKON,E-LASFH13,E-LASFH13,Dense flint,Imported from NIKON-AGF-NZHAGEN-MIRROR.,oxide_glass,standard
NIKON-E-LASFH15,NIKON,E-LASFH15,E-LASFH15,Dense flint,Imported from NIKON-AGF-NZHAGEN-MIRROR.,oxide_glass,standard
NIKON-E-LASFH17,NIKON,E-LASFH17,E-LASFH17,Dense flint,Imported from NIKON-AGF-NZHAGEN-MIRROR.,oxide_glass,standard
NIKON-E-LAKH1,NIKON,E-LAKH1,E-LAKH1,Lanthanum crown,Imported from NIKON-AGF-NZHAGEN-MIRROR.,oxide_glass,standard
NIKON-E-PSK02,NIKON,E-PSK02,E-PSK02,Dense crown,Imported from NIKON-AGF-NZHAGEN-MIRROR.,oxide_glass,standard
NIKON-E-PSK03,NIKON,E-PSK03,E-PSK03,Dense crown,Imported from NIKON-AGF-NZHAGEN-MIRROR.,oxide_glass,standard
NIKON-E-PSKH1,NIKON,E-PSKH1,E-PSKH1,Dense crown,Imported from NIKON-AGF-NZHAGEN-MIRROR.,oxide_glass,standard
NIKON-E-SF4,NIKON,E-SF4,E-SF4,Dense flint,Imported from NIKON-AGF-NZHAGEN-MIRROR.,oxide_glass,standard
NIKON-E-SF5,NIKON,E-SF5,E-SF5,Dense flint,Imported from NIKON-AGF-NZHAGEN-MIRROR.,oxide_glass,standard
NIKON-E-SF6,NIKON,E-SF6,E-SF6,Dense flint,Imported from NIKON-AGF-NZHAGEN-MIRROR.,oxide_glass,standard
NIKON-E-SF7,NIKON,E-SF7,E-SF7,Dense flint,Imported from NIKON-AGF-NZHAGEN-MIRROR.,oxide_glass,standard
NIKON-E-SF8,NIKON,E-SF8,E-SF8,Dense flint,Imported from NIKON-AGF-NZHAGEN-MIRROR.,oxide_glass,standard
NIKON-E-SF10,NIKON,E-SF10,E-SF10,Dense flint,Imported from NIKON-AGF-NZHAGEN-MIRROR.,oxide_glass,standard
NIKON-E-SF11,NIKON,E-SF11,E-SF11,Dense flint,Imported from NIKON-AGF-NZHAGEN-MIRROR.,oxide_glass,standard
NIKON-E-SF13,NIKON,E-SF13,E-SF13,Dense flint,Imported from NIKON-AGF-NZHAGEN-MIRROR.,oxide_glass,standard
NIKON-E-SF14,NIKON,E-SF14,E-SF14,Dense flint,Imported from NIKON-AGF-NZHAGEN-MIRROR.,oxide_glass,standard
NIKON-E-SF15,NIKON,E-SF15,E-SF15,Dense flint,Imported from NIKON-AGF-NZHAGEN-MIRROR.,oxide_glass,standard
NIKON-E-SK2,NIKON,E-SK2,E-SK2,Dense crown,Imported from NIKON-AGF-NZHAGEN-MIRROR.,oxide_glass,standard
NIKON-E-SK4,NIKON,E-SK4,E-SK4,Dense crown,Imported from NIKON-AGF-NZHAGEN-MIRROR.,oxide_glass,standard
NIKON-E-SK5,NIKON,E-SK5,E-SK5,Dense crown,Imported from NIKON-AGF-NZHAGEN-MIRROR.,oxide_glass,standard
NIKON-E-SK10,NIKON,E-SK10,E-SK10,Dense crown,Imported from NIKON-AGF-NZHAGEN-MIRROR.,oxide_glass,standard
NIKON-E-SK11,NIKON,E-SK11,E-SK11,Dense crown,Imported from NIKON-AGF-NZHAGEN-MIRROR.,oxide_glass,standard
NIKON-E-SK12,NIKON,E-SK12,E-SK12,Dense crown,Imported from NIKON-AGF-NZHAGEN-MIRROR.,oxide_glass,standard
NIKON-E-SK14,NIKON,E-SK14,E-SK14,Dense crown,Imported from NIKON-AGF-NZHAGEN-MIRROR.,oxide_glass,standard
NIKON-E-SK15,NIKON,E-SK15,E-SK15,Dense crown,Imported from NIKON-AGF-NZHAGEN-MIRROR.,oxide_glass,standard
NIKON-E-SK16,NIKON,E-SK16,E-SK16,Dense crown,Imported from NIKON-AGF-NZHAGEN-MIRROR.,oxide_glass,standard
NIKON-E-SK18,NIKON,E-SK18,E-SK18,Dense crown,Imported from NIKON-AGF-NZHAGEN-MIRROR.,oxide_glass,standard
NIKON-E-SSK1,NIKON,E-SSK1,E-SSK1,Dense crown,Imported from NIKON-AGF-NZHAGEN-MIRROR.,oxide_glass,standard
NIKON-E-SSK5,NIKON,E-SSK5,E-SSK5,Dense crown,Imported from NIKON-AGF-NZHAGEN-MIRROR.,oxide_glass,standard
NIKON-E-SSK8,NIKON,E-SSK8,E-SSK8,Dense crown,Imported from NIKON-AGF-NZHAGEN-MIRROR.,oxide_glass,standard
NIKON-P-FK01S,NIKON,P-FK01S,P-FK01S,Fluor crown,Imported from NIKON-AGF-NZHAGEN-MIRROR.,oxide_glass,standard
NIKON-P-FKH2S,NIKON,P-FKH2S,P-FKH2S,Fluor crown,Imported from NIKON-AGF-NZHAGEN-MIRROR.,oxide_glass,standard
NIKON-P-LAF010S,NIKON,P-LAF010S,P-LAF010S,Lanthanum flint,Imported from NIKON-AGF-NZHAGEN-MIRROR.,oxide_glass,standard
NIKON-P-LAK13S,NIKON,P-LAK13S,P-LAK13S,Lanthanum crown,Imported from NIKON-AGF-NZHAGEN-MIRROR.,oxide_glass,standard
NIKON-P-LASF03S,NIKON,P-LASF03S,P-LASF03S,Dense flint,Imported from NIKON-AGF-NZHAGEN-MIRROR.,oxide_glass,standard
NIKON-P-LASFH11S,NIKON,P-LASFH11S,P-LASFH11S,Dense flint,Imported from NIKON-AGF-NZHAGEN-MIRROR.,oxide_glass,standard
NIKON-P-LASFH12S,NIKON,P-LASFH12S,P-LASFH12S,Dense flint,Imported from NIKON-AGF-NZHAGEN-MIRROR.,oxide_glass,standard
NIKON-P-LASFH18S,NIKON,P-LASFH18S,P-LASFH18S,Dense flint,Imported from NIKON-AGF-NZHAGEN-MIRROR.,oxide_glass,standard
NIKON-P-LASFH19S,NIKON,P-LASFH19S,P-LASFH19S,Dense flint,Imported from NIKON-AGF-NZHAGEN-MIRROR.,oxide_glass,standard
NIKON-P-PSKH1S,NIKON,P-PSKH1S,P-PSKH1S,Dense crown,Imported from NIKON-AGF-NZHAGEN-MIRROR.,oxide_glass,standard
NIKON-P-SK5S,NIKON,P-SK5S,P-SK5S,Dense crown,Imported from NIKON-AGF-NZHAGEN-MIRROR.,oxide_glass,standard
NIKON-P-SK12S,NIKON,P-SK12S,P-SK12S,Dense crown,Imported from NIKON-AGF-NZHAGEN-MIRROR.,oxide_glass,standard
NIKON-PK1,NIKON,PK1,PK1,Optical glass,Imported from NIKON-AGF-NZHAGEN-MIRROR.,oxide_glass,standard
NIKON-PK2,NIKON,PK2,PK2,Optical glass,Imported from NIKON-AGF-NZHAGEN-MIRROR.,oxide_glass,standard
NIKON-BAK2,NIKON,BAK2,BAK2,Barium crown,Imported from NIKON-AGF-NZHAGEN-MIRROR.,oxide_glass,standard
NIKON-BAK4,NIKON,BAK4,BAK4,Barium crown,Imported from NIKON-AGF-NZHAGEN-MIRROR.,oxide_glass,standard
NIKON-K3,NIKON,K3,K3,Optical glass,Imported from NIKON-AGF-NZHAGEN-MIRROR.,oxide_glass,standard
NIKON-K5,NIKON,K5,K5,Optical glass,Imported from NIKON-AGF-NZHAGEN-MIRROR.,oxide_glass,standard
NIKON-KZFH1,NIKON,KZFH1,KZFH1,Dense flint,Imported from NIKON-AGF-NZHAGEN-MIRROR.,oxide_glass,standard
NIKON-KZFH2,NIKON,KZFH2,KZFH2,Dense flint,Imported from NIKON-AGF-NZHAGEN-MIRROR.,oxide_glass,standard
NIKON-KZFS4,NIKON,KZFS4,KZFS4,Dense flint,Imported from NIKON-AGF-NZHAGEN-MIRROR.,oxide_glass,standard
NIKON-KF6,NIKON,KF6,KF6,Optical glass,Imported from NIKON-AGF-NZHAGEN-MIRROR.,oxide_glass,standard
NIKON-BAF3,NIKON,BAF3,BAF3,Barium flint,Imported from NIKON-AGF-NZHAGEN-MIRROR.,oxide_glass,standard
NIKON-BAF4,NIKON,BAF4,BAF4,Barium flint,Imported from NIKON-AGF-NZHAGEN-MIRROR.,oxide_glass,standard
NIKON-BAF8,NIKON,BAF8,BAF8,Barium flint,Imported from NIKON-AGF-NZHAGEN-MIRROR.,oxide_glass,standard
NIKON-BAF10,NIKON,BAF10,BAF10,Barium flint,Imported from NIKON-AGF-NZHAGEN-MIRROR.,oxide_glass,standard
NIKON-BAF11,NIKON,BAF11,BAF11,Barium flint,Imported from NIKON-AGF-NZHAGEN-MIRROR.,oxide_glass,standard
NIKON-BASF2,NIKON,BASF2,BASF2,Dense flint,Imported from NIKON-AGF-NZHAGEN-MIRROR.,oxide_glass,standard
NIKON-BASF4,NIKON,BASF4,BASF4,Dense flint,Imported from NIKON-AGF-NZHAGEN-MIRROR.,oxide_glass,standard
NIKON-BASF6,NIKON,BASF6,BASF6,Dense flint,Imported from NIKON-AGF-NZHAGEN-MIRROR.,oxide_glass,standard
NIKON-BASF7,NIKON,BASF7,BASF7,Dense flint,Imported from NIKON-AGF-NZHAGEN-MIRROR.,oxide_glass,standard
NIKON-BASF8,NIKON,BASF8,BASF8,Dense flint,Imported from NIKON-AGF-NZHAGEN-MIRROR.,oxide_glass,standard
NIKON-BASF12,NIKON,BASF12,BASF12,Dense flint,Imported from NIKON-AGF-NZHAGEN-MIRROR.,oxide_glass,standard
NIKON-SK2,NIKON,SK2,SK2,Dense crown,Imported from NIKON-AGF-NZHAGEN-MIRROR.,oxide_glass,standard
NIKON-SK4,NIKON,SK4,SK4,Dense crown,Imported from NIKON-AGF-NZHAGEN-MIRROR.,oxide_glass,standard
NIKON-SK9,NIKON,SK9,SK9,Dense crown,Imported from NIKON-AGF-NZHAGEN-MIRROR.,oxide_glass,standard
NIKON-SK15,NIKON,SK15,SK15,Dense crown,Imported from NIKON-AGF-NZHAGEN-MIRROR.,oxide_glass,standard
NIKON-SK16,NIKON,SK16,SK16,Dense crown,Imported from NIKON-AGF-NZHAGEN-MIRROR.,oxide_glass,standard
NIKON-SK18,NIKON,SK18,SK18,Dense crown,Imported from NIKON-AGF-NZHAGEN-MIRROR.,oxide_glass,standard
NIKON-SSK1,NIKON,SSK1,SSK1,Dense crown,Imported from NIKON-AGF-NZHAGEN-MIRROR.,oxide_glass,standard
NIKON-SSK2,NIKON,SSK2,SSK2,Dense crown,Imported from NIKON-AGF-NZHAGEN-MIRROR.,oxide_glass,standard
NIKON-SSK8,NIKON,SSK8,SSK8,Dense crown,Imported from NIKON-AGF-NZHAGEN-MIRROR.,oxide_glass,standard
NIKON-LLF1,NIKON,LLF1,LLF1,Optical glass,Imported from NIKON-AGF-NZHAGEN-MIRROR.,oxide_glass,standard
NIKON-LLF2,NIKON,LLF2,LLF2,Optical glass,Imported from NIKON-AGF-NZHAGEN-MIRROR.,oxide_glass,standard
NIKON-LLF6,NIKON,LLF6,LLF6,Optical glass,Imported from NIKON-AGF-NZHAGEN-MIRROR.,oxide_glass,standard
NIKON-LF5,NIKON,LF5,LF5,Optical glass,Imported from NIKON-AGF-NZHAGEN-MIRROR.,oxide_glass,standard
NIKON-LF6,NIKON,LF6,LF6,Optical glass,Imported from NIKON-AGF-NZHAGEN-MIRROR.,oxide_glass,standard
NIKON-LF7,NIKON,LF7,LF7,Optical glass,Imported from NIKON-AGF-NZHAGEN-MIRROR.,oxide_glass,standard
NIKON-F1,NIKON,F1,F1,Optical glass,Imported from NIKON-AGF-NZHAGEN-MIRROR.,oxide_glass,standard
NIKON-F2,NIKON,F2,F2,Optical glass,Imported from NIKON-AGF-NZHAGEN-MIRROR.,oxide_glass,standard
NIKON-F3,NIKON,F3,F3,Optical glass,Imported from NIKON-AGF-NZHAGEN-MIRROR.,oxide_glass,standard
NIKON-F5,NIKON,F5,F5,Optical glass,Imported from NIKON-AGF-NZHAGEN-MIRROR.,oxide_glass,standard
NIKON-F8,NIKON,F8,F8,Optical glass,Imported from NIKON-AGF-NZHAGEN-MIRROR.,oxide_glass,standard
NIKON-SF1,NIKON,SF1,SF1,Dense flint,Imported from NIKON-AGF-NZHAGEN-MIRROR.,oxide_glass,standard
NIKON-SF2,NIKON,SF2,SF2,Dense flint,Imported from NIKON-AGF-NZHAGEN-MIRROR.,oxide_glass,standard
NIKON-SF03,NIKON,SF03,SF03,Dense flint,Imported from NIKON-AGF-NZHAGEN-MIRROR.,oxide_glass,standard
NIKON-SF4,NIKON,SF4,SF4,Dense flint,Imported from NIKON-AGF-NZHAGEN-MIRROR.,oxide_glass,standard
NIKON-SF5,NIKON,SF5,SF5,Dense flint,Imported from NIKON-AGF-NZHAGEN-MIRROR.,oxide_glass,standard
NIKON-SF6,NIKON,SF6,SF6,Dense flint,Imported from NIKON-AGF-NZHAGEN-MIRROR.,oxide_glass,standard
NIKON-SF7,NIKON,SF7,SF7,Dense flint,Imported from NIKON-AGF-NZHAGEN-MIRROR.,oxide_glass,standard
NIKON-SF8,NIKON,SF8,SF8,Dense flint,Imported from NIKON-AGF-NZHAGEN-MIRROR.,oxide_glass,standard
NIKON-SF9,NIKON,SF9,SF9,Dense flint,Imported from NIKON-AGF-NZHAGEN-MIRROR.,oxide_glass,standard
NIKON-SF10,NIKON,SF10,SF10,Dense flint,Imported from NIKON-AGF-NZHAGEN-MIRROR.,oxide_glass,standard
NIKON-SF11,NIKON,SF11,SF11,Dense flint,Imported from NIKON-AGF-NZHAGEN-MIRROR.,oxide_glass,standard
NIKON-SF12,NIKON,SF12,SF12,Dense flint,Imported from NIKON-AGF-NZHAGEN-MIRROR.,oxide_glass,standard
NIKON-SF13,NIKON,SF13,SF13,Dense flint,Imported from NIKON-AGF-NZHAGEN-MIRROR.,oxide_glass,standard
NIKON-SF14,NIKON,SF14,SF14,Dense flint,Imported from NIKON-AGF-NZHAGEN-MIRROR.,oxide_glass,standard
NIKON-SF15,NIKON,SF15,SF15,Dense flint,Imported from NIKON-AGF-NZHAGEN-MIRROR.,oxide_glass,standard
NIKON-SFS3,NIKON,SFS3,SFS3,Dense flint,Imported from NIKON-AGF-NZHAGEN-MIRROR.,oxide_glass,standard
NIKON-LAK04,NIKON,LAK04,LAK04,Lanthanum crown,Imported from NIKON-AGF-NZHAGEN-MIRROR.,oxide_glass,standard
NIKON-LAK7,NIKON,LAK7,LAK7,Lanthanum crown,Imported from NIKON-AGF-NZHAGEN-MIRROR.,oxide_glass,standard
NIKON-LAK09,NIKON,LAK09,LAK09,Lanthanum crown,Imported from NIKON-AGF-NZHAGEN-MIRROR.,oxide_glass,standard
NIKON-LAK9,NIKON,LAK9,LAK9,Lanthanum crown,Imported from NIKON-AGF-NZHAGEN-MIRROR.,oxide_glass,standard
NIKON-LAK011,NIKON,LAK011,LAK011,Lanthanum crown,Imported from NIKON-AGF-NZHAGEN-MIRROR.,oxide_glass,standard
NIKON-LAK12,NIKON,LAK12,LAK12,Lanthanum crown,Imported from NIKON-AGF-NZHAGEN-MIRROR.,oxide_glass,standard
NIKON-LAF2,NIKON,LAF2,LAF2,Lanthanum flint,Imported from NIKON-AGF-NZHAGEN-MIRROR.,oxide_glass,standard
NIKON-LAF3,NIKON,LAF3,LAF3,Lanthanum flint,Imported from NIKON-AGF-NZHAGEN-MIRROR.,oxide_glass,standard
NIKON-LAF7,NIKON,LAF7,LAF7,Lanthanum flint,Imported from NIKON-AGF-NZHAGEN-MIRROR.,oxide_glass,standard
NIKON-LAF09,NIKON,LAF09,LAF09,Lanthanum flint,Imported from NIKON-AGF-NZHAGEN-MIRROR.,oxide_glass,standard
NIKON-LAF9,NIKON,LAF9,LAF9,Lanthanum flint,Imported from NIKON-AGF-NZHAGEN-MIRROR.,oxide_glass,standard
NIKON-LAF11,NIKON,LAF11,LAF11,Lanthanum flint,Imported from NIKON-AGF-NZHAGEN-MIRROR.,oxide_glass,standard
NIKON-LASF01,NIKON,LASF01,LASF01,Dense flint,Imported from NIKON-AGF-NZHAGEN-MIRROR.,oxide_glass,standard
NIKON-LASF02,NIKON,LASF02,LASF02,Dense flint,Imported from NIKON-AGF-NZHAGEN-MIRROR.,oxide_glass,standard
NIKON-LASF010,NIKON,LASF010,LASF010,Dense flint,Imported from NIKON-AGF-NZHAGEN-MIRROR.,oxide_glass,standard
NIKON-LASFH6,NIKON,LASFH6,LASFH6,Dense flint,Imported from NIKON-AGF-NZHAGEN-MIRROR.,oxide_glass,standard
NIKON-4786,NIKON,4786,4786,Optical glass,Imported from NIKON-AGF-NZHAGEN-MIRROR.,oxide_glass,standard
NIKON-5165,NIKON,5165,5165,Optical glass,Imported from NIKON-AGF-NZHAGEN-MIRROR.,oxide_glass,standard
NIKON-5742,NIKON,5742,5742,Optical glass,Imported from NIKON-AGF-NZHAGEN-MIRROR.,oxide_glass,standard
NIKON-5859,NIKON,5859,5859,Optical glass,Imported from NIKON-AGF-NZHAGEN-MIRROR.,oxide_glass,standard
NIKON-7054,NIKON,7054,7054,Optical glass,Imported from NIKON-AGF-NZHAGEN-MIRROR.,oxide_glass,standard
NIKON-NIFS-V,NIKON,NIFS-V,NIFS-V,Optical glass,Imported from NIKON-AGF-NZHAGEN-MIRROR.,oxide_glass,standard
NIKON-NIFS-A,NIKON,NIFS-A,NIFS-A,Optical glass,Imported from NIKON-AGF-NZHAGEN-MIRROR.,oxide_glass,standard
NIKON-NIFS-U,NIKON,NIFS-U,NIFS-U,Optical glass,Imported from NIKON-AGF-NZHAGEN-MIRROR.,oxide_glass,standard
NIKON-NIFS-S,NIKON,NIFS-S,NIFS-S,Optical glass,Imported from NIKON-AGF-NZHAGEN-MIRROR.,oxide_glass,standard
NIKON-NICF-V,NIKON,NICF-V,NICF-V,Optical glass,Imported from NIKON-AGF-NZHAGEN-MIRROR.,oxide_glass,standard
NIKON-NICF-A,NIKON,NICF-A,NICF-A,Optical glass,Imported from NIKON-AGF-NZHAGEN-MIRROR.,oxide_glass,standard
NIKON-NICF-U,NIKON,NICF-U,NICF-U,Optical glass,Imported from NIKON-AGF-NZHAGEN-MIRROR.,oxide_glass,standard
SUMITA-K-CAFK95,SUMITA,K-CaFK95,K-CaFK95,Fluor crown,Imported from SUMITA-AGF-NZHAGEN-MIRROR.,oxide_glass,standard
SUMITA-K-PFK80,SUMITA,K-PFK80,K-PFK80,Fluor crown,Imported from SUMITA-AGF-NZHAGEN-MIRROR.,oxide_glass,standard
SUMITA-K-PFK85,SUMITA,K-PFK85,K-PFK85,Fluor crown,Imported from SUMITA-AGF-NZHAGEN-MIRROR.,oxide_glass,standard
SUMITA-K-PFK90,SUMITA,K-PFK90,K-PFK90,Fluor crown,Imported from SUMITA-AGF-NZHAGEN-MIRROR.,oxide_glass,standard
SUMITA-K-GFK68,SUMITA,K-GFK68,K-GFK68,Fluor crown,Imported from SUMITA-AGF-NZHAGEN-MIRROR.,oxide_glass,standard
SUMITA-K-GFK70,SUMITA,K-GFK70,K-GFK70,Fluor crown,Imported from SUMITA-AGF-NZHAGEN-MIRROR.,oxide_glass,standard
SUMITA-K-CD45,SUMITA,K-CD45,K-CD45,Optical glass,Imported from SUMITA-AGF-NZHAGEN-MIRROR.,oxide_glass,standard
SUMITA-K-CD120,SUMITA,K-CD120,K-CD120,Optical glass,Imported from SUMITA-AGF-NZHAGEN-MIRROR.,oxide_glass,standard
SUMITA-K-CSK120,SUMITA,K-CSK120,K-CSK120,Dense crown,Imported from SUMITA-AGF-NZHAGEN-MIRROR.,oxide_glass,standard
SUMITA-K-LAFK50,SUMITA,K-LaFK50,K-LaFK50,Fluor crown,Imported from SUMITA-AGF-NZHAGEN-MIRROR.,oxide_glass,standard
SUMITA-K-LAFK55,SUMITA,K-LaFK55,K-LaFK55,Fluor crown,Imported from SUMITA-AGF-NZHAGEN-MIRROR.,oxide_glass,standard
SUMITA-K-LAFK60,SUMITA,K-LaFK60,K-LaFK60,Fluor crown,Imported from SUMITA-AGF-NZHAGEN-MIRROR.,oxide_glass,standard
SUMITA-K-PBK40,SUMITA,K-PBK40,K-PBK40,Borosilicate crown,Imported from SUMITA-AGF-NZHAGEN-MIRROR.,oxide_glass,standard
SUMITA-K-PBK50,SUMITA,K-PBK50,K-PBK50,Borosilicate crown,Imported from SUMITA-AGF-NZHAGEN-MIRROR.,oxide_glass,standard
SUMITA-K-PG325,SUMITA,K-PG325,K-PG325,Optical glass,Imported from SUMITA-AGF-NZHAGEN-MIRROR.,oxide_glass,standard
SUMITA-K-PG375,SUMITA,K-PG375,K-PG375,Optical glass,Imported from SUMITA-AGF-NZHAGEN-MIRROR.,oxide_glass,standard
SUMITA-K-PG395,SUMITA,K-PG395,K-PG395,Optical glass,Imported from SUMITA-AGF-NZHAGEN-MIRROR.,oxide_glass,standard
SUMITA-K-PMK30,SUMITA,K-PMK30,K-PMK30,Optical glass,Imported from SUMITA-AGF-NZHAGEN-MIRROR.,oxide_glass,standard
SUMITA-K-PSFN1,SUMITA,K-PSFn1,K-PSFn1,Dense flint,Imported from SUMITA-AGF-NZHAGEN-MIRROR.,oxide_glass,standard
SUMITA-K-PSFN2,SUMITA,K-PSFn2,K-PSFn2,Dense flint,Imported from SUMITA-AGF-NZHAGEN-MIRROR.,oxide_glass,standard
SUMITA-K-PSFN3,SUMITA,K-PSFn3,K-PSFn3,Dense flint,Imported from SUMITA-AGF-NZHAGEN-MIRROR.,oxide_glass,standard
SUMITA-K-PSFN4,SUMITA,K-PSFn4,K-PSFn4,Dense flint,Imported from SUMITA-AGF-NZHAGEN-MIRROR.,oxide_glass,standard
SUMITA-K-PSFN5,SUMITA,K-PSFn5,K-PSFn5,Dense flint,Imported from SUMITA-AGF-NZHAGEN-MIRROR.,oxide_glass,standard
SUMITA-K-PSFN203,SUMITA,K-PSFn203,K-PSFn203,Dense flint,Imported from SUMITA-AGF-NZHAGEN-MIRROR.,oxide_glass,standard
SUMITA-K-PSK11,SUMITA,K-PSK11,K-PSK11,Dense crown,Imported from SUMITA-AGF-NZHAGEN-MIRROR.,oxide_glass,standard
SUMITA-K-PSK100,SUMITA,K-PSK100,K-PSK100,Dense crown,Imported from SUMITA-AGF-NZHAGEN-MIRROR.,oxide_glass,standard
SUMITA-K-PSK200,SUMITA,K-PSK200,K-PSK200,Dense crown,Imported from SUMITA-AGF-NZHAGEN-MIRROR.,oxide_glass,standard
SUMITA-K-SKF6,SUMITA,K-SKF6,K-SKF6,Dense crown,Imported from SUMITA-AGF-NZHAGEN-MIRROR.,oxide_glass,standard
SUMITA-K-VC78,SUMITA,K-VC78,K-VC78,Dense crown,Imported from SUMITA-AGF-NZHAGEN-MIRROR.,oxide_glass,standard
SUMITA-K-VC79,SUMITA,K-VC79,K-VC79,Dense crown,Imported from SUMITA-AGF-NZHAGEN-MIRROR.,oxide_glass,standard
SUMITA-K-VC80,SUMITA,K-VC80,K-VC80,Dense crown,Imported from SUMITA-AGF-NZHAGEN-MIRROR.,oxide_glass,standard
SUMITA-K-VC82,SUMITA,K-VC82,K-VC82,Dense crown,Imported from SUMITA-AGF-NZHAGEN-MIRROR.,oxide_glass,standard
SUMITA-K-VC89,SUMITA,K-VC89,K-VC89,Dense crown,Imported from SUMITA-AGF-NZHAGEN-MIRROR.,oxide_glass,standard
SUMITA-K-VC90,SUMITA,K-VC90,K-VC90,Dense crown,Imported from SUMITA-AGF-NZHAGEN-MIRROR.,oxide_glass,standard
SUMITA-K-VC91,SUMITA,K-VC91,K-VC91,Dense crown,Imported from SUMITA-AGF-NZHAGEN-MIRROR.,oxide_glass,standard
SUMITA-K-VC99,SUMITA,K-VC99,K-VC99,Dense crown,Imported from SUMITA-AGF-NZHAGEN-MIRROR.,oxide_glass,standard
SUMITA-K-VC100,SUMITA,K-VC100,K-VC100,Dense crown,Imported from SUMITA-AGF-NZHAGEN-MIRROR.,oxide_glass,standard
SUMITA-K-ZNSF8,SUMITA,K-ZnSF8,K-ZnSF8,Dense flint,Imported from SUMITA-AGF-NZHAGEN-MIRROR.,oxide_glass,standard
SUMITA-K-CAFK95(M),SUMITA,K-CaFK95(M),K-CaFK95(M),Fluor crown,Imported from SUMITA-AGF-NZHAGEN-MIRROR.,oxide_glass,standard
SUMITA-K-PFK80(M),SUMITA,K-PFK80(M),K-PFK80(M),Fluor crown,Imported from SUMITA-AGF-NZHAGEN-MIRROR.,oxide_glass,standard
SUMITA-K-PFK85(M),SUMITA,K-PFK85(M),K-PFK85(M),Fluor crown,Imported from SUMITA-AGF-NZHAGEN-MIRROR.,oxide_glass,standard
SUMITA-K-PFK90(M),SUMITA,K-PFK90(M),K-PFK90(M),Fluor crown,Imported from SUMITA-AGF-NZHAGEN-MIRROR.,oxide_glass,standard
SUMITA-K-GFK68(M),SUMITA,K-GFK68(M),K-GFK68(M),Fluor crown,Imported from SUMITA-AGF-NZHAGEN-MIRROR.,oxide_glass,standard
SUMITA-K-GFK70(M),SUMITA,K-GFK70(M),K-GFK70(M),Fluor crown,Imported from SUMITA-AGF-NZHAGEN-MIRROR.,oxide_glass,standard
SUMITA-K-CD45(M),SUMITA,K-CD45(M),K-CD45(M),Optical glass,Imported from SUMITA-AGF-NZHAGEN-MIRROR.,oxide_glass,standard
SUMITA-K-CD120(M),SUMITA,K-CD120(M),K-CD120(M),Optical glass,Imported from SUMITA-AGF-NZHAGEN-MIRROR.,oxide_glass,standard
SUMITA-K-CSK120(M),SUMITA,K-CSK120(M),K-CSK120(M),Dense crown,Imported from SUMITA-AGF-NZHAGEN-MIRROR.,oxide_glass,standard
SUMITA-K-LAFK50(M),SUMITA,K-LaFK50(M),K-LaFK50(M),Fluor crown,Imported from SUMITA-AGF-NZHAGEN-MIRROR.,oxide_glass,standard
SUMITA-K-LAFK55(M),SUMITA,K-LaFK55(M),K-LaFK55(M),Fluor crown,Imported from SUMITA-AGF-NZHAGEN-MIRROR.,oxide_glass,standard
SUMITA-K-LAFK60(M),SUMITA,K-LaFK60(M),K-LaFK60(M),Fluor crown,Imported from SUMITA-AGF-NZHAGEN-MIRROR.,oxide_glass,standard
SUMITA-K-PBK40(M),SUMITA,K-PBK40(M),K-PBK40(M),Borosilicate crown,Imported from SUMITA-AGF-NZHAGEN-MIRROR.,oxide_glass,standard
SUMITA-K-PBK50(M),SUMITA,K-PBK50(M),K-PBK50(M),Borosilicate crown,Imported from SUMITA-AGF-NZHAGEN-MIRROR.,oxide_glass,standard
SUMITA-K-PG325(M),SUMITA,K-PG325(M),K-PG325(M),Optical glass,Imported from SUMITA-AGF-NZHAGEN-MIRROR.,oxide_glass,standard
SUMITA-K-PG375(M),SUMITA,K-PG375(M),K-PG375(M),Optical glass,Imported from SUMITA-AGF-NZHAGEN-MIRROR.,oxide_glass,standard
SUMITA-K-PG395(M),SUMITA,K-PG395(M),K-PG395(M),Optical glass,Imported from SUMITA-AGF-NZHAGEN-MIRROR.,oxide_glass,standard
SUMITA-K-PMK30(M),SUMITA,K-PMK30(M),K-PMK30(M),Optical glass,Imported from SUMITA-AGF-NZHAGEN-MIRROR.,oxide_glass,standard
SUMITA-K-PSFN1(M),SUMITA,K-PSFn1(M),K-PSFn1(M),Dense flint,Imported from SUMITA-AGF-NZHAGEN-MIRROR.,oxide_glass,standard
SUMITA-K-PSFN2(M),SUMITA,K-PSFn2(M),K-PSFn2(M),Dense flint,Imported from SUMITA-AGF-NZHAGEN-MIRROR.,oxide_glass,standard
SUMITA-K-PSFN3(M),SUMITA,K-PSFn3(M),K-PSFn3(M),Dense flint,Imported from SUMITA-AGF-NZHAGEN-MIRROR.,oxide_glass,standard
SUMITA-K-PSFN4(M),SUMITA,K-PSFn4(M),K-PSFn4(M),Dense flint,Imported from SUMITA-AGF-NZHAGEN-MIRROR.,oxide_glass,standard
SUMITA-K-PSFN5(M),SUMITA,K-PSFn5(M),K-PSFn5(M),Dense flint,Imported from SUMITA-AGF-NZHAGEN-MIRROR.,oxide_glass,standard
SUMITA-K-PSFN203(M),SUMITA,K-PSFn203(M),K-PSFn203(M),Dense flint,Imported from SUMITA-AGF-NZHAGEN-MIRROR.,oxide_glass,standard
SUMITA-K-PSK11(M),SUMITA,K-PSK11(M),K-PSK11(M),Dense crown,Imported from SUMITA-AGF-NZHAGEN-MIRROR.,oxide_glass,standard
SUMITA-K-PSK100(M),SUMITA,K-PSK100(M),K-PSK100(M),Dense crown,Imported from SUMITA-AGF-NZHAGEN-MIRROR.,oxide_glass,standard
SUMITA-K-PSK200(M),SUMITA,K-PSK200(M),K-PSK200(M),Dense crown,Imported from SUMITA-AGF-NZHAGEN-MIRROR.,oxide_glass,standard
SUMITA-K-SKF6(M),SUMITA,K-SKF6(M),K-SKF6(M),Dense crown,Imported from SUMITA-AGF-NZHAGEN-MIRROR.,oxide_glass,standard
SUMITA-K-VC78(M),SUMITA,K-VC78(M),K-VC78(M),Dense crown,Imported from SUMITA-AGF-NZHAGEN-MIRROR.,oxide_glass,standard
SUMITA-K-VC79(M),SUMITA,K-VC79(M),K-VC79(M),Dense crown,Imported from SUMITA-AGF-NZHAGEN-MIRROR.,oxide_glass,standard
SUMITA-K-VC80(M),SUMITA,K-VC80(M),K-VC80(M),Dense crown,Imported from SUMITA-AGF-NZHAGEN-MIRROR.,oxide_glass,standard
SUMITA-K-VC82(M),SUMITA,K-VC82(M),K-VC82(M),Dense crown,Imported from SUMITA-AGF-NZHAGEN-MIRROR.,oxide_glass,standard
SUMITA-K-VC89(M),SUMITA,K-VC89(M),K-VC89(M),Dense crown,Imported from SUMITA-AGF-NZHAGEN-MIRROR.,oxide_glass,standard
SUMITA-K-VC90(M),SUMITA,K-VC90(M),K-VC90(M),Dense crown,Imported from SUMITA-AGF-NZHAGEN-MIRROR.,oxide_glass,standard
SUMITA-K-VC91(M),SUMITA,K-VC91(M),K-VC91(M),Dense crown,Imported from SUMITA-AGF-NZHAGEN-MIRROR.,oxide_glass,standard
SUMITA-K-VC99(M),SUMITA,K-VC99(M),K-VC99(M),Dense crown,Imported from SUMITA-AGF-NZHAGEN-MIRROR.,oxide_glass,standard
SUMITA-K-VC100(M),SUMITA,K-VC100(M),K-VC100(M),Dense crown,Imported from SUMITA-AGF-NZHAGEN-MIRROR.,oxide_glass,standard
SUMITA-K-ZNSF8(M),SUMITA,K-ZnSF8(M),K-ZnSF8(M),Dense flint,Imported from SUMITA-AGF-NZHAGEN-MIRROR.,oxide_glass,standard
SUMITA-K-SK14,SUMITA,K-SK14,K-SK14,Dense crown,Imported from SUMITA-AGF-NZHAGEN-MIRROR.,oxide_glass,standard
SUMITA-K-LAFN5,SUMITA,K-LaFn5,K-LaFn5,Lanthanum flint,Imported from SUMITA-AGF-NZHAGEN-MIRROR.,oxide_glass,standard
SUMITA-K-LASFN7,SUMITA,K-LaSFn7,K-LaSFn7,Dense flint,Imported from SUMITA-AGF-NZHAGEN-MIRROR.,oxide_glass,standard
SUMITA-K-LASFN17,SUMITA,K-LaSFn17,K-LaSFn17,Dense flint,Imported from SUMITA-AGF-NZHAGEN-MIRROR.,oxide_glass,standard
SUMITA-K-LAK8,SUMITA,K-LaK8,K-LaK8,Lanthanum crown,Imported from SUMITA-AGF-NZHAGEN-MIRROR.,oxide_glass,standard
SUMITA-K-LAK18,SUMITA,K-LaK18,K-LaK18,Lanthanum crown,Imported from SUMITA-AGF-NZHAGEN-MIRROR.,oxide_glass,standard
SUMITA-K-LASFN10,SUMITA,K-LaSFn10,K-LaSFn10,Dense flint,Imported from SUMITA-AGF-NZHAGEN-MIRROR.,oxide_glass,standard
SUMITA-K-LAK11,SUMITA,K-LaK11,K-LaK11,Lanthanum crown,Imported from SUMITA-AGF-NZHAGEN-MIRROR.,oxide_glass,standard
SUMITA-K-LASFN16,SUMITA,K-LaSFn16,K-LaSFn16,Dense flint,Imported from SUMITA-AGF-NZHAGEN-MIRROR.,oxide_glass,standard
SUMITA-K-LASFN14,SUMITA,K-LaSFn14,K-LaSFn14,Dense flint,Imported from SUMITA-AGF-NZHAGEN-MIRROR.,oxide_glass,standard
SUMITA-K-LASFN2,SUMITA,K-LaSFn2,K-LaSFn2,Dense flint,Imported from SUMITA-AGF-NZHAGEN-MIRROR.,oxide_glass,standard
SUMITA-K-LAKN2,SUMITA,K-LaKn2,K-LaKn2,Lanthanum crown,Imported from SUMITA-AGF-NZHAGEN-MIRROR.,oxide_glass,standard
SUMITA-K-LASFN8,SUMITA,K-LaSFn8,K-LaSFn8,Dense flint,Imported from SUMITA-AGF-NZHAGEN-MIRROR.,oxide_glass,standard
SUMITA-K-LASFN21,SUMITA,K-LaSFn21,K-LaSFn21,Dense flint,Imported from SUMITA-AGF-NZHAGEN-MIRROR.,oxide_glass,standard
SUMITA-K-LAKN7,SUMITA,K-LaKn7,K-LaKn7,Lanthanum crown,Imported from SUMITA-AGF-NZHAGEN-MIRROR.,oxide_glass,standard
SUMITA-K-BAF9,SUMITA,K-BaF9,K-BaF9,Barium flint,Imported from SUMITA-AGF-NZHAGEN-MIRROR.,oxide_glass,standard
SUMITA-K-LAK9,SUMITA,K-LaK9,K-LaK9,Lanthanum crown,Imported from SUMITA-AGF-NZHAGEN-MIRROR.,oxide_glass,standard
SUMITA-K-LAK7,SUMITA,K-LaK7,K-LaK7,Lanthanum crown,Imported from SUMITA-AGF-NZHAGEN-MIRROR.,oxide_glass,standard
SUMITA-K-SK16RH,SUMITA,K-SK16RH,K-SK16RH,Dense crown,Imported from SUMITA-AGF-NZHAGEN-MIRROR.,oxide_glass,standard
SUMITA-K-SK18RH,SUMITA,K-SK18RH,K-SK18RH,Dense crown,Imported from SUMITA-AGF-NZHAGEN-MIRROR.,oxide_glass,standard
SUMITA-K-SK18,SUMITA,K-SK18,K-SK18,Dense crown,Imported from SUMITA-AGF-NZHAGEN-MIRROR.,oxide_glass,standard
SUMITA-K-LAK12,SUMITA,K-LaK12,K-LaK12,Lanthanum crown,Imported from SUMITA-AGF-NZHAGEN-MIRROR.,oxide_glass,standard
SUMITA-K-SSK1,SUMITA,K-SSK1,K-SSK1,Dense crown,Imported from SUMITA-AGF-NZHAGEN-MIRROR.,oxide_glass,standard
SUMITA-K-SK7,SUMITA,K-SK7,K-SK7,Dense crown,Imported from SUMITA-AGF-NZHAGEN-MIRROR.,oxide_glass,standard
SUMITA-K-SFLD4,SUMITA,K-SFLD4,K-SFLD4,Dense flint,Imported from SUMITA-AGF-NZHAGEN-MIRROR.,oxide_glass,standard
SUMITA-K-BASF4,SUMITA,K-BaSF4,K-BaSF4,Dense flint,Imported from SUMITA-AGF-NZHAGEN-MIRROR.,oxide_glass,standard
SUMITA-K-BASF5,SUMITA,K-BaSF5,K-BaSF5,Dense flint,Imported from SUMITA-AGF-NZHAGEN-MIRROR.,oxide_glass,standard
SUMITA-K-LAKN11,SUMITA,K-LaKn11,K-LaKn11,Lanthanum crown,Imported from SUMITA-AGF-NZHAGEN-MIRROR.,oxide_glass,standard
SUMITA-K-LAKN5,SUMITA,K-LaKn5,K-LaKn5,Lanthanum crown,Imported from SUMITA-AGF-NZHAGEN-MIRROR.,oxide_glass,standard
SUMITA-K-LAKN4,SUMITA,K-LaKn4,K-LaKn4,Lanthanum crown,Imported from SUMITA-AGF-NZHAGEN-MIRROR.,oxide_glass,standard
SUMITA-K-SK4,SUMITA,K-SK4,K-SK4,Dense crown,Imported from SUMITA-AGF-NZHAGEN-MIRROR.,oxide_glass,standard
SUMITA-K-LASFN4,SUMITA,K-LaSFn4,K-LaSFn4,Dense flint,Imported from SUMITA-AGF-NZHAGEN-MIRROR.,oxide_glass,standard
SUMITA-K-SK15,SUMITA,K-SK15,K-SK15,Dense crown,Imported from SUMITA-AGF-NZHAGEN-MIRROR.,oxide_glass,standard
SUMITA-K-LASFN9,SUMITA,K-LaSFn9,K-LaSFn9,Dense flint,Imported from SUMITA-AGF-NZHAGEN-MIRROR.,oxide_glass,standard
SUMITA-K-LASFN1,SUMITA,K-LaSFn1,K-LaSFn1,Dense flint,Imported from SUMITA-AGF-NZHAGEN-MIRROR.,oxide_glass,standard
SUMITA-K-LASFN3,SUMITA,K-LaSFn3,K-LaSFn3,Dense flint,Imported from SUMITA-AGF-NZHAGEN-MIRROR.,oxide_glass,standard
SUMITA-K-LASFN6,SUMITA,K-LaSFn6,K-LaSFn6,Dense flint,Imported from SUMITA-AGF-NZHAGEN-MIRROR.,oxide_glass,standard
SUMITA-K-LASFN22,SUMITA,K-LaSFn22,K-LaSFn22,Dense flint,Imported from SUMITA-AGF-NZHAGEN-MIRROR.,oxide_glass,standard
SUMITA-K-BAF8,SUMITA,K-BaF8,K-BaF8,Barium flint,Imported from SUMITA-AGF-NZHAGEN-MIRROR.,oxide_glass,standard
SUMITA-K-BAFN3,SUMITA,K-BaFn3,K-BaFn3,Barium flint,Imported from SUMITA-AGF-NZHAGEN-MIRROR.,oxide_glass,standard
SUMITA-K-BPG2,SUMITA,K-BPG2,K-BPG2,Optical glass,Imported from SUMITA-AGF-NZHAGEN-MIRROR.,oxide_glass,standard
SUMITA-K-FK5,SUMITA,K-FK5,K-FK5,Fluor crown,Imported from SUMITA-AGF-NZHAGEN-MIRROR.,oxide_glass,standard
SUMITA-K-SFLD11,SUMITA,K-SFLD11,K-SFLD11,Dense flint,Imported from SUMITA-AGF-NZHAGEN-MIRROR.,oxide_glass,standard
SUMITA-K-SFLD1,SUMITA,K-SFLD1,K-SFLD1,Dense flint,Imported from SUMITA-AGF-NZHAGEN-MIRROR.,oxide_glass,standard
SUMITA-K-SFLD6,SUMITA,K-SFLD6,K-SFLD6,Dense flint,Imported from SUMITA-AGF-NZHAGEN-MIRROR.,oxide_glass,standard
SUMITA-K-LAK10,SUMITA,K-LaK10,K-LaK10,Lanthanum crown,Imported from SUMITA-AGF-NZHAGEN-MIRROR.,oxide_glass,standard
SUMITA-K-SFLD8,SUMITA,K-SFLD8,K-SFLD8,Dense flint,Imported from SUMITA-AGF-NZHAGEN-MIRROR.,oxide_glass,standard
SUMITA-K-PSKN2,SUMITA,K-PSKn2,K-PSKn2,Dense crown,Imported from SUMITA-AGF-NZHAGEN-MIRROR.,oxide_glass,standard
SUMITA-K-LASKN1,SUMITA,K-LaSKn1,K-LaSKn1,Dense crown,Imported from SUMITA-AGF-NZHAGEN-MIRROR.,oxide_glass,standard
SUMITA-K-LAFN11,SUMITA,K-LaFn11,K-LaFn11,Lanthanum flint,Imported from SUMITA-AGF-NZHAGEN-MIRROR.,oxide_glass,standard
SUMITA-K-LAF2,SUMITA,K-LaF2,K-LaF2,Lanthanum flint,Imported from SUMITA-AGF-NZHAGEN-MIRROR.,oxide_glass,standard
SUMITA-K-LAFN3,SUMITA,K-LaFn3,K-LaFn3,Lanthanum flint,Imported from SUMITA-AGF-NZHAGEN-MIRROR.,oxide_glass,standard
SUMITA-K-LAKN14,SUMITA,K-LaKn14,K-LaKn14,Lanthanum crown,Imported from SUMITA-AGF-NZHAGEN-MIRROR.,oxide_glass,standard
SUMITA-K-BAFN1,SUMITA,K-BaFn1,K-BaFn1,Barium flint,Imported from SUMITA-AGF-NZHAGEN-MIRROR.,oxide_glass,standard
SUMITA-K-LAK6,SUMITA,K-LaK6,K-LaK6,Lanthanum crown,Imported from SUMITA-AGF-NZHAGEN-MIRROR.,oxide_glass,standard
SUMITA-K-SSK9,SUMITA,K-SSK9,K-SSK9,Dense crown,Imported from SUMITA-AGF-NZHAGEN-MIRROR.,oxide_glass,standard
SUMITA-K-SK5,SUMITA,K-SK5,K-SK5,Dense crown,Imported from SUMITA-AGF-NZHAGEN-MIRROR.,oxide_glass,standard
SUMITA-K-BK7,SUMITA,K-BK7,K-BK7,Borosilicate crown,Imported from SUMITA-AGF-NZHAGEN-MIRROR.,oxide_glass,standard
SUMITA-K-LAK14,SUMITA,K-LaK14,K-LaK14,Lanthanum crown,Imported from SUMITA-AGF-NZHAGEN-MIRROR.,oxide_glass,standard
SUMITA-K-SSK3,SUMITA,K-SSK3,K-SSK3,Dense crown,Imported from SUMITA-AGF-NZHAGEN-MIRROR.,oxide_glass,standard
SUMITA-K-SSK4,SUMITA,K-SSK4,K-SSK4,Dense crown,Imported from SUMITA-AGF-NZHAGEN-MIRROR.,oxide_glass,standard
SUMITA-K-SFLD14,SUMITA,K-SFLD14,K-SFLD14,Dense flint,Imported from SUMITA-AGF-NZHAGEN-MIRROR.,oxide_glass,standard
SUMITA-K-SFLDN3,SUMITA,K-SFLDn3,K-SFLDn3,Dense flint,Imported from SUMITA-AGF-NZHAGEN-MIRROR.,oxide_glass,standard
SUMITA-K-SFLD66,SUMITA,K-SFLD66,K-SFLD66,Dense flint,Imported from SUMITA-AGF-NZHAGEN-MIRROR.,oxide_glass,standard
SUMITA-K-PSK300,SUMITA,K-PSK300,K-PSK300,Dense crown,Imported from SUMITA-AGF-NZHAGEN-MIRROR.,oxide_glass,standard
SUMITA-K-PSK300(M),SUMITA,K-PSK300(M),K-PSK300(M),Dense crown,Imported from SUMITA-AGF-NZHAGEN-MIRROR.,oxide_glass,standard
SUMITA-K-PSFN215,SUMITA,K-PSFn215,K-PSFn215,Dense flint,Imported from SUMITA-AGF-NZHAGEN-MIRROR.,oxide_glass,standard
SUMITA-K-PSFN173,SUMITA,K-PSFn173,K-PSFn173,Dense flint,Imported from SUMITA-AGF-NZHAGEN-MIRROR.,oxide_glass,standard
SUMITA-K-PSFN173(M),SUMITA,K-PSFn173(M),K-PSFn173(M),Dense flint,Imported from SUMITA-AGF-NZHAGEN-MIRROR.,oxide_glass,standard
SUMITA-K-GIR79,SUMITA,K-GIR79,K-GIR79,Optical glass,Imported from SUMITA-AGF-NZHAGEN-MIRROR.,oxide_glass,standard
SUMITA-K-LASFN23,SUMITA,K-LaSFn23,K-LaSFn23,Dense flint,Imported from SUMITA-AGF-NZHAGEN-MIRROR.,oxide_glass,standard
SUMITA-K-LAFK50T,SUMITA,K-LaFK50T,K-LaFK50T,Fluor crown,Imported from SUMITA-AGF-NZHAGEN-MIRROR.,oxide_glass,standard
SUMITA-K-LAFK50T(M),SUMITA,K-LaFK50T(M),K-LaFK50T(M),Fluor crown,Imported from SUMITA-AGF-NZHAGEN-MIRROR.,oxide_glass,standard
SUMITA-K-GIR140,SUMITA,K-GIR140,K-GIR140,Optical glass,Imported from SUMITA-AGF-NZHAGEN-MIRROR.,oxide_glass,standard
SUMITA-K-FIR98UV,SUMITA,K-FIR98UV,K-FIR98UV,Optical glass,Imported from SUMITA-AGF-NZHAGEN-MIRROR.,oxide_glass,standard
SUMITA-K-BOC20,SUMITA,K-BOC20,K-BOC20,Optical glass,Imported from SUMITA-AGF-NZHAGEN-MIRROR.,oxide_glass,standard
SUMITA-K-LAFK58,SUMITA,K-LaFK58,K-LaFK58,Fluor crown,Imported from SUMITA-AGF-NZHAGEN-MIRROR.,oxide_glass,standard
SUMITA-K-LAFK58(M),SUMITA,K-LaFK58(M),K-LaFK58(M),Fluor crown,Imported from SUMITA-AGF-NZHAGEN-MIRROR.,oxide_glass,standard
SUMITA-K-VC181,SUMITA,K-VC181,K-VC181,Dense crown,Imported from SUMITA-AGF-NZHAGEN-MIRROR.,oxide_glass,standard
SUMITA-K-VC181(M),SUMITA,K-VC181(M),K-VC181(M),Dense crown,Imported from SUMITA-AGF-NZHAGEN-MIRROR.,oxide_glass,standard
SUMITA-K-VC185,SUMITA,K-VC185,K-VC185,Dense crown,Imported from SUMITA-AGF-NZHAGEN-MIRROR.,oxide_glass,standard
SUMITA-K-VC185(M),SUMITA,K-VC185(M),K-VC185(M),Dense crown,Imported from SUMITA-AGF-NZHAGEN-MIRROR.,oxide_glass,standard
SUMITA-K-SKLD120,SUMITA,K-SKLD120,K-SKLD120,Dense crown,Imported from SUMITA-AGF-NZHAGEN-MIRROR.,oxide_glass,standard
SUMITA-K-SKLD120(M),SUMITA,K-SKLD120(M),K-SKLD120(M),Dense crown,Imported from SUMITA-AGF-NZHAGEN-MIRROR.,oxide_glass,standard
SUMITA-K-FIR97UV,SUMITA,K-FIR97UV,K-FIR97UV,Optical glass,Imported from SUMITA-AGF-NZHAGEN-MIRROR.,oxide_glass,standard
SUMITA-K-PSFN202,SUMITA,K-PSFn202,K-PSFn202,Dense flint,Imported from SUMITA-AGF-NZHAGEN-MIRROR.,oxide_glass,standard
SUMITA-K-PSFN202(M),SUMITA,K-PSFn202(M),K-PSFn202(M),Dense flint,Imported from SUMITA-AGF-NZHAGEN-MIRROR.,oxide_glass,standard
SUMITA-K-PSFN214,SUMITA,K-PSFn214,K-PSFn214,Dense flint,Imported from SUMITA-AGF-NZHAGEN-MIRROR.,oxide_glass,standard
SUMITA-K-PSFN214(M),SUMITA,K-PSFn214(M),K-PSFn214(M),Dense flint,Imported from SUMITA-AGF-NZHAGEN-MIRROR.,oxide_glass,standard
SUMITA-K-LCV93,SUMITA,K-LCV93,K-LCV93,Optical glass,Imported from SUMITA-AGF-NZHAGEN-MIRROR.,oxide_glass,standard
SUMITA-K-LCV93(M),SUMITA,K-LCV93(M),K-LCV93(M),Optical glass,Imported from SUMITA-AGF-NZHAGEN-MIRROR.,oxide_glass,standard
SUMITA-K-PSK500,SUMITA,K-PSK500,K-PSK500,Dense crown,Imported from SUMITA-AGF-NZHAGEN-MIRROR.,oxide_glass,standard
SUMITA-K-PSK500(M),SUMITA,K-PSK500(M),K-PSK500(M),Dense crown,Imported from SUMITA-AGF-NZHAGEN-MIRROR.,oxide_glass,standard
SUMITA-K-VC179,SUMITA,K-VC179,K-VC179,Dense crown,Imported from SUMITA-AGF-NZHAGEN-MIRROR.,oxide_glass,standard
SUMITA-K-VC179(M),SUMITA,K-VC179(M),K-VC179(M),Dense crown,Imported from SUMITA-AGF-NZHAGEN-MIRROR.,oxide_glass,standard
SUMITA-K-PSK400,SUMITA,K-PSK400,K-PSK400,Dense crown,Imported from SUMITA-AGF-NZHAGEN-MIRROR.,oxide_glass,standard
SUMITA-K-PSK400(M),SUMITA,K-PSK400(M),K-PSK400(M),Dense crown,Imported from SUMITA-AGF-NZHAGEN-MIRROR.,oxide_glass,standard
SUMITA-K-BOC30,SUMITA,K-BOC30,K-BOC30,Optical glass,Imported from SUMITA-AGF-NZHAGEN-MIRROR.,oxide_glass,standard
SUMITA-K-LAFK65,SUMITA,K-LaFK65,K-LaFK65,Fluor crown,Imported from SUMITA-AGF-NZHAGEN-MIRROR.,oxide_glass,standard
SUMITA-K-LAFK65(M),SUMITA,K-LaFK65(M),K-LaFK65(M),Fluor crown,Imported from SUMITA-AGF-NZHAGEN-MIRROR.,oxide_glass,standard
SUMITA-K-PSFN214P,SUMITA,K-PSFn214P,K-PSFn214P,Dense flint,Imported from SUMITA-AGF-NZHAGEN-MIRROR.,oxide_glass,standard
SUMITA-K-PSFN214P(M),SUMITA,K-PSFn214P(M),K-PSFn214P(M),Dense flint,Imported from SUMITA-AGF-NZHAGEN-MIRROR.,oxide_glass,standard
SUMITA-K-SKLD100,SUMITA,K-SKLD100,K-SKLD100,Dense crown,Imported from SUMITA-AGF-NZHAGEN-MIRROR.,oxide_glass,standard
SUMITA-K-SKLD100(M),SUMITA,K-SKLD100(M),K-SKLD100(M),Dense crown,Imported from SUMITA-AGF-NZHAGEN-MIRROR.,oxide_glass,standard
SUMITA-K-CD300,SUMITA,K-CD300,K-CD300,Optical glass,Imported from SUMITA-AGF-NZHAGEN-MIRROR.,oxide_glass,standard
SUMITA-K-CD300(M),SUMITA,K-CD300(M),K-CD300(M),Optical glass,Imported from SUMITA-AGF-NZHAGEN-MIRROR.,oxide_glass,standard
SUMITA-K-SKLD200,SUMITA,K-SKLD200,K-SKLD200,Dense crown,Imported from SUMITA-AGF-NZHAGEN-MIRROR.,oxide_glass,standard
SUMITA-K-SKLD200(M),SUMITA,K-SKLD200(M),K-SKLD200(M),Dense crown,Imported from SUMITA-AGF-NZHAGEN-MIRROR.,oxide_glass,standard
SUMITA-K-FIR100UV,SUMITA,K-FIR100UV,K-FIR100UV,Optical glass,Imported from SUMITA-AGF-NZHAGEN-MIRROR.,oxide_glass,standard
SUMITA-K-FIR100UV(M),SUMITA,K-FIR100UV(M),K-FIR100UV(M),Optical glass,Imported from SUMITA-AGF-NZHAGEN-MIRROR.,oxide_glass,standard
SUMITA-K-PSFN166,SUMITA,K-PSFn166,K-PSFn166,Dense flint,Imported from SUMITA-AGF-NZHAGEN-MIRROR.,oxide_glass,standard
SUMITA-K-PSFN166(M),SUMITA,K-PSFn166(M),K-PSFn166(M),Dense flint,Imported from SUMITA-AGF-NZHAGEN-MIRROR.,oxide_glass,standard
SUMITA-K-LAFK63,SUMITA,K-LaFK63,K-LaFK63,Fluor crown,Imported from SUMITA-AGF-NZHAGEN-MIRROR.,oxide_glass,standard
SUMITA-K-PBK60,SUMITA,K-PBK60,K-PBK60,Borosilicate crown,Imported from SUMITA-AGF-NZHAGEN-MIRROR.,oxide_glass,standard
SUMITA-K-LCV161,SUMITA,K-LCV161,K-LCV161,Optical glass,Imported from SUMITA-AGF-NZHAGEN-MIRROR.,oxide_glass,standard
SUMITA-K-PSFN190,SUMITA,K-PSFn190,K-PSFn190,Dense flint,Imported from SUMITA-AGF-NZHAGEN-MIRROR.,oxide_glass,standard
INFRARED-AGCL,INFRARED,AGCL,AGCL,Optical glass,Imported from INFRARED-AGF-NZHAGEN-MIRROR.,chalcogenide,standard
INFRARED-ALN,INFRARED,ALN,ALN,Optical glass,Imported from INFRARED-AGF-NZHAGEN-MIRROR.,chalcogenide,standard
INFRARED-ALON,INFRARED,ALON,ALON,Optical glass,Imported from INFRARED-AGF-NZHAGEN-MIRROR.,chalcogenide,standard
INFRARED-AMTIR1,INFRARED,AMTIR1,AMTIR1,Optical glass,Imported from INFRARED-AGF-NZHAGEN-MIRROR.,chalcogenide,standard
INFRARED-AMTIR3,INFRARED,AMTIR3,AMTIR3,Optical glass,Imported from INFRARED-AGF-NZHAGEN-MIRROR.,chalcogenide,standard
INFRARED-BAF2,INFRARED,BAF2,BAF2,Barium flint,Imported from INFRARED-AGF-NZHAGEN-MIRROR.,chalcogenide,standard
INFRARED-BEO,INFRARED,BEO,BEO,Optical glass,Imported from INFRARED-AGF-NZHAGEN-MIRROR.,chalcogenide,standard
INFRARED-CAF2,INFRARED,CAF2,CAF2,Optical glass,Imported from INFRARED-AGF-NZHAGEN-MIRROR.,chalcogenide,standard
INFRARED-CALCITE,INFRARED,CALCITE,CALCITE,Optical glass,Imported from INFRARED-AGF-NZHAGEN-MIRROR.,chalcogenide,standard
INFRARED-CDSE,INFRARED,CDSE,CDSE,Optical glass,Imported from INFRARED-AGF-NZHAGEN-MIRROR.,chalcogenide,standard
INFRARED-CDTE,INFRARED,CDTE,CDTE,Optical glass,Imported from INFRARED-AGF-NZHAGEN-MIRROR.,chalcogenide,standard
INFRARED-CLEARTRAN,INFRARED,CLEARTRAN,CLEARTRAN,Optical glass,Imported from INFRARED-AGF-NZHAGEN-MIRROR.,chalcogenide,standard
INFRARED-CLRTR_OLD,INFRARED,CLRTR_OLD,CLRTR_OLD,Optical glass,Imported from INFRARED-AGF-NZHAGEN-MIRROR.,chalcogenide,standard
INFRARED-CSBR,INFRARED,CSBR,CSBR,Optical glass,Imported from INFRARED-AGF-NZHAGEN-MIRROR.,chalcogenide,standard
INFRARED-F_SILICA,INFRARED,F_SILICA,F_SILICA,Optical glass,Imported from INFRARED-AGF-NZHAGEN-MIRROR.,chalcogenide,standard
INFRARED-GAAS,INFRARED,GAAS,GAAS,Optical glass,Imported from INFRARED-AGF-NZHAGEN-MIRROR.,chalcogenide,standard
INFRARED-GEO2,INFRARED,GEO2,GEO2,Optical glass,Imported from INFRARED-AGF-NZHAGEN-MIRROR.,chalcogenide,standard
INFRARED-GERMANIUM,INFRARED,GERMANIUM,GERMANIUM,Optical glass,Imported from INFRARED-AGF-NZHAGEN-MIRROR.,chalcogenide,standard
INFRARED-GE_LONG,INFRARED,GE_LONG,GE_LONG,Optical glass,Imported from INFRARED-AGF-NZHAGEN-MIRROR.,chalcogenide,standard
INFRARED-GE_OLD,INFRARED,GE_OLD,GE_OLD,Optical glass,Imported from INFRARED-AGF-NZHAGEN-MIRROR.,chalcogenide,standard
INFRARED-IRG2,INFRARED,IRG2,IRG2,Optical glass,Imported from INFRARED-AGF-NZHAGEN-MIRROR.,chalcogenide,standard
INFRARED-IRG3,INFRARED,IRG3,IRG3,Optical glass,Imported from INFRARED-AGF-NZHAGEN-MIRROR.,chalcogenide,standard
INFRARED-IRG7,INFRARED,IRG7,IRG7,Optical glass,Imported from INFRARED-AGF-NZHAGEN-MIRROR.,chalcogenide,standard
INFRARED-IRG9,INFRARED,IRG9,IRG9,Optical glass,Imported from INFRARED-AGF-NZHAGEN-MIRROR.,chalcogenide,standard
INFRARED-IRG11,INFRARED,IRG11,IRG11,Optical glass,Imported from INFRARED-AGF-NZHAGEN-MIRROR.,chalcogenide,standard
INFRARED-IRG15,INFRARED,IRG15,IRG15,Optical glass,Imported from INFRARED-AGF-NZHAGEN-MIRROR.,chalcogenide,standard
INFRARED-IRG100,INFRARED,IRG100,IRG100,Optical glass,Imported from INFRARED-AGF-NZHAGEN-MIRROR.,chalcogenide,standard
INFRARED-IRGN6,INFRARED,IRGN6,IRGN6,Optical glass,Imported from INFRARED-AGF-NZHAGEN-MIRROR.,chalcogenide,standard
INFRARED-KBR,INFRARED,KBR,KBR,Optical glass,Imported from INFRARED-AGF-NZHAGEN-MIRROR.,chalcogenide,standard
INFRARED-KCL,INFRARED,KCL,KCL,Optical glass,Imported from INFRARED-AGF-NZHAGEN-MIRROR.,chalcogenide,standard
INFRARED-KRS5,INFRARED,KRS5,KRS5,Optical glass,Imported from INFRARED-AGF-NZHAGEN-MIRROR.,chalcogenide,standard
INFRARED-LIF,INFRARED,LIF,LIF,Optical glass,Imported from INFRARED-AGF-NZHAGEN-MIRROR.,chalcogenide,standard
INFRARED-MGF2,INFRARED,MGF2,MGF2,Optical glass,Imported from INFRARED-AGF-NZHAGEN-MIRROR.,chalcogenide,standard
INFRARED-MGO,INFRARED,MGO,MGO,Optical glass,Imported from INFRARED-AGF-NZHAGEN-MIRROR.,chalcogenide,standard
INFRARED-NACL,INFRARED,NACL,NACL,Optical glass,Imported from INFRARED-AGF-NZHAGEN-MIRROR.,chalcogenide,standard
INFRARED-PBF2,INFRARED,PBF2,PBF2,Optical glass,Imported from INFRARED-AGF-NZHAGEN-MIRROR.,chalcogenide,standard
INFRARED-SAPPHIRE,INFRARED,SAPPHIRE,SAPPHIRE,Optical glass,Imported from INFRARED-AGF-NZHAGEN-MIRROR.,chalcogenide,standard
INFRARED-SILICON,INFRARED,SILICON,SILICON,Optical glass,Imported from INFRARED-AGF-NZHAGEN-MIRROR.,chalcogenide,standard
INFRARED-SPINEL,INFRARED,SPINEL,SPINEL,Optical glass,Imported from INFRARED-AGF-NZHAGEN-MIRROR.,chalcogenide,standard
INFRARED-SRF2,INFRARED,SRF2,SRF2,Optical glass,Imported from INFRARED-AGF-NZHAGEN-MIRROR.,chalcogenide,standard
INFRARED-SRTIO3,INFRARED,SRTIO3,SRTIO3,Optical glass,Imported from INFRARED-AGF-NZHAGEN-MIRROR.,chalcogenide,standard
INFRARED-TI_1173,INFRARED,TI_1173,TI_1173,Optical glass,Imported from INFRARED-AGF-NZHAGEN-MIRROR.,chalcogenide,standard
INFRARED-ZBLA,INFRARED,ZBLA,ZBLA,Optical glass,Imported from INFRARED-AGF-NZHAGEN-MIRROR.,chalcogenide,standard
INFRARED-ZBLAN,INFRARED,ZBLAN,ZBLAN,Optical glass,Imported from INFRARED-AGF-NZHAGEN-MIRROR.,chalcogenide,standard
INFRARED-ZNSE,INFRARED,ZNSE,ZNSE,Optical glass,Imported from INFRARED-AGF-NZHAGEN-MIRROR.,chalcogenide,standard
INFRARED-ZNS_BROAD,INFRARED,ZNS_BROAD,ZNS_BROAD,Optical glass,Imported from INFRARED-AGF-NZHAGEN-MIRROR.,chalcogenide,standard
INFRARED-ZNS_IR,INFRARED,ZNS_IR,ZNS_IR,Optical glass,Imported from INFRARED-AGF-NZHAGEN-MIRROR.,chalcogenide,standard
INFRARED-ZNS_VIS,INFRARED,ZNS_VIS,ZNS_VIS,Optical glass,Imported from INFRARED-AGF-NZHAGEN-MIRROR.,chalcogenide,standard
LIGHTPATH-BD1,LIGHTPATH,BD1,BD1,Optical glass,Imported from LIGHTPATH-AGF-NZHAGEN-MIRROR.,chalcogenide,standard
LIGHTPATH-BD2,LIGHTPATH,BD2,BD2,Optical glass,Imported from LIGHTPATH-AGF-NZHAGEN-MIRROR.,chalcogenide,standard
LIGHTPATH-C0550,LIGHTPATH,C0550,C0550,Optical glass,Imported from LIGHTPATH-AGF-NZHAGEN-MIRROR.,chalcogenide,standard
LIGHTPATH-D-ZK3M,LIGHTPATH,D-ZK3M,D-ZK3M,Optical glass,Imported from LIGHTPATH-AGF-NZHAGEN-MIRROR.,chalcogenide,standard
LIGHTPATH-D-ZLAF52LAM,LIGHTPATH,D-ZLAF52LAM,D-ZLAF52LAM,Lanthanum flint,Imported from LIGHTPATH-AGF-NZHAGEN-MIRROR.,chalcogenide,standard
LIGHTPATH-D-ZLAF52LA_M,LIGHTPATH,D-ZLAF52LA_M,D-ZLAF52LA_M,Lanthanum flint,Imported from LIGHTPATH-AGF-NZHAGEN-MIRROR.,chalcogenide,standard
LIGHTPATH-ECO550,LIGHTPATH,ECO550,ECO550,Optical glass,Imported from LIGHTPATH-AGF-NZHAGEN-MIRROR.,chalcogenide,standard
LIGHTPATH-ECO550M,LIGHTPATH,ECO550M,ECO550M,Optical glass,Imported from LIGHTPATH-AGF-NZHAGEN-MIRROR.,chalcogenide,standard
LIGHTPATH-ECO550_E,LIGHTPATH,ECO550_E,ECO550_E,Optical glass,Imported from LIGHTPATH-AGF-NZHAGEN-MIRROR.,chalcogenide,standard
LIGHTPATH-NICHIA_MELT1,LIGHTPATH,NICHIA_MELT1,NICHIA_MELT1,Optical glass,Imported from LIGHTPATH-AGF-NZHAGEN-MIRROR.,chalcogenide,standard
LIGHTPATH-PBH71,LIGHTPATH,PBH71,PBH71,Optical glass,Imported from LIGHTPATH-AGF-NZHAGEN-MIRROR.,chalcogenide,standard
RPO-BACD14_MOLD,RPO,BACD14_MOLD,BACD14_MOLD,Optical glass,Imported from RPO-AGF-NZHAGEN-MIRROR.,moldable,standard
RPO-BSM16C_MOLD,RPO,BSM16C_MOLD,BSM16C_MOLD,Optical glass,Imported from RPO-AGF-NZHAGEN-MIRROR.,moldable,standard
RPO-D-K59_MOLD,RPO,D-K59_MOLD,D-K59_MOLD,Optical glass,Imported from RPO-AGF-NZHAGEN-MIRROR.,moldable,standard
RPO-D-LAK6_MOLD,RPO,D-LAK6_MOLD,D-LAK6_MOLD,Lanthanum crown,Imported from RPO-AGF-NZHAGEN-MIRROR.,moldable,standard
RPO-D-LAK70,RPO,D-LAK70,D-LAK70,Lanthanum crown,Imported from RPO-AGF-NZHAGEN-MIRROR.,moldable,standard
RPO-D-LAK70_MOLD,RPO,D-LAK70_MOLD,D-LAK70_MOLD,Lanthanum crown,Imported from RPO-AGF-NZHAGEN-MIRROR.,moldable,standard
RPO-D-ZLAF52A_MOLD,RPO,D-ZLAF52A_MOLD,D-ZLAF52A_MOLD,Lanthanum flint,Imported from RPO-AGF-NZHAGEN-MIRROR.,moldable,standard
RPO-E-FDS1_MOLD,RPO,E-FDS1_MOLD,E-FDS1_MOLD,Optical glass,Imported from RPO-AGF-NZHAGEN-MIRROR.,moldable,standard
RPO-EKPC,RPO,EKPC,EKPC,Optical glass,Imported from RPO-AGF-NZHAGEN-MIRROR.,moldable,standard
RPO-FDS9_MOLD,RPO,FDS9_MOLD,FDS9_MOLD,Optical glass,Imported from RPO-AGF-NZHAGEN-MIRROR.,moldable,standard
RPO-H-LAK54_MOLD,RPO,H-LAK54_MOLD,H-LAK54_MOLD,Lanthanum crown,Imported from RPO-AGF-NZHAGEN-MIRROR.,moldable,standard
RPO-H-ZLAF50B_MOLD,RPO,H-ZLAF50B_MOLD,H-ZLAF50B_MOLD,Lanthanum flint,Imported from RPO-AGF-NZHAGEN-MIRROR.,moldable,standard
RPO-H-ZLAF52_MOLD,RPO,H-ZLAF52_MOLD,H-ZLAF52_MOLD,Lanthanum flint,Imported from RPO-AGF-NZHAGEN-MIRROR.,moldable,standard
RPO-H-ZLAF53_MOLD,RPO,H-ZLAF53_MOLD,H-ZLAF53_MOLD,Lanthanum flint,Imported from RPO-AGF-NZHAGEN-MIRROR.,moldable,standard
RPO-H-ZLAF55_MOLD,RPO,H-ZLAF55_MOLD,H-ZLAF55_MOLD,Lanthanum flint,Imported from RPO-AGF-NZHAGEN-MIRROR.,moldable,standard
RPO-H-ZLAF56_MOLD,RPO,H-ZLAF56_MOLD,H-ZLAF56_MOLD,Lanthanum flint,Imported from RPO-AGF-NZHAGEN-MIRROR.,moldable,standard
RPO-IG2,RPO,IG2,IG2,Optical glass,Imported from RPO-AGF-NZHAGEN-MIRROR.,moldable,standard
RPO-IG4,RPO,IG4,IG4,Optical glass,Imported from RPO-AGF-NZHAGEN-MIRROR.,moldable,standard
RPO-IG5,RPO,IG5,IG5,Optical glass,Imported from RPO-AGF-NZHAGEN-MIRROR.,moldable,standard
RPO-IG6,RPO,IG6,IG6,Optical glass,Imported from RPO-AGF-NZHAGEN-MIRROR.,moldable,standard
RPO-K-CSK120_MOLD,RPO,K-CSK120_MOLD,K-CSK120_MOLD,Dense crown,Imported from RPO-AGF-NZHAGEN-MIRROR.,moldable,standard
RPO-K-VC79_MOLD,RPO,K-VC79_MOLD,K-VC79_MOLD,Dense crown,Imported from RPO-AGF-NZHAGEN-MIRROR.,moldable,standard
RPO-K-VC89_MOLD,RPO,K-VC89_MOLD,K-VC89_MOLD,Dense crown,Imported from RPO-AGF-NZHAGEN-MIRROR.,moldable,standard
RPO-L-LAM60_MOLD,RPO,L-LAM60_MOLD,L-LAM60_MOLD,Optical glass,Imported from RPO-AGF-NZHAGEN-MIRROR.,moldable,standard
RPO-L-TIM28_MOLD,RPO,L-TIM28_MOLD,L-TIM28_MOLD,Optical glass,Imported from RPO-AGF-NZHAGEN-MIRROR.,moldable,standard
RPO-N-BK7_MOLD,RPO,N-BK7_MOLD,N-BK7_MOLD,Borosilicate crown,Imported from RPO-AGF-NZHAGEN-MIRROR.,moldable,standard
RPO-N-FK5_MOLD,RPO,N-FK5_MOLD,N-FK5_MOLD,Fluor crown,Imported from RPO-AGF-NZHAGEN-MIRROR.,moldable,standard
RPO-N-FK51_MOLD,RPO,N-FK51_MOLD,N-FK51_MOLD,Fluor crown,Imported from RPO-AGF-NZHAGEN-MIRROR.,moldable,standard
RPO-N-LAF2_MOLD,RPO,N-LAF2_MOLD,N-LAF2_MOLD,Lanthanum flint,Imported from RPO-AGF-NZHAGEN-MIRROR.,moldable,standard
RPO-N-LAK22_MOLD,RPO,N-LAK22_MOLD,N-LAK22_MOLD,Lanthanum crown,Imported from RPO-AGF-NZHAGEN-MIRROR.,moldable,standard
RPO-N-SK5_MOLD,RPO,N-SK5_MOLD,N-SK5_MOLD,Dense crown,Imported from RPO-AGF-NZHAGEN-MIRROR.,moldable,standard
RPO-P-SK57_MOLD,RPO,P-SK57_MOLD,P-SK57_MOLD,Dense crown,Imported from RPO-AGF-NZHAGEN-MIRROR.,moldable,standard
RPO-S-LAH60_MOLD,RPO,S-LAH60_MOLD,S-LAH60_MOLD,Optical glass,Imported from RPO-AGF-NZHAGEN-MIRROR.,moldable,standard
RPO-S-LAL12_MOLD,RPO,S-LAL12_MOLD,S-LAL12_MOLD,Optical glass,Imported from RPO-AGF-NZHAGEN-MIRROR.,moldable,standard
RPO-S-LAL13_MOLD,RPO,S-LAL13_MOLD,S-LAL13_MOLD,Optical glass,Imported from RPO-AGF-NZHAGEN-MIRROR.,moldable,standard
RPO-S-LAL18_MOLD,RPO,S-LAL18_MOLD,S-LAL18_MOLD,Optical glass,Imported from RPO-AGF-NZHAGEN-MIRROR.,moldable,standard
RPO-S-NPH1_MOLD,RPO,S-NPH1_MOLD,S-NPH1_MOLD,Optical glass,Imported from RPO-AGF-NZHAGEN-MIRROR.,moldable,standard
RPO-SF57_MOLD,RPO,SF57_MOLD,SF57_MOLD,Dense flint,Imported from RPO-AGF-NZHAGEN-MIRROR.,moldable,standard
RPO-TAC4_MOLD,RPO,TAC4_MOLD,TAC4_MOLD,Optical glass,Imported from RPO-AGF-NZHAGEN-MIRROR.,moldable,standard
RPO-TAF1_MOLD,RPO,TAF1_MOLD,TAF1_MOLD,Optical glass,Imported from RPO-AGF-NZHAGEN-MIRROR.,moldable,standard
RPO-TAF3_MOLD,RPO,TAF3_MOLD,TAF3_MOLD,Optical glass,Imported from RPO-AGF-NZHAGEN-MIRROR.,moldable,standard
RPO-VC78,RPO,VC78,VC78,Dense crown,Imported from RPO-AGF-NZHAGEN-MIRROR.,moldable,standard
RPO-VC78_MOLD,RPO,VC78_MOLD,VC78_MOLD,Dense crown,Imported from RPO-AGF-NZHAGEN-MIRROR.,moldable,standard
UMICORE-GASIR2,UMICORE,GASIR2,GASIR2,Optical glass,Imported from UMICORE-AGF-NZHAGEN-MIRROR.,chalcogenide,standard
UMICORE-GASIR1,UMICORE,GASIR1,GASIR1,Optical glass,Imported from UMICORE-AGF-NZHAGEN-MIRROR.,chalcogenide,standard
ZEON-330R,ZEON,330R,330R,Optical glass,Imported from ZEON-AGF-NZHAGEN-MIRROR.,polymer,standard
ZEON-480R,ZEON,480R,480R,Optical glass,Imported from ZEON-AGF-NZHAGEN-MIRROR.,polymer,standard
ZEON-E48R,ZEON,E48R,E48R,Optical glass,Imported from ZEON-AGF-NZHAGEN-MIRROR.,polymer,standard
ARTON-DX4900,ARTON,DX4900,DX4900,Optical glass,Imported from ARTON-AGF-NZHAGEN-MIRROR.,polymer,standard
ARTON-F5023,ARTON,F5023,F5023,Optical glass,Imported from ARTON-AGF-NZHAGEN-MIRROR.,polymer,standard
ARTON-F4520,ARTON,F4520,F4520,Optical glass,Imported from ARTON-AGF-NZHAGEN-MIRROR.,polymer,standard
ARTON-D4532,ARTON,D4532,D4532,Optical glass,Imported from ARTON-AGF-NZHAGEN-MIRROR.,polymer,standard
ARTON-D4531F,ARTON,D4531F,D4531F,Optical glass,Imported from ARTON-AGF-NZHAGEN-MIRROR.,polymer,standard
ARTON-D4540,ARTON,D4540,D4540,Optical glass,Imported from ARTON-AGF-NZHAGEN-MIRROR.,polymer,standard
TOPAS-5013LS-01,TOPAS,5013LS-01,5013LS-01,Optical glass,Imported from TOPAS-AGF-NZHAGEN-MIRROR.,polymer,standard
TOPAS-5013X16,TOPAS,5013X16,5013X16,Optical glass,Imported from TOPAS-AGF-NZHAGEN-MIRROR.,polymer,standard
TOPAS-6015S-04,TOPAS,6015S-04,6015S-04,Optical glass,Imported from TOPAS-AGF-NZHAGEN-MIRROR.,polymer,standard
ARCHER-S-BAL3M,ARCHER,S-BAL3M,S-BAL3M,Barium crown,Imported from ARCHER-AGF-NZHAGEN-MIRROR.,polymer,standard
ARCHER-L-BAL35M,ARCHER,L-BAL35M,L-BAL35M,Barium crown,Imported from ARCHER-AGF-NZHAGEN-MIRROR.,polymer,standard
ARCHER-S-BAL41M,ARCHER,S-BAL41M,S-BAL41M,Barium crown,Imported from ARCHER-AGF-NZHAGEN-MIRROR.,polymer,standard
ARCHER-S-BAL42M,ARCHER,S-BAL42M,S-BAL42M,Barium crown,Imported from ARCHER-AGF-NZHAGEN-MIRROR.,polymer,standard
ARCHER-S-BSL7M,ARCHER,S-BSL7M,S-BSL7M,Borosilicate crown,Imported from ARCHER-AGF-NZHAGEN-MIRROR.,polymer,standard
ARCHER-S-FSL5M,ARCHER,S-FSL5M,S-FSL5M,Optical glass,Imported from ARCHER-AGF-NZHAGEN-MIRROR.,polymer,standard
ARCHER-S-LAH53M,ARCHER,S-LAH53M,S-LAH53M,Optical glass,Imported from ARCHER-AGF-NZHAGEN-MIRROR.,polymer,standard
ARCHER-S-LAH60M,ARCHER,S-LAH60M,S-LAH60M,Optical glass,Imported from ARCHER-AGF-NZHAGEN-MIRROR.,polymer,standard
ARCHER-S-LAL12M,ARCHER,S-LAL12M,S-LAL12M,Optical glass,Imported from ARCHER-AGF-NZHAGEN-MIRROR.,polymer,standard
ARCHER-S-LAL13M,ARCHER,S-LAL13M,S-LAL13M,Optical glass,Imported from ARCHER-AGF-NZHAGEN-MIRROR.,polymer,standard
ARCHER-S-NSL3M,ARCHER,S-NSL3M,S-NSL3M,Optical glass,Imported from ARCHER-AGF-NZHAGEN-MIRROR.,polymer,standard
ARCHER-S-TIM2M,ARCHER,S-TIM2M,S-TIM2M,Optical glass,Imported from ARCHER-AGF-NZHAGEN-MIRROR.,polymer,standard
ARCHER-K-VC79M,ARCHER,K-VC79M,K-VC79M,Dense crown,Imported from ARCHER-AGF-NZHAGEN-MIRROR.,polymer,standard
ARCHER-S-LAM60M,ARCHER,S-LAM60M,S-LAM60M,Optical glass,Imported from ARCHER-AGF-NZHAGEN-MIRROR.,polymer,standard
ARCHER-L-LAM69M,ARCHER,L-LAM69M,L-LAM69M,Optical glass,Imported from ARCHER-AGF-NZHAGEN-MIRROR.,polymer,standard
