glass_id,formula,wavelength_um,B1,B2,B3,C1_um2,C2_um2,C3_um2,source_id,notes,n_terms,B4,C4_um2,B5,C5_um2
SCHOTT-BK7G18,"Sellmeier-1 (3-term, Zemax CD record)",,1.26538542,0.0144191073,1.00323028,0.00813104078,0.0543303226,102.821166,SCHOTT-AGF-2025-06,.agf CD coefficients; verify with catalog.,3.0,,,,
SCHOTT-F2,"Sellmeier-1 (3-term, Zemax CD record)",,1.34533359,0.209073176,0.937357162,0.00997743871,0.0470450767,111.886764,SCHOTT-AGF-2025-06,.agf CD coefficients; verify with catalog.,3.0,,,,
SCHOTT-F2G12,"Sellmeier-1 (3-term, Zemax CD record)",,1.34702224,0.210037763,19.5350768,0.00980850553,0.0471788018,2279.1547,SCHOTT-AGF-2025-06,.agf CD coefficients; verify with catalog.,3.0,,,,
SCHOTT-F2HT,"Sellmeier-1 (3-term, Zemax CD record)",,1.34533359,0.209073176,0.937357162,0.00997743871,0.0470450767,111.886764,SCHOTT-AGF-2025-06,.agf CD coefficients; verify with catalog.,3.0,,,,
SCHOTT-F2HTI,"Sellmeier-1 (3-term, Zemax CD record)",,1.34533359,0.209073176,0.937357162,0.00997743871,0.0470450767,111.886764,SCHOTT-AGF-2025-06,.agf CD coefficients; verify with catalog.,3.0,,,,
SCHOTT-F5,"Sellmeier-1 (3-term, Zemax CD record)",,1.3104463,0.19603426,0.96612977,0.00958633048,0.0457627627,115.011883,SCHOTT-AGF-2025-06,.agf CD coefficients; verify with catalog.,3.0,,,,
SCHOTT-FK5HTI,"Sellmeier-1 (3-term, Zemax CD record)",,0.90936218,0.279077054,0.891813298,0.0052014247,0.0158938446,95.9109448,SCHOTT-AGF-2025-06,.agf CD coefficients; verify with catalog.,3.0,,,,
SCHOTT-K10,"Sellmeier-1 (3-term, Zemax CD record)",,1.15687082,0.0642625444,0.872376139,0.00809424251,0.0386051284,104.74773,SCHOTT-AGF-2025-06,.agf CD coefficients; verify with catalog.,3.0,,,,
SCHOTT-K5G20,"Sellmeier-1 (3-term, Zemax CD record)",,1.14094396,0.14500119,37.4705786,0.00694945478,0.0310574444,4536.25624,SCHOTT-AGF-2025-06,.agf CD coefficients; verify with catalog.,3.0,,,,
SCHOTT-LAFN7,"Sellmeier-1 (3-term, Zemax CD record)",,1.66842615,0.298512803,1.0774376,0.0103159999,0.0469216348,82.5078509,SCHOTT-AGF-2025-06,.agf CD coefficients; verify with catalog.,3.0,,,,
SCHOTT-LAK9G15,"Sellmeier-1 (3-term, Zemax CD record)",,1.28773667,0.518244853,26.1756109,0.0055754192,0.0223679524,1892.2533,SCHOTT-AGF-2025-06,.agf CD coefficients; verify with catalog.,3.0,,,,
SCHOTT-LASF35,"Sellmeier-1 (3-term, Zemax CD record)",,2.45505861,0.453006077,2.3851308,0.0135670404,0.054580302,167.904715,SCHOTT-AGF-2025-06,.agf CD coefficients; verify with catalog.,3.0,,,,
SCHOTT-LF5,"Sellmeier-1 (3-term, Zemax CD record)",,1.28035628,0.163505973,0.893930112,0.00929854416,0.0449135769,110.493685,SCHOTT-AGF-2025-06,.agf CD coefficients; verify with catalog.,3.0,,,,
SCHOTT-LF5G19,"Sellmeier-1 (3-term, Zemax CD record)",,1.34611327,0.142428018,0.900477176,0.0097174385,0.0501911619,111.959703,SCHOTT-AGF-2025-06,.agf CD coefficients; verify with catalog.,3.0,,,,
SCHOTT-LF5HTI,"Sellmeier-1 (3-term, Zemax CD record)",,1.28552924,0.158357622,0.892175122,0.0093988626,0.0452566659,110.544829,SCHOTT-AGF-2025-06,.agf CD coefficients; verify with catalog.,3.0,,,,
SCHOTT-LLF1,"Sellmeier-1 (3-term, Zemax CD record)",,1.21640125,0.13366454,0.883399468,0.00857807248,0.0420143003,107.59306,SCHOTT-AGF-2025-06,.agf CD coefficients; verify with catalog.,3.0,,,,
SCHOTT-LLF1HTI,"Sellmeier-1 (3-term, Zemax CD record)",,1.22510445,0.125155671,0.892236751,0.00870432098,0.0427325235,108.049968,SCHOTT-AGF-2025-06,.agf CD coefficients; verify with catalog.,3.0,,,,
SCHOTT-N-BAF10,"Sellmeier-1 (3-term, Zemax CD record)",,1.5851495,0.143559385,1.08521269,0.00926681282,0.0424489805,105.613573,SCHOTT-AGF-2025-06,.agf CD coefficients; verify with catalog.,3.0,,,,
SCHOTT-N-BAF4,"Sellmeier-1 (3-term, Zemax CD record)",,1.42056328,0.102721269,1.14380976,0.00942015382,0.0531087291,110.278856,SCHOTT-AGF-2025-06,.agf CD coefficients; verify with catalog.,3.0,,,,
SCHOTT-N-BAF51,"Sellmeier-1 (3-term, Zemax CD record)",,1.51503623,0.153621958,1.15427909,0.00942734715,0.04308265,124.889868,SCHOTT-AGF-2025-06,.agf CD coefficients; verify with catalog.,3.0,,,,
SCHOTT-N-BAF52,"Sellmeier-1 (3-term, Zemax CD record)",,1.43903433,0.0967046052,1.09875818,0.00907800128,0.050821208,105.691856,SCHOTT-AGF-2025-06,.agf CD coefficients; verify with catalog.,3.0,,,,
SCHOTT-N-BAK1,"Sellmeier-1 (3-term, Zemax CD record)",,1.12365662,0.309276848,0.881511957,0.00644742752,0.0222284402,107.297751,SCHOTT-AGF-2025-06,.agf CD coefficients; verify with catalog.,3.0,,,,
SCHOTT-N-BAK2,"Sellmeier-1 (3-term, Zemax CD record)",,1.01662154,0.319903051,0.937232995,0.00592383763,0.0203828415,113.118417,SCHOTT-AGF-2025-06,.agf CD coefficients; verify with catalog.,3.0,,,,
SCHOTT-N-BAK4,"Sellmeier-1 (3-term, Zemax CD record)",,1.28834642,0.132817724,0.945395373,0.00779980626,0.0315631177,105.965875,SCHOTT-AGF-2025-06,.agf CD coefficients; verify with catalog.,3.0,,,,
SCHOTT-N-BAK4HT,"Sellmeier-1 (3-term, Zemax CD record)",,1.28834642,0.132817724,0.945395373,0.00779980626,0.0315631177,105.965875,SCHOTT-AGF-2025-06,.agf CD coefficients; verify with catalog.,3.0,,,,
SCHOTT-N-BALF4,"Sellmeier-1 (3-term, Zemax CD record)",,1.31004128,0.142038259,0.964929351,0.0079659645,0.0330672072,109.19732,SCHOTT-AGF-2025-06,.agf CD coefficients; verify with catalog.,3.0,,,,
SCHOTT-N-BALF5,"Sellmeier-1 (3-term, Zemax CD record)",,1.28385965,0.0719300942,1.05048927,0.00825815975,0.0441920027,107.097324,SCHOTT-AGF-2025-06,.agf CD coefficients; verify with catalog.,3.0,,,,
SCHOTT-N-BASF2,"Sellmeier-1 (3-term, Zemax CD record)",,1.53652081,0.156971102,1.30196815,0.0108435729,0.0562278762,131.3397,SCHOTT-AGF-2025-06,.agf CD coefficients; verify with catalog.,3.0,,,,
SCHOTT-N-BASF64,"Sellmeier-1 (3-term, Zemax CD record)",,1.65554268,0.17131977,1.33664448,0.0104485644,0.0499394756,118.961472,SCHOTT-AGF-2025-06,.agf CD coefficients; verify with catalog.,3.0,,,,
SCHOTT-N-BK10,"Sellmeier-1 (3-term, Zemax CD record)",,0.888308131,0.328964475,0.984610769,0.00516900822,0.0161190045,99.7575331,SCHOTT-AGF-2025-06,.agf CD coefficients; verify with catalog.,3.0,,,,
SCHOTT-N-BK7,"Sellmeier-1 (3-term, Zemax CD record)",,1.03961212,0.231792344,1.01046945,0.00600069867,0.0200179144,103.560653,SCHOTT-AGF-2025-06,.agf CD coefficients; verify with catalog.,3.0,,,,
SCHOTT-N-BK7HT,"Sellmeier-1 (3-term, Zemax CD record)",,1.03961212,0.231792344,1.01046945,0.00600069867,0.0200179144,103.560653,SCHOTT-AGF-2025-06,.agf CD coefficients; verify with catalog.,3.0,,,,
SCHOTT-N-BK7HTI,"Sellmeier-1 (3-term, Zemax CD record)",,1.03961212,0.231792344,1.01046945,0.00600069867,0.0200179144,103.560653,SCHOTT-AGF-2025-06,.agf CD coefficients; verify with catalog.,3.0,,,,
SCHOTT-N-F2,"Sellmeier-1 (3-term, Zemax CD record)",,1.39757037,0.159201403,1.2686543,0.00995906143,0.0546931752,119.248346,SCHOTT-AGF-2025-06,.agf CD coefficients; verify with catalog.,3.0,,,,
SCHOTT-N-FK5,"Sellmeier-1 (3-term, Zemax CD record)",,0.844309338,0.344147824,0.910790213,0.00475111955,0.0149814849,97.8600293,SCHOTT-AGF-2025-06,.agf CD coefficients; verify with catalog.,3.0,,,,
SCHOTT-N-FK51A,"Sellmeier-1 (3-term, Zemax CD record)",,0.971247817,0.216901417,0.904651666,0.00472301995,0.0153575612,168.68133,SCHOTT-AGF-2025-06,.agf CD coefficients; verify with catalog.,3.0,,,,
SCHOTT-N-FK58,"Sellmeier-1 (3-term, Zemax CD record)",,0.738042712,0.363371967,0.989296264,0.00339065607,0.0117551189,212.842145,SCHOTT-AGF-2025-06,.agf CD coefficients; verify with catalog.,3.0,,,,
SCHOTT-N-K5,"Sellmeier-1 (3-term, Zemax CD record)",,1.08511833,0.199562005,0.930511663,0.00661099503,0.024110866,111.982777,SCHOTT-AGF-2025-06,.agf CD coefficients; verify with catalog.,3.0,,,,
SCHOTT-N-KF9,"Sellmeier-1 (3-term, Zemax CD record)",,1.19286778,0.0893346571,0.920819805,0.00839154696,0.0404010786,112.572446,SCHOTT-AGF-2025-06,.agf CD coefficients; verify with catalog.,3.0,,,,
SCHOTT-N-KZFS11,"Sellmeier-1 (3-term, Zemax CD record)",,1.3322245,0.28924161,1.15161734,0.0084029848,0.034423972,88.4310532,SCHOTT-AGF-2025-06,.agf CD coefficients; verify with catalog.,3.0,,,,
SCHOTT-N-KZFS2,"Sellmeier-1 (3-term, Zemax CD record)",,1.23697554,0.153569376,0.903976272,0.00747170505,0.0308053556,70.1731084,SCHOTT-AGF-2025-06,.agf CD coefficients; verify with catalog.,3.0,,,,
SCHOTT-N-KZFS4,"Sellmeier-1 (3-term, Zemax CD record)",,1.35055424,0.197575506,1.09962992,0.0087628207,0.0371767201,90.3866994,SCHOTT-AGF-2025-06,.agf CD coefficients; verify with catalog.,3.0,,,,
SCHOTT-N-KZFS5,"Sellmeier-1 (3-term, Zemax CD record)",,1.47460789,0.193584488,1.26589974,0.00986143816,0.0445477583,106.436258,SCHOTT-AGF-2025-06,.agf CD coefficients; verify with catalog.,3.0,,,,
SCHOTT-N-KZFS8,"Sellmeier-1 (3-term, Zemax CD record)",,1.62693651,0.24369876,1.62007141,0.010880863,0.0494207753,131.009163,SCHOTT-AGF-2025-06,.agf CD coefficients; verify with catalog.,3.0,,,,
SCHOTT-N-LAF2,"Sellmeier-1 (3-term, Zemax CD record)",,1.80984227,0.15729555,1.0930037,0.0101711622,0.0442431765,100.687748,SCHOTT-AGF-2025-06,.agf CD coefficients; verify with catalog.,3.0,,,,
SCHOTT-N-LAF21,"Sellmeier-1 (3-term, Zemax CD record)",,1.87134529,0.25078301,1.22048639,0.0093332228,0.0345637762,83.2404866,SCHOTT-AGF-2025-06,.agf CD coefficients; verify with catalog.,3.0,,,,
SCHOTT-N-LAF33,"Sellmeier-1 (3-term, Zemax CD record)",,1.79653417,0.311577903,1.15981863,0.00927313493,0.0358201181,87.3448712,SCHOTT-AGF-2025-06,.agf CD coefficients; verify with catalog.,3.0,,,,
SCHOTT-N-LAF34,"Sellmeier-1 (3-term, Zemax CD record)",,1.75836958,0.313537785,1.18925231,0.00872810026,0.0293020832,85.1780644,SCHOTT-AGF-2025-06,.agf CD coefficients; verify with catalog.,3.0,,,,
SCHOTT-N-LAF35,"Sellmeier-1 (3-term, Zemax CD record)",,1.51697436,0.455875464,1.07469242,0.00750943203,0.0260046715,80.5945159,SCHOTT-AGF-2025-06,.agf CD coefficients; verify with catalog.,3.0,,,,
SCHOTT-N-LAF7,"Sellmeier-1 (3-term, Zemax CD record)",,1.74028764,0.226710554,1.32525548,0.010792558,0.0538626639,106.268665,SCHOTT-AGF-2025-06,.agf CD coefficients; verify with catalog.,3.0,,,,
SCHOTT-N-LAK10,"Sellmeier-1 (3-term, Zemax CD record)",,1.72878017,0.169257825,1.19386956,0.00886014635,0.0363416509,82.9009069,SCHOTT-AGF-2025-06,.agf CD coefficients; verify with catalog.,3.0,,,,
SCHOTT-N-LAK12,"Sellmeier-1 (3-term, Zemax CD record)",,1.17365704,0.588992398,0.978014394,0.00577031797,0.0200401678,95.4873482,SCHOTT-AGF-2025-06,.agf CD coefficients; verify with catalog.,3.0,,,,
SCHOTT-N-LAK14,"Sellmeier-1 (3-term, Zemax CD record)",,1.50781212,0.318866829,1.14287213,0.00746098727,0.0242024834,80.9565165,SCHOTT-AGF-2025-06,.agf CD coefficients; verify with catalog.,3.0,,,,
SCHOTT-N-LAK21,"Sellmeier-1 (3-term, Zemax CD record)",,1.22718116,0.420783743,1.01284843,0.00602075682,0.0196862889,88.4370099,SCHOTT-AGF-2025-06,.agf CD coefficients; verify with catalog.,3.0,,,,
SCHOTT-N-LAK22,"Sellmeier-1 (3-term, Zemax CD record)",,1.14229781,0.535138441,1.04088385,0.00585778594,0.0198546147,100.834017,SCHOTT-AGF-2025-06,.agf CD coefficients; verify with catalog.,3.0,,,,
SCHOTT-N-LAK28,"Sellmeier-1 (3-term, Zemax CD record)",,1.50441986,0.474120561,1.17784354,0.00719665592,0.0249143227,83.144321,SCHOTT-AGF-2025-06,.agf CD coefficients; verify with catalog.,3.0,,,,
SCHOTT-N-LAK33B,"Sellmeier-1 (3-term, Zemax CD record)",,1.42288601,0.593661336,1.1613526,0.00670283452,0.021941621,80.7407701,SCHOTT-AGF-2025-06,.agf CD coefficients; verify with catalog.,3.0,,,,
SCHOTT-N-LAK34,"Sellmeier-1 (3-term, Zemax CD record)",,1.26661442,0.665919318,1.1249612,0.00589278062,0.0197509041,78.8894174,SCHOTT-AGF-2025-06,.agf CD coefficients; verify with catalog.,3.0,,,,
SCHOTT-N-LAK7,"Sellmeier-1 (3-term, Zemax CD record)",,1.23679889,0.445051837,1.01745888,0.00610105538,0.0201388334,90.638038,SCHOTT-AGF-2025-06,.agf CD coefficients; verify with catalog.,3.0,,,,
SCHOTT-N-LAK8,"Sellmeier-1 (3-term, Zemax CD record)",,1.33183167,0.546623206,1.19084015,0.00620023871,0.0216465439,82.5827736,SCHOTT-AGF-2025-06,.agf CD coefficients; verify with catalog.,3.0,,,,
SCHOTT-N-LAK9,"Sellmeier-1 (3-term, Zemax CD record)",,1.46231905,0.344399589,1.15508372,0.00724270156,0.0243353131,85.4686868,SCHOTT-AGF-2025-06,.agf CD coefficients; verify with catalog.,3.0,,,,
SCHOTT-N-LASF31A,"Sellmeier-1 (3-term, Zemax CD record)",,1.96485075,0.475231259,1.48360109,0.00982060155,0.0344713438,110.739863,SCHOTT-AGF-2025-06,.agf CD coefficients; verify with catalog.,3.0,,,,
SCHOTT-N-LASF40,"Sellmeier-1 (3-term, Zemax CD record)",,1.98550331,0.274057042,1.28945661,0.010958331,0.0474551603,96.9085286,SCHOTT-AGF-2025-06,.agf CD coefficients; verify with catalog.,3.0,,,,
SCHOTT-N-LASF41,"Sellmeier-1 (3-term, Zemax CD record)",,1.86348331,0.413307255,1.35784815,0.00910368219,0.0339247268,93.3580595,SCHOTT-AGF-2025-06,.agf CD coefficients; verify with catalog.,3.0,,,,
SCHOTT-N-LASF43,"Sellmeier-1 (3-term, Zemax CD record)",,1.93502827,0.23662935,1.26291344,0.0104001413,0.0447505292,87.437569,SCHOTT-AGF-2025-06,.agf CD coefficients; verify with catalog.,3.0,,,,
SCHOTT-N-LASF44,"Sellmeier-1 (3-term, Zemax CD record)",,1.78897105,0.38675867,1.30506243,0.00872506277,0.0308085023,92.7743824,SCHOTT-AGF-2025-06,.agf CD coefficients; verify with catalog.,3.0,,,,
SCHOTT-N-LASF45,"Sellmeier-1 (3-term, Zemax CD record)",,1.87140198,0.267777879,1.73030008,0.011217192,0.0505134972,147.106505,SCHOTT-AGF-2025-06,.agf CD coefficients; verify with catalog.,3.0,,,,
SCHOTT-N-LASF46B,"Sellmeier-1 (3-term, Zemax CD record)",,2.17988922,0.306495184,1.56882437,0.0125805384,0.0567191367,105.316538,SCHOTT-AGF-2025-06,.agf CD coefficients; verify with catalog.,3.0,,,,
SCHOTT-N-LASF55,"Sellmeier-1 (3-term, Zemax CD record)",,2.30861228,0.354736638,1.92227125,0.0130446995,0.0557524221,133.196869,SCHOTT-AGF-2025-06,.agf CD coefficients; verify with catalog.,3.0,,,,
SCHOTT-N-LASF9,"Sellmeier-1 (3-term, Zemax CD record)",,2.00029547,0.298926886,1.80691843,0.0121426017,0.0538736236,156.530829,SCHOTT-AGF-2025-06,.agf CD coefficients; verify with catalog.,3.0,,,,
SCHOTT-N-PK51,"Sellmeier-1 (3-term, Zemax CD record)",,1.15610775,0.153229344,0.785618966,0.00585597402,0.0194072416,140.537046,SCHOTT-AGF-2025-06,.agf CD coefficients; verify with catalog.,3.0,,,,
SCHOTT-N-PK52A,"Sellmeier-1 (3-term, Zemax CD record)",,1.029607,0.1880506,0.736488165,0.00516800155,0.0166658798,138.964129,SCHOTT-AGF-2025-06,.agf CD coefficients; verify with catalog.,3.0,,,,
SCHOTT-N-PSK3,"Sellmeier-1 (3-term, Zemax CD record)",,0.88727211,0.489592425,1.04865296,0.00469824067,0.0161818463,104.374975,SCHOTT-AGF-2025-06,.agf CD coefficients; verify with catalog.,3.0,,,,
SCHOTT-N-PSK53A,"Sellmeier-1 (3-term, Zemax CD record)",,1.38121836,0.196745645,0.886089205,0.00706416337,0.0233251345,97.4847345,SCHOTT-AGF-2025-06,.agf CD coefficients; verify with catalog.,3.0,,,,
SCHOTT-N-SF1,"Sellmeier-1 (3-term, Zemax CD record)",,1.60865158,0.237725916,1.51530653,0.0119654879,0.0590589722,135.521676,SCHOTT-AGF-2025-06,.agf CD coefficients; verify with catalog.,3.0,,,,
SCHOTT-N-SF10,"Sellmeier-1 (3-term, Zemax CD record)",,1.62153902,0.256287842,1.64447552,0.0122241457,0.0595736775,147.468793,SCHOTT-AGF-2025-06,.agf CD coefficients; verify with catalog.,3.0,,,,
SCHOTT-N-SF11,"Sellmeier-1 (3-term, Zemax CD record)",,1.73759695,0.313747346,1.89878101,0.013188707,0.0623068142,155.23629,SCHOTT-AGF-2025-06,.agf CD coefficients; verify with catalog.,3.0,,,,
SCHOTT-N-SF14,"Sellmeier-1 (3-term, Zemax CD record)",,1.69022361,0.288870052,1.7045187,0.0130512113,0.061369188,149.517689,SCHOTT-AGF-2025-06,.agf CD coefficients; verify with catalog.,3.0,,,,
SCHOTT-N-SF15,"Sellmeier-1 (3-term, Zemax CD record)",,1.57055634,0.218987094,1.50824017,0.0116507014,0.0597856897,132.709339,SCHOTT-AGF-2025-06,.agf CD coefficients; verify with catalog.,3.0,,,,
SCHOTT-N-SF2,"Sellmeier-1 (3-term, Zemax CD record)",,1.47343127,0.163681849,1.36920899,0.0109019098,0.0585683687,127.404933,SCHOTT-AGF-2025-06,.agf CD coefficients; verify with catalog.,3.0,,,,
SCHOTT-N-SF4,"Sellmeier-1 (3-term, Zemax CD record)",,1.67780282,0.282849893,1.63539276,0.012679345,0.0602038419,145.760496,SCHOTT-AGF-2025-06,.agf CD coefficients; verify with catalog.,3.0,,,,
SCHOTT-N-SF5,"Sellmeier-1 (3-term, Zemax CD record)",,1.52481889,0.187085527,1.42729015,0.011254756,0.0588995392,129.141675,SCHOTT-AGF-2025-06,.agf CD coefficients; verify with catalog.,3.0,,,,
SCHOTT-N-SF57,"Sellmeier-1 (3-term, Zemax CD record)",,1.87543831,0.37375749,2.30001797,0.0141749518,0.0640509927,177.389795,SCHOTT-AGF-2025-06,.agf CD coefficients; verify with catalog.,3.0,,,,
SCHOTT-N-SF57HT,"Sellmeier-1 (3-term, Zemax CD record)",,1.87543831,0.37375749,2.30001797,0.0141749518,0.0640509927,177.389795,SCHOTT-AGF-2025-06,.agf CD coefficients; verify with catalog.,3.0,,,,
SCHOTT-N-SF57HTULTRA,"Sellmeier-1 (3-term, Zemax CD record)",,1.87543831,0.37375749,2.30001797,0.0141749518,0.0640509927,177.389795,SCHOTT-AGF-2025-06,.agf CD coefficients; verify with catalog.,3.0,,,,
SCHOTT-N-SF6,"Sellmeier-1 (3-term, Zemax CD record)",,1.77931763,0.338149866,2.08734474,0.0133714182,0.0617533621,174.01759,SCHOTT-AGF-2025-06,.agf CD coefficients; verify with catalog.,3.0,,,,
SCHOTT-N-SF66,"Sellmeier-1 (3-term, Zemax CD record)",,2.0245976,0.470187196,2.59970433,0.0147053225,0.0692998276,161.817601,SCHOTT-AGF-2025-06,.agf CD coefficients; verify with catalog.,3.0,,,,
SCHOTT-N-SF6HT,"Sellmeier-1 (3-term, Zemax CD record)",,1.77931763,0.338149866,2.08734474,0.0133714182,0.0617533621,174.01759,SCHOTT-AGF-2025-06,.agf CD coefficients; verify with catalog.,3.0,,,,
SCHOTT-N-SF6HTULTRA,"Sellmeier-1 (3-term, Zemax CD record)",,1.77931763,0.338149866,2.08734474,0.0133714182,0.0617533621,174.01759,SCHOTT-AGF-2025-06,.agf CD coefficients; verify with catalog.,3.0,,,,
SCHOTT-N-SF8,"Sellmeier-1 (3-term, Zemax CD record)",,1.55075812,0.209816918,1.46205491,0.0114338344,0.0582725652,133.24165,SCHOTT-AGF-2025-06,.agf CD coefficients; verify with catalog.,3.0,,,,
SCHOTT-N-SK11,"Sellmeier-1 (3-term, Zemax CD record)",,1.17963631,0.229817295,0.935789652,0.00680282081,0.0219737205,101.513232,SCHOTT-AGF-2025-06,.agf CD coefficients; verify with catalog.,3.0,,,,
SCHOTT-N-SK14,"Sellmeier-1 (3-term, Zemax CD record)",,0.936155374,0.594052018,1.04374583,0.00461716525,0.016885927,103.736265,SCHOTT-AGF-2025-06,.agf CD coefficients; verify with catalog.,3.0,,,,
SCHOTT-N-SK16,"Sellmeier-1 (3-term, Zemax CD record)",,1.34317774,0.241144399,0.994317969,0.00704687339,0.0229005,92.7508526,SCHOTT-AGF-2025-06,.agf CD coefficients; verify with catalog.,3.0,,,,
SCHOTT-N-SK2,"Sellmeier-1 (3-term, Zemax CD record)",,1.28189012,0.257738258,0.96818604,0.0072719164,0.0242823527,110.377773,SCHOTT-AGF-2025-06,.agf CD coefficients; verify with catalog.,3.0,,,,
SCHOTT-N-SK2HT,"Sellmeier-1 (3-term, Zemax CD record)",,1.28189012,0.257738258,0.96818604,0.0072719164,0.0242823527,110.377773,SCHOTT-AGF-2025-06,.agf CD coefficients; verify with catalog.,3.0,,,,
SCHOTT-N-SK4,"Sellmeier-1 (3-term, Zemax CD record)",,1.32993741,0.228542996,0.988465211,0.00716874107,0.0246455892,100.886364,SCHOTT-AGF-2025-06,.agf CD coefficients; verify with catalog.,3.0,,,,
SCHOTT-N-SK5,"Sellmeier-1 (3-term, Zemax CD record)",,0.991463823,0.495982121,0.987393925,0.00522730467,0.0172733646,98.3594579,SCHOTT-AGF-2025-06,.agf CD coefficients; verify with catalog.,3.0,,,,
SCHOTT-N-SK5HTI,"Sellmeier-1 (3-term, Zemax CD record)",,0.991463823,0.495982121,0.987393925,0.00522730467,0.0172733646,98.3594579,SCHOTT-AGF-2025-06,.agf CD coefficients; verify with catalog.,3.0,,,,
SCHOTT-N-SSK2,"Sellmeier-1 (3-term, Zemax CD record)",,1.4306027,0.153150554,1.01390904,0.00823982975,0.0333736841,106.870822,SCHOTT-AGF-2025-06,.agf CD coefficients; verify with catalog.,3.0,,,,
SCHOTT-N-SSK5,"Sellmeier-1 (3-term, Zemax CD record)",,1.59222659,0.103520774,1.05174016,0.00920284626,0.0423530072,106.927374,SCHOTT-AGF-2025-06,.agf CD coefficients; verify with catalog.,3.0,,,,
SCHOTT-N-SSK8,"Sellmeier-1 (3-term, Zemax CD record)",,1.44857867,0.117965926,1.06937528,0.00869310149,0.0421566593,111.300666,SCHOTT-AGF-2025-06,.agf CD coefficients; verify with catalog.,3.0,,,,
SCHOTT-N-ZK7A,"Sellmeier-1 (3-term, Zemax CD record)",,1.07509891,0.168895044,0.860503983,0.00676601657,0.0230642817,89.0498778,SCHOTT-AGF-2025-06,.agf CD coefficients; verify with catalog.,3.0,,,,
SCHOTT-P-BK7,"Sellmeier-1 (3-term, Zemax CD record)",,1.18318503,0.0871756426,1.03133701,0.00722141956,0.0268216805,101.702362,SCHOTT-AGF-2025-06,.agf CD coefficients; verify with catalog.,3.0,,,,
SCHOTT-P-LAF37,"Sellmeier-1 (3-term, Zemax CD record)",,1.76003244,0.248286745,1.15935122,0.00938006396,0.0360537464,86.4324693,SCHOTT-AGF-2025-06,.agf CD coefficients; verify with catalog.,3.0,,,,
SCHOTT-P-LAK35,"Sellmeier-1 (3-term, Zemax CD record)",,1.3932426,0.418882766,1.043807,0.00715959695,0.0233637446,88.3284426,SCHOTT-AGF-2025-06,.agf CD coefficients; verify with catalog.,3.0,,,,
SCHOTT-P-LASF47,"Sellmeier-1 (3-term, Zemax CD record)",,1.85543101,0.315854649,1.28561839,0.0100328203,0.0387095168,94.5421507,SCHOTT-AGF-2025-06,.agf CD coefficients; verify with catalog.,3.0,,,,
SCHOTT-P-LASF50,"Sellmeier-1 (3-term, Zemax CD record)",,1.84910553,0.329828674,1.30400901,0.00999234757,0.0387437988,95.8967681,SCHOTT-AGF-2025-06,.agf CD coefficients; verify with catalog.,3.0,,,,
SCHOTT-P-LASF51,"Sellmeier-1 (3-term, Zemax CD record)",,1.84568806,0.3390016,1.32418921,0.00988495571,0.0378097402,97.841543,SCHOTT-AGF-2025-06,.agf CD coefficients; verify with catalog.,3.0,,,,
SCHOTT-P-SF68,"Sellmeier-1 (3-term, Zemax CD record)",,2.3330067,0.452961396,1.25172339,0.0168838419,0.0716086325,118.707479,SCHOTT-AGF-2025-06,.agf CD coefficients; verify with catalog.,3.0,,,,
SCHOTT-P-SF69,"Sellmeier-1 (3-term, Zemax CD record)",,1.62594647,0.235927609,1.67434623,0.0121696677,0.0600710405,145.651908,SCHOTT-AGF-2025-06,.agf CD coefficients; verify with catalog.,3.0,,,,
SCHOTT-P-SF8,"Sellmeier-1 (3-term, Zemax CD record)",,1.55370411,0.206332561,1.39708831,0.011658267,0.0582087757,130.748028,SCHOTT-AGF-2025-06,.agf CD coefficients; verify with catalog.,3.0,,,,
SCHOTT-P-SK57,"Sellmeier-1 (3-term, Zemax CD record)",,1.31053414,0.169376189,1.10987714,0.00740877235,0.0254563489,107.751087,SCHOTT-AGF-2025-06,.agf CD coefficients; verify with catalog.,3.0,,,,
SCHOTT-P-SK57Q1,"Sellmeier-1 (3-term, Zemax CD record)",,1.30536483,0.171434328,1.10117219,0.00736408831,0.0255786047,106.72606,SCHOTT-AGF-2025-06,.agf CD coefficients; verify with catalog.,3.0,,,,
SCHOTT-P-SK58A,"Sellmeier-1 (3-term, Zemax CD record)",,1.3167841,0.171154756,1.12501473,0.00720717498,0.0245659595,102.739728,SCHOTT-AGF-2025-06,.agf CD coefficients; verify with catalog.,3.0,,,,
SCHOTT-P-SK60,"Sellmeier-1 (3-term, Zemax CD record)",,1.40790442,0.143381417,1.16513947,0.00784382378,0.0287769365,105.373397,SCHOTT-AGF-2025-06,.agf CD coefficients; verify with catalog.,3.0,,,,
SCHOTT-SF1,"Sellmeier-1 (3-term, Zemax CD record)",,1.55912923,0.284246288,0.968842926,0.0121481001,0.0534549042,112.174809,SCHOTT-AGF-2025-06,.agf CD coefficients; verify with catalog.,3.0,,,,
SCHOTT-SF10,"Sellmeier-1 (3-term, Zemax CD record)",,1.61625977,0.259229334,1.07762317,0.0127534559,0.0581983954,116.60768,SCHOTT-AGF-2025-06,.agf CD coefficients; verify with catalog.,3.0,,,,
SCHOTT-SF11,"Sellmeier-1 (3-term, Zemax CD record)",,1.73848403,0.311168974,1.17490871,0.0136068604,0.0615960463,121.922711,SCHOTT-AGF-2025-06,.agf CD coefficients; verify with catalog.,3.0,,,,
SCHOTT-SF2,"Sellmeier-1 (3-term, Zemax CD record)",,1.40301821,0.231767504,0.939056586,0.0105795466,0.0493226978,112.405955,SCHOTT-AGF-2025-06,.agf CD coefficients; verify with catalog.,3.0,,,,
SCHOTT-SF3,"Sellmeier-1 (3-term, Zemax CD record)",,1.57230542,0.339661149,1.03593712,0.0120382183,0.0531603583,120.005381,SCHOTT-AGF-2025-06,.agf CD coefficients; verify with catalog.,3.0,,,,
SCHOTT-SF4,"Sellmeier-1 (3-term, Zemax CD record)",,1.61957826,0.339493189,1.02566931,0.0125502104,0.0544559822,117.652222,SCHOTT-AGF-2025-06,.agf CD coefficients; verify with catalog.,3.0,,,,
SCHOTT-SF5,"Sellmeier-1 (3-term, Zemax CD record)",,1.46141885,0.247713019,0.949995832,0.0111826126,0.0508594669,112.041888,SCHOTT-AGF-2025-06,.agf CD coefficients; verify with catalog.,3.0,,,,
SCHOTT-SF56A,"Sellmeier-1 (3-term, Zemax CD record)",,1.70579259,0.344223052,1.09601828,0.0133874699,0.0579561608,121.616024,SCHOTT-AGF-2025-06,.agf CD coefficients; verify with catalog.,3.0,,,,
SCHOTT-SF57,"Sellmeier-1 (3-term, Zemax CD record)",,1.81651371,0.428893641,1.07186278,0.0143704198,0.0592801172,121.419942,SCHOTT-AGF-2025-06,.agf CD coefficients; verify with catalog.,3.0,,,,
SCHOTT-SF57HTULTRA,"Sellmeier-1 (3-term, Zemax CD record)",,1.81651371,0.428893641,1.07186278,0.0143704198,0.0592801172,121.419942,SCHOTT-AGF-2025-06,.agf CD coefficients; verify with catalog.,3.0,,,,
SCHOTT-SF6,"Sellmeier-1 (3-term, Zemax CD record)",,1.72448482,0.390104889,1.04572858,0.0134871947,0.0569318095,118.557185,SCHOTT-AGF-2025-06,.agf CD coefficients; verify with catalog.,3.0,,,,
SCHOTT-SF6G05,"Sellmeier-1 (3-term, Zemax CD record)",,1.62113942,0.506586092,10.4032298,0.0113478992,0.0535840223,1118.83658,SCHOTT-AGF-2025-06,.agf CD coefficients; verify with catalog.,3.0,,,,
SCHOTT-SF6HT,"Sellmeier-1 (3-term, Zemax CD record)",,1.72448482,0.390104889,1.04572858,0.0134871947,0.0569318095,118.557185,SCHOTT-AGF-2025-06,.agf CD coefficients; verify with catalog.,3.0,,,,
SCHOTT-REALVIEW_1.9_LIGHTWEIGHT,"Sellmeier-1 (3-term, Zemax CD record)",,1.99085241,0.502623866,2.8967201,0.0148093907,0.0648962768,201.494096,SCHOTT-AGF-2025-06,.agf CD coefficients; verify with catalog.,3.0,,,,
SCHOTT-REALVIEW_2.0,"Sellmeier-1 (3-term, Zemax CD record)",,2.41000782,0.420635256,2.03850726,0.0133580213,0.0560513253,138.08431,SCHOTT-AGF-2025-06,.agf CD coefficients; verify with catalog.,3.0,,,,
SCHOTT-FK3,"Sellmeier-1 (3-term, Zemax CD record)",,0.973346627,0.146642231,0.679304225,0.00640795469,0.020565293,80.4965389,SCHOTT-AGF-2025-06,.agf CD coefficients; verify with catalog.,3.0,,,,
SCHOTT-N-BAF3,"Sellmeier-1 (3-term, Zemax CD record)",,1.34859634,0.10764424,1.13207084,0.00871492932,0.0478406436,112.936116,SCHOTT-AGF-2025-06,.agf CD coefficients; verify with catalog.,3.0,,,,
SCHOTT-BAFN6,"Sellmeier-1 (3-term, Zemax CD record)",,1.36719201,0.10907994,1.02108011,0.00882820704,0.0438731646,113.58602,SCHOTT-AGF-2025-06,.agf CD coefficients; verify with catalog.,3.0,,,,
SCHOTT-N-KZFS4HT,"Sellmeier-1 (3-term, Zemax CD record)",,1.35055424,0.197575506,1.09962992,0.0087628207,0.0371767201,90.3866994,SCHOTT-AGF-2025-06,.agf CD coefficients; verify with catalog.,3.0,,,,
SCHOTT-N-PSK53,"Sellmeier-1 (3-term, Zemax CD record)",,1.3434087,0.241417935,0.952896897,0.00675074317,0.0219910513,103.551457,SCHOTT-AGF-2025-06,.agf CD coefficients; verify with catalog.,3.0,,,,
SCHOTT-N-SK10,"Sellmeier-1 (3-term, Zemax CD record)",,1.34972093,0.238587973,0.9667336,0.00736272269,0.0253765327,103.502909,SCHOTT-AGF-2025-06,.agf CD coefficients; verify with catalog.,3.0,,,,
SCHOTT-N-SK15,"Sellmeier-1 (3-term, Zemax CD record)",,1.30417786,0.28584116,0.974781572,0.00695051276,0.0232023703,99.016884,SCHOTT-AGF-2025-06,.agf CD coefficients; verify with catalog.,3.0,,,,
SCHOTT-KZFSN5,"Sellmeier-1 (3-term, Zemax CD record)",,1.47727858,0.191686941,0.897333608,0.00975488335,0.0450495404,67.8786495,SCHOTT-AGF-2025-06,.agf CD coefficients; verify with catalog.,3.0,,,,
SCHOTT-N-SF19,"Sellmeier-1 (3-term, Zemax CD record)",,1.52005444,0.17573947,1.43623424,0.01096144,0.0593248486,126.795151,SCHOTT-AGF-2025-06,.agf CD coefficients; verify with catalog.,3.0,,,,
SCHOTT-KZFS12,"Sellmeier-1 (3-term, Zemax CD record)",,1.55624873,0.239769276,0.947887658,0.0102012744,0.0469277969,69.8370722,SCHOTT-AGF-2025-06,.agf CD coefficients; verify with catalog.,3.0,,,,
SCHOTT-N-SF64,"Sellmeier-1 (3-term, Zemax CD record)",,1.59163762,0.219908428,1.46929315,0.0118623434,0.0594585499,133.310762,SCHOTT-AGF-2025-06,.agf CD coefficients; verify with catalog.,3.0,,,,
SCHOTT-N-LAF3,"Sellmeier-1 (3-term, Zemax CD record)",,1.73155854,0.150874455,1.06586596,0.00953833914,0.0407887211,98.0758545,SCHOTT-AGF-2025-06,.agf CD coefficients; verify with catalog.,3.0,,,,
SCHOTT-N-LAK33A,"Sellmeier-1 (3-term, Zemax CD record)",,1.44116999,0.571749501,1.16605226,0.00680933877,0.0222291824,80.9379555,SCHOTT-AGF-2025-06,.agf CD coefficients; verify with catalog.,3.0,,,,
SCHOTT-N-SF56,"Sellmeier-1 (3-term, Zemax CD record)",,1.73562085,0.317487012,1.95398203,0.0129624742,0.0612884288,161.559441,SCHOTT-AGF-2025-06,.agf CD coefficients; verify with catalog.,3.0,,,,
SCHOTT-N-LAF36,"Sellmeier-1 (3-term, Zemax CD record)",,1.85744228,0.294098729,1.16615417,0.00982397191,0.0384309138,89.3984634,SCHOTT-AGF-2025-06,.agf CD coefficients; verify with catalog.,3.0,,,,
SCHOTT-N-LASF45HT,"Sellmeier-1 (3-term, Zemax CD record)",,1.87140198,0.267777879,1.73030008,0.011217192,0.0505134972,147.106505,SCHOTT-AGF-2025-06,.agf CD coefficients; verify with catalog.,3.0,,,,
SCHOTT-SFL6,"Sellmeier-1 (3-term, Zemax CD record)",,1.78922056,0.328427448,2.01639441,0.0135163537,0.0622729599,168.014713,SCHOTT-AGF-2025-06,.agf CD coefficients; verify with catalog.,3.0,,,,
SCHOTT-SFL57,"Sellmeier-1 (3-term, Zemax CD record)",,1.88742326,0.360534025,2.26189313,0.0145939341,0.0648198946,176.062211,SCHOTT-AGF-2025-06,.agf CD coefficients; verify with catalog.,3.0,,,,
SCHOTT-SF57HT,"Sellmeier-1 (3-term, Zemax CD record)",,1.81651371,0.428893641,1.07186278,0.0143704198,0.0592801172,121.419942,SCHOTT-AGF-2025-06,.agf CD coefficients; verify with catalog.,3.0,,,,
SCHOTT-N-LASF9HT,"Sellmeier-1 (3-term, Zemax CD record)",,2.00029547,0.298926886,1.80691843,0.0121426017,0.0538736236,156.530829,SCHOTT-AGF-2025-06,.agf CD coefficients; verify with catalog.,3.0,,,,
SCHOTT-N-LASF46A,"Sellmeier-1 (3-term, Zemax CD record)",,2.16701566,0.319812761,1.66004486,0.0123595524,0.0560610282,107.047718,SCHOTT-AGF-2025-06,.agf CD coefficients; verify with catalog.,3.0,,,,
SCHOTT-N-ZK7,"Sellmeier-1 (3-term, Zemax CD record)",,1.07715032,0.168079109,0.851889892,0.00676601657,0.0230642817,89.0498778,SCHOTT-AGF-2025-06,.agf CD coefficients; verify with catalog.,3.0,,,,
SCHOTT-K7,"Sellmeier-1 (3-term, Zemax CD record)",,1.1273555,0.124412303,0.827100531,0.00720341707,0.0269835916,100.384588,SCHOTT-AGF-2025-06,.agf CD coefficients; verify with catalog.,3.0,,,,
SCHOTT-AF32ECO,"Sellmeier-1 (3-term, Zemax CD record)",,1.11332955,0.141527282,0.860743147,0.00707493977,0.0225358637,90.1552652,SCHOTT-AGF-2025-06,.agf CD coefficients; verify with catalog.,3.0,,,,
SCHOTT-B270,"Non-dispersable (3-term CD gives n(d)=1.80053 vs catalog 1.52308; not a Sellmeier fit) - archived, never evaluated",,2.286575,0.011742884,-1.2506695e-05,-0.0087334582,0.00029041756,9.2646253e-07,SCHOTT-AGF-2025-06,".agf CD coefficients; verify with catalog. term(s) 1,3 carry a non-positive B or C (permitted in multi-pole fits; the n(d) check is authoritative).",,,,,
SCHOTT-BAF13,"Sellmeier-1 (3-term, Zemax CD record)",,1.5706859,0.151295152,1.07638026,0.00939377487,0.0449479866,113.934126,SCHOTT-AGF-2025-06,.agf CD coefficients; verify with catalog.,3.0,,,,
SCHOTT-BAF3,"Sellmeier-1 (3-term, Zemax CD record)",,1.32064267,0.133572683,0.885521821,0.00887798715,0.0420290346,111.729167,SCHOTT-AGF-2025-06,.agf CD coefficients; verify with catalog.,3.0,,,,
SCHOTT-BAF4,"Sellmeier-1 (3-term, Zemax CD record)",,1.3749259,0.1463545,0.912643359,0.00929554343,0.0440426654,116.607899,SCHOTT-AGF-2025-06,.agf CD coefficients; verify with catalog.,3.0,,,,
SCHOTT-BAF50,"Sellmeier-1 (3-term, Zemax CD record)",,1.63007175,0.135169289,1.15329734,0.0100982735,0.0454580137,121.435251,SCHOTT-AGF-2025-06,.agf CD coefficients; verify with catalog.,3.0,,,,
SCHOTT-BAF51,"Sellmeier-1 (3-term, Zemax CD record)",,1.53230421,0.136199171,1.1228685,0.00968269679,0.0448275598,123.775879,SCHOTT-AGF-2025-06,.agf CD coefficients; verify with catalog.,3.0,,,,
SCHOTT-BAF52,"Sellmeier-1 (3-term, Zemax CD record)",,1.41632142,0.11733119,0.934114782,0.00928783144,0.044991015,114.125561,SCHOTT-AGF-2025-06,.agf CD coefficients; verify with catalog.,3.0,,,,
SCHOTT-BAF8,"Sellmeier-1 (3-term, Zemax CD record)",,1.44967157,0.131600677,0.939224513,0.00919052911,0.0425730108,112.153963,SCHOTT-AGF-2025-06,.agf CD coefficients; verify with catalog.,3.0,,,,
SCHOTT-BAF9,"Sellmeier-1 (3-term, Zemax CD record)",,1.51018771,0.133636807,0.953993948,0.00918095301,0.04164496,108.048765,SCHOTT-AGF-2025-06,.agf CD coefficients; verify with catalog.,3.0,,,,
SCHOTT-BAFN10,"Sellmeier-1 (3-term, Zemax CD record)",,1.60477289,0.123762468,1.0727052,0.00947021617,0.0451639792,108.539427,SCHOTT-AGF-2025-06,.agf CD coefficients; verify with catalog.,3.0,,,,
SCHOTT-BAFN11,"Sellmeier-1 (3-term, Zemax CD record)",,1.60255217,0.116918887,1.02861126,0.00938812347,0.0440475344,104.533133,SCHOTT-AGF-2025-06,.agf CD coefficients; verify with catalog.,3.0,,,,
SCHOTT-BAK1,"Sellmeier-1 (3-term, Zemax CD record)",,1.12365662,0.309276848,0.881511957,0.00644742752,0.0222284402,107.297751,SCHOTT-AGF-2025-06,.agf CD coefficients; verify with catalog.,3.0,,,,
SCHOTT-BAK2,"Sellmeier-1 (3-term, Zemax CD record)",,1.01662154,0.319903051,0.937232995,0.00592383763,0.0203828415,113.118417,SCHOTT-AGF-2025-06,.agf CD coefficients; verify with catalog.,3.0,,,,
SCHOTT-BAK4,"Sellmeier-1 (3-term, Zemax CD record)",,1.22965526,0.191512978,0.956889792,0.0072355323,0.0277771017,109.687261,SCHOTT-AGF-2025-06,.agf CD coefficients; verify with catalog.,3.0,,,,
SCHOTT-BAK5,"Sellmeier-1 (3-term, Zemax CD record)",,1.02975108,0.35625869,0.95605719,0.00584732112,0.02047742,115.240474,SCHOTT-AGF-2025-06,.agf CD coefficients; verify with catalog.,3.0,,,,
SCHOTT-BAK50,"Sellmeier-1 (3-term, Zemax CD record)",,0.950105082,0.469379007,0.921415907,0.00520356978,0.0187888644,98.4079669,SCHOTT-AGF-2025-06,.agf CD coefficients; verify with catalog.,3.0,,,,
SCHOTT-BALF4,"Sellmeier-1 (3-term, Zemax CD record)",,1.29375981,0.158138572,0.947442773,0.00780228251,0.0321349048,109.158657,SCHOTT-AGF-2025-06,.agf CD coefficients; verify with catalog.,3.0,,,,
SCHOTT-BALF5,"Sellmeier-1 (3-term, Zemax CD record)",,1.23751018,0.116757584,0.853086255,0.00808113,0.0349868372,110.314185,SCHOTT-AGF-2025-06,.agf CD coefficients; verify with catalog.,3.0,,,,
SCHOTT-BALF50,"Sellmeier-1 (3-term, Zemax CD record)",,1.37380053,0.104741149,1.00909296,0.00871950907,0.0397152827,114.462081,SCHOTT-AGF-2025-06,.agf CD coefficients; verify with catalog.,3.0,,,,
SCHOTT-BALKN3,"Sellmeier-1 (3-term, Zemax CD record)",,1.1163168,0.157260591,0.91402971,0.00684109842,0.0257048762,105.919188,SCHOTT-AGF-2025-06,.agf CD coefficients; verify with catalog.,3.0,,,,
SCHOTT-BASF1,"Sellmeier-1 (3-term, Zemax CD record)",,1.4004564,0.17686859,0.924677441,0.00989899663,0.0474295359,115.946483,SCHOTT-AGF-2025-06,.agf CD coefficients; verify with catalog.,3.0,,,,
SCHOTT-BASF10,"Sellmeier-1 (3-term, Zemax CD record)",,1.47552633,0.177120646,0.942502177,0.0101493287,0.047757838,118.726332,SCHOTT-AGF-2025-06,.agf CD coefficients; verify with catalog.,3.0,,,,
SCHOTT-BASF12,"Sellmeier-1 (3-term, Zemax CD record)",,1.5470189,0.168942059,0.974756333,0.0102837719,0.049694962,111.173296,SCHOTT-AGF-2025-06,.agf CD coefficients; verify with catalog.,3.0,,,,
SCHOTT-BASF13,"Sellmeier-1 (3-term, Zemax CD record)",,1.61151995,0.192652792,1.09087467,0.0100754928,0.0500718641,110.402848,SCHOTT-AGF-2025-06,.agf CD coefficients; verify with catalog.,3.0,,,,
SCHOTT-BASF2,"Sellmeier-1 (3-term, Zemax CD record)",,1.47886368,0.212804538,0.996610609,0.0104304076,0.0494153751,120.570613,SCHOTT-AGF-2025-06,.agf CD coefficients; verify with catalog.,3.0,,,,
SCHOTT-BASF51,"Sellmeier-1 (3-term, Zemax CD record)",,1.67507496,0.212822109,0.966557263,0.010566706,0.0476664644,92.0388572,SCHOTT-AGF-2025-06,.agf CD coefficients; verify with catalog.,3.0,,,,
SCHOTT-BASF52,"Sellmeier-1 (3-term, Zemax CD record)",,1.63872281,0.184589266,1.00747347,0.00993238976,0.0462893289,81.6163799,SCHOTT-AGF-2025-06,.agf CD coefficients; verify with catalog.,3.0,,,,
SCHOTT-BASF54,"Sellmeier-1 (3-term, Zemax CD record)",,1.6480391,0.266170161,1.15420131,0.0111759917,0.0533321565,119.495098,SCHOTT-AGF-2025-06,.agf CD coefficients; verify with catalog.,3.0,,,,
SCHOTT-BASF56,"Sellmeier-1 (3-term, Zemax CD record)",,1.4689154,0.2015285,0.960506292,0.0103259426,0.0489113995,116.457211,SCHOTT-AGF-2025-06,.agf CD coefficients; verify with catalog.,3.0,,,,
SCHOTT-BASF57,"Sellmeier-1 (3-term, Zemax CD record)",,1.47160842,0.190746436,1.04759046,0.00915435575,0.0444771291,110.563253,SCHOTT-AGF-2025-06,.agf CD coefficients; verify with catalog.,3.0,,,,
SCHOTT-BASF6,"Sellmeier-1 (3-term, Zemax CD record)",,1.54539456,0.167516483,1.06395978,0.00971809489,0.0466350263,118.420619,SCHOTT-AGF-2025-06,.agf CD coefficients; verify with catalog.,3.0,,,,
SCHOTT-BASF64A,"Sellmeier-1 (3-term, Zemax CD record)",,1.65554268,0.17131977,1.33664448,0.0104485644,0.0499394756,118.961472,SCHOTT-AGF-2025-06,.agf CD coefficients; verify with catalog.,3.0,,,,
SCHOTT-BK1,"Sellmeier-1 (3-term, Zemax CD record)",,1.04250541,0.208380313,0.9801482,0.00616568985,0.0212152831,109.060911,SCHOTT-AGF-2025-06,.agf CD coefficients; verify with catalog.,3.0,,,,
SCHOTT-BK10,"Sellmeier-1 (3-term, Zemax CD record)",,0.888308131,0.328964475,0.984610769,0.00516900822,0.0161190045,99.7575331,SCHOTT-AGF-2025-06,.agf CD coefficients; verify with catalog.,3.0,,,,
SCHOTT-BK3,"Sellmeier-1 (3-term, Zemax CD record)",,1.00582655,0.21209642,0.898290885,0.00617416136,0.0187792631,88.873495,SCHOTT-AGF-2025-06,.agf CD coefficients; verify with catalog.,3.0,,,,
SCHOTT-BK6,"Sellmeier-1 (3-term, Zemax CD record)",,1.00281944,0.309568455,1.01840606,0.00574715892,0.0192045655,108.760808,SCHOTT-AGF-2025-06,.agf CD coefficients; verify with catalog.,3.0,,,,
SCHOTT-BK7,"Sellmeier-1 (3-term, Zemax CD record)",,1.03961212,0.231792344,1.01046945,0.00600069867,0.0200179144,103.560653,SCHOTT-AGF-2025-06,.agf CD coefficients; verify with catalog.,3.0,,,,
SCHOTT-BK7HT,"Sellmeier-1 (3-term, Zemax CD record)",,1.03825703,0.231745598,1.00914545,0.00600069867,0.0200179144,103.560653,SCHOTT-AGF-2025-06,.agf CD coefficients; verify with catalog.,3.0,,,,
SCHOTT-BK8,"Sellmeier-1 (3-term, Zemax CD record)",,1.05498572,0.225825457,1.00518841,0.00620952364,0.0201592914,106.219881,SCHOTT-AGF-2025-06,.agf CD coefficients; verify with catalog.,3.0,,,,
SCHOTT-D263TECO,"Sellmeier-1 (3-term, Zemax CD record)",,1.23795755,0.0466468888,2.46700556,0.00863080926,0.0469074501,264.146296,SCHOTT-AGF-2025-06,.agf CD coefficients; verify with catalog.,3.0,,,,
SCHOTT-F1,"Sellmeier-1 (3-term, Zemax CD record)",,1.36192123,0.209162831,0.907276681,0.0102049225,0.0480290444,109.211919,SCHOTT-AGF-2025-06,.agf CD coefficients; verify with catalog.,3.0,,,,
SCHOTT-F13,"Sellmeier-1 (3-term, Zemax CD record)",,1.35316545,0.207756817,0.902160492,0.0100820559,0.0477132466,109.42681,SCHOTT-AGF-2025-06,.agf CD coefficients; verify with catalog.,3.0,,,,
SCHOTT-F14,"Sellmeier-1 (3-term, Zemax CD record)",,1.31949846,0.181106999,0.921850182,0.00980475193,0.0465330997,109.855329,SCHOTT-AGF-2025-06,.agf CD coefficients; verify with catalog.,3.0,,,,
SCHOTT-F14HT,"Sellmeier-1 (3-term, Zemax CD record)",,1.3306264,0.169969931,0.919093081,0.0100001605,0.0474132717,109.67237,SCHOTT-AGF-2025-06,.agf CD coefficients; verify with catalog.,3.0,,,,
SCHOTT-F15,"Sellmeier-1 (3-term, Zemax CD record)",,1.31031527,0.202636884,0.920049222,0.0095403489,0.0455807051,109.864711,SCHOTT-AGF-2025-06,.agf CD coefficients; verify with catalog.,3.0,,,,
SCHOTT-F3,"Sellmeier-1 (3-term, Zemax CD record)",,1.32797322,0.205862833,0.904336126,0.00977102802,0.0463606329,107.863739,SCHOTT-AGF-2025-06,.agf CD coefficients; verify with catalog.,3.0,,,,
SCHOTT-F4,"Sellmeier-1 (3-term, Zemax CD record)",,1.33905825,0.205224318,0.897859758,0.00992220114,0.0470000918,107.93675,SCHOTT-AGF-2025-06,.agf CD coefficients; verify with catalog.,3.0,,,,
SCHOTT-F6,"Sellmeier-1 (3-term, Zemax CD record)",,1.38640043,0.216317468,0.920242786,0.0103119848,0.0482391922,111.029425,SCHOTT-AGF-2025-06,.agf CD coefficients; verify with catalog.,3.0,,,,
SCHOTT-F7,"Sellmeier-1 (3-term, Zemax CD record)",,1.35918954,0.209887471,0.881405771,0.0101796354,0.0483605548,110.387289,SCHOTT-AGF-2025-06,.agf CD coefficients; verify with catalog.,3.0,,,,
SCHOTT-F8,"Sellmeier-1 (3-term, Zemax CD record)",,1.31172466,0.172480274,0.840159209,0.00965177918,0.0461712161,100.046795,SCHOTT-AGF-2025-06,.agf CD coefficients; verify with catalog.,3.0,,,,
SCHOTT-F8HT,"Sellmeier-1 (3-term, Zemax CD record)",,1.31172466,0.172480274,0.840159209,0.00965177918,0.0461712161,100.046795,SCHOTT-AGF-2025-06,.agf CD coefficients; verify with catalog.,3.0,,,,
SCHOTT-F9,"Sellmeier-1 (3-term, Zemax CD record)",,1.37298383,0.186344373,0.99684711,0.00970906764,0.0477952149,109.902441,SCHOTT-AGF-2025-06,.agf CD coefficients; verify with catalog.,3.0,,,,
SCHOTT-FK5,"Sellmeier-1 (3-term, Zemax CD record)",,0.844309338,0.344147824,0.910790213,0.00475111955,0.0149814849,97.8600293,SCHOTT-AGF-2025-06,.agf CD coefficients; verify with catalog.,3.0,,,,
SCHOTT-FK51,"Sellmeier-1 (3-term, Zemax CD record)",,0.971247817,0.216901417,0.904651666,0.00472301995,0.0153575612,168.68133,SCHOTT-AGF-2025-06,.agf CD coefficients; verify with catalog.,3.0,,,,
SCHOTT-FK52,"Sellmeier-1 (3-term, Zemax CD record)",,1.01571114,0.169998431,0.805158532,0.00515884949,0.0173380788,158.603308,SCHOTT-AGF-2025-06,.agf CD coefficients; verify with catalog.,3.0,,,,
SCHOTT-FK54,"Sellmeier-1 (3-term, Zemax CD record)",,0.745320416,0.302330101,1.01885,0.00358171563,0.0122884773,213.01745,SCHOTT-AGF-2025-06,.agf CD coefficients; verify with catalog.,3.0,,,,
SCHOTT-FN11,"Sellmeier-1 (3-term, Zemax CD record)",,1.41572926,0.143334227,1.27299252,0.0103749731,0.0568803594,119.664491,SCHOTT-AGF-2025-06,.agf CD coefficients; verify with catalog.,3.0,,,,
SCHOTT-K11,"Sellmeier-1 (3-term, Zemax CD record)",,1.16249642,0.0582613527,0.905203986,0.00753270034,0.0359084464,102.404612,SCHOTT-AGF-2025-06,.agf CD coefficients; verify with catalog.,3.0,,,,
SCHOTT-K3,"Sellmeier-1 (3-term, Zemax CD record)",,1.08999358,0.181850015,0.936478693,0.00670233559,0.0254232565,113.486321,SCHOTT-AGF-2025-06,.agf CD coefficients; verify with catalog.,3.0,,,,
SCHOTT-K4,"Sellmeier-1 (3-term, Zemax CD record)",,1.18909486,0.0841359214,0.930219822,0.00789396642,0.0339218995,107.049495,SCHOTT-AGF-2025-06,.agf CD coefficients; verify with catalog.,3.0,,,,
SCHOTT-K5,"Sellmeier-1 (3-term, Zemax CD record)",,1.08511833,0.199562005,0.930511663,0.00661099503,0.024110866,111.982777,SCHOTT-AGF-2025-06,.agf CD coefficients; verify with catalog.,3.0,,,,
SCHOTT-K50,"Sellmeier-1 (3-term, Zemax CD record)",,1.01887866,0.266822603,0.906671962,0.00594871325,0.0215166777,102.140337,SCHOTT-AGF-2025-06,.agf CD coefficients; verify with catalog.,3.0,,,,
SCHOTT-K5HT,"Sellmeier-1 (3-term, Zemax CD record)",,1.05012373,0.23449673,0.912691616,0.00629131254,0.0228648239,109.624534,SCHOTT-AGF-2025-06,.agf CD coefficients; verify with catalog.,3.0,,,,
SCHOTT-K7HT,"Sellmeier-1 (3-term, Zemax CD record)",,1.1010814,0.150869672,0.902836617,0.00687550637,0.0256581776,108.518199,SCHOTT-AGF-2025-06,.agf CD coefficients; verify with catalog.,3.0,,,,
SCHOTT-KF3,"Sellmeier-1 (3-term, Zemax CD record)",,1.15615178,0.102116759,0.927164575,0.00789264815,0.0345076496,113.531069,SCHOTT-AGF-2025-06,.agf CD coefficients; verify with catalog.,3.0,,,,
SCHOTT-KF6,"Sellmeier-1 (3-term, Zemax CD record)",,1.17006893,0.0950509747,0.907409125,0.00814992422,0.0388216817,108.882299,SCHOTT-AGF-2025-06,.agf CD coefficients; verify with catalog.,3.0,,,,
SCHOTT-KF9,"Sellmeier-1 (3-term, Zemax CD record)",,1.16421867,0.118007401,0.923054885,0.00787954228,0.0372520495,109.924834,SCHOTT-AGF-2025-06,.agf CD coefficients; verify with catalog.,3.0,,,,
SCHOTT-KZFN1,"Sellmeier-1 (3-term, Zemax CD record)",,1.19949942,0.163891773,0.890412049,0.00767704289,0.0352898056,94.3366502,SCHOTT-AGF-2025-06,.agf CD coefficients; verify with catalog.,3.0,,,,
SCHOTT-KZFN2,"Sellmeier-1 (3-term, Zemax CD record)",,1.12337304,0.177617693,0.849213044,0.00712846561,0.0317291201,84.9656713,SCHOTT-AGF-2025-06,.agf CD coefficients; verify with catalog.,3.0,,,,
SCHOTT-KZFS1,"Sellmeier-1 (3-term, Zemax CD record)",,1.36618048,0.182049028,0.864314609,0.00873165063,0.0389834096,62.9392443,SCHOTT-AGF-2025-06,.agf CD coefficients; verify with catalog.,3.0,,,,
SCHOTT-KZFS6,"Sellmeier-1 (3-term, Zemax CD record)",,1.35163564,0.135759794,0.844490002,0.00849653173,0.038835723,67.2773371,SCHOTT-AGF-2025-06,.agf CD coefficients; verify with catalog.,3.0,,,,
SCHOTT-KZFS7A,"Sellmeier-1 (3-term, Zemax CD record)",,1.53916293,0.209618759,0.936171329,0.010266246,0.0471104946,71.6979327,SCHOTT-AGF-2025-06,.agf CD coefficients; verify with catalog.,3.0,,,,
SCHOTT-KZFS8,"Sellmeier-1 (3-term, Zemax CD record)",,1.6029921,0.267572377,0.976091468,0.0106584622,0.0476203179,76.4325728,SCHOTT-AGF-2025-06,.agf CD coefficients; verify with catalog.,3.0,,,,
SCHOTT-KZFSN2,"Sellmeier-1 (3-term, Zemax CD record)",,1.26169705,0.128881191,0.898521214,0.00767420045,0.0330129627,70.8271139,SCHOTT-AGF-2025-06,.agf CD coefficients; verify with catalog.,3.0,,,,
SCHOTT-KZFSN4,"Sellmeier-1 (3-term, Zemax CD record)",,1.37994218,0.168496708,0.874885726,0.00891159699,0.040533407,69.6628237,SCHOTT-AGF-2025-06,.agf CD coefficients; verify with catalog.,3.0,,,,
SCHOTT-KZFSN9,"Sellmeier-1 (3-term, Zemax CD record)",,1.35457004,0.151346035,0.8803344,0.00858526768,0.0390569325,69.688929,SCHOTT-AGF-2025-06,.agf CD coefficients; verify with catalog.,3.0,,,,
SCHOTT-LAF11A,"Sellmeier-1 (3-term, Zemax CD record)",,1.66890817,0.311963471,0.976838785,0.0113869898,0.0500311048,87.3247266,SCHOTT-AGF-2025-06,.agf CD coefficients; verify with catalog.,3.0,,,,
SCHOTT-LAF13,"Sellmeier-1 (3-term, Zemax CD record)",,1.81139531,0.248608825,1.10753882,0.0106588376,0.0467089164,91.6857805,SCHOTT-AGF-2025-06,.agf CD coefficients; verify with catalog.,3.0,,,,
SCHOTT-LAF2,"Sellmeier-1 (3-term, Zemax CD record)",,1.75302282,0.213978997,1.09939444,0.00957243296,0.0402787459,102.533259,SCHOTT-AGF-2025-06,.agf CD coefficients; verify with catalog.,3.0,,,,
SCHOTT-LAF20,"Sellmeier-1 (3-term, Zemax CD record)",,1.65107169,0.118474934,1.11548729,0.0097050232,0.0428927477,114.0576,SCHOTT-AGF-2025-06,.agf CD coefficients; verify with catalog.,3.0,,,,
SCHOTT-LAF22A,"Sellmeier-1 (3-term, Zemax CD record)",,1.85985046,0.219921174,1.34141119,0.0109833145,0.0508016771,114.555542,SCHOTT-AGF-2025-06,.agf CD coefficients; verify with catalog.,3.0,,,,
SCHOTT-LAF3,"Sellmeier-1 (3-term, Zemax CD record)",,1.73155854,0.150874455,1.06586596,0.00953833914,0.0407887211,98.0758545,SCHOTT-AGF-2025-06,.agf CD coefficients; verify with catalog.,3.0,,,,
SCHOTT-LAF9,"Sellmeier-1 (3-term, Zemax CD record)",,1.75303976,0.342145763,1.04243134,0.0125249595,0.0547228047,104.326262,SCHOTT-AGF-2025-06,.agf CD coefficients; verify with catalog.,3.0,,,,
SCHOTT-LAFN10,"Sellmeier-1 (3-term, Zemax CD record)",,1.87199658,0.232399212,1.29453872,0.0096711569,0.0406265981,87.1629425,SCHOTT-AGF-2025-06,.agf CD coefficients; verify with catalog.,3.0,,,,
SCHOTT-LAFN21,"Sellmeier-1 (3-term, Zemax CD record)",,1.88298347,0.240214668,1.23537623,0.00936029744,0.0354026371,84.3919934,SCHOTT-AGF-2025-06,.agf CD coefficients; verify with catalog.,3.0,,,,
SCHOTT-LAFN23,"Sellmeier-1 (3-term, Zemax CD record)",,1.65263149,0.139745768,0.938734334,0.00931143124,0.0391167497,98.2388615,SCHOTT-AGF-2025-06,.agf CD coefficients; verify with catalog.,3.0,,,,
SCHOTT-LAFN24,"Sellmeier-1 (3-term, Zemax CD record)",,1.70960358,0.308712672,1.24764001,0.00836251592,0.0324824713,84.8077463,SCHOTT-AGF-2025-06,.agf CD coefficients; verify with catalog.,3.0,,,,
SCHOTT-LAFN28,"Sellmeier-1 (3-term, Zemax CD record)",,1.75882549,0.31519767,1.19029675,0.00872810026,0.0293020832,85.1780644,SCHOTT-AGF-2025-06,.agf CD coefficients; verify with catalog.,3.0,,,,
SCHOTT-LAFN8,"Sellmeier-1 (3-term, Zemax CD record)",,1.75346053,0.179853972,1.03072863,0.0102514872,0.0466225111,86.1010298,SCHOTT-AGF-2025-06,.agf CD coefficients; verify with catalog.,3.0,,,,
SCHOTT-LAK10,"Sellmeier-1 (3-term, Zemax CD record)",,1.67482975,0.222668828,1.13956536,0.00849324758,0.0330463141,80.4372553,SCHOTT-AGF-2025-06,.agf CD coefficients; verify with catalog.,3.0,,,,
SCHOTT-LAK11,"Sellmeier-1 (3-term, Zemax CD record)",,1.05088219,0.651491084,1.03286344,0.0048282243,0.0183961539,89.8416133,SCHOTT-AGF-2025-06,.agf CD coefficients; verify with catalog.,3.0,,,,
SCHOTT-LAK16A,"Sellmeier-1 (3-term, Zemax CD record)",,1.57607885,0.367649802,1.16490334,0.00778079836,0.025931596,82.3723198,SCHOTT-AGF-2025-06,.agf CD coefficients; verify with catalog.,3.0,,,,
SCHOTT-LAK21,"Sellmeier-1 (3-term, Zemax CD record)",,1.22718116,0.420783743,1.01284843,0.00602075682,0.0196862889,88.4370099,SCHOTT-AGF-2025-06,.agf CD coefficients; verify with catalog.,3.0,,,,
SCHOTT-LAK23,"Sellmeier-1 (3-term, Zemax CD record)",,1.12743279,0.60874456,0.998634884,0.00525834509,0.0189138834,87.5468054,SCHOTT-AGF-2025-06,.agf CD coefficients; verify with catalog.,3.0,,,,
SCHOTT-LAK28,"Sellmeier-1 (3-term, Zemax CD record)",,1.50441986,0.474120561,1.17784354,0.00719665592,0.0249143227,83.144321,SCHOTT-AGF-2025-06,.agf CD coefficients; verify with catalog.,3.0,,,,
SCHOTT-LAK31,"Sellmeier-1 (3-term, Zemax CD record)",,1.41824715,0.409404103,1.15432487,0.00679114675,0.021928491,80.3980528,SCHOTT-AGF-2025-06,.agf CD coefficients; verify with catalog.,3.0,,,,
SCHOTT-LAK33,"Sellmeier-1 (3-term, Zemax CD record)",,1.45796869,0.555403936,1.19938794,0.0068054528,0.0225253283,82.7543327,SCHOTT-AGF-2025-06,.agf CD coefficients; verify with catalog.,3.0,,,,
SCHOTT-LAK8,"Sellmeier-1 (3-term, Zemax CD record)",,1.33183167,0.546623206,1.19084015,0.00620023871,0.0216465439,82.5827736,SCHOTT-AGF-2025-06,.agf CD coefficients; verify with catalog.,3.0,,,,
SCHOTT-LAK9,"Sellmeier-1 (3-term, Zemax CD record)",,1.46231905,0.344399589,1.15508372,0.00724270156,0.0243353131,85.4686868,SCHOTT-AGF-2025-06,.agf CD coefficients; verify with catalog.,3.0,,,,
SCHOTT-LAKL12,"Sellmeier-1 (3-term, Zemax CD record)",,1.28115389,0.482607607,1.16553538,0.00636439821,0.0213764262,93.2771532,SCHOTT-AGF-2025-06,.agf CD coefficients; verify with catalog.,3.0,,,,
SCHOTT-LAKL21,"Sellmeier-1 (3-term, Zemax CD record)",,1.29854376,0.350521897,1.17089829,0.0062804361,0.0210842688,85.4204779,SCHOTT-AGF-2025-06,.agf CD coefficients; verify with catalog.,3.0,,,,
SCHOTT-LAKN12,"Sellmeier-1 (3-term, Zemax CD record)",,1.17365704,0.588992398,0.978014394,0.00577031797,0.0200401678,95.4873482,SCHOTT-AGF-2025-06,.agf CD coefficients; verify with catalog.,3.0,,,,
SCHOTT-LAKN13,"Sellmeier-1 (3-term, Zemax CD record)",,1.25792373,0.553402861,1.06335742,0.0062149471,0.0216809853,104.494099,SCHOTT-AGF-2025-06,.agf CD coefficients; verify with catalog.,3.0,,,,
SCHOTT-LAKN14,"Sellmeier-1 (3-term, Zemax CD record)",,1.50781212,0.318866829,1.14287213,0.00746098727,0.0242024834,80.9565165,SCHOTT-AGF-2025-06,.agf CD coefficients; verify with catalog.,3.0,,,,
SCHOTT-LAKN22,"Sellmeier-1 (3-term, Zemax CD record)",,1.14229781,0.535138441,1.04088385,0.00585778594,0.0198546147,100.834017,SCHOTT-AGF-2025-06,.agf CD coefficients; verify with catalog.,3.0,,,,
SCHOTT-LAKN6,"Sellmeier-1 (3-term, Zemax CD record)",,1.15477318,0.497049217,1.00553588,0.00583257597,0.0194613961,97.8667698,SCHOTT-AGF-2025-06,.agf CD coefficients; verify with catalog.,3.0,,,,
SCHOTT-LAKN7,"Sellmeier-1 (3-term, Zemax CD record)",,1.23679889,0.445051837,1.01745888,0.00610105538,0.0201388334,90.638038,SCHOTT-AGF-2025-06,.agf CD coefficients; verify with catalog.,3.0,,,,
SCHOTT-LASF14A,"Sellmeier-1 (3-term, Zemax CD record)",,1.96556958,0.25506876,1.41243693,0.0107141896,0.0490295924,92.2399234,SCHOTT-AGF-2025-06,.agf CD coefficients; verify with catalog.,3.0,,,,
SCHOTT-LASF18A,"Sellmeier-1 (3-term, Zemax CD record)",,2.19336604,0.332590474,1.69849859,0.0121930864,0.0532519989,106.8531,SCHOTT-AGF-2025-06,.agf CD coefficients; verify with catalog.,3.0,,,,
SCHOTT-LASF3,"Sellmeier-1 (3-term, Zemax CD record)",,1.95904308,0.219800634,1.33464105,0.0104346704,0.0465504111,87.9058457,SCHOTT-AGF-2025-06,.agf CD coefficients; verify with catalog.,3.0,,,,
SCHOTT-LASF32,"Sellmeier-1 (3-term, Zemax CD record)",,1.84090995,0.293072829,2.01291806,0.0120090975,0.0560733922,152.278654,SCHOTT-AGF-2025-06,.agf CD coefficients; verify with catalog.,3.0,,,,
SCHOTT-LASF33,"Sellmeier-1 (3-term, Zemax CD record)",,1.90477227,0.24837415,1.18108995,0.011775654,0.0528082514,108.154737,SCHOTT-AGF-2025-06,.agf CD coefficients; verify with catalog.,3.0,,,,
SCHOTT-LASF36A,"Sellmeier-1 (3-term, Zemax CD record)",,1.86870418,0.257335292,1.74621521,0.0112660196,0.0509972123,149.125471,SCHOTT-AGF-2025-06,.agf CD coefficients; verify with catalog.,3.0,,,,
SCHOTT-LASFN15,"Sellmeier-1 (3-term, Zemax CD record)",,2.08894974,0.327776152,1.52128728,0.0109012831,0.043500793,101.183881,SCHOTT-AGF-2025-06,.agf CD coefficients; verify with catalog.,3.0,,,,
SCHOTT-LASFN30,"Sellmeier-1 (3-term, Zemax CD record)",,1.78301085,0.388968359,1.3015044,0.00872506277,0.0308085023,92.7743824,SCHOTT-AGF-2025-06,.agf CD coefficients; verify with catalog.,3.0,,,,
SCHOTT-LASFN31,"Sellmeier-1 (3-term, Zemax CD record)",,1.71317198,0.718575109,1.7233247,0.00819172228,0.0297801704,138.461313,SCHOTT-AGF-2025-06,.agf CD coefficients; verify with catalog.,3.0,,,,
SCHOTT-LASFN9,"Sellmeier-1 (3-term, Zemax CD record)",,1.97888194,0.320435298,1.92900751,0.0118537266,0.052738177,166.25654,SCHOTT-AGF-2025-06,.agf CD coefficients; verify with catalog.,3.0,,,,
SCHOTT-LF5G15,"Sellmeier-1 (3-term, Zemax CD record)",,1.28887331,0.162818811,10.5579792,0.0092001566,0.0456954308,1275.44015,SCHOTT-AGF-2025-06,.agf CD coefficients; verify with catalog.,3.0,,,,
SCHOTT-LF5HT,"Sellmeier-1 (3-term, Zemax CD record)",,1.29920882,0.144803128,0.896341398,0.00964369195,0.0464929268,111.014191,SCHOTT-AGF-2025-06,.agf CD coefficients; verify with catalog.,3.0,,,,
SCHOTT-LF6HT,"Sellmeier-1 (3-term, Zemax CD record)",,1.25260459,0.151553717,12.0085677,0.00892382149,0.043744589,1432.64711,SCHOTT-AGF-2025-06,.agf CD coefficients; verify with catalog.,3.0,,,,
SCHOTT-LF7,"Sellmeier-1 (3-term, Zemax CD record)",,1.26879731,0.156697051,0.887676301,0.00919553925,0.0447256764,106.820361,SCHOTT-AGF-2025-06,.agf CD coefficients; verify with catalog.,3.0,,,,
SCHOTT-LF8,"Sellmeier-1 (3-term, Zemax CD record)",,1.2662783,0.130098033,0.867351579,0.00915809921,0.0447614219,107.013243,SCHOTT-AGF-2025-06,.agf CD coefficients; verify with catalog.,3.0,,,,
SCHOTT-LITHOSIL-Q,"Sellmeier-1 (3-term, Zemax CD record)",,0.67071081,0.433322857,0.877379057,0.00449192312,0.0132812976,95.8899878,SCHOTT-AGF-2025-06,.agf CD coefficients; verify with catalog.,3.0,,,,
SCHOTT-LITHOTEC-CAF2,"Sellmeier-1 (3-term, Zemax CD record)",,0.617617011,0.421117656,3.79711183,0.00275381936,0.0105900875,1182.67444,SCHOTT-AGF-2025-06,.agf CD coefficients; verify with catalog.,3.0,,,,
SCHOTT-LLF1HT,"Sellmeier-1 (3-term, Zemax CD record)",,1.23326922,0.116923839,0.862645379,0.00885396812,0.0436875155,104.992168,SCHOTT-AGF-2025-06,.agf CD coefficients; verify with catalog.,3.0,,,,
SCHOTT-LLF2,"Sellmeier-1 (3-term, Zemax CD record)",,1.21698785,0.112444132,0.839332216,0.008671877,0.0426921868,102.332654,SCHOTT-AGF-2025-06,.agf CD coefficients; verify with catalog.,3.0,,,,
SCHOTT-LLF6,"Sellmeier-1 (3-term, Zemax CD record)",,1.20066684,0.10368905,0.954739381,0.00851610832,0.0418805113,114.989738,SCHOTT-AGF-2025-06,.agf CD coefficients; verify with catalog.,3.0,,,,
SCHOTT-LLF6HT,"Sellmeier-1 (3-term, Zemax CD record)",,1.20073341,0.103854947,0.876957826,0.00848879413,0.0416237047,105.783027,SCHOTT-AGF-2025-06,.agf CD coefficients; verify with catalog.,3.0,,,,
SCHOTT-LLF7,"Sellmeier-1 (3-term, Zemax CD record)",,1.22924701,0.122565819,0.888850802,0.00886069707,0.0433083564,106.216061,SCHOTT-AGF-2025-06,.agf CD coefficients; verify with catalog.,3.0,,,,
SCHOTT-N-FK51,"Sellmeier-1 (3-term, Zemax CD record)",,0.971247817,0.216901417,0.904651666,0.00472301995,0.0153575612,168.68133,SCHOTT-AGF-2025-06,.agf CD coefficients; verify with catalog.,3.0,,,,
SCHOTT-N-FK56,"Sellmeier-1 (3-term, Zemax CD record)",,0.911957171,0.128580417,0.983146162,0.00450933489,0.0153515963,223.961126,SCHOTT-AGF-2025-06,.agf CD coefficients; verify with catalog.,3.0,,,,
SCHOTT-N-LAF32,"Sellmeier-1 (3-term, Zemax CD record)",,1.91731106,0.224019825,1.22087075,0.00978600358,0.0386141473,84.6431265,SCHOTT-AGF-2025-06,.agf CD coefficients; verify with catalog.,3.0,,,,
SCHOTT-N-LAK33,"Sellmeier-1 (3-term, Zemax CD record)",,1.45796869,0.555403936,1.19938794,0.0068054528,0.0225253283,82.7543327,SCHOTT-AGF-2025-06,.agf CD coefficients; verify with catalog.,3.0,,,,
SCHOTT-N-LASF31,"Sellmeier-1 (3-term, Zemax CD record)",,1.71317198,0.718575109,1.7233247,0.00819172228,0.0297801704,138.461313,SCHOTT-AGF-2025-06,.agf CD coefficients; verify with catalog.,3.0,,,,
SCHOTT-N-LASF46,"Sellmeier-1 (3-term, Zemax CD record)",,2.18073678,0.298978656,1.62190046,0.0125642118,0.056469999,105.662819,SCHOTT-AGF-2025-06,.agf CD coefficients; verify with catalog.,3.0,,,,
SCHOTT-N-LF5,"Sellmeier-1 (3-term, Zemax CD record)",,1.33272661,0.112284629,1.10202641,0.00971526176,0.0534456265,118.651687,SCHOTT-AGF-2025-06,.agf CD coefficients; verify with catalog.,3.0,,,,
SCHOTT-N-LLF1,"Sellmeier-1 (3-term, Zemax CD record)",,1.2761803,0.0750285303,0.942212408,0.0091121596,0.054680072,102.329548,SCHOTT-AGF-2025-06,.agf CD coefficients; verify with catalog.,3.0,,,,
SCHOTT-N-LLF6,"Sellmeier-1 (3-term, Zemax CD record)",,1.22932376,0.0755174062,0.988839837,0.00877776451,0.0480429329,112.136098,SCHOTT-AGF-2025-06,.agf CD coefficients; verify with catalog.,3.0,,,,
SCHOTT-N-PK52,"Sellmeier-1 (3-term, Zemax CD record)",,1.00814481,0.209435366,0.781686424,0.00501967769,0.0162476809,152.389306,SCHOTT-AGF-2025-06,.agf CD coefficients; verify with catalog.,3.0,,,,
SCHOTT-N-PSK57,"Sellmeier-1 (3-term, Zemax CD record)",,0.988511414,0.510855261,0.758837122,0.0047839768,0.0158020289,129.709222,SCHOTT-AGF-2025-06,.agf CD coefficients; verify with catalog.,3.0,,,,
SCHOTT-N-PSK58,"Sellmeier-1 (3-term, Zemax CD record)",,1.11245149,0.316619311,0.698910707,0.00555904622,0.0172742254,122.610824,SCHOTT-AGF-2025-06,.agf CD coefficients; verify with catalog.,3.0,,,,
SCHOTT-N-SK18,"Sellmeier-1 (3-term, Zemax CD record)",,1.53857004,0.0985934131,1.02309528,0.00863201486,0.0367156464,100.118441,SCHOTT-AGF-2025-06,.agf CD coefficients; verify with catalog.,3.0,,,,
SCHOTT-P-PK53,"Sellmeier-1 (3-term, Zemax CD record)",,0.960316767,0.340437227,0.777865595,0.00531032986,0.0175073434,106.87533,SCHOTT-AGF-2025-06,.agf CD coefficients; verify with catalog.,3.0,,,,
SCHOTT-P-SF67,"Sellmeier-1 (3-term, Zemax CD record)",,1.97464225,0.467095921,2.43154209,0.0145772324,0.0669790359,157.444895,SCHOTT-AGF-2025-06,.agf CD coefficients; verify with catalog.,3.0,,,,
SCHOTT-PK1,"Sellmeier-1 (3-term, Zemax CD record)",,0.933773217,0.300776039,0.937601195,0.00543685564,0.0166532403,96.1682628,SCHOTT-AGF-2025-06,.agf CD coefficients; verify with catalog.,3.0,,,,
SCHOTT-PK2,"Sellmeier-1 (3-term, Zemax CD record)",,1.20921993,0.0668873331,1.01818125,0.00733975047,0.0286495917,101.852918,SCHOTT-AGF-2025-06,.agf CD coefficients; verify with catalog.,3.0,,,,
SCHOTT-PK3,"Sellmeier-1 (3-term, Zemax CD record)",,1.14966186,0.147545553,1.03051868,0.00670136254,0.0227276225,103.151953,SCHOTT-AGF-2025-06,.agf CD coefficients; verify with catalog.,3.0,,,,
SCHOTT-PK50,"Sellmeier-1 (3-term, Zemax CD record)",,1.20726293,0.0774484721,0.770552379,0.00683502578,0.0252755259,84.1707063,SCHOTT-AGF-2025-06,.agf CD coefficients; verify with catalog.,3.0,,,,
SCHOTT-PK51A,"Sellmeier-1 (3-term, Zemax CD record)",,1.15610775,0.153229344,0.785618966,0.00585597402,0.0194072416,140.537046,SCHOTT-AGF-2025-06,.agf CD coefficients; verify with catalog.,3.0,,,,
SCHOTT-PSK2,"Sellmeier-1 (3-term, Zemax CD record)",,1.17976082,0.246686581,0.989456945,0.00647987952,0.0204066657,95.2624655,SCHOTT-AGF-2025-06,.agf CD coefficients; verify with catalog.,3.0,,,,
SCHOTT-PSK3,"Sellmeier-1 (3-term, Zemax CD record)",,0.88727211,0.489592425,1.04865296,0.00469824067,0.0161818463,104.374975,SCHOTT-AGF-2025-06,.agf CD coefficients; verify with catalog.,3.0,,,,
SCHOTT-PSK50,"Sellmeier-1 (3-term, Zemax CD record)",,1.32203488,0.0723081273,0.866999557,0.00727864547,0.0279921673,91.0643023,SCHOTT-AGF-2025-06,.agf CD coefficients; verify with catalog.,3.0,,,,
SCHOTT-PSK52,"Sellmeier-1 (3-term, Zemax CD record)",,1.23651155,0.296554553,0.938996044,0.00627578565,0.0190340962,97.6590882,SCHOTT-AGF-2025-06,.agf CD coefficients; verify with catalog.,3.0,,,,
SCHOTT-PSK53A,"Sellmeier-1 (3-term, Zemax CD record)",,1.3434087,0.241417935,0.952896897,0.00675074317,0.0219910513,103.551457,SCHOTT-AGF-2025-06,.agf CD coefficients; verify with catalog.,3.0,,,,
SCHOTT-PSK54,"Sellmeier-1 (3-term, Zemax CD record)",,1.31533278,0.163047369,0.69149477,0.00719144117,0.0229836538,91.184782,SCHOTT-AGF-2025-06,.agf CD coefficients; verify with catalog.,3.0,,,,
SCHOTT-SF12,"Sellmeier-1 (3-term, Zemax CD record)",,1.39867348,0.238403762,1.03604466,0.0103415646,0.0492696913,118.327782,SCHOTT-AGF-2025-06,.agf CD coefficients; verify with catalog.,3.0,,,,
SCHOTT-SF13,"Sellmeier-1 (3-term, Zemax CD record)",,1.65582508,0.257423297,1.09216931,0.0131676446,0.0604328022,116.322468,SCHOTT-AGF-2025-06,.agf CD coefficients; verify with catalog.,3.0,,,,
SCHOTT-SF14,"Sellmeier-1 (3-term, Zemax CD record)",,1.69182538,0.285919934,1.12595145,0.0133151542,0.0612647445,118.405242,SCHOTT-AGF-2025-06,.agf CD coefficients; verify with catalog.,3.0,,,,
SCHOTT-SF15,"Sellmeier-1 (3-term, Zemax CD record)",,1.53925927,0.247620926,1.03816409,0.0119307961,0.0556077536,116.416747,SCHOTT-AGF-2025-06,.agf CD coefficients; verify with catalog.,3.0,,,,
SCHOTT-SF16,"Sellmeier-1 (3-term, Zemax CD record)",,1.40807178,0.222238425,0.927122336,0.010673977,0.049664692,110.90033,SCHOTT-AGF-2025-06,.agf CD coefficients; verify with catalog.,3.0,,,,
SCHOTT-SF18,"Sellmeier-1 (3-term, Zemax CD record)",,1.56441436,0.29141358,0.960307888,0.0121863935,0.0535567966,111.451201,SCHOTT-AGF-2025-06,.agf CD coefficients; verify with catalog.,3.0,,,,
SCHOTT-SF19,"Sellmeier-1 (3-term, Zemax CD record)",,1.45495978,0.237838143,0.958586139,0.0109532717,0.0505230583,109.770239,SCHOTT-AGF-2025-06,.agf CD coefficients; verify with catalog.,3.0,,,,
SCHOTT-SF53,"Sellmeier-1 (3-term, Zemax CD record)",,1.56973534,0.306366017,1.03021429,0.0120851905,0.0541694051,117.353733,SCHOTT-AGF-2025-06,.agf CD coefficients; verify with catalog.,3.0,,,,
SCHOTT-SF54,"Sellmeier-1 (3-term, Zemax CD record)",,1.60371792,0.310740554,1.03053604,0.0124263783,0.0551896382,115.762058,SCHOTT-AGF-2025-06,.agf CD coefficients; verify with catalog.,3.0,,,,
SCHOTT-SF55,"Sellmeier-1 (3-term, Zemax CD record)",,1.6468124,0.331540164,1.02465769,0.0128731296,0.0564818124,116.270992,SCHOTT-AGF-2025-06,.agf CD coefficients; verify with catalog.,3.0,,,,
SCHOTT-SF57HHT,"Sellmeier-1 (3-term, Zemax CD record)",,1.87543831,0.37375749,2.30001797,0.0141749518,0.0640509927,177.389795,SCHOTT-AGF-2025-06,.agf CD coefficients; verify with catalog.,3.0,,,,
SCHOTT-SF58,"Sellmeier-1 (3-term, Zemax CD record)",,1.92184332,0.552191937,1.11643502,0.0149262604,0.0614139252,123.450367,SCHOTT-AGF-2025-06,.agf CD coefficients; verify with catalog.,3.0,,,,
SCHOTT-SF59,"Sellmeier-1 (3-term, Zemax CD record)",,2.05775824,0.528644661,1.00043574,0.0167799599,0.0655335804,110.002549,SCHOTT-AGF-2025-06,.agf CD coefficients; verify with catalog.,3.0,,,,
SCHOTT-SF63,"Sellmeier-1 (3-term, Zemax CD record)",,1.62174406,0.315965826,1.03248928,0.0126014263,0.0557275798,116.478183,SCHOTT-AGF-2025-06,.agf CD coefficients; verify with catalog.,3.0,,,,
SCHOTT-SF64A,"Sellmeier-1 (3-term, Zemax CD record)",,1.60088314,0.210665258,1.50114373,0.0120157497,0.0601645745,136.256449,SCHOTT-AGF-2025-06,.agf CD coefficients; verify with catalog.,3.0,,,,
SCHOTT-SF66,"Sellmeier-1 (3-term, Zemax CD record)",,2.07842233,0.407120032,1.76711292,0.0180875134,0.0679493572,215.266127,SCHOTT-AGF-2025-06,.agf CD coefficients; verify with catalog.,3.0,,,,
SCHOTT-SF8,"Sellmeier-1 (3-term, Zemax CD record)",,1.49514446,0.262529687,0.969567597,0.0114990201,0.0517170156,113.458641,SCHOTT-AGF-2025-06,.agf CD coefficients; verify with catalog.,3.0,,,,
SCHOTT-SF9,"Sellmeier-1 (3-term, Zemax CD record)",,1.41373875,0.241835903,1.01292278,0.0105642379,0.0490126431,117.884362,SCHOTT-AGF-2025-06,.agf CD coefficients; verify with catalog.,3.0,,,,
SCHOTT-SFL4,"Sellmeier-1 (3-term, Zemax CD record)",,1.68435238,0.275877735,1.80248458,0.0128694384,0.0609799581,159.614443,SCHOTT-AGF-2025-06,.agf CD coefficients; verify with catalog.,3.0,,,,
SCHOTT-SFL56,"Sellmeier-1 (3-term, Zemax CD record)",,1.75126105,0.30156663,1.89211398,0.0133187209,0.0621436403,157.884093,SCHOTT-AGF-2025-06,.agf CD coefficients; verify with catalog.,3.0,,,,
SCHOTT-SK1,"Sellmeier-1 (3-term, Zemax CD record)",,1.23997939,0.308829519,1.03366266,0.00676460788,0.0233830716,114.585882,SCHOTT-AGF-2025-06,.agf CD coefficients; verify with catalog.,3.0,,,,
SCHOTT-SK10,"Sellmeier-1 (3-term, Zemax CD record)",,1.3165874,0.271655949,0.968687543,0.00712229232,0.0244417004,105.081566,SCHOTT-AGF-2025-06,.agf CD coefficients; verify with catalog.,3.0,,,,
SCHOTT-SK11,"Sellmeier-1 (3-term, Zemax CD record)",,1.17963631,0.229817295,0.935789652,0.00680282081,0.0219737205,101.513232,SCHOTT-AGF-2025-06,.agf CD coefficients; verify with catalog.,3.0,,,,
SCHOTT-SK12,"Sellmeier-1 (3-term, Zemax CD record)",,1.16982669,0.29745037,0.965847815,0.00652887127,0.021403382,105.089898,SCHOTT-AGF-2025-06,.agf CD coefficients; verify with catalog.,3.0,,,,
SCHOTT-SK13,"Sellmeier-1 (3-term, Zemax CD record)",,0.922627573,0.570303629,0.979881211,0.00461930582,0.0180622701,110.419538,SCHOTT-AGF-2025-06,.agf CD coefficients; verify with catalog.,3.0,,,,
SCHOTT-SK14,"Sellmeier-1 (3-term, Zemax CD record)",,0.936155374,0.594052018,1.04374583,0.00461716525,0.016885927,103.736265,SCHOTT-AGF-2025-06,.agf CD coefficients; verify with catalog.,3.0,,,,
SCHOTT-SK15,"Sellmeier-1 (3-term, Zemax CD record)",,1.29172765,0.298392713,0.955518497,0.0068635812,0.0228704312,97.4779177,SCHOTT-AGF-2025-06,.agf CD coefficients; verify with catalog.,3.0,,,,
SCHOTT-SK16,"Sellmeier-1 (3-term, Zemax CD record)",,1.34317774,0.241144399,0.994317969,0.00704687339,0.0229005,92.7508526,SCHOTT-AGF-2025-06,.agf CD coefficients; verify with catalog.,3.0,,,,
SCHOTT-SK18A,"Sellmeier-1 (3-term, Zemax CD record)",,1.53857004,0.0985934131,1.02309528,0.00863201486,0.0367156464,100.118441,SCHOTT-AGF-2025-06,.agf CD coefficients; verify with catalog.,3.0,,,,
SCHOTT-SK2,"Sellmeier-1 (3-term, Zemax CD record)",,1.28189012,0.257738258,0.96818604,0.0072719164,0.0242823527,110.377773,SCHOTT-AGF-2025-06,.agf CD coefficients; verify with catalog.,3.0,,,,
SCHOTT-SK3,"Sellmeier-1 (3-term, Zemax CD record)",,1.30663485,0.2397917,0.984058076,0.0070816372,0.0238828823,101.983392,SCHOTT-AGF-2025-06,.agf CD coefficients; verify with catalog.,3.0,,,,
SCHOTT-SK4,"Sellmeier-1 (3-term, Zemax CD record)",,1.39388834,0.164510721,0.963522479,0.00769147355,0.0271946227,99.2757639,SCHOTT-AGF-2025-06,.agf CD coefficients; verify with catalog.,3.0,,,,
SCHOTT-SK5,"Sellmeier-1 (3-term, Zemax CD record)",,0.991463823,0.495982121,0.987393925,0.00522730467,0.0172733646,98.3594579,SCHOTT-AGF-2025-06,.agf CD coefficients; verify with catalog.,3.0,,,,
SCHOTT-SK51,"Sellmeier-1 (3-term, Zemax CD record)",,1.44112715,0.143968387,0.881989862,0.00758546975,0.0287396017,94.6838154,SCHOTT-AGF-2025-06,.agf CD coefficients; verify with catalog.,3.0,,,,
SCHOTT-SK55,"Sellmeier-1 (3-term, Zemax CD record)",,1.15265225,0.43214529,1.03215169,0.00582679114,0.0190244615,88.175046,SCHOTT-AGF-2025-06,.agf CD coefficients; verify with catalog.,3.0,,,,
SCHOTT-SK6,"Sellmeier-1 (3-term, Zemax CD record)",,1.21206115,0.347221122,0.972025014,0.00665602562,0.0224384733,110.082121,SCHOTT-AGF-2025-06,.agf CD coefficients; verify with catalog.,3.0,,,,
SCHOTT-SK7,"Sellmeier-1 (3-term, Zemax CD record)",,1.0374517,0.504632691,0.989114234,0.00537369046,0.0182926096,102.525987,SCHOTT-AGF-2025-06,.agf CD coefficients; verify with catalog.,3.0,,,,
SCHOTT-SK8,"Sellmeier-1 (3-term, Zemax CD record)",,1.29821149,0.252817469,0.977516703,0.0072250607,0.0255622691,108.370884,SCHOTT-AGF-2025-06,.agf CD coefficients; verify with catalog.,3.0,,,,
SCHOTT-SSK1,"Sellmeier-1 (3-term, Zemax CD record)",,1.42691045,0.141195647,0.986004821,0.00831214602,0.0334369911,109.701359,SCHOTT-AGF-2025-06,.agf CD coefficients; verify with catalog.,3.0,,,,
SCHOTT-SSK2,"Sellmeier-1 (3-term, Zemax CD record)",,1.41096166,0.172425615,0.987461513,0.0080543325,0.0324360835,109.899586,SCHOTT-AGF-2025-06,.agf CD coefficients; verify with catalog.,3.0,,,,
SCHOTT-SSK3,"Sellmeier-1 (3-term, Zemax CD record)",,1.39915758,0.158923825,0.991912922,0.0082866077,0.0354515342,115.227785,SCHOTT-AGF-2025-06,.agf CD coefficients; verify with catalog.,3.0,,,,
SCHOTT-SSK4A,"Sellmeier-1 (3-term, Zemax CD record)",,1.38336169,0.187125107,0.944170902,0.00787154985,0.0289352221,105.742424,SCHOTT-AGF-2025-06,.agf CD coefficients; verify with catalog.,3.0,,,,
SCHOTT-SSK50,"Sellmeier-1 (3-term, Zemax CD record)",,1.45562999,0.113575966,0.96952091,0.0087010368,0.0378429476,110.109218,SCHOTT-AGF-2025-06,.agf CD coefficients; verify with catalog.,3.0,,,,
SCHOTT-SSK51,"Sellmeier-1 (3-term, Zemax CD record)",,1.44260939,0.0828623622,0.892805443,0.00890475064,0.0400883477,103.152733,SCHOTT-AGF-2025-06,.agf CD coefficients; verify with catalog.,3.0,,,,
SCHOTT-SSKN5,"Sellmeier-1 (3-term, Zemax CD record)",,1.59222659,0.103520774,1.05174016,0.00920284626,0.0423530072,106.927374,SCHOTT-AGF-2025-06,.agf CD coefficients; verify with catalog.,3.0,,,,
SCHOTT-SSKN8,"Sellmeier-1 (3-term, Zemax CD record)",,1.46998373,0.0963559477,1.02610927,0.00903675097,0.0450075674,108.328743,SCHOTT-AGF-2025-06,.agf CD coefficients; verify with catalog.,3.0,,,,
SCHOTT-TIF3,"Sellmeier-1 (3-term, Zemax CD record)",,1.22927703,0.116802717,1.05306668,0.00852950666,0.0528174592,117.616359,SCHOTT-AGF-2025-06,.agf CD coefficients; verify with catalog.,3.0,,,,
SCHOTT-TIF6,"Sellmeier-1 (3-term, Zemax CD record)",,1.40069329,0.134903418,0.924097449,0.0109426015,0.0708666547,99.4792445,SCHOTT-AGF-2025-06,.agf CD coefficients; verify with catalog.,3.0,,,,
SCHOTT-TIFN5,"Sellmeier-1 (3-term, Zemax CD record)",,1.32754366,0.146368803,1.17272891,0.0100180695,0.0572806316,123.529685,SCHOTT-AGF-2025-06,.agf CD coefficients; verify with catalog.,3.0,,,,
SCHOTT-UBK7,"Sellmeier-1 (3-term, Zemax CD record)",,1.01237433,0.258985218,1.00021628,0.00588328615,0.0190239921,104.079777,SCHOTT-AGF-2025-06,.agf CD coefficients; verify with catalog.,3.0,,,,
SCHOTT-UK50,"Sellmeier-1 (3-term, Zemax CD record)",,1.06591882,0.21984304,0.900983465,0.00640857884,0.0225474355,101.920998,SCHOTT-AGF-2025-06,.agf CD coefficients; verify with catalog.,3.0,,,,
SCHOTT-ULTRAN20,"Sellmeier-1 (3-term, Zemax CD record)",,0.791424703,0.396769741,0.940526552,0.0036719374,0.0126060844,173.395984,SCHOTT-AGF-2025-06,.agf CD coefficients; verify with catalog.,3.0,,,,
SCHOTT-ULTRAN30,"Sellmeier-1 (3-term, Zemax CD record)",,0.730713411,0.636951703,0.856177259,0.00314818243,0.0129910178,143.604779,SCHOTT-AGF-2025-06,.agf CD coefficients; verify with catalog.,3.0,,,,
SCHOTT-ZK1,"Sellmeier-1 (3-term, Zemax CD record)",,1.09192062,0.223459888,0.86935336,0.0065550013,0.0243712763,102.33765,SCHOTT-AGF-2025-06,.agf CD coefficients; verify with catalog.,3.0,,,,
SCHOTT-ZKN7,"Sellmeier-1 (3-term, Zemax CD record)",,1.07715032,0.168079109,0.851889892,0.00676601657,0.0230642817,89.0498778,SCHOTT-AGF-2025-06,.agf CD coefficients; verify with catalog.,3.0,,,,
SCHOTT-N-SSK20,"Sellmeier-1 (3-term, Zemax CD record)",,1.18391813,0.406466985,1.10391305,0.00687636636,0.024671252,132.063408,SCHOTT-AGF-2025-06,.agf CD coefficients; verify with catalog.,3.0,,,,
SCHOTT-N-BK7HTSULTRA,"Sellmeier-1 (3-term, Zemax CD record)",,1.03961212,0.231792344,1.01046945,0.00600069867,0.0200179144,103.560653,SCHOTT-AGF-2025-06,.agf CD coefficients; verify with catalog.,3.0,,,,
OHARA-PBM2R,"Sellmeier-1 (3-term, Zemax CD record)",,1.34139422,0.21318551,0.983288016,0.00980301669,0.0470587088,117.45827,OHARA-AGF-2026-05-29,.agf CD coefficients; verify with catalog.,3.0,,,,
OHARA-S-NBM52,"Sellmeier-1 (3-term, Zemax CD record)",,1.39799204,0.172238041,1.21742991,0.00946113686,0.0444077736,105.31393,OHARA-AGF-2026-05-29,.agf CD coefficients; verify with catalog.,3.0,,,,
OHARA-S-FPM5,"Sellmeier-1 (3-term, Zemax CD record)",,0.839899764,0.537721312,0.953247759,0.00376448295,0.0148022622,145.67555,OHARA-AGF-2026-05-29,.agf CD coefficients; verify with catalog.,3.0,,,,
OHARA-S-LAL61Q,"Sellmeier-1 (3-term, Zemax CD record)",,1.38144225,0.587690089,1.15245465,0.00669192652,0.0215981233,87.19233,OHARA-AGF-2026-05-29,.agf CD coefficients; verify with catalog.,3.0,,,,
OHARA-S-LAH99W,"Sellmeier-1 (3-term, Zemax CD record)",,2.39140662,0.439219228,2.38358467,0.01314675,0.0553226042,161.2599,OHARA-AGF-2026-05-29,.agf CD coefficients; verify with catalog.,3.0,,,,
OHARA-S-NBH59,"Sellmeier-1 (3-term, Zemax CD record)",,1.73689864,0.28736254,1.85126136,0.0107866506,0.0458085077,149.6469,OHARA-AGF-2026-05-29,.agf CD coefficients; verify with catalog.,3.0,,,,
OHARA-S-BSL7R,"Sellmeier-1 (3-term, Zemax CD record)",,1.2548226,0.0151111808,1.01493883,0.00805680214,0.0529921282,103.37269,OHARA-AGF-2026-05-29,.agf CD coefficients; verify with catalog.,3.0,,,,
OHARA-SK-1310,"Sellmeier-1 (3-term, Zemax CD record)",,0.75011053,0.354568578,0.918389018,0.0049728626,0.0142109021,100.46894,OHARA-AGF-2026-05-29,.agf CD coefficients; verify with catalog.,3.0,,,,
OHARA-SK-1300,"Sellmeier-1 (3-term, Zemax CD record)",,0.792122197,0.312281689,0.914368121,0.00526428733,0.014730178,99.87201,OHARA-AGF-2026-05-29,.agf CD coefficients; verify with catalog.,3.0,,,,
OHARA-S-BAL35R,"Sellmeier-1 (3-term, Zemax CD record)",,1.31152698,0.175893826,1.06786914,0.00706993329,0.0254908228,104.81075,OHARA-AGF-2026-05-29,.agf CD coefficients; verify with catalog.,3.0,,,,
OHARA-S-LAL12Q,"Sellmeier-1 (3-term, Zemax CD record)",,1.09887025,0.665500482,1.07183658,0.00538103754,0.0186717709,83.08165,OHARA-AGF-2026-05-29,.agf CD coefficients; verify with catalog.,3.0,,,,
OHARA-S-PHM52Q,"Sellmeier-1 (3-term, Zemax CD record)",,1.2696875,0.308418136,1.04078976,0.00621622949,0.0207785265,112.05125,OHARA-AGF-2026-05-29,.agf CD coefficients; verify with catalog.,3.0,,,,
OHARA-S-FPM4,"Sellmeier-1 (3-term, Zemax CD record)",,0.685585084,0.623380215,0.914178386,0.0028817201,0.0124701707,153.5772,OHARA-AGF-2026-05-29,.agf CD coefficients; verify with catalog.,3.0,,,,
OHARA-S-LAH60MQ,"Sellmeier-1 (3-term, Zemax CD record)",,1.95539063,0.302550219,1.3431139,0.0109111365,0.04546667,113.58085,OHARA-AGF-2026-05-29,.agf CD coefficients; verify with catalog.,3.0,,,,
OHARA-S-LAL7Q,"Sellmeier-1 (3-term, Zemax CD record)",,0.905277143,0.777955684,1.18137286,0.0155606507,0.00284718626,88.07379,OHARA-AGF-2026-05-29,.agf CD coefficients; verify with catalog.,3.0,,,,
OHARA-S-NBH58,"Sellmeier-1 (3-term, Zemax CD record)",,1.71408219,0.362966167,2.56486266,0.0116812775,0.0540847347,188.7857,OHARA-AGF-2026-05-29,.agf CD coefficients; verify with catalog.,3.0,,,,
OHARA-S-NPH7,"Sellmeier-1 (3-term, Zemax CD record)",,1.68236554,0.339649644,2.25049208,0.0131431682,0.0645040012,181.3863,OHARA-AGF-2026-05-29,.agf CD coefficients; verify with catalog.,3.0,,,,
OHARA-S-LAL21,"Sellmeier-1 (3-term, Zemax CD record)",,0.935250779,0.905988706,1.43351212,0.0180836047,0.00408452643,138.68341,OHARA-AGF-2026-05-29,.agf CD coefficients; verify with catalog.,3.0,,,,
OHARA-S-LAH99,"Sellmeier-1 (3-term, Zemax CD record)",,2.39140662,0.439219228,2.38358467,0.01314675,0.0553226042,161.2599,OHARA-AGF-2026-05-29,.agf CD coefficients; verify with catalog.,3.0,,,,
OHARA-S-LAH98,"Sellmeier-1 (3-term, Zemax CD record)",,2.28510629,0.385532264,2.0655112,0.0122178962,0.0514752342,145.92087,OHARA-AGF-2026-05-29,.agf CD coefficients; verify with catalog.,3.0,,,,
OHARA-S-LAH63Q,"Sellmeier-1 (3-term, Zemax CD record)",,1.96723017,0.194953915,1.25386282,0.0110456086,0.0497137061,104.84352,OHARA-AGF-2026-05-29,.agf CD coefficients; verify with catalog.,3.0,,,,
OHARA-APL1,"Non-dispersable (3-term CD gives n(d)=1.79536 vs catalog 1.517277; not a Sellmeier fit) - archived, never evaluated",,2.2762403,0.0092330378,-3.8018733e-05,-0.0096874647,0.00038940853,2.0693225e-06,OHARA-AGF-2026-05-29,".agf CD coefficients; verify with catalog. term(s) 1,3 carry a non-positive B or C (permitted in multi-pole fits; the n(d) check is authoritative).",,,,,
OHARA-BAH10,"Non-dispersable (3-term CD gives n(d)=1.91528 vs catalog 1.670029; not a Sellmeier fit) - archived, never evaluated",,2.730459,0.01942756,-5.210457e-05,-0.01063385,0.0008209873,4.447534e-06,OHARA-AGF-2026-05-29,".agf CD coefficients; verify with catalog. term(s) 1,3 carry a non-positive B or C (permitted in multi-pole fits; the n(d) check is authoritative).",,,,,
OHARA-BAH11,"Non-dispersable (3-term CD gives n(d)=1.91631 vs catalog 1.666718; not a Sellmeier fit) - archived, never evaluated",,2.717567,0.02116288,3.227309e-05,-0.008666231,0.0001530768,6.602266e-08,OHARA-AGF-2026-05-29,.agf CD coefficients; verify with catalog. term(s) 1 carry a non-positive B or C (permitted in multi-pole fits; the n(d) check is authoritative).,,,,,
OHARA-BAH13,"Non-dispersable (3-term CD gives n(d)=1.91512 vs catalog 1.668921; not a Sellmeier fit) - archived, never evaluated",,2.7229077,0.02092378,-1.9388233e-05,-0.0099369888,0.00065136672,3.1119561e-06,OHARA-AGF-2026-05-29,".agf CD coefficients; verify with catalog. term(s) 1,3 carry a non-positive B or C (permitted in multi-pole fits; the n(d) check is authoritative).",,,,,
OHARA-BAH22,"Non-dispersable (3-term CD gives n(d)=1.91034 vs catalog 1.664459; not a Sellmeier fit) - archived, never evaluated",,2.6928266,0.025058968,-3.2164637e-05,-0.0090141372,0.0010140502,5.6431441e-06,OHARA-AGF-2026-05-29,".agf CD coefficients; verify with catalog. term(s) 1,3 carry a non-positive B or C (permitted in multi-pole fits; the n(d) check is authoritative).",,,,,
OHARA-BAH26,"Non-dispersable (3-term CD gives n(d)=1.91426 vs catalog 1.667551; not a Sellmeier fit) - archived, never evaluated",,2.7137156,0.022190744,-2.1872211e-05,-0.0093481462,0.00074154999,3.821015e-06,OHARA-AGF-2026-05-29,".agf CD coefficients; verify with catalog. term(s) 1,3 carry a non-positive B or C (permitted in multi-pole fits; the n(d) check is authoritative).",,,,,
OHARA-BAH27,"Non-dispersable (3-term CD gives n(d)=1.93919 vs catalog 1.701536; not a Sellmeier fit) - archived, never evaluated",,2.823151,0.02374898,-3.713171e-05,-0.01090859,0.000901646,5.48189e-06,OHARA-AGF-2026-05-29,".agf CD coefficients; verify with catalog. term(s) 1,3 carry a non-positive B or C (permitted in multi-pole fits; the n(d) check is authoritative).",,,,,
OHARA-BAH28,"Non-dispersable (3-term CD gives n(d)=1.95255 vs catalog 1.72342; not a Sellmeier fit) - archived, never evaluated",,2.891704,0.02450539,-0.0001176163,-0.01284803,0.001674117,1.046904e-05,OHARA-AGF-2026-05-29,".agf CD coefficients; verify with catalog. term(s) 1,3 carry a non-positive B or C (permitted in multi-pole fits; the n(d) check is authoritative).",,,,,
OHARA-BAH30,"Non-dispersable (3-term CD gives n(d)=1.90087 vs catalog 1.650158; not a Sellmeier fit) - archived, never evaluated",,2.6543867,0.022275774,-3.5291806e-05,-0.0084478289,0.00090008133,4.7103195e-06,OHARA-AGF-2026-05-29,".agf CD coefficients; verify with catalog. term(s) 1,3 carry a non-positive B or C (permitted in multi-pole fits; the n(d) check is authoritative).",,,,,
OHARA-BAH32,"Sellmeier-1 (3-term, Zemax CD record)",,1.498643,0.2175678,1.559728,0.009643255,0.04511666,171.1121,OHARA-AGF-2026-05-29,.agf CD coefficients; verify with catalog.,3.0,,,,
OHARA-BAH54,"Non-dispersable (3-term CD gives n(d)=1.93307 vs catalog 1.695; not a Sellmeier fit) - archived, never evaluated",,2.802774,0.023830231,1.1516047e-05,-0.011441428,0.00057322688,1.2065896e-06,OHARA-AGF-2026-05-29,.agf CD coefficients; verify with catalog. term(s) 1 carry a non-positive B or C (permitted in multi-pole fits; the n(d) check is authoritative).,,,,,
OHARA-BAH71,"Non-dispersable (3-term CD gives n(d)=1.94101 vs catalog 1.701998; not a Sellmeier fit) - archived, never evaluated",,2.8219169,0.02439388,-4.5521985e-05,-0.0099182972,0.00099651859,5.5512807e-06,OHARA-AGF-2026-05-29,".agf CD coefficients; verify with catalog. term(s) 1,3 carry a non-positive B or C (permitted in multi-pole fits; the n(d) check is authoritative).",,,,,
OHARA-BAH77,"Non-dispersable (3-term CD gives n(d)=1.93968 vs catalog 1.701539; not a Sellmeier fit) - archived, never evaluated",,2.8222929,0.024365241,-3.9506977e-06,-0.010636602,0.00070591145,2.9865625e-06,OHARA-AGF-2026-05-29,".agf CD coefficients; verify with catalog. term(s) 1,3 carry a non-positive B or C (permitted in multi-pole fits; the n(d) check is authoritative).",,,,,
OHARA-BAH78,"Non-dispersable (3-term CD gives n(d)=1.95618 vs catalog 1.723421; not a Sellmeier fit) - archived, never evaluated",,2.8884392,0.026418653,-5.2245897e-05,-0.010882671,0.0011678492,6.2881561e-06,OHARA-AGF-2026-05-29,".agf CD coefficients; verify with catalog. term(s) 1,3 carry a non-positive B or C (permitted in multi-pole fits; the n(d) check is authoritative).",,,,,
OHARA-BAL2,"Non-dispersable (3-term CD gives n(d)=1.83853 vs catalog 1.570989; not a Sellmeier fit) - archived, never evaluated",,2.424312,0.01472045,-3.170738e-05,-0.00858474,0.0005504561,2.420757e-06,OHARA-AGF-2026-05-29,".agf CD coefficients; verify with catalog. term(s) 1,3 carry a non-positive B or C (permitted in multi-pole fits; the n(d) check is authoritative).",,,,,
OHARA-BAL3,"Non-dispersable (3-term CD gives n(d)=1.84045 vs catalog 1.571351; not a Sellmeier fit) - archived, never evaluated",,2.426175,0.01476624,-1.052689e-05,-0.00781539,0.0003669042,1.039369e-06,OHARA-AGF-2026-05-29,".agf CD coefficients; verify with catalog. term(s) 1,3 carry a non-positive B or C (permitted in multi-pole fits; the n(d) check is authoritative).",,,,,
OHARA-BAL5,"Non-dispersable (3-term CD gives n(d)=1.81963 vs catalog 1.547393; not a Sellmeier fit) - archived, never evaluated",,2.3550985,0.013797477,9.6025624e-08,-0.0086952235,0.00027607581,6.0765812e-07,OHARA-AGF-2026-05-29,.agf CD coefficients; verify with catalog. term(s) 1 carry a non-positive B or C (permitted in multi-pole fits; the n(d) check is authoritative).,,,,,
OHARA-BAL7,"Non-dispersable (3-term CD gives n(d)=1.85304 vs catalog 1.58875; not a Sellmeier fit) - archived, never evaluated",,2.4787185,0.015210012,-3.8936391e-05,-0.0085856348,0.0006044033,2.7124338e-06,OHARA-AGF-2026-05-29,".agf CD coefficients; verify with catalog. term(s) 1,3 carry a non-positive B or C (permitted in multi-pole fits; the n(d) check is authoritative).",,,,,
OHARA-BAL11,"Non-dispersable (3-term CD gives n(d)=1.83952 vs catalog 1.572501; not a Sellmeier fit) - archived, never evaluated",,2.433807,0.01397331,7.763637e-06,-0.009321052,0.0001804732,-1.184873e-07,OHARA-AGF-2026-05-29,".agf CD coefficients; verify with catalog. term(s) 1,3 carry a non-positive B or C (permitted in multi-pole fits; the n(d) check is authoritative).",,,,,
OHARA-BAL12,"Non-dispersable (3-term CD gives n(d)=1.81280 vs catalog 1.539955; not a Sellmeier fit) - archived, never evaluated",,2.339135,0.01072238,-6.911301e-05,-0.009645053,0.0007185158,3.543402e-06,OHARA-AGF-2026-05-29,".agf CD coefficients; verify with catalog. term(s) 1,3 carry a non-positive B or C (permitted in multi-pole fits; the n(d) check is authoritative).",,,,,
OHARA-BAL14,"Non-dispersable (3-term CD gives n(d)=1.83654 vs catalog 1.568832; not a Sellmeier fit) - archived, never evaluated",,2.421996,0.01374045,-1.664649e-05,-0.009200161,0.000348582,1.313751e-06,OHARA-AGF-2026-05-29,".agf CD coefficients; verify with catalog. term(s) 1,3 carry a non-positive B or C (permitted in multi-pole fits; the n(d) check is authoritative).",,,,,
OHARA-BAL15,"Non-dispersable (3-term CD gives n(d)=1.82608 vs catalog 1.556711; not a Sellmeier fit) - archived, never evaluated",,2.3876453,0.01254688,-2.3656347e-05,-0.0097564209,0.00038108489,1.5068491e-06,OHARA-AGF-2026-05-29,".agf CD coefficients; verify with catalog. term(s) 1,3 carry a non-positive B or C (permitted in multi-pole fits; the n(d) check is authoritative).",,,,,
OHARA-BAL15Y,"Sellmeier-1 (3-term, Zemax CD record)",,1.28348331,0.102800765,0.404609885,0.00790900515,0.0305971274,46.5268356,OHARA-AGF-2026-05-29,.agf CD coefficients; verify with catalog.,3.0,,,,
OHARA-BAL22,"Non-dispersable (3-term CD gives n(d)=1.83328 vs catalog 1.568729; not a Sellmeier fit) - archived, never evaluated",,2.428819,0.01108574,-6.395123e-05,-0.01160085,0.00063122,3.440011e-06,OHARA-AGF-2026-05-29,".agf CD coefficients; verify with catalog. term(s) 1,3 carry a non-positive B or C (permitted in multi-pole fits; the n(d) check is authoritative).",,,,,
OHARA-BAL35,"Non-dispersable (3-term CD gives n(d)=1.85195 vs catalog 1.58913; not a Sellmeier fit) - archived, never evaluated",,2.487525,0.01374306,6.25135e-06,-0.01022867,0.0001662538,-2.342041e-07,OHARA-AGF-2026-05-29,".agf CD coefficients; verify with catalog. term(s) 1,3 carry a non-positive B or C (permitted in multi-pole fits; the n(d) check is authoritative).",,,,,
OHARA-BAL35Y,"Sellmeier-1 (3-term, Zemax CD record)",,1.26231429,0.22515421,0.639119345,0.00695586355,0.0221310699,63.1662736,OHARA-AGF-2026-05-29,.agf CD coefficients; verify with catalog.,3.0,,,,
OHARA-BAL41,"Non-dispersable (3-term CD gives n(d)=1.83129 vs catalog 1.563839; not a Sellmeier fit) - archived, never evaluated",,2.410742,0.01233414,-2.550448e-05,-0.010238,0.0003782378,1.456385e-06,OHARA-AGF-2026-05-29,".agf CD coefficients; verify with catalog. term(s) 1,3 carry a non-positive B or C (permitted in multi-pole fits; the n(d) check is authoritative).",,,,,
OHARA-BAL42,"Non-dispersable (3-term CD gives n(d)=1.84723 vs catalog 1.583126; not a Sellmeier fit) - archived, never evaluated",,2.4686122,0.013115756,-3.1570294e-05,-0.0099937773,0.00045052253,1.7307442e-06,OHARA-AGF-2026-05-29,".agf CD coefficients; verify with catalog. term(s) 1,3 carry a non-positive B or C (permitted in multi-pole fits; the n(d) check is authoritative).",,,,,
OHARA-BAL50,"Non-dispersable (3-term CD gives n(d)=1.82795 vs catalog 1.559625; not a Sellmeier fit) - archived, never evaluated",,2.3982661,0.012110445,-2.7339021e-05,-0.010222781,0.00037767581,1.5701891e-06,OHARA-AGF-2026-05-29,".agf CD coefficients; verify with catalog. term(s) 1,3 carry a non-positive B or C (permitted in multi-pole fits; the n(d) check is authoritative).",,,,,
OHARA-BAM3,"Sellmeier-1 (3-term, Zemax CD record)",,1.264742,0.189784,1.105094,0.007911881,0.03806705,133.8316,OHARA-AGF-2026-05-29,.agf CD coefficients; verify with catalog.,3.0,,,,
OHARA-BAM4,"Non-dispersable (3-term CD gives n(d)=1.86638 vs catalog 1.60562; not a Sellmeier fit) - archived, never evaluated",,2.521467,0.01891922,-1.150794e-05,-0.007991308,0.000549235,2.505827e-06,OHARA-AGF-2026-05-29,".agf CD coefficients; verify with catalog. term(s) 1,3 carry a non-positive B or C (permitted in multi-pole fits; the n(d) check is authoritative).",,,,,
OHARA-BAM5,"Non-dispersable (3-term CD gives n(d)=1.86706 vs catalog 1.607289; not a Sellmeier fit) - archived, never evaluated",,2.533703,0.016851835,-1.7651257e-05,-0.0090417017,0.00051005408,1.8665437e-06,OHARA-AGF-2026-05-29,".agf CD coefficients; verify with catalog. term(s) 1,3 carry a non-positive B or C (permitted in multi-pole fits; the n(d) check is authoritative).",,,,,
OHARA-BAM8,"Non-dispersable (3-term CD gives n(d)=1.87876 vs catalog 1.62374; not a Sellmeier fit) - archived, never evaluated",,2.583052,0.017999796,-3.0382771e-05,-0.0098044767,0.00062560828,3.0639765e-06,OHARA-AGF-2026-05-29,".agf CD coefficients; verify with catalog. term(s) 1,3 carry a non-positive B or C (permitted in multi-pole fits; the n(d) check is authoritative).",,,,,
OHARA-BAM9,"Non-dispersable (3-term CD gives n(d)=1.89558 vs catalog 1.643279; not a Sellmeier fit) - archived, never evaluated",,2.6446959,0.018905035,-6.9325864e-06,-0.0094397093,0.00050396096,1.5474561e-06,OHARA-AGF-2026-05-29,".agf CD coefficients; verify with catalog. term(s) 1,3 carry a non-positive B or C (permitted in multi-pole fits; the n(d) check is authoritative).",,,,,
OHARA-BAM12,"Non-dispersable (3-term CD gives n(d)=1.89229 vs catalog 1.6393; not a Sellmeier fit) - archived, never evaluated",,2.628582,0.0195519,-2.510153e-05,-0.009085873,0.0006698928,3.047777e-06,OHARA-AGF-2026-05-29,".agf CD coefficients; verify with catalog. term(s) 1,3 carry a non-positive B or C (permitted in multi-pole fits; the n(d) check is authoritative).",,,,,
OHARA-BAM21,"Non-dispersable (3-term CD gives n(d)=1.87940 vs catalog 1.626059; not a Sellmeier fit) - archived, never evaluated",,2.579457,0.021195926,-2.4922189e-05,-0.0094225577,0.0008094349,3.9861235e-06,OHARA-AGF-2026-05-29,".agf CD coefficients; verify with catalog. term(s) 1,3 carry a non-positive B or C (permitted in multi-pole fits; the n(d) check is authoritative).",,,,,
OHARA-BAM23,"Non-dispersable (3-term CD gives n(d)=1.86554 vs catalog 1.607167; not a Sellmeier fit) - archived, never evaluated",,2.5222179,0.020177286,1.8063926e-07,-0.0087270222,0.00061839451,2.0159505e-06,OHARA-AGF-2026-05-29,.agf CD coefficients; verify with catalog. term(s) 1 carry a non-positive B or C (permitted in multi-pole fits; the n(d) check is authoritative).,,,,,
OHARA-BAM25,"Non-dispersable (3-term CD gives n(d)=1.86283 vs catalog 1.60323; not a Sellmeier fit) - archived, never evaluated",,2.513482,0.0186819,-3.047596e-05,-0.008739639,0.0007470892,3.39904e-06,OHARA-AGF-2026-05-29,".agf CD coefficients; verify with catalog. term(s) 1,3 carry a non-positive B or C (permitted in multi-pole fits; the n(d) check is authoritative).",,,,,
OHARA-BPH5,"Sellmeier-1 (3-term, Zemax CD record)",,1.44845677,0.22044806,0.99476362,0.0092817361,0.0433001987,77.6475264,OHARA-AGF-2026-05-29,.agf CD coefficients; verify with catalog.,3.0,,,,
OHARA-BPH8,"Sellmeier-1 (3-term, Zemax CD record)",,1.59323023,0.277775516,1.04070526,0.0103458172,0.0474089271,81.2863792,OHARA-AGF-2026-05-29,.agf CD coefficients; verify with catalog.,3.0,,,,
OHARA-BPH35,"Non-dispersable (3-term CD gives n(d)=1.88860 vs catalog 1.644496; not a Sellmeier fit) - archived, never evaluated",,2.6413378,0.02125189,-1.9814508e-05,-0.012997513,0.00074166905,3.0698879e-06,OHARA-AGF-2026-05-29,".agf CD coefficients; verify with catalog. term(s) 1,3 carry a non-positive B or C (permitted in multi-pole fits; the n(d) check is authoritative).",,,,,
OHARA-BPH40,"Non-dispersable (3-term CD gives n(d)=1.91336 vs catalog 1.676498; not a Sellmeier fit) - archived, never evaluated",,2.737477,0.023895273,-4.881918e-05,-0.013153125,0.0011078302,5.4773972e-06,OHARA-AGF-2026-05-29,".agf CD coefficients; verify with catalog. term(s) 1,3 carry a non-positive B or C (permitted in multi-pole fits; the n(d) check is authoritative).",,,,,
OHARA-BPH45,"Non-dispersable (3-term CD gives n(d)=1.94743 vs catalog 1.718502; not a Sellmeier fit) - archived, never evaluated",,2.8619065,0.02988917,1.6015692e-06,-0.012425617,0.0010370691,4.4595212e-06,OHARA-AGF-2026-05-29,.agf CD coefficients; verify with catalog. term(s) 1 carry a non-positive B or C (permitted in multi-pole fits; the n(d) check is authoritative).,,,,,
OHARA-BPH50,"Non-dispersable (3-term CD gives n(d)=1.96496 vs catalog 1.739997; not a Sellmeier fit) - archived, never evaluated",,2.9271459,0.031922538,-6.3507309e-05,-0.011970157,0.0015457537,9.6835139e-06,OHARA-AGF-2026-05-29,".agf CD coefficients; verify with catalog. term(s) 1,3 carry a non-positive B or C (permitted in multi-pole fits; the n(d) check is authoritative).",,,,,
OHARA-BPM4,"Non-dispersable (3-term CD gives n(d)=1.86425 vs catalog 1.6134; not a Sellmeier fit) - archived, never evaluated",,2.5489492,0.018433588,-2.8837579e-05,-0.012922911,0.00067483064,3.057603e-06,OHARA-AGF-2026-05-29,".agf CD coefficients; verify with catalog. term(s) 1,3 carry a non-positive B or C (permitted in multi-pole fits; the n(d) check is authoritative).",,,,,
OHARA-BPM51,"Sellmeier-1 (3-term, Zemax CD record)",,1.37436455,0.174025602,0.905485504,0.00877165624,0.0405249716,72.7685343,OHARA-AGF-2026-05-29,.agf CD coefficients; verify with catalog.,3.0,,,,
OHARA-BSL1,"Non-dispersable (3-term CD gives n(d)=1.78967 vs catalog 1.510091; not a Sellmeier fit) - archived, never evaluated",,2.2513548,0.010704574,1.0654019e-05,-0.0093148277,0.00012187894,-7.4428165e-07,OHARA-AGF-2026-05-29,".agf CD coefficients; verify with catalog. term(s) 1,3 carry a non-positive B or C (permitted in multi-pole fits; the n(d) check is authoritative).",,,,,
OHARA-BSL3,"Non-dispersable (3-term CD gives n(d)=1.77853 vs catalog 1.498308; not a Sellmeier fit) - archived, never evaluated",,2.2187568,0.0095904498,-1.9183741e-05,-0.010447185,0.00028540943,9.7004548e-07,OHARA-AGF-2026-05-29,".agf CD coefficients; verify with catalog. term(s) 1,3 carry a non-positive B or C (permitted in multi-pole fits; the n(d) check is authoritative).",,,,,
OHARA-BSL7,"Non-dispersable (3-term CD gives n(d)=1.79420 vs catalog 1.51633; not a Sellmeier fit) - archived, never evaluated",,2.2697665,0.011025458,1.0120957e-05,-0.0096395197,7.9465126e-05,-4.4096694e-07,OHARA-AGF-2026-05-29,".agf CD coefficients; verify with catalog. term(s) 1,3 carry a non-positive B or C (permitted in multi-pole fits; the n(d) check is authoritative).",,,,,
OHARA-BSL7Y,"Sellmeier-1 (3-term, Zemax CD record)",,1.13329383,0.136897201,0.703456004,0.00669407868,0.023739176,70.7030316,OHARA-AGF-2026-05-29,.agf CD coefficients; verify with catalog.,3.0,,,,
OHARA-BSL21,"Non-dispersable (3-term CD gives n(d)=1.78409 vs catalog 1.503779; not a Sellmeier fit) - archived, never evaluated",,2.234734,0.0098367633,-1.4554893e-05,-0.0097856687,0.00021398416,8.7393721e-07,OHARA-AGF-2026-05-29,".agf CD coefficients; verify with catalog. term(s) 1,3 carry a non-positive B or C (permitted in multi-pole fits; the n(d) check is authoritative).",,,,,
OHARA-BSL22,"Non-dispersable (3-term CD gives n(d)=1.79660 vs catalog 1.518206; not a Sellmeier fit) - archived, never evaluated",,2.2739528,0.01226882,6.0075221e-05,-0.0091160058,-0.00031677862,-2.8098187e-06,OHARA-AGF-2026-05-29,".agf CD coefficients; verify with catalog. term(s) 1,2,3 carry a non-positive B or C (permitted in multi-pole fits; the n(d) check is authoritative).",,,,,
OHARA-BSM2,"Non-dispersable (3-term CD gives n(d)=1.86793 vs catalog 1.607379; not a Sellmeier fit) - archived, never evaluated",,2.540784,0.01490321,-1.245295e-05,-0.00928151,0.0003779065,7.093602e-07,OHARA-AGF-2026-05-29,".agf CD coefficients; verify with catalog. term(s) 1,3 carry a non-positive B or C (permitted in multi-pole fits; the n(d) check is authoritative).",,,,,
OHARA-BSM4,"Non-dispersable (3-term CD gives n(d)=1.87106 vs catalog 1.612716; not a Sellmeier fit) - archived, never evaluated",,2.559693,0.01426178,-3.128766e-05,-0.01014464,0.0004753199,1.735988e-06,OHARA-AGF-2026-05-29,".agf CD coefficients; verify with catalog. term(s) 1,3 carry a non-positive B or C (permitted in multi-pole fits; the n(d) check is authoritative).",,,,,
OHARA-BSM6,"Non-dispersable (3-term CD gives n(d)=1.87290 vs catalog 1.613749; not a Sellmeier fit) - archived, never evaluated",,2.5601339,0.015290933,-2.1956285e-05,-0.009371199,0.00040740566,1.5738984e-06,OHARA-AGF-2026-05-29,".agf CD coefficients; verify with catalog. term(s) 1,3 carry a non-positive B or C (permitted in multi-pole fits; the n(d) check is authoritative).",,,,,
OHARA-BSM7,"Non-dispersable (3-term CD gives n(d)=1.86659 vs catalog 1.607291; not a Sellmeier fit) - archived, never evaluated",,2.5432134,0.013983216,-3.2963243e-05,-0.0102068,0.00045963235,1.9413424e-06,OHARA-AGF-2026-05-29,".agf CD coefficients; verify with catalog. term(s) 1,3 carry a non-positive B or C (permitted in multi-pole fits; the n(d) check is authoritative).",,,,,
OHARA-BSM9,"Sellmeier-1 (3-term, Zemax CD record)",,1.095086,0.4642304,1.203056,0.005354893,0.02206781,133.3129,OHARA-AGF-2026-05-29,.agf CD coefficients; verify with catalog.,3.0,,,,
OHARA-BSM10,"Non-dispersable (3-term CD gives n(d)=1.87953 vs catalog 1.622799; not a Sellmeier fit) - archived, never evaluated",,2.589111,0.01555047,-1.829782e-05,-0.009879155,0.0003664276,1.460153e-06,OHARA-AGF-2026-05-29,".agf CD coefficients; verify with catalog. term(s) 1,3 carry a non-positive B or C (permitted in multi-pole fits; the n(d) check is authoritative).",,,,,
OHARA-BSM14,"Non-dispersable (3-term CD gives n(d)=1.86291 vs catalog 1.603112; not a Sellmeier fit) - archived, never evaluated",,2.53088,0.01393304,-1.649761e-05,-0.01045574,0.0003172572,1.121198e-06,OHARA-AGF-2026-05-29,".agf CD coefficients; verify with catalog. term(s) 1,3 carry a non-positive B or C (permitted in multi-pole fits; the n(d) check is authoritative).",,,,,
OHARA-BSM15,"Non-dispersable (3-term CD gives n(d)=1.87984 vs catalog 1.622992; not a Sellmeier fit) - archived, never evaluated",,2.59025,0.01565646,5.763945e-06,-0.009886858,0.0002117553,-3.134574e-08,OHARA-AGF-2026-05-29,".agf CD coefficients; verify with catalog. term(s) 1,3 carry a non-positive B or C (permitted in multi-pole fits; the n(d) check is authoritative).",,,,,
OHARA-BSM16,"Non-dispersable (3-term CD gives n(d)=1.87534 vs catalog 1.62041; not a Sellmeier fit) - archived, never evaluated",,2.585926,0.01387296,-3.768293e-05,-0.0114351,0.0005169618,2.058449e-06,OHARA-AGF-2026-05-29,".agf CD coefficients; verify with catalog. term(s) 1,3 carry a non-positive B or C (permitted in multi-pole fits; the n(d) check is authoritative).",,,,,
OHARA-BSM16C,"Non-dispersable (3-term CD gives n(d)=1.87535 vs catalog 1.62041; not a Sellmeier fit) - archived, never evaluated",,2.5858505,0.013924703,-3.6074659e-05,-0.011425977,0.00050343054,1.9912627e-06,OHARA-AGF-2026-05-29,".agf CD coefficients; verify with catalog. term(s) 1,3 carry a non-positive B or C (permitted in multi-pole fits; the n(d) check is authoritative).",,,,,
OHARA-BSM18,"Non-dispersable (3-term CD gives n(d)=1.89030 vs catalog 1.638539; not a Sellmeier fit) - archived, never evaluated",,2.6385199,0.01597395,-3.5705726e-05,-0.010968446,0.00053519299,2.6035403e-06,OHARA-AGF-2026-05-29,".agf CD coefficients; verify with catalog. term(s) 1,3 carry a non-positive B or C (permitted in multi-pole fits; the n(d) check is authoritative).",,,,,
OHARA-BSM21,"Non-dispersable (3-term CD gives n(d)=1.87661 vs catalog 1.617196; not a Sellmeier fit) - archived, never evaluated",,2.567869,0.01659137,-3.488675e-06,-0.008657333,0.0002865545,8.927552e-07,OHARA-AGF-2026-05-29,".agf CD coefficients; verify with catalog. term(s) 1,3 carry a non-positive B or C (permitted in multi-pole fits; the n(d) check is authoritative).",,,,,
OHARA-BSM22,"Sellmeier-1 (3-term, Zemax CD record)",,1.35097,0.2324447,1.179,0.007454835,0.02949403,131.6202,OHARA-AGF-2026-05-29,.agf CD coefficients; verify with catalog.,3.0,,,,
OHARA-BSM23,"Non-dispersable (3-term CD gives n(d)=1.87236 vs catalog 1.614839; not a Sellmeier fit) - archived, never evaluated",,2.5600597,0.015970594,-4.4172822e-05,-0.0097457249,0.00066802115,3.1024931e-06,OHARA-AGF-2026-05-29,".agf CD coefficients; verify with catalog. term(s) 1,3 carry a non-positive B or C (permitted in multi-pole fits; the n(d) check is authoritative).",,,,,
OHARA-BSM24,"Non-dispersable (3-term CD gives n(d)=1.87716 vs catalog 1.617646; not a Sellmeier fit) - archived, never evaluated",,2.56958,0.016903144,2.6138532e-05,-0.0086466584,7.624944e-05,-7.4670354e-07,OHARA-AGF-2026-05-29,".agf CD coefficients; verify with catalog. term(s) 1,3 carry a non-positive B or C (permitted in multi-pole fits; the n(d) check is authoritative).",,,,,
OHARA-BSM25,"Non-dispersable (3-term CD gives n(d)=1.90837 vs catalog 1.658441; not a Sellmeier fit) - archived, never evaluated",,2.694748,0.01971919,3.250553e-05,-0.009564087,0.0001351695,-8.799463e-07,OHARA-AGF-2026-05-29,".agf CD coefficients; verify with catalog. term(s) 1,3 carry a non-positive B or C (permitted in multi-pole fits; the n(d) check is authoritative).",,,,,
OHARA-BSM28,"Non-dispersable (3-term CD gives n(d)=1.87327 vs catalog 1.617722; not a Sellmeier fit) - archived, never evaluated",,2.568088,0.01660196,-2.356209e-05,-0.01046716,0.0005809348,2.231142e-06,OHARA-AGF-2026-05-29,".agf CD coefficients; verify with catalog. term(s) 1,3 carry a non-positive B or C (permitted in multi-pole fits; the n(d) check is authoritative).",,,,,
OHARA-BSM36,"Non-dispersable (3-term CD gives n(d)=1.89072 vs catalog 1.642495; not a Sellmeier fit) - archived, never evaluated",,2.6546711,0.015197193,-3.4995634e-05,-0.012819365,0.00050420821,2.0492682e-06,OHARA-AGF-2026-05-29,".agf CD coefficients; verify with catalog. term(s) 1,3 carry a non-positive B or C (permitted in multi-pole fits; the n(d) check is authoritative).",,,,,
OHARA-BSM51Y,"Sellmeier-1 (3-term, Zemax CD record)",,1.22393171,0.306482383,0.823950901,0.00649521083,0.0208194161,79.5168951,OHARA-AGF-2026-05-29,.agf CD coefficients; verify with catalog.,3.0,,,,
OHARA-BSM71,"Non-dispersable (3-term CD gives n(d)=1.90093 vs catalog 1.648497; not a Sellmeier fit) - archived, never evaluated",,2.6654566,0.018458132,2.0907914e-05,-0.0093666483,0.00016162509,-1.3617346e-07,OHARA-AGF-2026-05-29,".agf CD coefficients; verify with catalog. term(s) 1,3 carry a non-positive B or C (permitted in multi-pole fits; the n(d) check is authoritative).",,,,,
OHARA-BSM81,"Non-dispersable (3-term CD gives n(d)=1.88599 vs catalog 1.639999; not a Sellmeier fit) - archived, never evaluated",,2.6493149,0.014390568,-4.134593e-05,-0.014491012,0.0005294553,2.2951175e-06,OHARA-AGF-2026-05-29,".agf CD coefficients; verify with catalog. term(s) 1,3 carry a non-positive B or C (permitted in multi-pole fits; the n(d) check is authoritative).",,,,,
OHARA-BSM93,"Non-dispersable (3-term CD gives n(d)=1.89153 vs catalog 1.640998; not a Sellmeier fit) - archived, never evaluated",,2.6481267,0.015517531,-3.390687e-05,-0.011553471,0.00053211731,2.099346e-06,OHARA-AGF-2026-05-29,".agf CD coefficients; verify with catalog. term(s) 1,3 carry a non-positive B or C (permitted in multi-pole fits; the n(d) check is authoritative).",,,,,
OHARA-FPL51,"Non-dispersable (3-term CD gives n(d)=1.78578 vs catalog 1.496999; not a Sellmeier fit) - archived, never evaluated",,2.2184385,0.0080764899,-8.0553319e-06,-0.0059347504,0.00016581036,3.5839492e-07,OHARA-AGF-2026-05-29,".agf CD coefficients; verify with catalog. term(s) 1,3 carry a non-positive B or C (permitted in multi-pole fits; the n(d) check is authoritative).",,,,,
OHARA-FPL52,"Non-dispersable (3-term CD gives n(d)=1.75398 vs catalog 1.455999; not a Sellmeier fit) - archived, never evaluated",,2.1024886,0.0060469928,-2.987651e-05,-0.0053455182,0.00028496405,1.539752e-06,OHARA-AGF-2026-05-29,".agf CD coefficients; verify with catalog. term(s) 1,3 carry a non-positive B or C (permitted in multi-pole fits; the n(d) check is authoritative).",,,,,
OHARA-FPL53,"Non-dispersable (3-term CD gives n(d)=1.74185 vs catalog 1.43875; not a Sellmeier fit) - archived, never evaluated",,2.0531286,0.0062752442,1.364971e-05,-0.0043190085,-9.8512972e-06,-8.9037944e-07,OHARA-AGF-2026-05-29,".agf CD coefficients; verify with catalog. term(s) 1,2,3 carry a non-positive B or C (permitted in multi-pole fits; the n(d) check is authoritative).",,,,,
OHARA-FSL3,"Non-dispersable (3-term CD gives n(d)=1.75387 vs catalog 1.464499; not a Sellmeier fit) - archived, never evaluated",,2.1205655,0.0090242393,-8.2750398e-07,-0.0089437249,0.00013786285,2.6740448e-08,OHARA-AGF-2026-05-29,".agf CD coefficients; verify with catalog. term(s) 1,3 carry a non-positive B or C (permitted in multi-pole fits; the n(d) check is authoritative).",,,,,
OHARA-FSL5,"Non-dispersable (3-term CD gives n(d)=1.77117 vs catalog 1.48749; not a Sellmeier fit) - archived, never evaluated",,2.189801,0.0081379561,-4.3722026e-05,-0.0098715424,0.00042431698,2.3005833e-06,OHARA-AGF-2026-05-29,".agf CD coefficients; verify with catalog. term(s) 1,3 carry a non-positive B or C (permitted in multi-pole fits; the n(d) check is authoritative).",,,,,
OHARA-FTL8,"Non-dispersable (3-term CD gives n(d)=1.78804 vs catalog 1.511179; not a Sellmeier fit) - archived, never evaluated",,2.2498663,0.010686269,-0.00010138667,-0.010009969,0.00098510593,7.0446543e-06,OHARA-AGF-2026-05-29,".agf CD coefficients; verify with catalog. term(s) 1,3 carry a non-positive B or C (permitted in multi-pole fits; the n(d) check is authoritative).",,,,,
OHARA-FTL10,"Non-dispersable (3-term CD gives n(d)=1.78309 vs catalog 1.501372; not a Sellmeier fit) - archived, never evaluated",,2.222325,0.0109677,-2.746341e-05,-0.008576053,0.0004169366,2.170253e-06,OHARA-AGF-2026-05-29,".agf CD coefficients; verify with catalog. term(s) 1,3 carry a non-positive B or C (permitted in multi-pole fits; the n(d) check is authoritative).",,,,,
OHARA-FTM8,"Non-dispersable (3-term CD gives n(d)=1.80554 vs catalog 1.532565; not a Sellmeier fit) - archived, never evaluated",,2.3063389,0.014148541,-3.542134e-05,-0.009299434,0.00061944948,4.3560988e-06,OHARA-AGF-2026-05-29,".agf CD coefficients; verify with catalog. term(s) 1,3 carry a non-positive B or C (permitted in multi-pole fits; the n(d) check is authoritative).",,,,,
OHARA-FTM16,"Non-dispersable (3-term CD gives n(d)=1.84931 vs catalog 1.592701; not a Sellmeier fit) - archived, never evaluated",,2.4732588,0.019876763,-9.4064852e-05,-0.010524934,0.0013151817,1.0616142e-05,OHARA-AGF-2026-05-29,".agf CD coefficients; verify with catalog. term(s) 1,3 carry a non-positive B or C (permitted in multi-pole fits; the n(d) check is authoritative).",,,,,
OHARA-L-BAL35,"Sellmeier-1 (3-term, Zemax CD record)",,1.1626263,0.325661051,1.35132486,0.0125957437,-0.0032691105,119.214596,OHARA-AGF-2026-05-29,.agf CD coefficients; verify with catalog. term(s) 2 carry a non-positive B or C (permitted in multi-pole fits; the n(d) check is authoritative).,3.0,,,,
OHARA-L-BAL35P,"Sellmeier-1 (3-term, Zemax CD record)",,0.806742194,0.690488648,1.26477947,0.0148836231,0.00251943058,111.31457,OHARA-AGF-2026-05-29,.agf CD coefficients; verify with catalog.,3.0,,,,
OHARA-L-BAL42,"Sellmeier-1 (3-term, Zemax CD record)",,1.39528097,0.072551952,1.66335848,0.011186203,-0.0246748575,167.717958,OHARA-AGF-2026-05-29,.agf CD coefficients; verify with catalog. term(s) 2 carry a non-positive B or C (permitted in multi-pole fits; the n(d) check is authoritative).,3.0,,,,
OHARA-L-BAL42P,"Sellmeier-1 (3-term, Zemax CD record)",,0.881090017,0.595038859,1.22582098,0.0148496655,0.00163577371,125.11372,OHARA-AGF-2026-05-29,.agf CD coefficients; verify with catalog.,3.0,,,,
OHARA-L-BAL43,"Sellmeier-1 (3-term, Zemax CD record)",,1.04745291,0.428452873,1.14111303,0.00563209756,0.0188321416,114.197069,OHARA-AGF-2026-05-29,.agf CD coefficients; verify with catalog.,3.0,,,,
OHARA-L-BBH1,"Sellmeier-1 (3-term, Zemax CD record)",,2.56597628,0.526892298,1.27957402,0.0205164012,0.0831737967,109.78774,OHARA-AGF-2026-05-29,.agf CD coefficients; verify with catalog.,3.0,,,,
OHARA-L-BBH2,"Sellmeier-1 (3-term, Zemax CD record)",,2.53279005,0.583375125,1.5299288,0.0186909889,0.0765409078,112.197368,OHARA-AGF-2026-05-29,.agf CD coefficients; verify with catalog.,3.0,,,,
OHARA-L-BSL7,"Sellmeier-1 (3-term, Zemax CD record)",,0.917473918,0.352687665,1.05579788,0.00527701411,0.0170809497,104.302583,OHARA-AGF-2026-05-29,.agf CD coefficients; verify with catalog.,3.0,,,,
OHARA-L-LAH53,"Sellmeier-1 (3-term, Zemax CD record)",,1.87409991,0.297921402,1.35064285,0.00993318344,0.0405501825,100.5022,OHARA-AGF-2026-05-29,.agf CD coefficients; verify with catalog.,3.0,,,,
OHARA-L-LAH81,"Sellmeier-1 (3-term, Zemax CD record)",,1.89927344,0.270978866,1.33163819,0.0102901828,0.0424227173,100.967566,OHARA-AGF-2026-05-29,.agf CD coefficients; verify with catalog.,3.0,,,,
OHARA-L-LAH83,"Sellmeier-1 (3-term, Zemax CD record)",,1.82331579,0.548625885,1.63182855,0.00911468875,0.032841967,123.611174,OHARA-AGF-2026-05-29,.agf CD coefficients; verify with catalog.,3.0,,,,
OHARA-L-LAH84,"Sellmeier-1 (3-term, Zemax CD record)",,1.83606127,0.341720032,1.35280173,0.00981969903,0.0385636264,107.04553,OHARA-AGF-2026-05-29,.agf CD coefficients; verify with catalog.,3.0,,,,
OHARA-L-LAH85V,"Sellmeier-1 (3-term, Zemax CD record)",,1.97460503,0.361903592,1.38433241,0.0101854258,0.0384829118,103.713627,OHARA-AGF-2026-05-29,.agf CD coefficients; verify with catalog.,3.0,,,,
OHARA-L-LAH84P,"Sellmeier-1 (3-term, Zemax CD record)",,1.83485816,0.355717498,1.37757002,0.009788482,0.03837087,109.71692,OHARA-AGF-2026-05-29,.agf CD coefficients; verify with catalog.,3.0,,,,
OHARA-L-LAH85,"Sellmeier-1 (3-term, Zemax CD record)",,1.97460503,0.361903592,1.38433241,0.0101854258,0.0384829118,103.713627,OHARA-AGF-2026-05-29,.agf CD coefficients; verify with catalog.,3.0,,,,
OHARA-L-LAH86,"Sellmeier-1 (3-term, Zemax CD record)",,2.11102709,0.370368094,1.62687484,0.0120714135,0.0532464416,109.166396,OHARA-AGF-2026-05-29,.agf CD coefficients; verify with catalog.,3.0,,,,
OHARA-L-LAH87,"Sellmeier-1 (3-term, Zemax CD record)",,1.44196269,0.617507311,1.21890079,0.00731826717,0.0245370775,105.976009,OHARA-AGF-2026-05-29,.agf CD coefficients; verify with catalog.,3.0,,,,
OHARA-L-LAH90,"Sellmeier-1 (3-term, Zemax CD record)",,1.97595301,0.283924985,1.35176368,0.0104276395,0.0427708222,101.45371,OHARA-AGF-2026-05-29,.agf CD coefficients; verify with catalog.,3.0,,,,
OHARA-L-LAH91,"Sellmeier-1 (3-term, Zemax CD record)",,1.26144128,0.782115273,1.15823645,0.00572512582,0.0219829752,88.04822,OHARA-AGF-2026-05-29,.agf CD coefficients; verify with catalog.,3.0,,,,
OHARA-L-LAH94,"Sellmeier-1 (3-term, Zemax CD record)",,2.0062142,0.347029888,1.41688382,0.0105499238,0.0445845013,105.99525,OHARA-AGF-2026-05-29,.agf CD coefficients; verify with catalog.,3.0,,,,
OHARA-L-LAL12,"Sellmeier-1 (3-term, Zemax CD record)",,1.28516283,0.478333797,1.21605301,0.00641062082,0.0214815099,100.243378,OHARA-AGF-2026-05-29,.agf CD coefficients; verify with catalog.,3.0,,,,
OHARA-L-LAL13,"Sellmeier-1 (3-term, Zemax CD record)",,1.17776146,0.634591345,1.20435649,0.00557618243,0.0206821469,99.6322776,OHARA-AGF-2026-05-29,.agf CD coefficients; verify with catalog.,3.0,,,,
OHARA-L-LAL15,"Sellmeier-1 (3-term, Zemax CD record)",,1.07959634,0.731872134,1.17111107,0.00470047543,0.0198615758,87.03599,OHARA-AGF-2026-05-29,.agf CD coefficients; verify with catalog.,3.0,,,,
OHARA-L-LAM60,"Sellmeier-1 (3-term, Zemax CD record)",,1.47574184,0.496132743,1.23796236,0.0073695,0.0251891746,98.0306651,OHARA-AGF-2026-05-29,.agf CD coefficients; verify with catalog.,3.0,,,,
OHARA-L-LAM69,"Sellmeier-1 (3-term, Zemax CD record)",,1.7403896,0.176996917,1.76775413,0.010339887,0.0484822765,136.671996,OHARA-AGF-2026-05-29,.agf CD coefficients; verify with catalog.,3.0,,,,
OHARA-L-LAM72,"Sellmeier-1 (3-term, Zemax CD record)",,1.50483297,0.433346414,1.2714921,0.0075034233,0.026900952,95.7631272,OHARA-AGF-2026-05-29,.agf CD coefficients; verify with catalog.,3.0,,,,
OHARA-L-NBH54,"Sellmeier-1 (3-term, Zemax CD record)",,2.00722652,0.442086773,3.37287426,0.0135705124,0.0591808873,219.832665,OHARA-AGF-2026-05-29,.agf CD coefficients; verify with catalog.,3.0,,,,
OHARA-L-PHL1,"Sellmeier-1 (3-term, Zemax CD record)",,1.07570798,0.335020347,0.810997558,0.00591654042,0.0203432769,106.182158,OHARA-AGF-2026-05-29,.agf CD coefficients; verify with catalog.,3.0,,,,
OHARA-L-PHL2,"Sellmeier-1 (3-term, Zemax CD record)",,1.08137176,0.31325766,0.879192863,0.00594210177,0.0198011567,109.893817,OHARA-AGF-2026-05-29,.agf CD coefficients; verify with catalog.,3.0,,,,
OHARA-L-TIH53,"Sellmeier-1 (3-term, Zemax CD record)",,1.83464643,0.415079602,2.82563492,0.0134992001,0.0618608854,201.62917,OHARA-AGF-2026-05-29,.agf CD coefficients; verify with catalog.,3.0,,,,
OHARA-L-TIM28,"Sellmeier-1 (3-term, Zemax CD record)",,1.52780829,0.232776367,1.71638781,0.0114135883,0.0559068566,171.5118,OHARA-AGF-2026-05-29,.agf CD coefficients; verify with catalog.,3.0,,,,
OHARA-L-TIM28P,"Sellmeier-1 (3-term, Zemax CD record)",,1.53013396,0.24536228,1.78233031,0.0114236857,0.0555101852,179.0743,OHARA-AGF-2026-05-29,.agf CD coefficients; verify with catalog.,3.0,,,,
OHARA-LAH51,"Non-dispersable (3-term CD gives n(d)=2.00302 vs catalog 1.785896; not a Sellmeier fit) - archived, never evaluated",,3.110662,0.026457698,-3.3951573e-05,-0.014462677,0.00091877798,3.325784e-06,OHARA-AGF-2026-05-29,".agf CD coefficients; verify with catalog. term(s) 1,3 carry a non-positive B or C (permitted in multi-pole fits; the n(d) check is authoritative).",,,,,
OHARA-LAH52,"Non-dispersable (3-term CD gives n(d)=2.01143 vs catalog 1.799516; not a Sellmeier fit) - archived, never evaluated",,3.153652,0.028741717,-1.0164635e-05,-0.015630638,0.00080868084,2.9615511e-06,OHARA-AGF-2026-05-29,".agf CD coefficients; verify with catalog. term(s) 1,3 carry a non-positive B or C (permitted in multi-pole fits; the n(d) check is authoritative).",,,,,
OHARA-LAH53,"Non-dispersable (3-term CD gives n(d)=2.01797 vs catalog 1.806098; not a Sellmeier fit) - archived, never evaluated",,3.1735908,0.02954021,-2.2979104e-05,-0.014865209,0.00098366596,3.8043975e-06,OHARA-AGF-2026-05-29,".agf CD coefficients; verify with catalog. term(s) 1,3 carry a non-positive B or C (permitted in multi-pole fits; the n(d) check is authoritative).",,,,,
OHARA-LAH54,"Non-dispersable (3-term CD gives n(d)=2.02594 vs catalog 1.815543; not a Sellmeier fit) - archived, never evaluated",,3.2126997,0.028440374,-1.7032771e-05,-0.01535137,0.00079180171,2.6219094e-06,OHARA-AGF-2026-05-29,".agf CD coefficients; verify with catalog. term(s) 1,3 carry a non-positive B or C (permitted in multi-pole fits; the n(d) check is authoritative).",,,,,
OHARA-LAH55,"Non-dispersable (3-term CD gives n(d)=2.04153 vs catalog 1.834807; not a Sellmeier fit) - archived, never evaluated",,3.2764855,0.030415926,-1.718301e-05,-0.015309073,0.00088670657,2.7050718e-06,OHARA-AGF-2026-05-29,".agf CD coefficients; verify with catalog. term(s) 1,3 carry a non-positive B or C (permitted in multi-pole fits; the n(d) check is authoritative).",,,,,
OHARA-LAH58,"Non-dispersable (3-term CD gives n(d)=2.08329 vs catalog 1.882997; not a Sellmeier fit) - archived, never evaluated",,3.4415721,0.03473123,-1.6386952e-05,-0.014237538,0.0010264409,2.8714098e-06,OHARA-AGF-2026-05-29,".agf CD coefficients; verify with catalog. term(s) 1,3 carry a non-positive B or C (permitted in multi-pole fits; the n(d) check is authoritative).",,,,,
OHARA-LAH59,"Non-dispersable (3-term CD gives n(d)=2.02907 vs catalog 1.816; not a Sellmeier fit) - archived, never evaluated",,3.2178118,0.027199504,-2.3850632e-05,-0.014296789,0.00079036567,2.0013066e-06,OHARA-AGF-2026-05-29,".agf CD coefficients; verify with catalog. term(s) 1,3 carry a non-positive B or C (permitted in multi-pole fits; the n(d) check is authoritative).",,,,,
OHARA-LAH60,"Non-dispersable (3-term CD gives n(d)=2.03863 vs catalog 1.834; not a Sellmeier fit) - archived, never evaluated",,3.2618526,0.033152898,-5.5295605e-05,-0.015375794,0.0014090033,7.1360367e-06,OHARA-AGF-2026-05-29,".agf CD coefficients; verify with catalog. term(s) 1,3 carry a non-positive B or C (permitted in multi-pole fits; the n(d) check is authoritative).",,,,,
OHARA-LAH63,"Non-dispersable (3-term CD gives n(d)=2.01631 vs catalog 1.804398; not a Sellmeier fit) - archived, never evaluated",,3.1647389,0.030279435,-2.4957393e-05,-0.014742454,0.0010475442,4.4251949e-06,OHARA-AGF-2026-05-29,".agf CD coefficients; verify with catalog. term(s) 1,3 carry a non-positive B or C (permitted in multi-pole fits; the n(d) check is authoritative).",,,,,
OHARA-LAH64,"Non-dispersable (3-term CD gives n(d)=2.00427 vs catalog 1.788001; not a Sellmeier fit) - archived, never evaluated",,3.122744,0.025766499,6.0710815e-06,-0.015173059,0.00055121032,4.8871364e-07,OHARA-AGF-2026-05-29,.agf CD coefficients; verify with catalog. term(s) 1 carry a non-positive B or C (permitted in multi-pole fits; the n(d) check is authoritative).,,,,,
OHARA-LAH65,"Non-dispersable (3-term CD gives n(d)=2.01698 vs catalog 1.804; not a Sellmeier fit) - archived, never evaluated",,3.1767027,0.026690666,-1.5485093e-05,-0.015350032,0.00070784089,1.9530666e-06,OHARA-AGF-2026-05-29,".agf CD coefficients; verify with catalog. term(s) 1,3 carry a non-positive B or C (permitted in multi-pole fits; the n(d) check is authoritative).",,,,,
OHARA-LAH66,"Non-dispersable (3-term CD gives n(d)=1.99218 vs catalog 1.772499; not a Sellmeier fit) - archived, never evaluated",,3.0731081,0.023933518,-1.0082346e-05,-0.015043205,0.00055696651,1.1873265e-06,OHARA-AGF-2026-05-29,".agf CD coefficients; verify with catalog. term(s) 1,3 carry a non-positive B or C (permitted in multi-pole fits; the n(d) check is authoritative).",,,,,
OHARA-LAH67,"Non-dispersable (3-term CD gives n(d)=2.00879 vs catalog 1.794997; not a Sellmeier fit) - archived, never evaluated",,3.1439609,0.026648169,-1.9462248e-05,-0.015541721,0.00077813143,2.4668548e-06,OHARA-AGF-2026-05-29,".agf CD coefficients; verify with catalog. term(s) 1,3 carry a non-positive B or C (permitted in multi-pole fits; the n(d) check is authoritative).",,,,,
OHARA-LAH71,"Non-dispersable (3-term CD gives n(d)=2.05270 vs catalog 1.850259; not a Sellmeier fit) - archived, never evaluated",,3.3034137,0.037625274,-0.00011821055,-0.013868754,0.0021067685,1.4781395e-05,OHARA-AGF-2026-05-29,".agf CD coefficients; verify with catalog. term(s) 1,3 carry a non-positive B or C (permitted in multi-pole fits; the n(d) check is authoritative).",,,,,
OHARA-LAH75,"Non-dispersable (3-term CD gives n(d)=2.07008 vs catalog 1.873996; not a Sellmeier fit) - archived, never evaluated",,3.3972115,0.036818916,-8.4041673e-05,-0.015825501,0.0017596445,1.0522807e-05,OHARA-AGF-2026-05-29,".agf CD coefficients; verify with catalog. term(s) 1,3 carry a non-positive B or C (permitted in multi-pole fits; the n(d) check is authoritative).",,,,,
OHARA-LAH78,"Sellmeier-1 (3-term, Zemax CD record)",,2.08122726,0.398632407,2.21679491,0.011190641,0.0521753272,141.893166,OHARA-AGF-2026-05-29,.agf CD coefficients; verify with catalog.,3.0,,,,
OHARA-LAH80,"Sellmeier-1 (3-term, Zemax CD record)",,2.06636247,0.349315832,1.91746463,0.0122133846,0.0555959908,125.47362,OHARA-AGF-2026-05-29,.agf CD coefficients; verify with catalog.,3.0,,,,
OHARA-LAL7,"Non-dispersable (3-term CD gives n(d)=1.89912 vs catalog 1.651597; not a Sellmeier fit) - archived, never evaluated",,2.6833808,0.015614129,-2.7935643e-05,-0.012303485,0.00047439815,1.5441332e-06,OHARA-AGF-2026-05-29,".agf CD coefficients; verify with catalog. term(s) 1,3 carry a non-positive B or C (permitted in multi-pole fits; the n(d) check is authoritative).",,,,,
OHARA-LAL8,"Non-dispersable (3-term CD gives n(d)=1.94466 vs catalog 1.712995; not a Sellmeier fit) - archived, never evaluated",,2.8795551,0.019128502,-3.5439045e-05,-0.01462241,0.00061342737,2.1550362e-06,OHARA-AGF-2026-05-29,".agf CD coefficients; verify with catalog. term(s) 1,3 carry a non-positive B or C (permitted in multi-pole fits; the n(d) check is authoritative).",,,,,
OHARA-LAL9,"Non-dispersable (3-term CD gives n(d)=1.92922 vs catalog 1.691002; not a Sellmeier fit) - archived, never evaluated",,2.8062228,0.019370701,2.596583e-05,-0.01325307,0.00013885534,-9.3551589e-07,OHARA-AGF-2026-05-29,".agf CD coefficients; verify with catalog. term(s) 1,3 carry a non-positive B or C (permitted in multi-pole fits; the n(d) check is authoritative).",,,,,
OHARA-LAL10,"Non-dispersable (3-term CD gives n(d)=1.95418 vs catalog 1.719995; not a Sellmeier fit) - archived, never evaluated",,2.8967406,0.021099546,-2.8901915e-05,-0.01222188,0.00063090904,2.1652922e-06,OHARA-AGF-2026-05-29,".agf CD coefficients; verify with catalog. term(s) 1,3 carry a non-positive B or C (permitted in multi-pole fits; the n(d) check is authoritative).",,,,,
OHARA-LAL11,"Non-dispersable (3-term CD gives n(d)=1.90544 vs catalog 1.658296; not a Sellmeier fit) - archived, never evaluated",,2.7037498,0.0158996,-4.6676845e-05,-0.011741892,0.00061265364,2.6544952e-06,OHARA-AGF-2026-05-29,".agf CD coefficients; verify with catalog. term(s) 1,3 carry a non-positive B or C (permitted in multi-pole fits; the n(d) check is authoritative).",,,,,
OHARA-LAL12,"Non-dispersable (3-term CD gives n(d)=1.92660 vs catalog 1.6779; not a Sellmeier fit) - archived, never evaluated",,2.7589457,0.021173055,9.6870749e-05,-0.0087787656,-0.00047262367,-4.0576545e-06,OHARA-AGF-2026-05-29,".agf CD coefficients; verify with catalog. term(s) 1,2,3 carry a non-positive B or C (permitted in multi-pole fits; the n(d) check is authoritative).",,,,,
OHARA-LAL13,"Non-dispersable (3-term CD gives n(d)=1.93028 vs catalog 1.693501; not a Sellmeier fit) - archived, never evaluated",,2.814252,0.018724991,-2.852714e-05,-0.013645728,0.00056380326,1.8227195e-06,OHARA-AGF-2026-05-29,".agf CD coefficients; verify with catalog. term(s) 1,3 carry a non-positive B or C (permitted in multi-pole fits; the n(d) check is authoritative).",,,,,
OHARA-LAL14,"Non-dispersable (3-term CD gives n(d)=1.93172 vs catalog 1.696796; not a Sellmeier fit) - archived, never evaluated",,2.8274666,0.018525487,-7.1291749e-06,-0.014568462,0.0003748582,6.7781934e-07,OHARA-AGF-2026-05-29,".agf CD coefficients; verify with catalog. term(s) 1,3 carry a non-positive B or C (permitted in multi-pole fits; the n(d) check is authoritative).",,,,,
OHARA-LAL18,"Non-dispersable (3-term CD gives n(d)=1.95703 vs catalog 1.729157; not a Sellmeier fit) - archived, never evaluated",,2.934239,0.01968169,-1.9855288e-05,-0.015232638,0.00052343197,1.1787472e-06,OHARA-AGF-2026-05-29,".agf CD coefficients; verify with catalog. term(s) 1,3 carry a non-positive B or C (permitted in multi-pole fits; the n(d) check is authoritative).",,,,,
OHARA-LAL52,"Non-dispersable (3-term CD gives n(d)=1.91331 vs catalog 1.669999; not a Sellmeier fit) - archived, never evaluated",,2.7418702,0.016306977,-4.8242632e-05,-0.012719153,0.00061414226,2.8875864e-06,OHARA-AGF-2026-05-29,".agf CD coefficients; verify with catalog. term(s) 1,3 carry a non-positive B or C (permitted in multi-pole fits; the n(d) check is authoritative).",,,,,
OHARA-LAL54,"Non-dispersable (3-term CD gives n(d)=1.90035 vs catalog 1.650996; not a Sellmeier fit) - archived, never evaluated",,2.6786604,0.016391023,-2.4508283e-05,-0.011137943,0.00047317724,1.7003664e-06,OHARA-AGF-2026-05-29,".agf CD coefficients; verify with catalog. term(s) 1,3 carry a non-positive B or C (permitted in multi-pole fits; the n(d) check is authoritative).",,,,,
OHARA-LAL56,"Non-dispersable (3-term CD gives n(d)=1.92241 vs catalog 1.677898; not a Sellmeier fit) - archived, never evaluated",,2.7596566,0.018646689,-5.3585332e-05,-0.010659546,0.00076127484,3.7820929e-06,OHARA-AGF-2026-05-29,".agf CD coefficients; verify with catalog. term(s) 1,3 carry a non-positive B or C (permitted in multi-pole fits; the n(d) check is authoritative).",,,,,
OHARA-LAL58,"Sellmeier-1 (3-term, Zemax CD record)",,1.53415,0.2744946,1.210527,0.008014497,0.03023701,118.7442,OHARA-AGF-2026-05-29,.agf CD coefficients; verify with catalog.,3.0,,,,
OHARA-LAL59,"Non-dispersable (3-term CD gives n(d)=1.96116 vs catalog 1.733997; not a Sellmeier fit) - archived, never evaluated",,2.9466133,0.020753291,-4.178079e-05,-0.014813612,0.00071087608,2.5896668e-06,OHARA-AGF-2026-05-29,".agf CD coefficients; verify with catalog. term(s) 1,3 carry a non-positive B or C (permitted in multi-pole fits; the n(d) check is authoritative).",,,,,
OHARA-LAL60,"Non-dispersable (3-term CD gives n(d)=1.95414 vs catalog 1.725999; not a Sellmeier fit) - archived, never evaluated",,2.9223334,0.020070735,-1.5326299e-05,-0.015268924,0.00049690538,1.0772354e-06,OHARA-AGF-2026-05-29,".agf CD coefficients; verify with catalog. term(s) 1,3 carry a non-positive B or C (permitted in multi-pole fits; the n(d) check is authoritative).",,,,,
OHARA-LAL61,"Non-dispersable (3-term CD gives n(d)=1.96674 vs catalog 1.740999; not a Sellmeier fit) - archived, never evaluated",,2.9706808,0.021490548,4.1252602e-06,-0.015058733,0.00038566151,1.0912892e-07,OHARA-AGF-2026-05-29,.agf CD coefficients; verify with catalog. term(s) 1 carry a non-positive B or C (permitted in multi-pole fits; the n(d) check is authoritative).,,,,,
OHARA-LAM2,"Non-dispersable (3-term CD gives n(d)=1.97450 vs catalog 1.743997; not a Sellmeier fit) - archived, never evaluated",,2.967968,0.024812309,-1.0278339e-05,-0.011312544,0.00067776202,2.1968703e-06,OHARA-AGF-2026-05-29,".agf CD coefficients; verify with catalog. term(s) 1,3 carry a non-positive B or C (permitted in multi-pole fits; the n(d) check is authoritative).",,,,,
OHARA-LAM3,"Non-dispersable (3-term CD gives n(d)=1.95424 vs catalog 1.717004; not a Sellmeier fit) - archived, never evaluated",,2.8826295,0.022303134,-1.1488225e-05,-0.01060676,0.00055786284,1.8527798e-06,OHARA-AGF-2026-05-29,".agf CD coefficients; verify with catalog. term(s) 1,3 carry a non-positive B or C (permitted in multi-pole fits; the n(d) check is authoritative).",,,,,
OHARA-LAM7,"Sellmeier-1 (3-term, Zemax CD record)",,1.734192,0.2314896,1.517096,0.01110755,0.05153277,163.4134,OHARA-AGF-2026-05-29,.agf CD coefficients; verify with catalog.,3.0,,,,
OHARA-LAM51,"Non-dispersable (3-term CD gives n(d)=1.93668 vs catalog 1.699998; not a Sellmeier fit) - archived, never evaluated",,2.830675,0.01928173,-8.838415e-05,-0.01254193,0.00113639,5.822869e-06,OHARA-AGF-2026-05-29,".agf CD coefficients; verify with catalog. term(s) 1,3 carry a non-positive B or C (permitted in multi-pole fits; the n(d) check is authoritative).",,,,,
OHARA-LAM52,"Non-dispersable (3-term CD gives n(d)=1.95433 vs catalog 1.72; not a Sellmeier fit) - archived, never evaluated",,2.888081,0.02306135,-5.630208e-05,-0.01133043,0.001004485,5.248466e-06,OHARA-AGF-2026-05-29,".agf CD coefficients; verify with catalog. term(s) 1,3 carry a non-positive B or C (permitted in multi-pole fits; the n(d) check is authoritative).",,,,,
OHARA-LAM54,"Non-dispersable (3-term CD gives n(d)=1.97755 vs catalog 1.756998; not a Sellmeier fit) - archived, never evaluated",,3.019994,0.022691302,-5.6267103e-05,-0.015777485,0.00093505681,4.0846095e-06,OHARA-AGF-2026-05-29,".agf CD coefficients; verify with catalog. term(s) 1,3 carry a non-positive B or C (permitted in multi-pole fits; the n(d) check is authoritative).",,,,,
OHARA-LAM55,"Non-dispersable (3-term CD gives n(d)=1.98609 vs catalog 1.762001; not a Sellmeier fit) - archived, never evaluated",,3.0211799,0.027355503,-5.0726902e-05,-0.012311284,0.0011031515,6.4572101e-06,OHARA-AGF-2026-05-29,".agf CD coefficients; verify with catalog. term(s) 1,3 carry a non-positive B or C (permitted in multi-pole fits; the n(d) check is authoritative).",,,,,
OHARA-LAM58,"Sellmeier-1 (3-term, Zemax CD record)",,1.704423,0.1778568,1.425726,0.01024939,0.04576819,153.5267,OHARA-AGF-2026-05-29,.agf CD coefficients; verify with catalog.,3.0,,,,
OHARA-LAM59,"Sellmeier-1 (3-term, Zemax CD record)",,1.626945,0.1906681,1.281079,0.008757497,0.03779724,123.7784,OHARA-AGF-2026-05-29,.agf CD coefficients; verify with catalog.,3.0,,,,
OHARA-LAM60,"Non-dispersable (3-term CD gives n(d)=1.96813 vs catalog 1.743198; not a Sellmeier fit) - archived, never evaluated",,2.9745038,0.022058854,-4.2104743e-05,-0.014898498,0.0007492073,3.1048673e-06,OHARA-AGF-2026-05-29,".agf CD coefficients; verify with catalog. term(s) 1,3 carry a non-positive B or C (permitted in multi-pole fits; the n(d) check is authoritative).",,,,,
OHARA-LAM61,"Sellmeier-1 (3-term, Zemax CD record)",,1.706024,0.182716,1.204833,0.009579771,0.04044097,127.571,OHARA-AGF-2026-05-29,.agf CD coefficients; verify with catalog.,3.0,,,,
OHARA-LAM66,"Non-dispersable (3-term CD gives n(d)=2.00988 vs catalog 1.800999; not a Sellmeier fit) - archived, never evaluated",,3.1437117,0.031893839,-9.6995128e-05,-0.015620045,0.0017196133,1.1680925e-05,OHARA-AGF-2026-05-29,".agf CD coefficients; verify with catalog. term(s) 1,3 carry a non-positive B or C (permitted in multi-pole fits; the n(d) check is authoritative).",,,,,
OHARA-NSL2,"Non-dispersable (3-term CD gives n(d)=1.79503 vs catalog 1.516016; not a Sellmeier fit) - archived, never evaluated",,2.264123,0.01223501,3.353212e-07,-0.008475121,0.0001944071,3.831994e-07,OHARA-AGF-2026-05-29,.agf CD coefficients; verify with catalog. term(s) 1 carry a non-positive B or C (permitted in multi-pole fits; the n(d) check is authoritative).,,,,,
OHARA-NSL3,"Non-dispersable (3-term CD gives n(d)=1.79919 vs catalog 1.518229; not a Sellmeier fit) - archived, never evaluated",,2.269695,0.01337006,6.605453e-05,-0.007150002,-0.0002761508,-3.180633e-06,OHARA-AGF-2026-05-29,".agf CD coefficients; verify with catalog. term(s) 1,2,3 carry a non-positive B or C (permitted in multi-pole fits; the n(d) check is authoritative).",,,,,
OHARA-NSL5,"Non-dispersable (3-term CD gives n(d)=1.80116 vs catalog 1.522494; not a Sellmeier fit) - archived, never evaluated",,2.284302,0.01240948,2.86937e-05,-0.008132863,-7.446766e-06,-1.237616e-06,OHARA-AGF-2026-05-29,".agf CD coefficients; verify with catalog. term(s) 1,2,3 carry a non-positive B or C (permitted in multi-pole fits; the n(d) check is authoritative).",,,,,
OHARA-NSL7,"Non-dispersable (3-term CD gives n(d)=1.79128 vs catalog 1.511121; not a Sellmeier fit) - archived, never evaluated",,2.2524157,0.011155352,-2.6893015e-07,-0.008626195,0.00020721565,3.8724966e-08,OHARA-AGF-2026-05-29,".agf CD coefficients; verify with catalog. term(s) 1,3 carry a non-positive B or C (permitted in multi-pole fits; the n(d) check is authoritative).",,,,,
OHARA-NSL33,"Non-dispersable (3-term CD gives n(d)=1.79437 vs catalog 1.514536; not a Sellmeier fit) - archived, never evaluated",,2.2582399,0.012575688,1.0685962e-06,-0.0079875836,0.00022130477,3.9764383e-07,OHARA-AGF-2026-05-29,.agf CD coefficients; verify with catalog. term(s) 1 carry a non-positive B or C (permitted in multi-pole fits; the n(d) check is authoritative).,,,,,
OHARA-NSL36,"Non-dispersable (3-term CD gives n(d)=1.79496 vs catalog 1.517417; not a Sellmeier fit) - archived, never evaluated",,2.266208,0.01260385,-1.385868e-05,-0.008895249,0.0003758541,1.28332e-06,OHARA-AGF-2026-05-29,".agf CD coefficients; verify with catalog. term(s) 1,3 carry a non-positive B or C (permitted in multi-pole fits; the n(d) check is authoritative).",,,,,
OHARA-PBH1,"Sellmeier-1 (3-term, Zemax CD record)",,1.55408138,0.289397861,1.06727944,0.0120146818,0.0532883208,122.863029,OHARA-AGF-2026-05-29,.agf CD coefficients; verify with catalog.,3.0,,,,
OHARA-PBH3,"Sellmeier-1 (3-term, Zemax CD record)",,1.59470208,0.317791814,1.29219485,0.0122277091,0.0544975824,147.63368,OHARA-AGF-2026-05-29,.agf CD coefficients; verify with catalog.,3.0,,,,
OHARA-PBH3W,"Non-dispersable (3-term CD gives n(d)=1.96653 vs catalog 1.739998; not a Sellmeier fit) - archived, never evaluated",,2.9157717,0.03409894,-0.00012386955,-0.0100817,0.0021965014,1.5766843e-05,OHARA-AGF-2026-05-29,".agf CD coefficients; verify with catalog. term(s) 1,3 carry a non-positive B or C (permitted in multi-pole fits; the n(d) check is authoritative).",,,,,
OHARA-PBH4,"Non-dispersable (3-term CD gives n(d)=1.97897 vs catalog 1.755199; not a Sellmeier fit) - archived, never evaluated",,2.961379,0.036779565,-9.3348652e-05,-0.0098262329,0.0020712902,1.5491439e-05,OHARA-AGF-2026-05-29,".agf CD coefficients; verify with catalog. term(s) 1,3 carry a non-positive B or C (permitted in multi-pole fits; the n(d) check is authoritative).",,,,,
OHARA-PBH4W,"Non-dispersable (3-term CD gives n(d)=1.97897 vs catalog 1.755199; not a Sellmeier fit) - archived, never evaluated",,2.961379,0.036779565,-9.3348652e-05,-0.0098262329,0.0020712902,1.5491439e-05,OHARA-AGF-2026-05-29,".agf CD coefficients; verify with catalog. term(s) 1,3 carry a non-positive B or C (permitted in multi-pole fits; the n(d) check is authoritative).",,,,,
OHARA-PBH6,"Non-dispersable (3-term CD gives n(d)=2.01558 vs catalog 1.805177; not a Sellmeier fit) - archived, never evaluated",,3.120642,0.040543249,-0.00024180036,-0.011286328,0.0033876996,2.7440285e-05,OHARA-AGF-2026-05-29,".agf CD coefficients; verify with catalog. term(s) 1,3 carry a non-positive B or C (permitted in multi-pole fits; the n(d) check is authoritative).",,,,,
OHARA-PBH6W,"Non-dispersable (3-term CD gives n(d)=2.01558 vs catalog 1.805177; not a Sellmeier fit) - archived, never evaluated",,3.120642,0.040543249,-0.00024180036,-0.011286328,0.0033876996,2.7440285e-05,OHARA-AGF-2026-05-29,".agf CD coefficients; verify with catalog. term(s) 1,3 carry a non-positive B or C (permitted in multi-pole fits; the n(d) check is authoritative).",,,,,
OHARA-PBH10,"Non-dispersable (3-term CD gives n(d)=1.95676 vs catalog 1.728249; not a Sellmeier fit) - archived, never evaluated",,2.8778739,0.033846634,-7.8721902e-05,-0.010244063,0.0018336135,1.4142908e-05,OHARA-AGF-2026-05-29,".agf CD coefficients; verify with catalog. term(s) 1,3 carry a non-positive B or C (permitted in multi-pole fits; the n(d) check is authoritative).",,,,,
OHARA-PBH11,"Non-dispersable (3-term CD gives n(d)=2.00019 vs catalog 1.784718; not a Sellmeier fit) - archived, never evaluated",,3.0523317,0.040026761,-0.00016825655,-0.010699896,0.0027411266,2.453957e-05,OHARA-AGF-2026-05-29,".agf CD coefficients; verify with catalog. term(s) 1,3 carry a non-positive B or C (permitted in multi-pole fits; the n(d) check is authoritative).",,,,,
OHARA-PBH11W,"Non-dispersable (3-term CD gives n(d)=2.00019 vs catalog 1.784718; not a Sellmeier fit) - archived, never evaluated",,3.0523317,0.040026761,-0.00016825655,-0.010699896,0.0027411266,2.453957e-05,OHARA-AGF-2026-05-29,".agf CD coefficients; verify with catalog. term(s) 1,3 carry a non-positive B or C (permitted in multi-pole fits; the n(d) check is authoritative).",,,,,
OHARA-PBH13,"Non-dispersable (3-term CD gives n(d)=1.96674 vs catalog 1.740769; not a Sellmeier fit) - archived, never evaluated",,2.9161406,0.035077729,-0.00011077712,-0.010147718,0.0020869984,1.7236453e-05,OHARA-AGF-2026-05-29,".agf CD coefficients; verify with catalog. term(s) 1,3 carry a non-positive B or C (permitted in multi-pole fits; the n(d) check is authoritative).",,,,,
OHARA-PBH13W,"Non-dispersable (3-term CD gives n(d)=1.96674 vs catalog 1.740769; not a Sellmeier fit) - archived, never evaluated",,2.9161406,0.035077729,-0.00011077712,-0.010147718,0.0020869984,1.7236453e-05,OHARA-AGF-2026-05-29,".agf CD coefficients; verify with catalog. term(s) 1,3 carry a non-positive B or C (permitted in multi-pole fits; the n(d) check is authoritative).",,,,,
OHARA-PBH14,"Non-dispersable (3-term CD gives n(d)=1.97956 vs catalog 1.761819; not a Sellmeier fit) - archived, never evaluated",,2.9836628,0.035225183,-0.000253238,-0.012013213,0.0031766736,2.7797101e-05,OHARA-AGF-2026-05-29,".agf CD coefficients; verify with catalog. term(s) 1,3 carry a non-positive B or C (permitted in multi-pole fits; the n(d) check is authoritative).",,,,,
OHARA-PBH14W,"Non-dispersable (3-term CD gives n(d)=1.97956 vs catalog 1.761819; not a Sellmeier fit) - archived, never evaluated",,2.9836628,0.035225183,-0.000253238,-0.012013213,0.0031766736,2.7797101e-05,OHARA-AGF-2026-05-29,".agf CD coefficients; verify with catalog. term(s) 1,3 carry a non-positive B or C (permitted in multi-pole fits; the n(d) check is authoritative).",,,,,
OHARA-PBH18,"Non-dispersable (3-term CD gives n(d)=1.95173 vs catalog 1.721506; not a Sellmeier fit) - archived, never evaluated",,2.8593245,0.031973162,-0.00011399314,-0.010210027,0.0020206869,1.4012932e-05,OHARA-AGF-2026-05-29,".agf CD coefficients; verify with catalog. term(s) 1,3 carry a non-positive B or C (permitted in multi-pole fits; the n(d) check is authoritative).",,,,,
OHARA-PBH21,"Non-dispersable (3-term CD gives n(d)=2.10649 vs catalog 1.922861; not a Sellmeier fit) - archived, never evaluated",,3.494462,0.05819278,-0.0003667622,-0.01184144,0.00520064,5.308036e-05,OHARA-AGF-2026-05-29,".agf CD coefficients; verify with catalog. term(s) 1,3 carry a non-positive B or C (permitted in multi-pole fits; the n(d) check is authoritative).",,,,,
OHARA-PBH23,"Non-dispersable (3-term CD gives n(d)=2.00021 vs catalog 1.784702; not a Sellmeier fit) - archived, never evaluated",,3.0554324,0.038522891,-0.0002129474,-0.010867434,0.0030173971,2.4864803e-05,OHARA-AGF-2026-05-29,".agf CD coefficients; verify with catalog. term(s) 1,3 carry a non-positive B or C (permitted in multi-pole fits; the n(d) check is authoritative).",,,,,
OHARA-PBH23W,"Non-dispersable (3-term CD gives n(d)=2.00021 vs catalog 1.784702; not a Sellmeier fit) - archived, never evaluated",,3.0554324,0.038522891,-0.0002129474,-0.010867434,0.0030173971,2.4864803e-05,OHARA-AGF-2026-05-29,".agf CD coefficients; verify with catalog. term(s) 1,3 carry a non-positive B or C (permitted in multi-pole fits; the n(d) check is authoritative).",,,,,
OHARA-PBH25,"Non-dispersable (3-term CD gives n(d)=1.98292 vs catalog 1.761797; not a Sellmeier fit) - archived, never evaluated",,2.9830277,0.036346467,-0.00017513176,-0.010435952,0.0026194115,2.1325099e-05,OHARA-AGF-2026-05-29,".agf CD coefficients; verify with catalog. term(s) 1,3 carry a non-positive B or C (permitted in multi-pole fits; the n(d) check is authoritative).",,,,,
OHARA-PBH25W,"Non-dispersable (3-term CD gives n(d)=1.98292 vs catalog 1.761797; not a Sellmeier fit) - archived, never evaluated",,2.983028,0.03634647,-0.0001751318,-0.01043595,0.002619412,2.13251e-05,OHARA-AGF-2026-05-29,".agf CD coefficients; verify with catalog. term(s) 1,3 carry a non-positive B or C (permitted in multi-pole fits; the n(d) check is authoritative).",,,,,
OHARA-PBH53,"Non-dispersable (3-term CD gives n(d)=2.05002 vs catalog 1.846658; not a Sellmeier fit) - archived, never evaluated",,3.2498918,0.048000686,-0.00015447369,-0.010466366,0.0031859922,2.6258671e-05,OHARA-AGF-2026-05-29,".agf CD coefficients; verify with catalog. term(s) 1,3 carry a non-positive B or C (permitted in multi-pole fits; the n(d) check is authoritative).",,,,,
OHARA-PBH53W,"Non-dispersable (3-term CD gives n(d)=2.05002 vs catalog 1.846658; not a Sellmeier fit) - archived, never evaluated",,3.2498918,0.048000686,-0.00015447369,-0.010466366,0.0031859922,2.6258671e-05,OHARA-AGF-2026-05-29,".agf CD coefficients; verify with catalog. term(s) 1,3 carry a non-positive B or C (permitted in multi-pole fits; the n(d) check is authoritative).",,,,,
OHARA-PBH55,"Sellmeier-1 (3-term, Zemax CD record)",,1.81022611,0.447772917,1.12017569,0.013972897,0.0582195245,120.984115,OHARA-AGF-2026-05-29,.agf CD coefficients; verify with catalog.,3.0,,,,
OHARA-PBH56,"Sellmeier-1 (3-term, Zemax CD record)",,1.78552677,0.446684871,1.21749317,0.0136046011,0.0570875152,129.967536,OHARA-AGF-2026-05-29,.agf CD coefficients; verify with catalog.,3.0,,,,
OHARA-PBH71,"Sellmeier-1 (3-term, Zemax CD record)",,1.97039844,0.520330498,1.30696186,0.0155780448,0.0632642123,142.045097,OHARA-AGF-2026-05-29,.agf CD coefficients; verify with catalog.,3.0,,,,
OHARA-PBH72,"Non-dispersable (3-term CD gives n(d)=2.10302 vs catalog 1.915356; not a Sellmeier fit) - archived, never evaluated",,3.4684938,0.058252246,-0.0003034305,-0.010731638,0.0046536748,4.8216298e-05,OHARA-AGF-2026-05-29,".agf CD coefficients; verify with catalog. term(s) 1,3 carry a non-positive B or C (permitted in multi-pole fits; the n(d) check is authoritative).",,,,,
OHARA-PBL1,"Non-dispersable (3-term CD gives n(d)=1.82076 vs catalog 1.548141; not a Sellmeier fit) - archived, never evaluated",,2.3489663,0.016684762,2.5194777e-05,-0.0075869873,0.00017147637,1.8523864e-07,OHARA-AGF-2026-05-29,.agf CD coefficients; verify with catalog. term(s) 1 carry a non-positive B or C (permitted in multi-pole fits; the n(d) check is authoritative).,,,,,
OHARA-PBL1Y,"Sellmeier-1 (3-term, Zemax CD record)",,1.24772961,0.101954909,0.350479619,0.00926606623,0.0451754311,45.0186705,OHARA-AGF-2026-05-29,.agf CD coefficients; verify with catalog.,3.0,,,,
OHARA-PBL2,"Non-dispersable (3-term CD gives n(d)=1.81348 vs catalog 1.54072; not a Sellmeier fit) - archived, never evaluated",,2.3302166,0.014788612,-1.9221577e-05,-0.0085474969,0.00048017066,2.1710005e-06,OHARA-AGF-2026-05-29,".agf CD coefficients; verify with catalog. term(s) 1,3 carry a non-positive B or C (permitted in multi-pole fits; the n(d) check is authoritative).",,,,,
OHARA-PBL6,"Non-dispersable (3-term CD gives n(d)=1.80800 vs catalog 1.531717; not a Sellmeier fit) - archived, never evaluated",,2.3036685,0.014811205,4.8392964e-06,-0.0076028355,0.00024182527,8.9395406e-07,OHARA-AGF-2026-05-29,.agf CD coefficients; verify with catalog. term(s) 1 carry a non-positive B or C (permitted in multi-pole fits; the n(d) check is authoritative).,,,,,
OHARA-PBL6Y,"Sellmeier-1 (3-term, Zemax CD record)",,1.22310794,0.0811217929,0.321400939,0.00897805333,0.0445756957,40.5962247,OHARA-AGF-2026-05-29,.agf CD coefficients; verify with catalog.,3.0,,,,
OHARA-PBL7,"Non-dispersable (3-term CD gives n(d)=1.81900 vs catalog 1.548689; not a Sellmeier fit) - archived, never evaluated",,2.3529256,0.015048987,-4.7518872e-05,-0.0089081938,0.00070028858,3.8995587e-06,OHARA-AGF-2026-05-29,".agf CD coefficients; verify with catalog. term(s) 1,3 carry a non-positive B or C (permitted in multi-pole fits; the n(d) check is authoritative).",,,,,
OHARA-PBL21,"Non-dispersable (3-term CD gives n(d)=1.83716 vs catalog 1.573092; not a Sellmeier fit) - archived, never evaluated",,2.4238569,0.016206639,-7.2683761e-05,-0.0094940065,0.0010105149,5.4198492e-06,OHARA-AGF-2026-05-29,".agf CD coefficients; verify with catalog. term(s) 1,3 carry a non-positive B or C (permitted in multi-pole fits; the n(d) check is authoritative).",,,,,
OHARA-PBL22,"Non-dispersable (3-term CD gives n(d)=1.85301 vs catalog 1.589206; not a Sellmeier fit) - archived, never evaluated",,2.466622,0.02016524,3.0879156e-05,-0.0076071728,0.00028279173,6.6471743e-07,OHARA-AGF-2026-05-29,.agf CD coefficients; verify with catalog. term(s) 1 carry a non-positive B or C (permitted in multi-pole fits; the n(d) check is authoritative).,,,,,
OHARA-PBL25,"Non-dispersable (3-term CD gives n(d)=1.84302 vs catalog 1.581439; not a Sellmeier fit) - archived, never evaluated",,2.4465509,0.01753112,-5.4837761e-05,-0.0097768464,0.00095250889,4.7303899e-06,OHARA-AGF-2026-05-29,".agf CD coefficients; verify with catalog. term(s) 1,3 carry a non-positive B or C (permitted in multi-pole fits; the n(d) check is authoritative).",,,,,
OHARA-PBL25Y,"Sellmeier-1 (3-term, Zemax CD record)",,1.31960626,0.123752633,0.210055351,0.0101863415,0.0483593508,27.3272029,OHARA-AGF-2026-05-29,.agf CD coefficients; verify with catalog.,3.0,,,,
OHARA-PBL26,"Sellmeier-1 (3-term, Zemax CD record)",,1.23494993,0.169136142,1.09067013,0.00862847509,0.0422686058,132.796906,OHARA-AGF-2026-05-29,.agf CD coefficients; verify with catalog.,3.0,,,,
OHARA-PBL26Y,"Sellmeier-1 (3-term, Zemax CD record)",,1.29471773,0.108880981,0.220322964,0.00986579479,0.0477568828,28.8509863,OHARA-AGF-2026-05-29,.agf CD coefficients; verify with catalog.,3.0,,,,
OHARA-PBL27,"Non-dispersable (3-term CD gives n(d)=1.83929 vs catalog 1.575006; not a Sellmeier fit) - archived, never evaluated",,2.4269332,0.017578385,-4.3016897e-05,-0.0089789895,0.00079125417,4.2474552e-06,OHARA-AGF-2026-05-29,".agf CD coefficients; verify with catalog. term(s) 1,3 carry a non-positive B or C (permitted in multi-pole fits; the n(d) check is authoritative).",,,,,
OHARA-PBL35Y,"Sellmeier-1 (3-term, Zemax CD record)",,1.31884698,0.125014653,0.215794324,0.0101474939,0.0481636043,28.5517448,OHARA-AGF-2026-05-29,.agf CD coefficients; verify with catalog.,3.0,,,,
OHARA-PBM1,"Non-dispersable (3-term CD gives n(d)=1.87712 vs catalog 1.625882; not a Sellmeier fit) - archived, never evaluated",,2.5743849,0.02166382,-8.3887231e-05,-0.010002464,0.0013463294,7.8154722e-06,OHARA-AGF-2026-05-29,".agf CD coefficients; verify with catalog. term(s) 1,3 carry a non-positive B or C (permitted in multi-pole fits; the n(d) check is authoritative).",,,,,
OHARA-PBM2,"Non-dispersable (3-term CD gives n(d)=1.87307 vs catalog 1.620041; not a Sellmeier fit) - archived, never evaluated",,2.5569657,0.02134251,-7.4499334e-05,-0.0097056299,0.0012399367,7.145644e-06,OHARA-AGF-2026-05-29,".agf CD coefficients; verify with catalog. term(s) 1,3 carry a non-positive B or C (permitted in multi-pole fits; the n(d) check is authoritative).",,,,,
OHARA-PBM2Y,"Sellmeier-1 (3-term, Zemax CD record)",,1.39446503,0.159230985,0.245470216,0.0110571872,0.0507194882,31.4440142,OHARA-AGF-2026-05-29,.agf CD coefficients; verify with catalog.,3.0,,,,
OHARA-PBM3,"Sellmeier-1 (3-term, Zemax CD record)",,1.32567543,0.208112474,1.15985207,0.00973013804,0.046285933,137.559854,OHARA-AGF-2026-05-29,.agf CD coefficients; verify with catalog.,3.0,,,,
OHARA-PBM4,"Non-dispersable (3-term CD gives n(d)=1.87103 vs catalog 1.616588; not a Sellmeier fit) - archived, never evaluated",,2.5463724,0.021462247,-4.8504181e-05,-0.0093446264,0.001051989,5.6183745e-06,OHARA-AGF-2026-05-29,".agf CD coefficients; verify with catalog. term(s) 1,3 carry a non-positive B or C (permitted in multi-pole fits; the n(d) check is authoritative).",,,,,
OHARA-PBM5,"Non-dispersable (3-term CD gives n(d)=1.86145 vs catalog 1.60342; not a Sellmeier fit) - archived, never evaluated",,2.5078369,0.020469459,-3.6312577e-05,-0.008947152,0.00089114494,4.5477906e-06,OHARA-AGF-2026-05-29,".agf CD coefficients; verify with catalog. term(s) 1,3 carry a non-positive B or C (permitted in multi-pole fits; the n(d) check is authoritative).",,,,,
OHARA-PBM6,"Non-dispersable (3-term CD gives n(d)=1.88734 vs catalog 1.636358; not a Sellmeier fit) - archived, never evaluated",,2.6040004,0.023811801,-3.0707494e-05,-0.0089503263,0.00097080592,5.4397201e-06,OHARA-AGF-2026-05-29,".agf CD coefficients; verify with catalog. term(s) 1,3 carry a non-positive B or C (permitted in multi-pole fits; the n(d) check is authoritative).",,,,,
OHARA-PBM8,"Non-dispersable (3-term CD gives n(d)=1.85652 vs catalog 1.595508; not a Sellmeier fit) - archived, never evaluated",,2.4842899,0.020412922,-4.9991757e-06,-0.0082629825,0.00059654654,2.8060192e-06,OHARA-AGF-2026-05-29,".agf CD coefficients; verify with catalog. term(s) 1,3 carry a non-positive B or C (permitted in multi-pole fits; the n(d) check is authoritative).",,,,,
OHARA-PBM8Y,"Sellmeier-1 (3-term, Zemax CD record)",,1.35351322,0.130212912,0.158337266,0.0105624626,0.0496606652,20.7965806,OHARA-AGF-2026-05-29,.agf CD coefficients; verify with catalog.,3.0,,,,
OHARA-PBM9,"Non-dispersable (3-term CD gives n(d)=1.87423 vs catalog 1.620451; not a Sellmeier fit) - archived, never evaluated",,2.5602323,0.021495089,-3.3535727e-05,-0.0095632018,0.00085071191,4.8953255e-06,OHARA-AGF-2026-05-29,".agf CD coefficients; verify with catalog. term(s) 1,3 carry a non-positive B or C (permitted in multi-pole fits; the n(d) check is authoritative).",,,,,
OHARA-PBM11,"Non-dispersable (3-term CD gives n(d)=1.86977 vs catalog 1.620955; not a Sellmeier fit) - archived, never evaluated",,2.5613591,0.020780357,-0.00011027477,-0.01200739,0.001425606,1.1477786e-05,OHARA-AGF-2026-05-29,".agf CD coefficients; verify with catalog. term(s) 1,3 carry a non-positive B or C (permitted in multi-pole fits; the n(d) check is authoritative).",,,,,
OHARA-PBM18Y,"Sellmeier-1 (3-term, Zemax CD record)",,1.34660215,0.136322343,0.183371587,0.0106313733,0.0491403013,23.9154655,OHARA-AGF-2026-05-29,.agf CD coefficients; verify with catalog.,3.0,,,,
OHARA-PBM22,"Non-dispersable (3-term CD gives n(d)=1.89598 vs catalog 1.647689; not a Sellmeier fit) - archived, never evaluated",,2.6360314,0.025228056,-3.7887387e-05,-0.0089450876,0.0011120943,6.3760973e-06,OHARA-AGF-2026-05-29,".agf CD coefficients; verify with catalog. term(s) 1,3 carry a non-positive B or C (permitted in multi-pole fits; the n(d) check is authoritative).",,,,,
OHARA-PBM25,"Non-dispersable (3-term CD gives n(d)=1.91503 vs catalog 1.6727; not a Sellmeier fit) - archived, never evaluated",,2.7107551,0.027542314,-5.4563909e-05,-0.0092889162,0.0013512557,8.3261074e-06,OHARA-AGF-2026-05-29,".agf CD coefficients; verify with catalog. term(s) 1,3 carry a non-positive B or C (permitted in multi-pole fits; the n(d) check is authoritative).",,,,,
OHARA-PBM27,"Non-dispersable (3-term CD gives n(d)=1.89021 vs catalog 1.639799; not a Sellmeier fit) - archived, never evaluated",,2.6124109,0.024857782,-9.2640255e-06,-0.0087316589,0.00088778616,4.5028723e-06,OHARA-AGF-2026-05-29,".agf CD coefficients; verify with catalog. term(s) 1,3 carry a non-positive B or C (permitted in multi-pole fits; the n(d) check is authoritative).",,,,,
OHARA-PBM28,"Non-dispersable (3-term CD gives n(d)=1.92879 vs catalog 1.68893; not a Sellmeier fit) - archived, never evaluated",,2.75779,0.030379663,-1.9167784e-05,-0.0087331797,0.0011503031,7.4745415e-06,OHARA-AGF-2026-05-29,".agf CD coefficients; verify with catalog. term(s) 1,3 carry a non-positive B or C (permitted in multi-pole fits; the n(d) check is authoritative).",,,,,
OHARA-PBM28W,"Non-dispersable (3-term CD gives n(d)=1.92879 vs catalog 1.68893; not a Sellmeier fit) - archived, never evaluated",,2.75779,0.030379663,-1.9167784e-05,-0.0087331797,0.0011503031,7.4745415e-06,OHARA-AGF-2026-05-29,".agf CD coefficients; verify with catalog. term(s) 1,3 carry a non-positive B or C (permitted in multi-pole fits; the n(d) check is authoritative).",,,,,
OHARA-PBM35,"Non-dispersable (3-term CD gives n(d)=1.93067 vs catalog 1.698947; not a Sellmeier fit) - archived, never evaluated",,2.7934634,0.027252732,-0.00022721609,-0.011916323,0.0026477261,2.0411942e-05,OHARA-AGF-2026-05-29,".agf CD coefficients; verify with catalog. term(s) 1,3 carry a non-positive B or C (permitted in multi-pole fits; the n(d) check is authoritative).",,,,,
OHARA-PBM39,"Non-dispersable (3-term CD gives n(d)=1.90890 vs catalog 1.666799; not a Sellmeier fit) - archived, never evaluated",,2.6957457,0.025940795,-6.8645974e-05,-0.010264221,0.0014263975,8.2048945e-06,OHARA-AGF-2026-05-29,".agf CD coefficients; verify with catalog. term(s) 1,3 carry a non-positive B or C (permitted in multi-pole fits; the n(d) check is authoritative).",,,,,
OHARA-PHM51,"Non-dispersable (3-term CD gives n(d)=1.87441 vs catalog 1.617001; not a Sellmeier fit) - archived, never evaluated",,2.5759016,0.013895937,-1.9680543e-06,-0.010553544,0.00026498331,1.0989977e-07,OHARA-AGF-2026-05-29,".agf CD coefficients; verify with catalog. term(s) 1,3 carry a non-positive B or C (permitted in multi-pole fits; the n(d) check is authoritative).",,,,,
OHARA-PHM52,"Non-dispersable (3-term CD gives n(d)=1.87801 vs catalog 1.617999; not a Sellmeier fit) - archived, never evaluated",,2.5782413,0.014069295,-3.6968898e-06,-0.0089850999,0.0002504459,2.5223758e-07,OHARA-AGF-2026-05-29,".agf CD coefficients; verify with catalog. term(s) 1,3 carry a non-positive B or C (permitted in multi-pole fits; the n(d) check is authoritative).",,,,,
OHARA-PHM53,"Non-dispersable (3-term CD gives n(d)=1.86502 vs catalog 1.603001; not a Sellmeier fit) - archived, never evaluated",,2.5332354,0.012923982,-1.7660009e-05,-0.0095005403,0.00030691131,1.0516051e-06,OHARA-AGF-2026-05-29,".agf CD coefficients; verify with catalog. term(s) 1,3 carry a non-positive B or C (permitted in multi-pole fits; the n(d) check is authoritative).",,,,,
OHARA-S-APL,"Non-dispersable (3-term CD gives n(d)=1.79536 vs catalog 1.517277; not a Sellmeier fit) - archived, never evaluated",,2.27624,0.009233038,-3.801873e-05,-0.009687465,0.0003894085,2.069323e-06,OHARA-AGF-2026-05-29,".agf CD coefficients; verify with catalog. term(s) 1,3 carry a non-positive B or C (permitted in multi-pole fits; the n(d) check is authoritative).",,,,,
OHARA-S-APL1,"Non-dispersable (3-term CD gives n(d)=1.79536 vs catalog 1.517277; not a Sellmeier fit) - archived, never evaluated",,2.2762403,0.0092330378,-3.8018733e-05,-0.0096874647,0.00038940853,2.0693225e-06,OHARA-AGF-2026-05-29,".agf CD coefficients; verify with catalog. term(s) 1,3 carry a non-positive B or C (permitted in multi-pole fits; the n(d) check is authoritative).",,,,,
OHARA-S-BAH10,"Sellmeier-1 (3-term, Zemax CD record)",,1.59034337,0.138464579,1.21988043,0.0093273434,0.0427498654,119.251777,OHARA-AGF-2026-05-29,.agf CD coefficients; verify with catalog.,3.0,,,,
OHARA-S-BAH11,"Sellmeier-1 (3-term, Zemax CD record)",,1.5713886,0.147869313,1.28092846,0.00910807936,0.0402401684,130.399367,OHARA-AGF-2026-05-29,.agf CD coefficients; verify with catalog.,3.0,,,,
OHARA-S-BAH27,"Sellmeier-1 (3-term, Zemax CD record)",,1.68939052,0.133081013,1.41165515,0.0103598193,0.0533982239,126.515503,OHARA-AGF-2026-05-29,.agf CD coefficients; verify with catalog.,3.0,,,,
OHARA-S-BAH28,"Sellmeier-1 (3-term, Zemax CD record)",,1.69493484,0.192890298,1.56385948,0.010272319,0.052118764,137.818035,OHARA-AGF-2026-05-29,.agf CD coefficients; verify with catalog.,3.0,,,,
OHARA-S-BAH32,"Sellmeier-1 (3-term, Zemax CD record)",,1.5802363,0.137504632,1.60603298,0.0103578062,0.0548393088,147.982885,OHARA-AGF-2026-05-29,.agf CD coefficients; verify with catalog.,3.0,,,,
OHARA-S-BAH54,"Non-dispersable (3-term CD gives n(d)=1.93307 vs catalog 1.695; not a Sellmeier fit) - archived, never evaluated",,2.802774,0.023830231,1.1516047e-05,-0.011441428,0.00057322688,1.2065896e-06,OHARA-AGF-2026-05-29,.agf CD coefficients; verify with catalog. term(s) 1 carry a non-positive B or C (permitted in multi-pole fits; the n(d) check is authoritative).,,,,,
OHARA-S-BAL2,"Sellmeier-1 (3-term, Zemax CD record)",,1.30923813,0.114137353,1.17882259,0.00838873953,0.0399436485,140.257892,OHARA-AGF-2026-05-29,.agf CD coefficients; verify with catalog.,3.0,,,,
OHARA-S-BAL3,"Sellmeier-1 (3-term, Zemax CD record)",,1.2936689,0.132440252,1.10197293,0.00800367962,0.0354711196,134.517431,OHARA-AGF-2026-05-29,.agf CD coefficients; verify with catalog.,3.0,,,,
OHARA-S-BAL11,"Sellmeier-1 (3-term, Zemax CD record)",,0.821314256,0.612586478,1.24859637,0.00351436131,0.0179762375,133.45667,OHARA-AGF-2026-05-29,.agf CD coefficients; verify with catalog.,3.0,,,,
OHARA-S-BAL12,"Sellmeier-1 (3-term, Zemax CD record)",,0.714605258,0.621993289,1.22537681,0.00301763913,0.016650545,143.506314,OHARA-AGF-2026-05-29,.agf CD coefficients; verify with catalog.,3.0,,,,
OHARA-S-BAL14,"Sellmeier-1 (3-term, Zemax CD record)",,1.27553696,0.146083393,1.16754699,0.00749692359,0.031042153,128.947092,OHARA-AGF-2026-05-29,.agf CD coefficients; verify with catalog.,3.0,,,,
OHARA-S-BAL22,"Sellmeier-1 (3-term, Zemax CD record)",,1.16333541,0.26332321,1.12551059,0.0118079103,-0.00438112893,106.905682,OHARA-AGF-2026-05-29,.agf CD coefficients; verify with catalog. term(s) 2 carry a non-positive B or C (permitted in multi-pole fits; the n(d) check is authoritative).,3.0,,,,
OHARA-S-BAL35,"Sellmeier-1 (3-term, Zemax CD record)",,0.941357273,0.546174895,1.16168917,0.0140333996,0.000906635683,114.163758,OHARA-AGF-2026-05-29,.agf CD coefficients; verify with catalog.,3.0,,,,
OHARA-S-BAL41,"Sellmeier-1 (3-term, Zemax CD record)",,1.243442,0.166301104,1.10586114,0.0116396708,-0.00890464938,114.11122,OHARA-AGF-2026-05-29,.agf CD coefficients; verify with catalog. term(s) 2 carry a non-positive B or C (permitted in multi-pole fits; the n(d) check is authoritative).,3.0,,,,
OHARA-S-BAL42,"Sellmeier-1 (3-term, Zemax CD record)",,1.39570615,0.071850507,1.27129267,0.0112218843,-0.0252117422,134.49786,OHARA-AGF-2026-05-29,.agf CD coefficients; verify with catalog. term(s) 2 carry a non-positive B or C (permitted in multi-pole fits; the n(d) check is authoritative).,3.0,,,,
OHARA-S-BAL50,"Non-dispersable (3-term CD gives n(d)=1.82795 vs catalog 1.559625; not a Sellmeier fit) - archived, never evaluated",,2.3982661,0.012110445,-2.7339021e-05,-0.010222781,0.00037767581,1.5701891e-06,OHARA-AGF-2026-05-29,".agf CD coefficients; verify with catalog. term(s) 1,3 carry a non-positive B or C (permitted in multi-pole fits; the n(d) check is authoritative).",,,,,
OHARA-S-BAM3,"Sellmeier-1 (3-term, Zemax CD record)",,1.36955358,0.0853825867,1.16159771,0.00941331434,0.0504359027,130.548899,OHARA-AGF-2026-05-29,.agf CD coefficients; verify with catalog.,3.0,,,,
OHARA-S-BAM4,"Sellmeier-1 (3-term, Zemax CD record)",,1.41059317,0.111201306,1.34148939,0.00963312192,0.049877821,152.237696,OHARA-AGF-2026-05-29,.agf CD coefficients; verify with catalog.,3.0,,,,
OHARA-S-BAM12,"Sellmeier-1 (3-term, Zemax CD record)",,1.50161605,0.126987445,1.43544052,0.00940761826,0.0472602195,141.666499,OHARA-AGF-2026-05-29,.agf CD coefficients; verify with catalog.,3.0,,,,
OHARA-S-BSL7,"Sellmeier-1 (3-term, Zemax CD record)",,1.1515019,0.118583612,1.26301359,0.010598413,-0.011822519,129.617662,OHARA-AGF-2026-05-29,.agf CD coefficients; verify with catalog. term(s) 2 carry a non-positive B or C (permitted in multi-pole fits; the n(d) check is authoritative).,3.0,,,,
OHARA-S-BSM2,"Sellmeier-1 (3-term, Zemax CD record)",,0.867168676,0.672848343,1.18456107,0.00369311003,0.0181652804,132.376147,OHARA-AGF-2026-05-29,.agf CD coefficients; verify with catalog.,3.0,,,,
OHARA-S-BSM4,"Sellmeier-1 (3-term, Zemax CD record)",,0.96244308,0.595939234,1.10558352,0.00468062141,0.0178772082,115.896432,OHARA-AGF-2026-05-29,.agf CD coefficients; verify with catalog.,3.0,,,,
OHARA-S-BSM9,"Sellmeier-1 (3-term, Zemax CD record)",,1.37020077,0.189397267,1.24202324,0.00757631457,0.0300787515,131.350111,OHARA-AGF-2026-05-29,.agf CD coefficients; verify with catalog.,3.0,,,,
OHARA-S-BSM10,"Sellmeier-1 (3-term, Zemax CD record)",,0.945443081,0.643237376,1.17752968,0.0157263798,0.00161924066,121.361748,OHARA-AGF-2026-05-29,.agf CD coefficients; verify with catalog.,3.0,,,,
OHARA-S-BSM14,"Sellmeier-1 (3-term, Zemax CD record)",,1.2828627,0.247647429,1.10383999,0.0122902399,-0.00613142361,106.883378,OHARA-AGF-2026-05-29,.agf CD coefficients; verify with catalog. term(s) 2 carry a non-positive B or C (permitted in multi-pole fits; the n(d) check is authoritative).,3.0,,,,
OHARA-S-BSM15,"Sellmeier-1 (3-term, Zemax CD record)",,0.953128328,0.637613977,1.65245647,0.00387638985,0.0185094632,159.442367,OHARA-AGF-2026-05-29,.agf CD coefficients; verify with catalog.,3.0,,,,
OHARA-S-BSM16,"Sellmeier-1 (3-term, Zemax CD record)",,1.14490383,0.439563911,1.27688079,0.0137034916,-0.00186514205,119.535585,OHARA-AGF-2026-05-29,.agf CD coefficients; verify with catalog. term(s) 2 carry a non-positive B or C (permitted in multi-pole fits; the n(d) check is authoritative).,3.0,,,,
OHARA-S-BSM18,"Sellmeier-1 (3-term, Zemax CD record)",,0.927886025,0.708858526,1.18610897,0.00417549199,0.0184691838,122.210416,OHARA-AGF-2026-05-29,.agf CD coefficients; verify with catalog.,3.0,,,,
OHARA-S-BSM21,"Sellmeier-1 (3-term, Zemax CD record)",,1.47867898,0.0899501399,1.03056525,0.00869705653,0.0399353993,108.550949,OHARA-AGF-2026-05-29,.agf CD coefficients; verify with catalog.,3.0,,,,
OHARA-S-BSM22,"Sellmeier-1 (3-term, Zemax CD record)",,1.44305741,0.140786358,1.26093951,0.0081920891,0.0356911455,131.959337,OHARA-AGF-2026-05-29,.agf CD coefficients; verify with catalog.,3.0,,,,
OHARA-S-BSM25,"Sellmeier-1 (3-term, Zemax CD record)",,1.34814257,0.347530319,1.38798368,0.00695364366,0.0277863478,142.138122,OHARA-AGF-2026-05-29,.agf CD coefficients; verify with catalog.,3.0,,,,
OHARA-S-BSM28,"Sellmeier-1 (3-term, Zemax CD record)",,1.43822841,0.128100017,1.3435553,0.0085977975,0.0408617854,143.70989,OHARA-AGF-2026-05-29,.agf CD coefficients; verify with catalog.,3.0,,,,
OHARA-S-BSM36,"Non-dispersable (3-term CD gives n(d)=1.89072 vs catalog 1.642495; not a Sellmeier fit) - archived, never evaluated",,2.6546711,0.015197193,-3.4995634e-05,-0.012819365,0.00050420821,2.0492682e-06,OHARA-AGF-2026-05-29,".agf CD coefficients; verify with catalog. term(s) 1,3 carry a non-positive B or C (permitted in multi-pole fits; the n(d) check is authoritative).",,,,,
OHARA-S-BSM71,"Sellmeier-1 (3-term, Zemax CD record)",,1.50847885,0.158099826,1.36815368,0.00812769076,0.0354200898,136.110038,OHARA-AGF-2026-05-29,.agf CD coefficients; verify with catalog.,3.0,,,,
OHARA-S-BSM81,"Sellmeier-1 (3-term, Zemax CD record)",,0.996356844,0.651392837,1.22432622,0.0144821587,0.00154826389,89.9818604,OHARA-AGF-2026-05-29,.agf CD coefficients; verify with catalog.,3.0,,,,
OHARA-S-BSM93,"Non-dispersable (3-term CD gives n(d)=1.89153 vs catalog 1.640998; not a Sellmeier fit) - archived, never evaluated",,2.6481267,0.015517531,-3.390687e-05,-0.011553471,0.00053211731,2.099346e-06,OHARA-AGF-2026-05-29,".agf CD coefficients; verify with catalog. term(s) 1,3 carry a non-positive B or C (permitted in multi-pole fits; the n(d) check is authoritative).",,,,,
OHARA-S-FPL51,"Sellmeier-1 (3-term, Zemax CD record)",,1.17010505,0.0475710783,0.763832445,0.00616203924,0.0263372876,141.882642,OHARA-AGF-2026-05-29,.agf CD coefficients; verify with catalog.,3.0,,,,
OHARA-S-FPL51Y,"Sellmeier-1 (3-term, Zemax CD record)",,1.14031443,0.0771496272,1.43721957,0.00595466872,0.0223953953,274.290057,OHARA-AGF-2026-05-29,.agf CD coefficients; verify with catalog.,3.0,,,,
OHARA-S-FPL52,"Sellmeier-1 (3-term, Zemax CD record)",,1.06785857,0.0335857718,1.10219763,0.00699227302,-0.0207608925,226.496541,OHARA-AGF-2026-05-29,.agf CD coefficients; verify with catalog. term(s) 2 carry a non-positive B or C (permitted in multi-pole fits; the n(d) check is authoritative).,3.0,,,,
OHARA-S-FPL53,"Sellmeier-1 (3-term, Zemax CD record)",,0.983532327,0.069568814,1.11409238,0.00492234955,0.0193581091,264.275294,OHARA-AGF-2026-05-29,.agf CD coefficients; verify with catalog.,3.0,,,,
OHARA-S-FPL55,"Sellmeier-1 (3-term, Zemax CD record)",,0.839067682,0.214083503,1.47914677,0.00795286639,-0.00232581717,340.0437,OHARA-AGF-2026-05-29,.agf CD coefficients; verify with catalog. term(s) 2 carry a non-positive B or C (permitted in multi-pole fits; the n(d) check is authoritative).,3.0,,,,
OHARA-S-FPM2,"Sellmeier-1 (3-term, Zemax CD record)",,0.761242785,0.747033375,0.938928947,0.00321174095,0.0140234423,139.52353,OHARA-AGF-2026-05-29,.agf CD coefficients; verify with catalog.,3.0,,,,
OHARA-S-FPM3,"Sellmeier-1 (3-term, Zemax CD record)",,0.809407286,0.527007033,0.909127704,0.00376072389,0.0135654895,142.503612,OHARA-AGF-2026-05-29,.agf CD coefficients; verify with catalog.,3.0,,,,
OHARA-S-FSL5,"Sellmeier-1 (3-term, Zemax CD record)",,1.17447043,0.0140056154,1.19272435,0.00841855181,-0.0581790767,129.599726,OHARA-AGF-2026-05-29,.agf CD coefficients; verify with catalog. term(s) 2 carry a non-positive B or C (permitted in multi-pole fits; the n(d) check is authoritative).,3.0,,,,
OHARA-S-FSL5Y,"Sellmeier-1 (3-term, Zemax CD record)",,0.977409944,0.210950834,1.37142848,0.00557649364,0.0177000313,149.211443,OHARA-AGF-2026-05-29,.agf CD coefficients; verify with catalog.,3.0,,,,
OHARA-S-FTL10,"Sellmeier-1 (3-term, Zemax CD record)",,1.10542993,0.116184325,1.15396111,0.00669004168,0.0360840691,137.546485,OHARA-AGF-2026-05-29,.agf CD coefficients; verify with catalog.,3.0,,,,
OHARA-S-FTM16,"Sellmeier-1 (3-term, Zemax CD record)",,1.32940907,0.141512125,1.44299068,0.0102377287,0.0578081956,150.597139,OHARA-AGF-2026-05-29,.agf CD coefficients; verify with catalog.,3.0,,,,
OHARA-S-LAH51,"Sellmeier-1 (3-term, Zemax CD record)",,1.82586991,0.283023349,1.35964319,0.00935297152,0.0373803057,100.655798,OHARA-AGF-2026-05-29,.agf CD coefficients; verify with catalog.,3.0,,,,
OHARA-S-LAH52,"Sellmeier-1 (3-term, Zemax CD record)",,1.85390925,0.297925555,1.39382086,0.00955320687,0.039381685,102.706848,OHARA-AGF-2026-05-29,.agf CD coefficients; verify with catalog.,3.0,,,,
OHARA-S-LAH52Q,"Sellmeier-1 (3-term, Zemax CD record)",,1.91082318,0.239854589,1.16159733,0.0103565352,0.0413805081,96.60373,OHARA-AGF-2026-05-29,.agf CD coefficients; verify with catalog.,3.0,,,,
OHARA-S-LAH53,"Sellmeier-1 (3-term, Zemax CD record)",,1.91811619,0.253724399,1.39473885,0.0102147684,0.0433176011,101.938021,OHARA-AGF-2026-05-29,.agf CD coefficients; verify with catalog.,3.0,,,,
OHARA-S-LAH53V,"Sellmeier-1 (3-term, Zemax CD record)",,1.96600955,0.205143305,1.23200934,0.0107817785,0.0463727869,97.69406,OHARA-AGF-2026-05-29,.agf CD coefficients; verify with catalog.,3.0,,,,
OHARA-S-LAH54,"Non-dispersable (3-term CD gives n(d)=2.02594 vs catalog 1.815543; not a Sellmeier fit) - archived, never evaluated",,3.2126997,0.028440374,-1.7032771e-05,-0.01535137,0.00079180171,2.6219094e-06,OHARA-AGF-2026-05-29,".agf CD coefficients; verify with catalog. term(s) 1,3 carry a non-positive B or C (permitted in multi-pole fits; the n(d) check is authoritative).",,,,,
OHARA-S-LAH55,"Sellmeier-1 (3-term, Zemax CD record)",,1.95615766,0.319216215,1.39173189,0.00979338965,0.0376836296,94.8775271,OHARA-AGF-2026-05-29,.agf CD coefficients; verify with catalog.,3.0,,,,
OHARA-S-LAH55V,"Sellmeier-1 (3-term, Zemax CD record)",,1.97025325,0.30489414,1.39214665,0.00991088134,0.0383202295,97.7785249,OHARA-AGF-2026-05-29,.agf CD coefficients; verify with catalog.,3.0,,,,
OHARA-S-LAH55VS,"Sellmeier-1 (3-term, Zemax CD record)",,1.92591095,0.34895346,1.42230744,0.0096115249,0.036513298,103.36409,OHARA-AGF-2026-05-29,.agf CD coefficients; verify with catalog.,3.0,,,,
OHARA-S-LAH58,"Sellmeier-1 (3-term, Zemax CD record)",,1.78764964,0.6526356,1.79914564,0.00847378536,0.0313126408,132.788001,OHARA-AGF-2026-05-29,.agf CD coefficients; verify with catalog.,3.0,,,,
OHARA-S-LAH59,"Sellmeier-1 (3-term, Zemax CD record)",,1.51372967,0.702462343,1.33600982,0.00705246901,0.0249488689,100.085908,OHARA-AGF-2026-05-29,.agf CD coefficients; verify with catalog.,3.0,,,,
OHARA-S-LAH60,"Sellmeier-1 (3-term, Zemax CD record)",,1.95243469,0.30710021,1.56578094,0.0106442437,0.0456735302,110.28141,OHARA-AGF-2026-05-29,.agf CD coefficients; verify with catalog.,3.0,,,,
OHARA-S-LAH60V,"Sellmeier-1 (3-term, Zemax CD record)",,2.05081962,0.208475257,1.31486394,0.0116035991,0.0526489359,99.38065,OHARA-AGF-2026-05-29,.agf CD coefficients; verify with catalog.,3.0,,,,
OHARA-S-LAH63,"Sellmeier-1 (3-term, Zemax CD record)",,1.89458276,0.268702978,1.45705526,0.0102277048,0.0442801243,104.874927,OHARA-AGF-2026-05-29,.agf CD coefficients; verify with catalog.,3.0,,,,
OHARA-S-LAH64,"Sellmeier-1 (3-term, Zemax CD record)",,1.83021453,0.29156359,1.28544024,0.0090482329,0.0330756689,89.3675501,OHARA-AGF-2026-05-29,.agf CD coefficients; verify with catalog.,3.0,,,,
OHARA-S-LAH65,"Sellmeier-1 (3-term, Zemax CD record)",,1.68191258,0.493779818,1.45682822,0.0077668425,0.0288916181,99.2574356,OHARA-AGF-2026-05-29,.agf CD coefficients; verify with catalog.,3.0,,,,
OHARA-S-LAH65V,"Sellmeier-1 (3-term, Zemax CD record)",,1.81419034,0.361376301,1.32729484,0.00874935029,0.0318352836,91.3406898,OHARA-AGF-2026-05-29,.agf CD coefficients; verify with catalog.,3.0,,,,
OHARA-S-LAH65VS,"Sellmeier-1 (3-term, Zemax CD record)",,1.76068422,0.414128906,1.33415439,0.00853607198,0.0301826383,98.09421,OHARA-AGF-2026-05-29,.agf CD coefficients; verify with catalog.,3.0,,,,
OHARA-S-LAH66N,"Sellmeier-1 (3-term, Zemax CD record)",,1.66344396,0.408708592,1.22168283,0.00799392412,0.0273425739,84.91142,OHARA-AGF-2026-05-29,.agf CD coefficients; verify with catalog.,3.0,,,,
OHARA-S-LAH66,"Sellmeier-1 (3-term, Zemax CD record)",,1.39280586,0.679577094,1.38702069,0.00608475118,0.0233925351,95.8354094,OHARA-AGF-2026-05-29,.agf CD coefficients; verify with catalog.,3.0,,,,
OHARA-S-LAH67,"Non-dispersable (3-term CD gives n(d)=2.00879 vs catalog 1.794997; not a Sellmeier fit) - archived, never evaluated",,3.1439609,0.026648169,-1.9462248e-05,-0.015541721,0.00077813143,2.4668548e-06,OHARA-AGF-2026-05-29,".agf CD coefficients; verify with catalog. term(s) 1,3 carry a non-positive B or C (permitted in multi-pole fits; the n(d) check is authoritative).",,,,,
OHARA-S-LAH71,"Sellmeier-1 (3-term, Zemax CD record)",,1.98280031,0.31675845,2.44472646,0.0118987456,0.0527156001,213.220697,OHARA-AGF-2026-05-29,.agf CD coefficients; verify with catalog.,3.0,,,,
OHARA-S-LAH75,"Non-dispersable (3-term CD gives n(d)=2.07008 vs catalog 1.873996; not a Sellmeier fit) - archived, never evaluated",,3.397212,0.03681892,-8.404167e-05,-0.0158255,0.001759645,1.052281e-05,OHARA-AGF-2026-05-29,".agf CD coefficients; verify with catalog. term(s) 1,3 carry a non-positive B or C (permitted in multi-pole fits; the n(d) check is authoritative).",,,,,
OHARA-S-LAH79,"Sellmeier-1 (3-term, Zemax CD record)",,2.32557148,0.507967133,2.43087198,0.0132895208,0.0528335449,161.122408,OHARA-AGF-2026-05-29,.agf CD coefficients; verify with catalog.,3.0,,,,
OHARA-S-LAH88,"Sellmeier-1 (3-term, Zemax CD record)",,2.1284434,0.405082139,1.67918461,0.0117309815,0.0508706599,107.091456,OHARA-AGF-2026-05-29,.agf CD coefficients; verify with catalog.,3.0,,,,
OHARA-S-LAH89,"Sellmeier-1 (3-term, Zemax CD record)",,1.95118827,0.377607223,1.47757262,0.00976560799,0.0382232043,112.23672,OHARA-AGF-2026-05-29,.agf CD coefficients; verify with catalog.,3.0,,,,
OHARA-S-LAH92,"Sellmeier-1 (3-term, Zemax CD record)",,2.10440311,0.358346161,1.63010064,0.0108531811,0.044340592,123.2498,OHARA-AGF-2026-05-29,.agf CD coefficients; verify with catalog.,3.0,,,,
OHARA-S-LAH93,"Sellmeier-1 (3-term, Zemax CD record)",,2.17884378,0.325508683,1.70608646,0.0115760879,0.0495982503,128.91358,OHARA-AGF-2026-05-29,.agf CD coefficients; verify with catalog.,3.0,,,,
OHARA-S-LAH95,"Sellmeier-1 (3-term, Zemax CD record)",,2.15636617,0.329558178,1.72178935,0.012288051,0.0555507835,124.43934,OHARA-AGF-2026-05-29,.agf CD coefficients; verify with catalog.,3.0,,,,
OHARA-S-LAH96,"Sellmeier-1 (3-term, Zemax CD record)",,1.85078519,0.189204854,1.19763137,0.00940657541,0.0380345187,101.426835,OHARA-AGF-2026-05-29,.agf CD coefficients; verify with catalog.,3.0,,,,
OHARA-S-LAH97,"Sellmeier-1 (3-term, Zemax CD record)",,1.0273018,0.989293564,1.25781057,0.0183406129,0.00371264195,87.85105,OHARA-AGF-2026-05-29,.agf CD coefficients; verify with catalog.,3.0,,,,
OHARA-S-LAL7,"Sellmeier-1 (3-term, Zemax CD record)",,0.916121247,0.765948319,1.27745023,0.00395889743,0.0167547425,110.762706,OHARA-AGF-2026-05-29,.agf CD coefficients; verify with catalog.,3.0,,,,
OHARA-S-LAL8,"Sellmeier-1 (3-term, Zemax CD record)",,1.30663291,0.571377253,1.24303605,0.00611862448,0.021272147,90.6285686,OHARA-AGF-2026-05-29,.agf CD coefficients; verify with catalog.,3.0,,,,
OHARA-S-LAL9,"Sellmeier-1 (3-term, Zemax CD record)",,1.16195687,0.644860099,1.25062221,0.0159659509,0.000505502467,93.8284169,OHARA-AGF-2026-05-29,.agf CD coefficients; verify with catalog.,3.0,,,,
OHARA-S-LAL10,"Sellmeier-1 (3-term, Zemax CD record)",,1.52812575,0.367965267,1.11751784,0.00776817644,0.0272026548,88.86974,OHARA-AGF-2026-05-29,.agf CD coefficients; verify with catalog.,3.0,,,,
OHARA-S-LAL11,"Non-dispersable (3-term CD gives n(d)=1.90544 vs catalog 1.658296; not a Sellmeier fit) - archived, never evaluated",,2.7037498,0.0158996,-4.6676845e-05,-0.011741892,0.00061265364,2.6544952e-06,OHARA-AGF-2026-05-29,".agf CD coefficients; verify with catalog. term(s) 1,3 carry a non-positive B or C (permitted in multi-pole fits; the n(d) check is authoritative).",,,,,
OHARA-S-LAL12,"Sellmeier-1 (3-term, Zemax CD record)",,0.992053895,0.771377731,1.18296264,0.0167095063,0.00236750156,105.90108,OHARA-AGF-2026-05-29,.agf CD coefficients; verify with catalog.,3.0,,,,
OHARA-S-LAL13,"Sellmeier-1 (3-term, Zemax CD record)",,0.980071267,0.832904776,1.28111995,0.00389123698,0.0189164592,98.9052676,OHARA-AGF-2026-05-29,.agf CD coefficients; verify with catalog.,3.0,,,,
OHARA-S-LAL14,"Sellmeier-1 (3-term, Zemax CD record)",,1.2372097,0.589722623,1.3192188,0.015355132,-0.00030789625,93.7202947,OHARA-AGF-2026-05-29,.agf CD coefficients; verify with catalog. term(s) 2 carry a non-positive B or C (permitted in multi-pole fits; the n(d) check is authoritative).,3.0,,,,
OHARA-S-LAL18N,"Sellmeier-1 (3-term, Zemax CD record)",,1.43131727,0.501296855,1.15464835,0.00682783222,0.0215840329,80.98327,OHARA-AGF-2026-05-29,.agf CD coefficients; verify with catalog.,3.0,,,,
OHARA-S-LAL18,"Sellmeier-1 (3-term, Zemax CD record)",,1.50276318,0.430224497,1.3472606,0.0145462356,-0.00332784153,93.3508342,OHARA-AGF-2026-05-29,.agf CD coefficients; verify with catalog. term(s) 2 carry a non-positive B or C (permitted in multi-pole fits; the n(d) check is authoritative).,3.0,,,,
OHARA-S-LAL19,"Sellmeier-1 (3-term, Zemax CD record)",,0.973997577,0.958186322,1.20163359,0.00379332678,0.0177574581,83.79896,OHARA-AGF-2026-05-29,.agf CD coefficients; verify with catalog.,3.0,,,,
OHARA-S-LAL20,"Sellmeier-1 (3-term, Zemax CD record)",,1.06788467,0.75873535,1.02804682,0.00518896058,0.0204004357,120.82632,OHARA-AGF-2026-05-29,.agf CD coefficients; verify with catalog.,3.0,,,,
OHARA-S-LAL52,"Non-dispersable (3-term CD gives n(d)=1.91331 vs catalog 1.669999; not a Sellmeier fit) - archived, never evaluated",,2.7418702,0.016306977,-4.8242632e-05,-0.012719153,0.00061414226,2.8875864e-06,OHARA-AGF-2026-05-29,".agf CD coefficients; verify with catalog. term(s) 1,3 carry a non-positive B or C (permitted in multi-pole fits; the n(d) check is authoritative).",,,,,
OHARA-S-LAL54,"Sellmeier-1 (3-term, Zemax CD record)",,1.41910189,0.258416881,1.07385537,0.00726647428,0.0263842499,102.555463,OHARA-AGF-2026-05-29,.agf CD coefficients; verify with catalog.,3.0,,,,
OHARA-S-LAL54Q,"Sellmeier-1 (3-term, Zemax CD record)",,0.920085087,0.758646115,1.07073096,0.0160829667,0.00292059306,85.12112,OHARA-AGF-2026-05-29,.agf CD coefficients; verify with catalog.,3.0,,,,
OHARA-S-LAL56,"Sellmeier-1 (3-term, Zemax CD record)",,1.54052,0.217748704,1.30456122,0.00826765101,0.0328533726,124.527479,OHARA-AGF-2026-05-29,.agf CD coefficients; verify with catalog.,3.0,,,,
OHARA-S-LAL58,"Sellmeier-1 (3-term, Zemax CD record)",,1.06368789,0.744939067,1.59178942,0.018519964,0.00116295862,156.636025,OHARA-AGF-2026-05-29,.agf CD coefficients; verify with catalog.,3.0,,,,
OHARA-S-LAL59,"Sellmeier-1 (3-term, Zemax CD record)",,1.13962742,0.805227838,1.29488061,0.00493294862,0.020247996,93.4746507,OHARA-AGF-2026-05-29,.agf CD coefficients; verify with catalog.,3.0,,,,
OHARA-S-LAL60,"Non-dispersable (3-term CD gives n(d)=1.95414 vs catalog 1.725999; not a Sellmeier fit) - archived, never evaluated",,2.9223334,0.020070735,-1.5326299e-05,-0.015268924,0.00049690538,1.0772354e-06,OHARA-AGF-2026-05-29,".agf CD coefficients; verify with catalog. term(s) 1,3 carry a non-positive B or C (permitted in multi-pole fits; the n(d) check is authoritative).",,,,,
OHARA-S-LAL61,"Sellmeier-1 (3-term, Zemax CD record)",,1.11073292,0.859347773,1.26707433,0.00464181248,0.0192989261,87.3917698,OHARA-AGF-2026-05-29,.agf CD coefficients; verify with catalog.,3.0,,,,
OHARA-S-LAM2,"Sellmeier-1 (3-term, Zemax CD record)",,1.7713,0.19581423,1.19487834,0.00976652444,0.0412718628,110.458122,OHARA-AGF-2026-05-29,.agf CD coefficients; verify with catalog.,3.0,,,,
OHARA-S-LAM3,"Sellmeier-1 (3-term, Zemax CD record)",,1.64258713,0.23963461,1.22483026,0.0086824602,0.0351226242,116.604369,OHARA-AGF-2026-05-29,.agf CD coefficients; verify with catalog.,3.0,,,,
OHARA-S-LAM7,"Sellmeier-1 (3-term, Zemax CD record)",,1.71014712,0.256943292,1.63986271,0.010516108,0.0502809636,146.181217,OHARA-AGF-2026-05-29,.agf CD coefficients; verify with catalog.,3.0,,,,
OHARA-S-LAM51,"Sellmeier-1 (3-term, Zemax CD record)",,1.638472,0.188330533,1.47502357,0.00904853452,0.0372740173,137.77005,OHARA-AGF-2026-05-29,.agf CD coefficients; verify with catalog.,3.0,,,,
OHARA-S-LAM52,"Sellmeier-1 (3-term, Zemax CD record)",,1.73442942,0.15155391,1.46225433,0.0100690928,0.0470634701,140.084396,OHARA-AGF-2026-05-29,.agf CD coefficients; verify with catalog.,3.0,,,,
OHARA-S-LAM54,"Sellmeier-1 (3-term, Zemax CD record)",,1.84213306,0.175468631,1.25750878,0.0094399322,0.0395281122,86.5463013,OHARA-AGF-2026-05-29,.agf CD coefficients; verify with catalog.,3.0,,,,
OHARA-S-LAM55,"Sellmeier-1 (3-term, Zemax CD record)",,1.85412979,0.165450323,1.27255422,0.0108438152,0.051405098,109.986837,OHARA-AGF-2026-05-29,.agf CD coefficients; verify with catalog.,3.0,,,,
OHARA-S-LAM58,"Sellmeier-1 (3-term, Zemax CD record)",,1.70984856,0.173342897,1.64833565,0.0100852127,0.0470890831,157.46852,OHARA-AGF-2026-05-29,.agf CD coefficients; verify with catalog.,3.0,,,,
OHARA-S-LAM59,"Sellmeier-1 (3-term, Zemax CD record)",,1.63056133,0.186994897,1.30014289,0.00899690705,0.0368011993,122.239544,OHARA-AGF-2026-05-29,.agf CD coefficients; verify with catalog.,3.0,,,,
OHARA-S-LAM60,"Sellmeier-1 (3-term, Zemax CD record)",,1.60673056,0.36641564,1.31761804,0.0077504614,0.0289967611,93.0720709,OHARA-AGF-2026-05-29,.agf CD coefficients; verify with catalog.,3.0,,,,
OHARA-S-LAM61,"Sellmeier-1 (3-term, Zemax CD record)",,1.7388333,0.15093743,1.12118445,0.00980244105,0.0433179685,101.214625,OHARA-AGF-2026-05-29,.agf CD coefficients; verify with catalog.,3.0,,,,
OHARA-S-LAM66,"Sellmeier-1 (3-term, Zemax CD record)",,1.92094221,0.219901208,1.72705231,0.0115075241,0.0547993543,120.133674,OHARA-AGF-2026-05-29,.agf CD coefficients; verify with catalog.,3.0,,,,
OHARA-S-LAM73,"Sellmeier-1 (3-term, Zemax CD record)",,1.86353123,0.255215617,1.23399133,0.0107620673,0.0487248679,117.12511,OHARA-AGF-2026-05-29,.agf CD coefficients; verify with catalog.,3.0,,,,
OHARA-S-NBH5,"Sellmeier-1 (3-term, Zemax CD record)",,1.47544521,0.193060095,1.5093901,0.0095583674,0.0460430483,126.422746,OHARA-AGF-2026-05-29,.agf CD coefficients; verify with catalog.,3.0,,,,
OHARA-S-NBH8,"Sellmeier-1 (3-term, Zemax CD record)",,1.61344136,0.257295888,1.98364455,0.0106386752,0.0487071624,159.784404,OHARA-AGF-2026-05-29,.agf CD coefficients; verify with catalog.,3.0,,,,
OHARA-S-NBH51,"Sellmeier-1 (3-term, Zemax CD record)",,1.71203689,0.255989588,1.81456998,0.0107724134,0.0488593504,136.359013,OHARA-AGF-2026-05-29,.agf CD coefficients; verify with catalog.,3.0,,,,
OHARA-S-NBH52,"Sellmeier-1 (3-term, Zemax CD record)",,1.50305799,0.221715926,1.84496391,0.00999021738,0.0450327698,163.722302,OHARA-AGF-2026-05-29,.agf CD coefficients; verify with catalog.,3.0,,,,
OHARA-S-NBH52V,"Sellmeier-1 (3-term, Zemax CD record)",,1.51336868,0.212341478,1.54149143,0.00987077827,0.0462843662,126.97851,OHARA-AGF-2026-05-29,.agf CD coefficients; verify with catalog.,3.0,,,,
OHARA-S-NBH53,"Sellmeier-1 (3-term, Zemax CD record)",,1.6582834,0.263275666,2.10142759,0.0113872516,0.0522108137,165.523649,OHARA-AGF-2026-05-29,.agf CD coefficients; verify with catalog.,3.0,,,,
OHARA-S-NBH53V,"Sellmeier-1 (3-term, Zemax CD record)",,1.65444141,0.267453927,2.14530347,0.0112485533,0.052027274,167.3661,OHARA-AGF-2026-05-29,.agf CD coefficients; verify with catalog.,3.0,,,,
OHARA-S-NBH55,"Sellmeier-1 (3-term, Zemax CD record)",,1.83145156,0.287818024,2.152083,0.0122443139,0.057387731,186.099124,OHARA-AGF-2026-05-29,.agf CD coefficients; verify with catalog.,3.0,,,,
OHARA-S-NBH56,"Sellmeier-1 (3-term, Zemax CD record)",,1.85191438,0.431102852,3.45278284,0.013273262,0.0585944644,239.357089,OHARA-AGF-2026-05-29,.agf CD coefficients; verify with catalog.,3.0,,,,
OHARA-S-NBH57,"Sellmeier-1 (3-term, Zemax CD record)",,1.92026488,0.37153524,2.55205704,0.0118468028,0.0532105472,204.5493,OHARA-AGF-2026-05-29,.agf CD coefficients; verify with catalog.,3.0,,,,
OHARA-S-NBM51,"Sellmeier-1 (3-term, Zemax CD record)",,1.37023101,0.177665568,1.30515471,0.00871920342,0.0405725552,112.703058,OHARA-AGF-2026-05-29,.agf CD coefficients; verify with catalog.,3.0,,,,
OHARA-S-NPH1,"Sellmeier-1 (3-term, Zemax CD record)",,1.75156623,0.364006304,2.47874141,0.0135004681,0.0668245147,170.756006,OHARA-AGF-2026-05-29,.agf CD coefficients; verify with catalog.,3.0,,,,
OHARA-S-NPH1W,"Sellmeier-1 (3-term, Zemax CD record)",,1.75156623,0.364006304,2.47874141,0.0135004681,0.0668245147,170.756006,OHARA-AGF-2026-05-29,.agf CD coefficients; verify with catalog.,3.0,,,,
OHARA-S-NPH2,"Sellmeier-1 (3-term, Zemax CD record)",,2.0386951,0.437269641,2.96711461,0.0170796224,0.0749254813,174.155354,OHARA-AGF-2026-05-29,.agf CD coefficients; verify with catalog.,3.0,,,,
OHARA-S-NPH3,"Sellmeier-1 (3-term, Zemax CD record)",,2.09834903,0.489088388,2.94009268,0.0179123869,0.0776653353,160.930428,OHARA-AGF-2026-05-29,.agf CD coefficients; verify with catalog.,3.0,,,,
OHARA-S-NPH4,"Sellmeier-1 (3-term, Zemax CD record)",,1.93563931,0.449596478,2.71828573,0.0152585289,0.0696815778,170.327149,OHARA-AGF-2026-05-29,.agf CD coefficients; verify with catalog.,3.0,,,,
OHARA-S-NPH5,"Sellmeier-1 (3-term, Zemax CD record)",,1.89108996,0.395220126,2.20492127,0.0141164499,0.0662834445,148.6807,OHARA-AGF-2026-05-29,.agf CD coefficients; verify with catalog.,3.0,,,,
OHARA-S-NPH53,"Sellmeier-1 (3-term, Zemax CD record)",,1.85484904,0.396194484,2.43512461,0.0134621486,0.0631945361,170.864886,OHARA-AGF-2026-05-29,.agf CD coefficients; verify with catalog.,3.0,,,,
OHARA-S-NSL2,"Sellmeier-1 (3-term, Zemax CD record)",,0.951239368,0.313094652,1.70928507,0.00513091895,0.0231960516,201.539573,OHARA-AGF-2026-05-29,.agf CD coefficients; verify with catalog.,3.0,,,,
OHARA-S-NSL3,"Sellmeier-1 (3-term, Zemax CD record)",,0.882514764,0.389271907,1.10693448,0.00464504582,0.0200551397,136.234339,OHARA-AGF-2026-05-29,.agf CD coefficients; verify with catalog.,3.0,,,,
OHARA-S-NSL5,"Sellmeier-1 (3-term, Zemax CD record)",,1.04574577,0.239613026,1.1590685,0.0058523228,0.0236858752,131.329061,OHARA-AGF-2026-05-29,.agf CD coefficients; verify with catalog.,3.0,,,,
OHARA-S-NSL36,"Sellmeier-1 (3-term, Zemax CD record)",,1.09666153,0.168990073,1.20580827,0.00667491123,0.033609545,141.668738,OHARA-AGF-2026-05-29,.agf CD coefficients; verify with catalog.,3.0,,,,
OHARA-S-PHM51,"Non-dispersable (3-term CD gives n(d)=1.87441 vs catalog 1.617001; not a Sellmeier fit) - archived, never evaluated",,2.5759016,0.013895937,-1.9680543e-06,-0.010553544,0.00026498331,1.0989977e-07,OHARA-AGF-2026-05-29,".agf CD coefficients; verify with catalog. term(s) 1,3 carry a non-positive B or C (permitted in multi-pole fits; the n(d) check is authoritative).",,,,,
OHARA-S-PHM52,"Sellmeier-1 (3-term, Zemax CD record)",,1.0996655,0.478125422,1.13214074,0.0132718559,-0.000601649685,130.595472,OHARA-AGF-2026-05-29,.agf CD coefficients; verify with catalog. term(s) 2 carry a non-positive B or C (permitted in multi-pole fits; the n(d) check is authoritative).,3.0,,,,
OHARA-S-PHM53,"Sellmeier-1 (3-term, Zemax CD record)",,1.09775423,0.434816432,1.13894976,0.01233694,-0.000372522903,124.276984,OHARA-AGF-2026-05-29,.agf CD coefficients; verify with catalog. term(s) 2 carry a non-positive B or C (permitted in multi-pole fits; the n(d) check is authoritative).,3.0,,,,
OHARA-S-TIH1,"Sellmeier-1 (3-term, Zemax CD record)",,1.60326759,0.242980935,1.81313592,0.0118019139,0.0591363658,161.218747,OHARA-AGF-2026-05-29,.agf CD coefficients; verify with catalog.,3.0,,,,
OHARA-S-TIH3,"Sellmeier-1 (3-term, Zemax CD record)",,1.64797648,0.267261917,2.19772845,0.0121917693,0.0597893039,192.15834,OHARA-AGF-2026-05-29,.agf CD coefficients; verify with catalog.,3.0,,,,
OHARA-S-TIH4,"Sellmeier-1 (3-term, Zemax CD record)",,1.66755531,0.294411865,2.49422119,0.0122052137,0.0597775329,214.869618,OHARA-AGF-2026-05-29,.agf CD coefficients; verify with catalog.,3.0,,,,
OHARA-S-TIH6,"Sellmeier-1 (3-term, Zemax CD record)",,1.77227611,0.34569125,2.40788501,0.0131182633,0.0614479619,200.753254,OHARA-AGF-2026-05-29,.agf CD coefficients; verify with catalog.,3.0,,,,
OHARA-S-TIH10,"Sellmeier-1 (3-term, Zemax CD record)",,1.61549392,0.262433239,2.09426189,0.0119830897,0.059651024,181.657554,OHARA-AGF-2026-05-29,.agf CD coefficients; verify with catalog.,3.0,,,,
OHARA-S-TIH11,"Sellmeier-1 (3-term, Zemax CD record)",,1.72677471,0.324568628,2.65816809,0.0129369958,0.0618255245,221.904637,OHARA-AGF-2026-05-29,.agf CD coefficients; verify with catalog.,3.0,,,,
OHARA-S-TIH13,"Sellmeier-1 (3-term, Zemax CD record)",,1.62224674,0.293844589,1.99225164,0.0118368386,0.0590208025,171.959976,OHARA-AGF-2026-05-29,.agf CD coefficients; verify with catalog.,3.0,,,,
OHARA-S-TIH14,"Sellmeier-1 (3-term, Zemax CD record)",,1.68915108,0.290462024,2.37971516,0.0128202514,0.0618090841,201.094352,OHARA-AGF-2026-05-29,.agf CD coefficients; verify with catalog.,3.0,,,,
OHARA-S-TIH18,"Sellmeier-1 (3-term, Zemax CD record)",,1.59921608,0.259532164,2.12454543,0.0116469304,0.0584824883,186.927779,OHARA-AGF-2026-05-29,.agf CD coefficients; verify with catalog.,3.0,,,,
OHARA-S-TIH20,"Sellmeier-1 (3-term, Zemax CD record)",,1.59255052,0.218805922,1.60254262,0.0119420495,0.0592770292,143.961778,OHARA-AGF-2026-05-29,.agf CD coefficients; verify with catalog.,3.0,,,,
OHARA-S-TIH23,"Sellmeier-1 (3-term, Zemax CD record)",,1.73986485,0.313894918,2.31093206,0.01294413,0.0612116868,197.420482,OHARA-AGF-2026-05-29,.agf CD coefficients; verify with catalog.,3.0,,,,
OHARA-S-TIH53,"Sellmeier-1 (3-term, Zemax CD record)",,1.87904886,0.369719775,2.33730863,0.014412177,0.063881799,182.66818,OHARA-AGF-2026-05-29,.agf CD coefficients; verify with catalog.,3.0,,,,
OHARA-S-TIH53WN,"Sellmeier-1 (3-term, Zemax CD record)",,1.87308069,0.376460262,2.37441773,0.0141364636,0.0636374877,184.8987,OHARA-AGF-2026-05-29,.agf CD coefficients; verify with catalog.,3.0,,,,
OHARA-S-TIH53W,"Sellmeier-1 (3-term, Zemax CD record)",,1.87904886,0.369719775,2.33730863,0.014412177,0.063881799,182.66818,OHARA-AGF-2026-05-29,.agf CD coefficients; verify with catalog.,3.0,,,,
OHARA-S-TIH57,"Sellmeier-1 (3-term, Zemax CD record)",,2.21103256,0.450346986,2.47746663,0.0142330268,0.0638573392,161.9376,OHARA-AGF-2026-05-29,.agf CD coefficients; verify with catalog.,3.0,,,,
OHARA-S-TIL1,"Sellmeier-1 (3-term, Zemax CD record)",,1.25088944,0.0997973327,1.20583504,0.00883921279,0.0482685052,137.414953,OHARA-AGF-2026-05-29,.agf CD coefficients; verify with catalog.,3.0,,,,
OHARA-S-TIL2,"Sellmeier-1 (3-term, Zemax CD record)",,1.23401499,0.0959796833,1.20503991,0.00869507801,0.0465611429,137.953301,OHARA-AGF-2026-05-29,.agf CD coefficients; verify with catalog.,3.0,,,,
OHARA-S-TIL6,"Sellmeier-1 (3-term, Zemax CD record)",,1.17701777,0.12795803,1.34740124,0.00771087686,0.0411325328,154.531692,OHARA-AGF-2026-05-29,.agf CD coefficients; verify with catalog.,3.0,,,,
OHARA-S-TIL25,"Sellmeier-1 (3-term, Zemax CD record)",,1.32122534,0.123824976,1.43685254,0.00952091436,0.0516062665,149.064883,OHARA-AGF-2026-05-29,.agf CD coefficients; verify with catalog.,3.0,,,,
OHARA-S-TIL26,"Sellmeier-1 (3-term, Zemax CD record)",,1.31066488,0.0941903094,1.23292644,0.00968897812,0.0527763106,133.296422,OHARA-AGF-2026-05-29,.agf CD coefficients; verify with catalog.,3.0,,,,
OHARA-S-TIL27,"Sellmeier-1 (3-term, Zemax CD record)",,1.31433154,0.112300168,1.413901,0.00950404477,0.0524112772,148.429972,OHARA-AGF-2026-05-29,.agf CD coefficients; verify with catalog.,3.0,,,,
OHARA-S-TIM1,"Sellmeier-1 (3-term, Zemax CD record)",,1.4496383,0.122986408,1.38066723,0.0112094282,0.059626577,138.178326,OHARA-AGF-2026-05-29,.agf CD coefficients; verify with catalog.,3.0,,,,
OHARA-S-TIM2,"Sellmeier-1 (3-term, Zemax CD record)",,1.42193846,0.133827968,1.45060574,0.0107291511,0.0572587546,145.381805,OHARA-AGF-2026-05-29,.agf CD coefficients; verify with catalog.,3.0,,,,
OHARA-S-TIM3,"Sellmeier-1 (3-term, Zemax CD record)",,1.40691144,0.128369745,1.51826191,0.0105633641,0.0568483105,152.107924,OHARA-AGF-2026-05-29,.agf CD coefficients; verify with catalog.,3.0,,,,
OHARA-S-TIM5,"Sellmeier-1 (3-term, Zemax CD record)",,1.38531342,0.122372945,1.40508326,0.0104074567,0.0557440088,144.878733,OHARA-AGF-2026-05-29,.agf CD coefficients; verify with catalog.,3.0,,,,
OHARA-S-TIM6,"Sellmeier-1 (3-term, Zemax CD record)",,1.41315067,0.1914654,1.68833255,0.00995172814,0.0527932739,168.804627,OHARA-AGF-2026-05-29,.agf CD coefficients; verify with catalog.,3.0,,,,
OHARA-S-TIM8,"Sellmeier-1 (3-term, Zemax CD record)",,1.37262713,0.112636276,1.39786421,0.0103220068,0.0550195044,147.735609,OHARA-AGF-2026-05-29,.agf CD coefficients; verify with catalog.,3.0,,,,
OHARA-S-TIM22,"Sellmeier-1 (3-term, Zemax CD record)",,1.44222294,0.194432265,1.74092482,0.0104249404,0.0550235257,169.710769,OHARA-AGF-2026-05-29,.agf CD coefficients; verify with catalog.,3.0,,,,
OHARA-S-TIM25,"Sellmeier-1 (3-term, Zemax CD record)",,1.50659233,0.204786135,1.92036668,0.0109501562,0.0574980285,178.128535,OHARA-AGF-2026-05-29,.agf CD coefficients; verify with catalog.,3.0,,,,
OHARA-S-TIM27,"Sellmeier-1 (3-term, Zemax CD record)",,1.4168047,0.196785057,1.68001322,0.0100732158,0.0537616908,164.672436,OHARA-AGF-2026-05-29,.agf CD coefficients; verify with catalog.,3.0,,,,
OHARA-S-TIM28,"Sellmeier-1 (3-term, Zemax CD record)",,1.5427081,0.217113891,1.81904459,0.0113925005,0.0579224572,167.697189,OHARA-AGF-2026-05-29,.agf CD coefficients; verify with catalog.,3.0,,,,
OHARA-S-TIM35,"Sellmeier-1 (3-term, Zemax CD record)",,1.55849775,0.230767007,1.84436099,0.0115367235,0.0586095947,162.981888,OHARA-AGF-2026-05-29,.agf CD coefficients; verify with catalog.,3.0,,,,
OHARA-S-TIM39,"Sellmeier-1 (3-term, Zemax CD record)",,1.47008105,0.224752746,2.44968592,0.0102900432,0.0541276904,237.43494,OHARA-AGF-2026-05-29,.agf CD coefficients; verify with catalog.,3.0,,,,
OHARA-S-YGH51,"Sellmeier-1 (3-term, Zemax CD record)",,1.0828017,0.933988681,1.32367286,0.018115636,0.00304157575,91.0353195,OHARA-AGF-2026-05-29,.agf CD coefficients; verify with catalog.,3.0,,,,
OHARA-S-YGH52,"Non-dispersable (3-term CD gives n(d)=2.00283 vs catalog 1.7865; not a Sellmeier fit) - archived, never evaluated",,3.1224406,0.023832255,-3.0563799e-05,-0.015600077,0.00072563954,2.0883401e-06,OHARA-AGF-2026-05-29,".agf CD coefficients; verify with catalog. term(s) 1,3 carry a non-positive B or C (permitted in multi-pole fits; the n(d) check is authoritative).",,,,,
OHARA-SSL2,"Non-dispersable (3-term CD gives n(d)=1.80293 vs catalog 1.529441; not a Sellmeier fit) - archived, never evaluated",,2.3006861,0.013878959,1.4393331e-05,-0.0098822575,0.00016341277,-9.3322118e-08,OHARA-AGF-2026-05-29,".agf CD coefficients; verify with catalog. term(s) 1,3 carry a non-positive B or C (permitted in multi-pole fits; the n(d) check is authoritative).",,,,,
OHARA-SSL5,"Non-dispersable (3-term CD gives n(d)=1.79516 vs catalog 1.521299; not a Sellmeier fit) - archived, never evaluated",,2.279329,0.012001392,-4.6205948e-05,-0.010732907,0.00058141137,2.9557679e-06,OHARA-AGF-2026-05-29,".agf CD coefficients; verify with catalog. term(s) 1,3 carry a non-positive B or C (permitted in multi-pole fits; the n(d) check is authoritative).",,,,,
OHARA-TIH6,"Non-dispersable (3-term CD gives n(d)=2.01279 vs catalog 1.805181; not a Sellmeier fit) - archived, never evaluated",,3.1200483,0.042416181,-0.00011907015,-0.012774901,0.0025526467,2.3448425e-05,OHARA-AGF-2026-05-29,".agf CD coefficients; verify with catalog. term(s) 1,3 carry a non-positive B or C (permitted in multi-pole fits; the n(d) check is authoritative).",,,,,
OHARA-TIH11,"Non-dispersable (3-term CD gives n(d)=1.99521 vs catalog 1.784723; not a Sellmeier fit) - archived, never evaluated",,3.0547581,0.039295435,-0.00017708961,-0.013301755,0.0028224343,2.6536608e-05,OHARA-AGF-2026-05-29,".agf CD coefficients; verify with catalog. term(s) 1,3 carry a non-positive B or C (permitted in multi-pole fits; the n(d) check is authoritative).",,,,,
OHARA-TIH14,"Non-dispersable (3-term CD gives n(d)=1.97754 vs catalog 1.761821; not a Sellmeier fit) - archived, never evaluated",,2.9828967,0.036731099,-0.00015569271,-0.013103151,0.0025467663,2.3553872e-05,OHARA-AGF-2026-05-29,".agf CD coefficients; verify with catalog. term(s) 1,3 carry a non-positive B or C (permitted in multi-pole fits; the n(d) check is authoritative).",,,,,
OHARA-TIH23,"Non-dispersable (3-term CD gives n(d)=1.99562 vs catalog 1.784696; not a Sellmeier fit) - archived, never evaluated",,3.0578382,0.038204824,-0.00019421032,-0.013332336,0.0028735627,2.6269529e-05,OHARA-AGF-2026-05-29,".agf CD coefficients; verify with catalog. term(s) 1,3 carry a non-positive B or C (permitted in multi-pole fits; the n(d) check is authoritative).",,,,,
OHARA-TIH53,"Non-dispersable (3-term CD gives n(d)=2.04179 vs catalog 1.846659; not a Sellmeier fit) - archived, never evaluated",,3.2534707,0.046505136,-0.00024194408,-0.014523589,0.0036159629,3.5879606e-05,OHARA-AGF-2026-05-29,".agf CD coefficients; verify with catalog. term(s) 1,3 carry a non-positive B or C (permitted in multi-pole fits; the n(d) check is authoritative).",,,,,
OHARA-TIM11,"Non-dispersable (3-term CD gives n(d)=1.86977 vs catalog 1.620955; not a Sellmeier fit) - archived, never evaluated",,2.5613591,0.020780357,-0.00011027477,-0.01200739,0.001425606,1.1477786e-05,OHARA-AGF-2026-05-29,".agf CD coefficients; verify with catalog. term(s) 1,3 carry a non-positive B or C (permitted in multi-pole fits; the n(d) check is authoritative).",,,,,
OHARA-TPH55,"Non-dispersable (3-term CD gives n(d)=1.96984 vs catalog 1.755502; not a Sellmeier fit) - archived, never evaluated",,2.9569821,0.037265687,-0.00020079792,-0.013856476,0.0029140249,2.945722e-05,OHARA-AGF-2026-05-29,".agf CD coefficients; verify with catalog. term(s) 1,3 carry a non-positive B or C (permitted in multi-pole fits; the n(d) check is authoritative).",,,,,
OHARA-YGH51,"Non-dispersable (3-term CD gives n(d)=1.97761 vs catalog 1.754998; not a Sellmeier fit) - archived, never evaluated",,3.0180334,0.021762822,-1.3760417e-05,-0.015399743,0.00053963162,9.9935993e-07,OHARA-AGF-2026-05-29,".agf CD coefficients; verify with catalog. term(s) 1,3 carry a non-positive B or C (permitted in multi-pole fits; the n(d) check is authoritative).",,,,,
OHARA-YGH52,"Non-dispersable (3-term CD gives n(d)=2.00283 vs catalog 1.7865; not a Sellmeier fit) - archived, never evaluated",,3.1224406,0.023832255,-3.0563799e-05,-0.015600077,0.00072563954,2.0883401e-06,OHARA-AGF-2026-05-29,".agf CD coefficients; verify with catalog. term(s) 1,3 carry a non-positive B or C (permitted in multi-pole fits; the n(d) check is authoritative).",,,,,
CDGM-H-QK1,"Non-dispersable (3-term CD gives n(d)=1.75765 vs catalog 1.47047; not a Sellmeier fit) - archived, never evaluated",,2.1387715,0.0086963487,-1.3684263e-05,-0.0096476122,0.00022877286,7.5994323e-07,CDGM-AGF-NZHAGEN-MIRROR,".agf CD coefficients; verify with catalog. term(s) 1,3 carry a non-positive B or C (permitted in multi-pole fits; the n(d) check is authoritative).",,,,,
CDGM-H-QK3,"Non-dispersable (3-term CD gives n(d)=1.77153 vs catalog 1.48746; not a Sellmeier fit) - archived, never evaluated",,2.1889024,0.0088081122,-9.3438567e-06,-0.0096265297,0.00019486918,5.3917929e-07,CDGM-AGF-NZHAGEN-MIRROR,".agf CD coefficients; verify with catalog. term(s) 1,3 carry a non-positive B or C (permitted in multi-pole fits; the n(d) check is authoritative).",,,,,
CDGM-H-QK3L,"Non-dispersable (3-term CD gives n(d)=1.77091 vs catalog 1.48749; not a Sellmeier fit) - archived, never evaluated",,2.1897438,0.0083877126,-2.364083e-05,-0.010059123,0.00030425715,1.114913e-06,CDGM-AGF-NZHAGEN-MIRROR,".agf CD coefficients; verify with catalog. term(s) 1,3 carry a non-positive B or C (permitted in multi-pole fits; the n(d) check is authoritative).",,,,,
CDGM-K4A,"Non-dispersable (3-term CD gives n(d)=1.79864 vs catalog 1.50802; not a Sellmeier fit) - archived, never evaluated",,2.2327899,0.017551661,0.00022482718,-0.0023935783,-0.001596414,-1.0648924e-05,CDGM-AGF-NZHAGEN-MIRROR,".agf CD coefficients; verify with catalog. term(s) 1,2,3 carry a non-positive B or C (permitted in multi-pole fits; the n(d) check is authoritative).",,,,,
CDGM-H-K5,"Non-dispersable (3-term CD gives n(d)=1.79021 vs catalog 1.51007; not a Sellmeier fit) - archived, never evaluated",,2.25018356,0.0114317829,3.49616695e-05,-0.00894066156,-7.33393278e-05,-1.80100775e-06,CDGM-AGF-NZHAGEN-MIRROR,".agf CD coefficients; verify with catalog. term(s) 1,2,3 carry a non-positive B or C (permitted in multi-pole fits; the n(d) check is authoritative).",,,,,
CDGM-H-K6,"Non-dispersable (3-term CD gives n(d)=1.79230 vs catalog 1.51112; not a Sellmeier fit) - archived, never evaluated",,2.2509531,0.012172917,4.1776164e-05,-0.0079769429,-9.9997916e-05,-2.0912623e-06,CDGM-AGF-NZHAGEN-MIRROR,".agf CD coefficients; verify with catalog. term(s) 1,2,3 carry a non-positive B or C (permitted in multi-pole fits; the n(d) check is authoritative).",,,,,
CDGM-H-K7,"Non-dispersable (3-term CD gives n(d)=1.79270 vs catalog 1.51478; not a Sellmeier fit) - archived, never evaluated",,2.2641803,0.010656469,-4.0547256e-05,-0.0095661709,0.00043032698,2.5301559e-06,CDGM-AGF-NZHAGEN-MIRROR,".agf CD coefficients; verify with catalog. term(s) 1,3 carry a non-positive B or C (permitted in multi-pole fits; the n(d) check is authoritative).",,,,,
CDGM-H-K9L,"Non-dispersable (3-term CD gives n(d)=1.79634 vs catalog 1.5168; not a Sellmeier fit) - archived, never evaluated",,2.2691511,0.012270445,4.8989821e-05,-0.0085158629,-0.00025168835,-2.0672665e-06,CDGM-AGF-NZHAGEN-MIRROR,".agf CD coefficients; verify with catalog. term(s) 1,2,3 carry a non-positive B or C (permitted in multi-pole fits; the n(d) check is authoritative).",,,,,
CDGM-H-K10,"Non-dispersable (3-term CD gives n(d)=1.79538 vs catalog 1.51818; not a Sellmeier fit) - archived, never evaluated",,2.2727128,0.011544745,-1.2655563e-05,-0.009503807,0.00026431553,1.0880762e-06,CDGM-AGF-NZHAGEN-MIRROR,".agf CD coefficients; verify with catalog. term(s) 1,3 carry a non-positive B or C (permitted in multi-pole fits; the n(d) check is authoritative).",,,,,
CDGM-H-K11,"Non-dispersable (3-term CD gives n(d)=1.80266 vs catalog 1.52638; not a Sellmeier fit) - archived, never evaluated",,2.2978431,0.011183452,-3.2954922e-05,-0.0091660266,0.00040719896,2.0295224e-06,CDGM-AGF-NZHAGEN-MIRROR,".agf CD coefficients; verify with catalog. term(s) 1,3 carry a non-positive B or C (permitted in multi-pole fits; the n(d) check is authoritative).",,,,,
CDGM-H-K50,"Non-dispersable (3-term CD gives n(d)=1.80134 vs catalog 1.52249; not a Sellmeier fit) - archived, never evaluated",,2.2834436,0.0130801119,6.15548619e-05,-0.00800379011,-0.000224166591,-2.94342401e-06,CDGM-AGF-NZHAGEN-MIRROR,".agf CD coefficients; verify with catalog. term(s) 1,2,3 carry a non-positive B or C (permitted in multi-pole fits; the n(d) check is authoritative).",,,,,
CDGM-H-K51,"Non-dispersable (3-term CD gives n(d)=1.80019 vs catalog 1.52307; not a Sellmeier fit) - archived, never evaluated",,2.28704699,0.0115278522,-7.93584686e-06,-0.00896946455,0.00030799622,2.91898123e-07,CDGM-AGF-NZHAGEN-MIRROR,".agf CD coefficients; verify with catalog. term(s) 1,3 carry a non-positive B or C (permitted in multi-pole fits; the n(d) check is authoritative).",,,,,
CDGM-H-BAK1,"Non-dispersable (3-term CD gives n(d)=1.80815 vs catalog 1.53028; not a Sellmeier fit) - archived, never evaluated",,2.3069229,0.012992952,4.0306108e-05,-0.007734393,-0.00011641965,-1.8340676e-06,CDGM-AGF-NZHAGEN-MIRROR,".agf CD coefficients; verify with catalog. term(s) 1,2,3 carry a non-positive B or C (permitted in multi-pole fits; the n(d) check is authoritative).",,,,,
CDGM-H-BAK2,"Non-dispersable (3-term CD gives n(d)=1.81569 vs catalog 1.53996; not a Sellmeier fit) - archived, never evaluated",,2.33527993,0.0135145071,4.61865579e-05,-0.0078806451,-0.000142281768,-2.07689693e-06,CDGM-AGF-NZHAGEN-MIRROR,".agf CD coefficients; verify with catalog. term(s) 1,2,3 carry a non-positive B or C (permitted in multi-pole fits; the n(d) check is authoritative).",,,,,
CDGM-H-BAK3,"Non-dispersable (3-term CD gives n(d)=1.81888 vs catalog 1.54678; not a Sellmeier fit) - archived, never evaluated",,2.35870163,0.0127948403,3.5627075e-05,-0.00950600467,-8.28951235e-05,-1.74142152e-06,CDGM-AGF-NZHAGEN-MIRROR,".agf CD coefficients; verify with catalog. term(s) 1,2,3 carry a non-positive B or C (permitted in multi-pole fits; the n(d) check is authoritative).",,,,,
CDGM-H-BAK4,"Non-dispersable (3-term CD gives n(d)=1.82222 vs catalog 1.55248; not a Sellmeier fit) - archived, never evaluated",,2.3778046,0.011699657,-2.0561405e-05,-0.01032123,0.00029335308,1.358266e-06,CDGM-AGF-NZHAGEN-MIRROR,".agf CD coefficients; verify with catalog. term(s) 1,3 carry a non-positive B or C (permitted in multi-pole fits; the n(d) check is authoritative).",,,,,
CDGM-H-BAK5,"Non-dispersable (3-term CD gives n(d)=1.83193 vs catalog 1.56069; not a Sellmeier fit) - archived, never evaluated",,2.39698774,0.0141635533,3.09378511e-05,-0.00814093911,-1.31826571e-05,-1.33359749e-06,CDGM-AGF-NZHAGEN-MIRROR,".agf CD coefficients; verify with catalog. term(s) 1,2,3 carry a non-positive B or C (permitted in multi-pole fits; the n(d) check is authoritative).",,,,,
CDGM-H-BAK6,"Non-dispersable (3-term CD gives n(d)=1.83696 vs catalog 1.56388; not a Sellmeier fit) - archived, never evaluated",,2.40421729,0.0171159715,0.000211469997,-0.00689279508,-0.00118980816,-1.18837301e-05,CDGM-AGF-NZHAGEN-MIRROR,".agf CD coefficients; verify with catalog. term(s) 1,2,3 carry a non-positive B or C (permitted in multi-pole fits; the n(d) check is authoritative).",,,,,
CDGM-H-BAK7,"Non-dispersable (3-term CD gives n(d)=1.83914 vs catalog 1.56883; not a Sellmeier fit) - archived, never evaluated",,2.41803544,0.0165596275,0.000106128523,-0.0076261289,-0.000521246254,-4.8581855e-06,CDGM-AGF-NZHAGEN-MIRROR,".agf CD coefficients; verify with catalog. term(s) 1,2,3 carry a non-positive B or C (permitted in multi-pole fits; the n(d) check is authoritative).",,,,,
CDGM-H-BAK8,"Non-dispersable (3-term CD gives n(d)=1.84048 vs catalog 1.5725; not a Sellmeier fit) - archived, never evaluated",,2.43343745,0.0139111043,1.02781404e-06,-0.00872725497,0.000238516088,1.01938839e-07,CDGM-AGF-NZHAGEN-MIRROR,.agf CD coefficients; verify with catalog. term(s) 1 carry a non-positive B or C (permitted in multi-pole fits; the n(d) check is authoritative).,,,,,
CDGM-H-ZK1,"Non-dispersable (3-term CD gives n(d)=1.83468 vs catalog 1.56888; not a Sellmeier fit) - archived, never evaluated",,2.4273402,0.012437975,-7.6715617e-06,-0.010813896,0.00022593135,6.5496402e-07,CDGM-AGF-NZHAGEN-MIRROR,".agf CD coefficients; verify with catalog. term(s) 1,3 carry a non-positive B or C (permitted in multi-pole fits; the n(d) check is authoritative).",,,,,
CDGM-H-ZK2,"Non-dispersable (3-term CD gives n(d)=1.84694 vs catalog 1.58313; not a Sellmeier fit) - archived, never evaluated",,2.46852235,0.0133916752,-1.21986536e-05,-0.0101871678,0.000329060714,6.59142401e-07,CDGM-AGF-NZHAGEN-MIRROR,".agf CD coefficients; verify with catalog. term(s) 1,3 carry a non-positive B or C (permitted in multi-pole fits; the n(d) check is authoritative).",,,,,
CDGM-H-ZK3,"Non-dispersable (3-term CD gives n(d)=1.85196 vs catalog 1.58913; not a Sellmeier fit) - archived, never evaluated",,2.48756428,0.0136903424,-7.79837784e-07,-0.0102181928,0.00019550571,2.40921699e-07,CDGM-AGF-NZHAGEN-MIRROR,".agf CD coefficients; verify with catalog. term(s) 1,3 carry a non-positive B or C (permitted in multi-pole fits; the n(d) check is authoritative).",,,,,
CDGM-H-ZK4,"Non-dispersable (3-term CD gives n(d)=1.87012 vs catalog 1.60881; not a Sellmeier fit) - archived, never evaluated",,2.54489747,0.0159113795,3.62073286e-05,-0.00883488409,-5.14042928e-05,-1.50010238e-06,CDGM-AGF-NZHAGEN-MIRROR,".agf CD coefficients; verify with catalog. term(s) 1,2,3 carry a non-positive B or C (permitted in multi-pole fits; the n(d) check is authoritative).",,,,,
CDGM-H-ZK5,"Non-dispersable (3-term CD gives n(d)=1.87694 vs catalog 1.61117; not a Sellmeier fit) - archived, never evaluated",,2.54498193,0.0196014743,0.000138354802,-0.00576275042,-0.000812786508,-6.16579204e-06,CDGM-AGF-NZHAGEN-MIRROR,".agf CD coefficients; verify with catalog. term(s) 1,2,3 carry a non-positive B or C (permitted in multi-pole fits; the n(d) check is authoritative).",,,,,
CDGM-H-ZK6,"Non-dispersable (3-term CD gives n(d)=1.87172 vs catalog 1.61272; not a Sellmeier fit) - archived, never evaluated",,2.5584621,0.015110495,1.1137249e-06,-0.0097457283,0.00023273333,1.6424767e-07,CDGM-AGF-NZHAGEN-MIRROR,.agf CD coefficients; verify with catalog. term(s) 1 carry a non-positive B or C (permitted in multi-pole fits; the n(d) check is authoritative).,,,,,
CDGM-H-ZK7,"Non-dispersable (3-term CD gives n(d)=1.87032 vs catalog 1.61309; not a Sellmeier fit) - archived, never evaluated",,2.562295578,0.0140997791,-2.416126805e-05,-0.01088447059,0.000379257039,1.416162143e-06,CDGM-AGF-NZHAGEN-MIRROR,".agf CD coefficients; verify with catalog. term(s) 1,3 carry a non-positive B or C (permitted in multi-pole fits; the n(d) check is authoritative).",,,,,
CDGM-H-ZK8,"Non-dispersable (3-term CD gives n(d)=1.87455 vs catalog 1.61405; not a Sellmeier fit) - archived, never evaluated",,2.5579346,0.017149278,4.8517375e-05,-0.0084619593,-6.8652282e-05,-2.0273592e-06,CDGM-AGF-NZHAGEN-MIRROR,".agf CD coefficients; verify with catalog. term(s) 1,2,3 carry a non-positive B or C (permitted in multi-pole fits; the n(d) check is authoritative).",,,,,
CDGM-H-ZK9A,"Non-dispersable (3-term CD gives n(d)=1.87586 vs catalog 1.62041; not a Sellmeier fit) - archived, never evaluated",,2.58407802,0.0154281597,2.77466467e-05,-0.0111281379,2.64033929e-05,-1.24493904e-06,CDGM-AGF-NZHAGEN-MIRROR,".agf CD coefficients; verify with catalog. term(s) 1,3 carry a non-positive B or C (permitted in multi-pole fits; the n(d) check is authoritative).",,,,,
CDGM-H-ZK10,"Non-dispersable (3-term CD gives n(d)=1.88096 vs catalog 1.6221; not a Sellmeier fit) - archived, never evaluated",,2.5840705,0.017569665,8.8794888e-05,-0.0087264109,-0.00030815451,-4.7409985e-06,CDGM-AGF-NZHAGEN-MIRROR,".agf CD coefficients; verify with catalog. term(s) 1,2,3 carry a non-positive B or C (permitted in multi-pole fits; the n(d) check is authoritative).",,,,,
CDGM-H-ZK10L,"Non-dispersable (3-term CD gives n(d)=1.86635 vs catalog 1.6228; not a Sellmeier fit) - archived, never evaluated",,2.5987875,0.011069609,-0.00010779203,-0.01767092,0.0013151858,4.5458961e-06,CDGM-AGF-NZHAGEN-MIRROR,".agf CD coefficients; verify with catalog. term(s) 1,3 carry a non-positive B or C (permitted in multi-pole fits; the n(d) check is authoritative).",,,,,
CDGM-H-ZK11,"Non-dispersable (3-term CD gives n(d)=1.89164 vs catalog 1.63854; not a Sellmeier fit) - archived, never evaluated",,2.6370236,0.017024722,7.4387689e-06,-0.010212072,0.00021432422,4.3580605e-07,CDGM-AGF-NZHAGEN-MIRROR,.agf CD coefficients; verify with catalog. term(s) 1 carry a non-positive B or C (permitted in multi-pole fits; the n(d) check is authoritative).,,,,,
CDGM-H-ZK14,"Non-dispersable (3-term CD gives n(d)=1.86331 vs catalog 1.60311; not a Sellmeier fit) - archived, never evaluated",,2.53022442,0.0142843974,-1.29976369e-05,-0.0101985443,0.000253350969,1.10420609e-06,CDGM-AGF-NZHAGEN-MIRROR,".agf CD coefficients; verify with catalog. term(s) 1,3 carry a non-positive B or C (permitted in multi-pole fits; the n(d) check is authoritative).",,,,,
CDGM-H-ZK20,"Non-dispersable (3-term CD gives n(d)=1.88016 vs catalog 1.6172; not a Sellmeier fit) - archived, never evaluated",,2.56416217,0.0191195924,0.000117796641,-0.00663710078,-0.000520583562,-5.72026705e-06,CDGM-AGF-NZHAGEN-MIRROR,".agf CD coefficients; verify with catalog. term(s) 1,2,3 carry a non-positive B or C (permitted in multi-pole fits; the n(d) check is authoritative).",,,,,
CDGM-H-ZK21,"Non-dispersable (3-term CD gives n(d)=1.87906 vs catalog 1.623; not a Sellmeier fit) - archived, never evaluated",,2.59019466,0.0158597885,8.97501936e-06,-0.0103261557,0.000158705075,-9.7736858e-08,CDGM-AGF-NZHAGEN-MIRROR,".agf CD coefficients; verify with catalog. term(s) 1,3 carry a non-positive B or C (permitted in multi-pole fits; the n(d) check is authoritative).",,,,,
CDGM-H-ZK50,"Non-dispersable (3-term CD gives n(d)=1.86871 vs catalog 1.60738; not a Sellmeier fit) - archived, never evaluated",,2.5395065,0.015691213,8.4796564e-06,-0.0088026103,0.00018518895,-7.0710768e-08,CDGM-AGF-NZHAGEN-MIRROR,".agf CD coefficients; verify with catalog. term(s) 1,3 carry a non-positive B or C (permitted in multi-pole fits; the n(d) check is authoritative).",,,,,
CDGM-H-LAK2,"Non-dispersable (3-term CD gives n(d)=1.93627 vs catalog 1.69211; not a Sellmeier fit) - archived, never evaluated",,2.80649709,0.0206002798,5.31011371e-05,-0.0098721975,-7.7242926e-05,-2.20930867e-06,CDGM-AGF-NZHAGEN-MIRROR,".agf CD coefficients; verify with catalog. term(s) 1,2,3 carry a non-positive B or C (permitted in multi-pole fits; the n(d) check is authoritative).",,,,,
CDGM-H-LAK3,"Non-dispersable (3-term CD gives n(d)=1.97651 vs catalog 1.74693; not a Sellmeier fit) - archived, never evaluated",,2.98365374,0.0255848948,0.000147648023,-0.0123163831,-0.000570810681,-7.54741056e-06,CDGM-AGF-NZHAGEN-MIRROR,".agf CD coefficients; verify with catalog. term(s) 1,2,3 carry a non-positive B or C (permitted in multi-pole fits; the n(d) check is authoritative).",,,,,
CDGM-H-LAK4L,"Non-dispersable (3-term CD gives n(d)=1.88657 vs catalog 1.64; not a Sellmeier fit) - archived, never evaluated",,2.6490884,0.014451135,-4.3447523e-05,-0.014159869,0.00052707873,2.4612971e-06,CDGM-AGF-NZHAGEN-MIRROR,".agf CD coefficients; verify with catalog. term(s) 1,3 carry a non-positive B or C (permitted in multi-pole fits; the n(d) check is authoritative).",,,,,
CDGM-H-LAK5A,"Non-dispersable (3-term CD gives n(d)=1.92247 vs catalog 1.6779; not a Sellmeier fit) - archived, never evaluated",,2.7634844,0.018246442,-1.7788655e-05,-0.011068339,0.00037697356,1.5314262e-06,CDGM-AGF-NZHAGEN-MIRROR,".agf CD coefficients; verify with catalog. term(s) 1,3 carry a non-positive B or C (permitted in multi-pole fits; the n(d) check is authoritative).",,,,,
CDGM-H-LAK6A,"Non-dispersable (3-term CD gives n(d)=1.92830 vs catalog 1.6935; not a Sellmeier fit) - archived, never evaluated",,2.81484052,0.0190209745,1.35687736e-05,-0.0147823622,0.000336628211,-5.85525604e-07,CDGM-AGF-NZHAGEN-MIRROR,".agf CD coefficients; verify with catalog. term(s) 1,3 carry a non-positive B or C (permitted in multi-pole fits; the n(d) check is authoritative).",,,,,
CDGM-H-LAK7,"Non-dispersable (3-term CD gives n(d)=1.94684 vs catalog 1.713; not a Sellmeier fit) - archived, never evaluated",,2.8771202,0.0206984093,1.17468934e-05,-0.013423512,0.00019708661,2.10784545e-07,CDGM-AGF-NZHAGEN-MIRROR,.agf CD coefficients; verify with catalog. term(s) 1 carry a non-positive B or C (permitted in multi-pole fits; the n(d) check is authoritative).,,,,,
CDGM-H-LAK8A,"Non-dispersable (3-term CD gives n(d)=1.95511 vs catalog 1.72; not a Sellmeier fit) - archived, never evaluated",,2.8951998,0.022126485,-7.9808302e-06,-0.011701218,0.00038494791,1.5035116e-06,CDGM-AGF-NZHAGEN-MIRROR,".agf CD coefficients; verify with catalog. term(s) 1,3 carry a non-positive B or C (permitted in multi-pole fits; the n(d) check is authoritative).",,,,,
CDGM-H-LAK10,"Non-dispersable (3-term CD gives n(d)=1.90371 vs catalog 1.65113; not a Sellmeier fit) - archived, never evaluated",,2.67519359,0.018891795,7.29098315e-05,-0.00927946143,-0.000239296657,-3.36344313e-06,CDGM-AGF-NZHAGEN-MIRROR,".agf CD coefficients; verify with catalog. term(s) 1,2,3 carry a non-positive B or C (permitted in multi-pole fits; the n(d) check is authoritative).",,,,,
CDGM-H-LAK11,"Non-dispersable (3-term CD gives n(d)=1.91424 vs catalog 1.66461; not a Sellmeier fit) - archived, never evaluated",,2.71757958,0.0196309871,8.48314788e-05,-0.00952801665,-0.000237384298,-4.09640039e-06,CDGM-AGF-NZHAGEN-MIRROR,".agf CD coefficients; verify with catalog. term(s) 1,2,3 carry a non-positive B or C (permitted in multi-pole fits; the n(d) check is authoritative).",,,,,
CDGM-H-LAK12,"Non-dispersable (3-term CD gives n(d)=1.93350 vs catalog 1.6968; not a Sellmeier fit) - archived, never evaluated",,2.826737737,0.01904742125,8.811930521e-06,-0.01363357254,0.0002046855091,-2.159378613e-08,CDGM-AGF-NZHAGEN-MIRROR,".agf CD coefficients; verify with catalog. term(s) 1,3 carry a non-positive B or C (permitted in multi-pole fits; the n(d) check is authoritative).",,,,,
CDGM-H-LAK50A,"Non-dispersable (3-term CD gives n(d)=1.89675 vs catalog 1.6516; not a Sellmeier fit) - archived, never evaluated",,2.68411905,0.0156617129,-8.02343758e-06,-0.013655729,0.00038271126,1.71633677e-07,CDGM-AGF-NZHAGEN-MIRROR,".agf CD coefficients; verify with catalog. term(s) 1,3 carry a non-positive B or C (permitted in multi-pole fits; the n(d) check is authoritative).",,,,,
CDGM-H-LAK51,"Non-dispersable (3-term CD gives n(d)=1.93469 vs catalog 1.6968; not a Sellmeier fit) - archived, never evaluated",,2.82434961,0.0205531358,7.22186765e-05,-0.0129257614,-0.000216532399,-3.3192395e-06,CDGM-AGF-NZHAGEN-MIRROR,".agf CD coefficients; verify with catalog. term(s) 1,2,3 carry a non-positive B or C (permitted in multi-pole fits; the n(d) check is authoritative).",,,,,
CDGM-H-LAK52,"Non-dispersable (3-term CD gives n(d)=1.96258 vs catalog 1.72916; not a Sellmeier fit) - archived, never evaluated",,2.92799279,0.0239216813,0.000147071309,-0.0122458967,-0.000731304876,-6.91523554e-06,CDGM-AGF-NZHAGEN-MIRROR,".agf CD coefficients; verify with catalog. term(s) 1,2,3 carry a non-positive B or C (permitted in multi-pole fits; the n(d) check is authoritative).",,,,,
CDGM-H-LAK53A,"Non-dispersable (3-term CD gives n(d)=1.97763 vs catalog 1.755; not a Sellmeier fit) - archived, never evaluated",,3.0182184,0.021520137,-3.2355748e-05,-0.015381633,0.00064608303,2.0791593e-06,CDGM-AGF-NZHAGEN-MIRROR,".agf CD coefficients; verify with catalog. term(s) 1,3 carry a non-positive B or C (permitted in multi-pole fits; the n(d) check is authoritative).",,,,,
CDGM-H-LAK54,"Non-dispersable (3-term CD gives n(d)=1.96116 vs catalog 1.734; not a Sellmeier fit) - archived, never evaluated",,2.9466133,0.020753291,-4.178079e-05,-0.014813612,0.00071087608,2.5896668e-06,CDGM-AGF-NZHAGEN-MIRROR,".agf CD coefficients; verify with catalog. term(s) 1,3 carry a non-positive B or C (permitted in multi-pole fits; the n(d) check is authoritative).",,,,,
CDGM-H-LAK59,"Non-dispersable (3-term CD gives n(d)=1.96115 vs catalog 1.691; not a Sellmeier fit) - archived, never evaluated",,2.7821195,0.032299384,0.00043583685,0.0038698879,-0.0031791589,-2.06224134e-05,CDGM-AGF-NZHAGEN-MIRROR,".agf CD coefficients; verify with catalog. term(s) 2,3 carry a non-positive B or C (permitted in multi-pole fits; the n(d) check is authoritative).",,,,,
CDGM-H-LAK61,"Non-dispersable (3-term CD gives n(d)=1.96927 vs catalog 1.741; not a Sellmeier fit) - archived, never evaluated",,2.96883578,0.0224806873,3.52478352e-05,-0.0137037464,0.00013022706,-1.34827056e-06,CDGM-AGF-NZHAGEN-MIRROR,".agf CD coefficients; verify with catalog. term(s) 1,3 carry a non-positive B or C (permitted in multi-pole fits; the n(d) check is authoritative).",,,,,
CDGM-H-LAK67,"Non-dispersable (3-term CD gives n(d)=1.90616 vs catalog 1.67; not a Sellmeier fit) - archived, never evaluated",,2.7410828,0.015866919,-7.7131038e-05,-0.016285022,0.0010819231,4.033333e-06,CDGM-AGF-NZHAGEN-MIRROR,".agf CD coefficients; verify with catalog. term(s) 1,3 carry a non-positive B or C (permitted in multi-pole fits; the n(d) check is authoritative).",,,,,
CDGM-H-KF6,"Non-dispersable (3-term CD gives n(d)=1.79417 vs catalog 1.51742; not a Sellmeier fit) - archived, never evaluated",,2.2668912,0.012174195,-3.3573414e-05,-0.0093866212,0.0005076903,2.9059013e-06,CDGM-AGF-NZHAGEN-MIRROR,".agf CD coefficients; verify with catalog. term(s) 1,3 carry a non-positive B or C (permitted in multi-pole fits; the n(d) check is authoritative).",,,,,
CDGM-H-FK61,"Non-dispersable (3-term CD gives n(d)=1.78737 vs catalog 1.497; not a Sellmeier fit) - archived, never evaluated",,2.21684419,0.00894134262,1.46376888e-05,-0.00491618203,-4.29956244e-05,-5.58732728e-07,CDGM-AGF-NZHAGEN-MIRROR,".agf CD coefficients; verify with catalog. term(s) 1,2,3 carry a non-positive B or C (permitted in multi-pole fits; the n(d) check is authoritative).",,,,,
CDGM-QF1,"Non-dispersable (3-term CD gives n(d)=1.81905 vs catalog 1.54811; not a Sellmeier fit) - archived, never evaluated",,2.3504951,0.016092857,4.2149581e-05,-0.0086857021,0.00018705912,-1.3216062e-06,CDGM-AGF-NZHAGEN-MIRROR,".agf CD coefficients; verify with catalog. term(s) 1,3 carry a non-positive B or C (permitted in multi-pole fits; the n(d) check is authoritative).",,,,,
CDGM-H-QF1,"Non-dispersable (3-term CD gives n(d)=1.81635 vs catalog 1.54814; not a Sellmeier fit) - archived, never evaluated",,2.3534484,0.014097325,-6.998197e-05,-0.010330438,0.00087167875,5.7867359e-06,CDGM-AGF-NZHAGEN-MIRROR,".agf CD coefficients; verify with catalog. term(s) 1,3 carry a non-positive B or C (permitted in multi-pole fits; the n(d) check is authoritative).",,,,,
CDGM-H-QF3,"Non-dispersable (3-term CD gives n(d)=1.84636 vs catalog 1.57501; not a Sellmeier fit) - archived, never evaluated",,2.4193743,0.022419774,0.00013399035,-0.0047498975,-0.00059927986,-3.4032195e-06,CDGM-AGF-NZHAGEN-MIRROR,".agf CD coefficients; verify with catalog. term(s) 1,2,3 carry a non-positive B or C (permitted in multi-pole fits; the n(d) check is authoritative).",,,,,
CDGM-QF3,"Non-dispersable (3-term CD gives n(d)=1.84093 vs catalog 1.57502; not a Sellmeier fit) - archived, never evaluated",,2.4245509,0.019149892,1.3941882e-05,-0.0079714057,0.00035505098,1.705772e-06,CDGM-AGF-NZHAGEN-MIRROR,.agf CD coefficients; verify with catalog. term(s) 1 carry a non-positive B or C (permitted in multi-pole fits; the n(d) check is authoritative).,,,,,
CDGM-QF5,"Non-dispersable (3-term CD gives n(d)=1.84889 vs catalog 1.58215; not a Sellmeier fit) - archived, never evaluated",,2.4440594,0.021425387,0.00012195244,-0.0067974631,-0.00038544649,-4.2162236e-06,CDGM-AGF-NZHAGEN-MIRROR,".agf CD coefficients; verify with catalog. term(s) 1,2,3 carry a non-positive B or C (permitted in multi-pole fits; the n(d) check is authoritative).",,,,,
CDGM-QF6,"Non-dispersable (3-term CD gives n(d)=1.80674 vs catalog 1.53172; not a Sellmeier fit) - archived, never evaluated",,2.3044884,0.014424342,-4.4657456e-06,-0.0083782321,0.00033374311,1.3349929e-06,CDGM-AGF-NZHAGEN-MIRROR,".agf CD coefficients; verify with catalog. term(s) 1,3 carry a non-positive B or C (permitted in multi-pole fits; the n(d) check is authoritative).",,,,,
CDGM-H-QF6,"Non-dispersable (3-term CD gives n(d)=1.80692 vs catalog 1.53172; not a Sellmeier fit) - archived, never evaluated",,2.30395705,0.0152484566,6.75378326e-05,-0.00833663423,-6.04568365e-05,-2.96716532e-06,CDGM-AGF-NZHAGEN-MIRROR,".agf CD coefficients; verify with catalog. term(s) 1,2,3 carry a non-positive B or C (permitted in multi-pole fits; the n(d) check is authoritative).",,,,,
CDGM-QF8,"Non-dispersable (3-term CD gives n(d)=1.81457 vs catalog 1.54072; not a Sellmeier fit) - archived, never evaluated",,2.3287431,0.015763854,1.8002892e-05,-0.00786798,0.00019794235,3.6533474e-07,CDGM-AGF-NZHAGEN-MIRROR,.agf CD coefficients; verify with catalog. term(s) 1 carry a non-positive B or C (permitted in multi-pole fits; the n(d) check is authoritative).,,,,,
CDGM-H-QF8,"Non-dispersable (3-term CD gives n(d)=1.81495 vs catalog 1.54072; not a Sellmeier fit) - archived, never evaluated",,2.32749417,0.017076264,9.60375308e-05,-0.007674586,-0.000306358071,-3.46437878e-06,CDGM-AGF-NZHAGEN-MIRROR,".agf CD coefficients; verify with catalog. term(s) 1,2,3 carry a non-positive B or C (permitted in multi-pole fits; the n(d) check is authoritative).",,,,,
CDGM-H-QF14,"Non-dispersable (3-term CD gives n(d)=1.85329 vs catalog 1.59551; not a Sellmeier fit) - archived, never evaluated",,2.4866561,0.019287414,-5.0937106e-05,-0.010188484,0.00088553737,6.4256956e-06,CDGM-AGF-NZHAGEN-MIRROR,".agf CD coefficients; verify with catalog. term(s) 1,3 carry a non-positive B or C (permitted in multi-pole fits; the n(d) check is authoritative).",,,,,
CDGM-QF50,"Non-dispersable (3-term CD gives n(d)=1.84643 vs catalog 1.58144; not a Sellmeier fit) - archived, never evaluated",,2.4427964,0.0201147743,5.32738337e-05,-0.00775720479,0.000157059447,-6.98910829e-07,CDGM-AGF-NZHAGEN-MIRROR,".agf CD coefficients; verify with catalog. term(s) 1,3 carry a non-positive B or C (permitted in multi-pole fits; the n(d) check is authoritative).",,,,,
CDGM-H-QF50,"Non-dispersable (3-term CD gives n(d)=1.84531 vs catalog 1.58144; not a Sellmeier fit) - archived, never evaluated",,2.4428684,0.0203441269,4.98702495e-05,-0.00841381873,9.75838885e-05,5.79179246e-07,CDGM-AGF-NZHAGEN-MIRROR,.agf CD coefficients; verify with catalog. term(s) 1 carry a non-positive B or C (permitted in multi-pole fits; the n(d) check is authoritative).,,,,,
CDGM-H-QF56,"Non-dispersable (3-term CD gives n(d)=1.83494 vs catalog 1.56732; not a Sellmeier fit) - archived, never evaluated",,2.40328466,0.0184329597,2.53994549e-05,-0.00804722369,0.000226193934,1.3251137e-06,CDGM-AGF-NZHAGEN-MIRROR,.agf CD coefficients; verify with catalog. term(s) 1 carry a non-positive B or C (permitted in multi-pole fits; the n(d) check is authoritative).,,,,,
CDGM-H-F1,"Non-dispersable (3-term CD gives n(d)=1.86090 vs catalog 1.60342; not a Sellmeier fit) - archived, never evaluated",,2.50656956,0.021861508,1.69302544e-05,-0.00926894171,0.000431237321,3.4236134e-06,CDGM-AGF-NZHAGEN-MIRROR,.agf CD coefficients; verify with catalog. term(s) 1 carry a non-positive B or C (permitted in multi-pole fits; the n(d) check is authoritative).,,,,,
CDGM-F1,"Non-dispersable (3-term CD gives n(d)=1.86326 vs catalog 1.60342; not a Sellmeier fit) - archived, never evaluated",,2.5059651,0.021574214,-9.5194606e-07,-0.0078686119,0.00059867966,2.9024858e-06,CDGM-AGF-NZHAGEN-MIRROR,".agf CD coefficients; verify with catalog. term(s) 1,3 carry a non-positive B or C (permitted in multi-pole fits; the n(d) check is authoritative).",,,,,
CDGM-H-F2,"Non-dispersable (3-term CD gives n(d)=1.86604 vs catalog 1.61293; not a Sellmeier fit) - archived, never evaluated",,2.5360648,0.021518011,-4.3936258e-05,-0.01059228,0.00087655888,7.5438308e-06,CDGM-AGF-NZHAGEN-MIRROR,".agf CD coefficients; verify with catalog. term(s) 1,3 carry a non-positive B or C (permitted in multi-pole fits; the n(d) check is authoritative).",,,,,
CDGM-F2,"Non-dispersable (3-term CD gives n(d)=1.87093 vs catalog 1.61293; not a Sellmeier fit) - archived, never evaluated",,2.53265982,0.0231731432,3.78046829e-05,-0.00773825354,0.000409362855,1.03464346e-06,CDGM-AGF-NZHAGEN-MIRROR,.agf CD coefficients; verify with catalog. term(s) 1 carry a non-positive B or C (permitted in multi-pole fits; the n(d) check is authoritative).,,,,,
CDGM-F3,"Non-dispersable (3-term CD gives n(d)=1.87271 vs catalog 1.61659; not a Sellmeier fit) - archived, never evaluated",,2.54428229,0.0228231808,1.04294821e-06,-0.00835307611,0.000670214922,3.03297376e-06,CDGM-AGF-NZHAGEN-MIRROR,.agf CD coefficients; verify with catalog. term(s) 1 carry a non-positive B or C (permitted in multi-pole fits; the n(d) check is authoritative).,,,,,
CDGM-F4,"Non-dispersable (3-term CD gives n(d)=1.87338 vs catalog 1.62005; not a Sellmeier fit) - archived, never evaluated",,2.5564435,0.02195072,-3.9758963e-05,-0.0095602169,0.0010014378,5.4421828e-06,CDGM-AGF-NZHAGEN-MIRROR,".agf CD coefficients; verify with catalog. term(s) 1,3 carry a non-positive B or C (permitted in multi-pole fits; the n(d) check is authoritative).",,,,,
CDGM-H-F4,"Non-dispersable (3-term CD gives n(d)=1.86725 vs catalog 1.62005; not a Sellmeier fit) - archived, never evaluated",,2.56216381,0.0181084716,-0.000264961402,-0.0130775362,0.00231573055,2.07458046e-05,CDGM-AGF-NZHAGEN-MIRROR,".agf CD coefficients; verify with catalog. term(s) 1,3 carry a non-positive B or C (permitted in multi-pole fits; the n(d) check is authoritative).",,,,,
CDGM-F5,"Non-dispersable (3-term CD gives n(d)=1.82562 vs catalog 1.62435; not a Sellmeier fit) - archived, never evaluated",,2.61111515,0.000868794072,-0.00064469317,-0.0412209821,0.00626320119,3.17873516e-05,CDGM-AGF-NZHAGEN-MIRROR,".agf CD coefficients; verify with catalog. term(s) 1,3 carry a non-positive B or C (permitted in multi-pole fits; the n(d) check is authoritative).",,,,,
CDGM-F6,"Non-dispersable (3-term CD gives n(d)=1.87824 vs catalog 1.62495; not a Sellmeier fit) - archived, never evaluated",,2.5692578,0.022973981,-3.7054661e-05,-0.0088888959,0.00098048851,5.8507483e-06,CDGM-AGF-NZHAGEN-MIRROR,".agf CD coefficients; verify with catalog. term(s) 1,3 carry a non-positive B or C (permitted in multi-pole fits; the n(d) check is authoritative).",,,,,
CDGM-F7,"Non-dispersable (3-term CD gives n(d)=1.88805 vs catalog 1.63636; not a Sellmeier fit) - archived, never evaluated",,2.6032009,0.024355029,-7.4683204e-06,-0.0085462941,0.00080373204,4.3943389e-06,CDGM-AGF-NZHAGEN-MIRROR,".agf CD coefficients; verify with catalog. term(s) 1,3 carry a non-positive B or C (permitted in multi-pole fits; the n(d) check is authoritative).",,,,,
CDGM-F13,"Non-dispersable (3-term CD gives n(d)=1.87946 vs catalog 1.62588; not a Sellmeier fit) - archived, never evaluated",,2.5717965,0.023303415,-2.6659155e-05,-0.0086353707,0.00088799875,5.2349063e-06,CDGM-AGF-NZHAGEN-MIRROR,".agf CD coefficients; verify with catalog. term(s) 1,3 carry a non-positive B or C (permitted in multi-pole fits; the n(d) check is authoritative).",,,,,
CDGM-H-F13,"Non-dispersable (3-term CD gives n(d)=1.87847 vs catalog 1.62588; not a Sellmeier fit) - archived, never evaluated",,2.57016399,0.0256258559,0.000120086571,-0.00927948027,-5.72485798e-05,-1.72844835e-06,CDGM-AGF-NZHAGEN-MIRROR,".agf CD coefficients; verify with catalog. term(s) 1,2,3 carry a non-positive B or C (permitted in multi-pole fits; the n(d) check is authoritative).",,,,,
CDGM-H-F51,"Non-dispersable (3-term CD gives n(d)=1.86466 vs catalog 1.6398; not a Sellmeier fit) - archived, never evaluated",,2.6334392,0.013503973,-0.0004141067,-0.023786997,0.0039049789,2.7097419e-05,CDGM-AGF-NZHAGEN-MIRROR,".agf CD coefficients; verify with catalog. term(s) 1,3 carry a non-positive B or C (permitted in multi-pole fits; the n(d) check is authoritative).",,,,,
CDGM-BAF2,"Non-dispersable (3-term CD gives n(d)=1.83914 vs catalog 1.5697; not a Sellmeier fit) - archived, never evaluated",,2.41667247,0.0168668464,5.159926024e-05,-0.00746725517,-1.29697272e-05,-1.81803614e-06,CDGM-AGF-NZHAGEN-MIRROR,".agf CD coefficients; verify with catalog. term(s) 1,2,3 carry a non-positive B or C (permitted in multi-pole fits; the n(d) check is authoritative).",,,,,
CDGM-BAF3,"Non-dispersable (3-term CD gives n(d)=1.84494 vs catalog 1.5796; not a Sellmeier fit) - archived, never evaluated",,2.4533945,0.014211471,-3.2362906e-05,-0.0092170291,0.00052262954,2.1397007e-06,CDGM-AGF-NZHAGEN-MIRROR,".agf CD coefficients; verify with catalog. term(s) 1,3 carry a non-positive B or C (permitted in multi-pole fits; the n(d) check is authoritative).",,,,,
CDGM-BAF4,"Non-dispersable (3-term CD gives n(d)=1.85083 vs catalog 1.58271; not a Sellmeier fit) - archived, never evaluated",,2.451472,0.019377342,0.00010174985,-0.0065118879,-0.00030637647,-3.9270356e-06,CDGM-AGF-NZHAGEN-MIRROR,".agf CD coefficients; verify with catalog. term(s) 1,2,3 carry a non-positive B or C (permitted in multi-pole fits; the n(d) check is authoritative).",,,,,
CDGM-BAF5,"Non-dispersable (3-term CD gives n(d)=1.86586 vs catalog 1.60562; not a Sellmeier fit) - archived, never evaluated",,2.52216221,0.0186334008,-1.12806453e-05,-0.00832442891,0.000582653358,2.08955914e-06,CDGM-AGF-NZHAGEN-MIRROR,".agf CD coefficients; verify with catalog. term(s) 1,3 carry a non-positive B or C (permitted in multi-pole fits; the n(d) check is authoritative).",,,,,
CDGM-BAF6,"Non-dispersable (3-term CD gives n(d)=1.86949 vs catalog 1.60801; not a Sellmeier fit) - archived, never evaluated",,2.5302155,0.019460977,4.7154385e-05,-0.0076369172,7.9936292e-05,-8.474266e-07,CDGM-AGF-NZHAGEN-MIRROR,".agf CD coefficients; verify with catalog. term(s) 1,3 carry a non-positive B or C (permitted in multi-pole fits; the n(d) check is authoritative).",,,,,
CDGM-BAF7,"Non-dispersable (3-term CD gives n(d)=1.87116 vs catalog 1.61413; not a Sellmeier fit) - archived, never evaluated",,2.5436416,0.020049192,-4.9734473e-05,-0.0086925216,0.00089795352,5.3556e-06,CDGM-AGF-NZHAGEN-MIRROR,".agf CD coefficients; verify with catalog. term(s) 1,3 carry a non-positive B or C (permitted in multi-pole fits; the n(d) check is authoritative).",,,,,
CDGM-BAF8,"Non-dispersable (3-term CD gives n(d)=1.88109 vs catalog 1.62604; not a Sellmeier fit) - archived, never evaluated",,2.5784699,0.021241617,-5.0535003e-05,-0.0083970051,0.00091997664,5.8153012e-06,CDGM-AGF-NZHAGEN-MIRROR,".agf CD coefficients; verify with catalog. term(s) 1,3 carry a non-positive B or C (permitted in multi-pole fits; the n(d) check is authoritative).",,,,,
CDGM-ZBAF1,"Non-dispersable (3-term CD gives n(d)=1.88024 vs catalog 1.62231; not a Sellmeier fit) - archived, never evaluated",,2.5835857,0.016695868,-8.6297573e-06,-0.0089093372,0.00037304559,1.0908659e-06,CDGM-AGF-NZHAGEN-MIRROR,".agf CD coefficients; verify with catalog. term(s) 1,3 carry a non-positive B or C (permitted in multi-pole fits; the n(d) check is authoritative).",,,,,
CDGM-H-ZBAF1,"Non-dispersable (3-term CD gives n(d)=1.88264 vs catalog 1.6223; not a Sellmeier fit) - archived, never evaluated",,2.57943,0.0201786053,0.000178126935,-0.00757753047,-0.000845832798,-9.19232657e-06,CDGM-AGF-NZHAGEN-MIRROR,".agf CD coefficients; verify with catalog. term(s) 1,2,3 carry a non-positive B or C (permitted in multi-pole fits; the n(d) check is authoritative).",,,,,
CDGM-ZBAF2,"Non-dispersable (3-term CD gives n(d)=1.89385 vs catalog 1.63962; not a Sellmeier fit) - archived, never evaluated",,2.6324147,0.019124302,-1.7473295e-05,-0.0087251762,0.00044859331,2.8601145e-06,CDGM-AGF-NZHAGEN-MIRROR,".agf CD coefficients; verify with catalog. term(s) 1,3 carry a non-positive B or C (permitted in multi-pole fits; the n(d) check is authoritative).",,,,,
CDGM-H-ZBAF3,"Non-dispersable (3-term CD gives n(d)=1.91560 vs catalog 1.65691; not a Sellmeier fit) - archived, never evaluated",,2.6855889,0.02126763,6.1914488e-05,-0.004875103,-0.00018102233,-1.9483564e-06,CDGM-AGF-NZHAGEN-MIRROR,".agf CD coefficients; verify with catalog. term(s) 1,2,3 carry a non-positive B or C (permitted in multi-pole fits; the n(d) check is authoritative).",,,,,
CDGM-ZBAF4,"Non-dispersable (3-term CD gives n(d)=1.90993 vs catalog 1.66426; not a Sellmeier fit) - archived, never evaluated",,2.69172919,0.0249456215,-5.98788269e-05,-0.00906362523,0.00117700418,7.37039649e-06,CDGM-AGF-NZHAGEN-MIRROR,".agf CD coefficients; verify with catalog. term(s) 1,3 carry a non-positive B or C (permitted in multi-pole fits; the n(d) check is authoritative).",,,,,
CDGM-H-ZBAF5,"Non-dispersable (3-term CD gives n(d)=1.92085 vs catalog 1.67103; not a Sellmeier fit) - archived, never evaluated",,2.728215103,0.02327977777,0.0001176762575,-0.00801785321,-0.0003668970211,-4.643814739e-06,CDGM-AGF-NZHAGEN-MIRROR,".agf CD coefficients; verify with catalog. term(s) 1,2,3 carry a non-positive B or C (permitted in multi-pole fits; the n(d) check is authoritative).",,,,,
CDGM-H-ZBAF16,"Non-dispersable (3-term CD gives n(d)=1.91752 vs catalog 1.66672; not a Sellmeier fit) - archived, never evaluated",,2.716340504,0.02206735851,7.670322277e-05,-0.008008481135,-0.0001432117742,-2.713383031e-06,CDGM-AGF-NZHAGEN-MIRROR,".agf CD coefficients; verify with catalog. term(s) 1,2,3 carry a non-positive B or C (permitted in multi-pole fits; the n(d) check is authoritative).",,,,,
CDGM-H-ZBAF20,"Non-dispersable (3-term CD gives n(d)=1.94071 vs catalog 1.70154; not a Sellmeier fit) - archived, never evaluated",,2.82081937,0.0255084629,5.02565379e-05,-0.0100823647,0.00032956767,6.00432403e-07,CDGM-AGF-NZHAGEN-MIRROR,.agf CD coefficients; verify with catalog. term(s) 1 carry a non-positive B or C (permitted in multi-pole fits; the n(d) check is authoritative).,,,,,
CDGM-H-ZBAF21,"Non-dispersable (3-term CD gives n(d)=1.95852 vs catalog 1.72341; not a Sellmeier fit) - archived, never evaluated",,2.88488353,0.029172134,5.7628195e-05,-0.00963959047,0.000302410773,2.46415353e-06,CDGM-AGF-NZHAGEN-MIRROR,.agf CD coefficients; verify with catalog. term(s) 1 carry a non-positive B or C (permitted in multi-pole fits; the n(d) check is authoritative).,,,,,
CDGM-H-ZBAF50,"Non-dispersable (3-term CD gives n(d)=1.91004 vs catalog 1.65844; not a Sellmeier fit) - archived, never evaluated",,2.6934245,0.02049645,6.2709747e-05,-0.008637014,-9.3205453e-05,-2.0834652e-06,CDGM-AGF-NZHAGEN-MIRROR,".agf CD coefficients; verify with catalog. term(s) 1,2,3 carry a non-positive B or C (permitted in multi-pole fits; the n(d) check is authoritative).",,,,,
CDGM-H-ZBAF52,"Non-dispersable (3-term CD gives n(d)=1.91197 vs catalog 1.67003; not a Sellmeier fit) - archived, never evaluated",,2.7324621,0.018562334,-6.8388552e-05,-0.01249046,0.00099990536,4.9257931e-06,CDGM-AGF-NZHAGEN-MIRROR,".agf CD coefficients; verify with catalog. term(s) 1,3 carry a non-positive B or C (permitted in multi-pole fits; the n(d) check is authoritative).",,,,,
CDGM-ZF1,"Non-dispersable (3-term CD gives n(d)=1.89619 vs catalog 1.64769; not a Sellmeier fit) - archived, never evaluated",,2.6356161,0.025644781,-1.8304798e-05,-0.008839642,0.00096522374,5.5563517e-06,CDGM-AGF-NZHAGEN-MIRROR,".agf CD coefficients; verify with catalog. term(s) 1,3 carry a non-positive B or C (permitted in multi-pole fits; the n(d) check is authoritative).",,,,,
CDGM-H-ZF1,"Non-dispersable (3-term CD gives n(d)=1.89465 vs catalog 1.64769; not a Sellmeier fit) - archived, never evaluated",,2.636187002,0.02555026231,-4.252190396e-05,-0.009703414599,0.001006104067,9.063753849e-06,CDGM-AGF-NZHAGEN-MIRROR,".agf CD coefficients; verify with catalog. term(s) 1,3 carry a non-positive B or C (permitted in multi-pole fits; the n(d) check is authoritative).",,,,,
CDGM-ZF2,"Non-dispersable (3-term CD gives n(d)=1.91745 vs catalog 1.6727; not a Sellmeier fit) - archived, never evaluated",,2.70820441,0.0292224783,-6.6862056e-07,-0.00794171159,0.000884931615,5.65902766e-06,CDGM-AGF-NZHAGEN-MIRROR,".agf CD coefficients; verify with catalog. term(s) 1,3 carry a non-positive B or C (permitted in multi-pole fits; the n(d) check is authoritative).",,,,,
CDGM-H-ZF2,"Non-dispersable (3-term CD gives n(d)=1.91606 vs catalog 1.6727; not a Sellmeier fit) - archived, never evaluated",,2.70748536,0.030735315,8.93430086e-05,-0.00876853099,0.000240155352,3.65229043e-06,CDGM-AGF-NZHAGEN-MIRROR,.agf CD coefficients; verify with catalog. term(s) 1 carry a non-positive B or C (permitted in multi-pole fits; the n(d) check is authoritative).,,,,,
CDGM-ZF3,"Non-dispersable (3-term CD gives n(d)=1.94794 vs catalog 1.71736; not a Sellmeier fit) - archived, never evaluated",,2.8475852,0.030945093,-0.00013104012,-0.010508828,0.002136964,1.4242887e-05,CDGM-AGF-NZHAGEN-MIRROR,".agf CD coefficients; verify with catalog. term(s) 1,3 carry a non-positive B or C (permitted in multi-pole fits; the n(d) check is authoritative).",,,,,
CDGM-H-ZF3,"Non-dispersable (3-term CD gives n(d)=1.93483 vs catalog 1.71736; not a Sellmeier fit) - archived, never evaluated",,2.85722177,0.0259634053,-0.000319318567,-0.0177283648,0.0034434958,2.68269122e-05,CDGM-AGF-NZHAGEN-MIRROR,".agf CD coefficients; verify with catalog. term(s) 1,3 carry a non-positive B or C (permitted in multi-pole fits; the n(d) check is authoritative).",,,,,
CDGM-ZF4,"Non-dispersable (3-term CD gives n(d)=1.94222 vs catalog 1.72825; not a Sellmeier fit) - archived, never evaluated",,2.89234898,0.0230094722,-0.000698154951,-0.0179339416,0.00563906172,5.25289979e-05,CDGM-AGF-NZHAGEN-MIRROR,".agf CD coefficients; verify with catalog. term(s) 1,3 carry a non-positive B or C (permitted in multi-pole fits; the n(d) check is authoritative).",,,,,
CDGM-H-ZF4,"Non-dispersable (3-term CD gives n(d)=1.93797 vs catalog 1.72825; not a Sellmeier fit) - archived, never evaluated",,2.89736611,0.0192897433,-0.000885314059,-0.0202389817,0.00687325393,6.30794431e-05,CDGM-AGF-NZHAGEN-MIRROR,".agf CD coefficients; verify with catalog. term(s) 1,3 carry a non-positive B or C (permitted in multi-pole fits; the n(d) check is authoritative).",,,,,
CDGM-ZF5,"Non-dispersable (3-term CD gives n(d)=1.96583 vs catalog 1.74; not a Sellmeier fit) - archived, never evaluated",,2.9160432,0.033907872,-0.00013563213,-0.010435647,0.0022728802,1.6527592e-05,CDGM-AGF-NZHAGEN-MIRROR,".agf CD coefficients; verify with catalog. term(s) 1,3 carry a non-positive B or C (permitted in multi-pole fits; the n(d) check is authoritative).",,,,,
CDGM-H-ZF5,"Non-dispersable (3-term CD gives n(d)=1.96560 vs catalog 1.74; not a Sellmeier fit) - archived, never evaluated",,2.91358387,0.0366349235,-3.4696778e-05,-0.0105930316,0.00134643008,1.5917092e-05,CDGM-AGF-NZHAGEN-MIRROR,".agf CD coefficients; verify with catalog. term(s) 1,3 carry a non-positive B or C (permitted in multi-pole fits; the n(d) check is authoritative).",,,,,
CDGM-ZF6,"Non-dispersable (3-term CD gives n(d)=1.97786 vs catalog 1.7552; not a Sellmeier fit) - archived, never evaluated",,2.96285995,0.0356441238,-0.000149615893,-0.0104077823,0.00245699205,1.77827751e-05,CDGM-AGF-NZHAGEN-MIRROR,".agf CD coefficients; verify with catalog. term(s) 1,3 carry a non-positive B or C (permitted in multi-pole fits; the n(d) check is authoritative).",,,,,
CDGM-H-ZF6,"Non-dispersable (3-term CD gives n(d)=1.96199 vs catalog 1.7552; not a Sellmeier fit) - archived, never evaluated",,2.97759601,0.0256077224,-0.000705314282,-0.0187703401,0.0058044496,5.49723957e-05,CDGM-AGF-NZHAGEN-MIRROR,".agf CD coefficients; verify with catalog. term(s) 1,3 carry a non-positive B or C (permitted in multi-pole fits; the n(d) check is authoritative).",,,,,
CDGM-ZF7L,"Non-dispersable (3-term CD gives n(d)=2.01860 vs catalog 1.80518; not a Sellmeier fit) - archived, never evaluated",,3.11724527,0.0431752564,-0.00011739974,-0.00977958678,0.00252279577,2.07881157e-05,CDGM-AGF-NZHAGEN-MIRROR,".agf CD coefficients; verify with catalog. term(s) 1,3 carry a non-positive B or C (permitted in multi-pole fits; the n(d) check is authoritative).",,,,,
CDGM-H-ZF7LA,"Non-dispersable (3-term CD gives n(d)=1.99998 vs catalog 1.80518; not a Sellmeier fit) - archived, never evaluated",,3.13531527,0.0304617831,-0.000784061193,-0.0192617809,0.00673093853,6.19148837e-05,CDGM-AGF-NZHAGEN-MIRROR,".agf CD coefficients; verify with catalog. term(s) 1,3 carry a non-positive B or C (permitted in multi-pole fits; the n(d) check is authoritative).",,,,,
CDGM-ZF8,"Non-dispersable (3-term CD gives n(d)=1.90112 vs catalog 1.65446; not a Sellmeier fit) - archived, never evaluated",,2.6567173,0.025815197,-4.1066817e-05,-0.0091117044,0.0011203564,6.9242011e-06,CDGM-AGF-NZHAGEN-MIRROR,".agf CD coefficients; verify with catalog. term(s) 1,3 carry a non-positive B or C (permitted in multi-pole fits; the n(d) check is authoritative).",,,,,
CDGM-ZF10,"Non-dispersable (3-term CD gives n(d)=1.92796 vs catalog 1.68893; not a Sellmeier fit) - archived, never evaluated",,2.75929053,0.0293164338,-7.05223488e-05,-0.00920455833,0.00148740799,9.9538848e-06,CDGM-AGF-NZHAGEN-MIRROR,".agf CD coefficients; verify with catalog. term(s) 1,3 carry a non-positive B or C (permitted in multi-pole fits; the n(d) check is authoritative).",,,,,
CDGM-H-ZF10,"Non-dispersable (3-term CD gives n(d)=1.92427 vs catalog 1.68893; not a Sellmeier fit) - archived, never evaluated",,2.7617586,0.028221737,-0.00012127053,-0.011254039,0.0017540315,1.5522384e-05,CDGM-AGF-NZHAGEN-MIRROR,".agf CD coefficients; verify with catalog. term(s) 1,3 carry a non-positive B or C (permitted in multi-pole fits; the n(d) check is authoritative).",,,,,
CDGM-ZF11,"Non-dispersable (3-term CD gives n(d)=1.93295 vs catalog 1.69895; not a Sellmeier fit) - archived, never evaluated",,2.7906689,0.029071854,-0.00015815625,-0.010644977,0.0021286607,1.7145247e-05,CDGM-AGF-NZHAGEN-MIRROR,".agf CD coefficients; verify with catalog. term(s) 1,3 carry a non-positive B or C (permitted in multi-pole fits; the n(d) check is authoritative).",,,,,
CDGM-H-ZF11,"Non-dispersable (3-term CD gives n(d)=1.92994 vs catalog 1.69894; not a Sellmeier fit) - archived, never evaluated",,2.7919943,0.02880274,-0.00016932119,-0.012311206,0.0021430059,1.9741766e-05,CDGM-AGF-NZHAGEN-MIRROR,".agf CD coefficients; verify with catalog. term(s) 1,3 carry a non-positive B or C (permitted in multi-pole fits; the n(d) check is authoritative).",,,,,
CDGM-ZF12,"Non-dispersable (3-term CD gives n(d)=1.97060 vs catalog 1.76182; not a Sellmeier fit) - archived, never evaluated",,2.99506991,0.0256701429,-0.000837476647,-0.0165672521,0.00670445128,6.26402774e-05,CDGM-AGF-NZHAGEN-MIRROR,".agf CD coefficients; verify with catalog. term(s) 1,3 carry a non-positive B or C (permitted in multi-pole fits; the n(d) check is authoritative).",,,,,
CDGM-H-ZF12,"Non-dispersable (3-term CD gives n(d)=1.97277 vs catalog 1.76182; not a Sellmeier fit) - archived, never evaluated",,2.98833616,0.0325585737,-0.000423585266,-0.01558083,0.00407634444,4.04422209e-05,CDGM-AGF-NZHAGEN-MIRROR,".agf CD coefficients; verify with catalog. term(s) 1,3 carry a non-positive B or C (permitted in multi-pole fits; the n(d) check is authoritative).",,,,,
CDGM-ZF13,"Non-dispersable (3-term CD gives n(d)=1.99255 vs catalog 1.78472; not a Sellmeier fit) - archived, never evaluated",,3.06161235,0.0328146593,-0.000560505494,-0.0145895142,0.00523989954,4.64234125e-05,CDGM-AGF-NZHAGEN-MIRROR,".agf CD coefficients; verify with catalog. term(s) 1,3 carry a non-positive B or C (permitted in multi-pole fits; the n(d) check is authoritative).",,,,,
CDGM-H-ZF13,"Non-dispersable (3-term CD gives n(d)=1.99621 vs catalog 1.78472; not a Sellmeier fit) - archived, never evaluated",,3.05277067,0.0408555842,-0.000141815373,-0.0127719815,0.00239682584,2.66867497e-05,CDGM-AGF-NZHAGEN-MIRROR,".agf CD coefficients; verify with catalog. term(s) 1,3 carry a non-positive B or C (permitted in multi-pole fits; the n(d) check is authoritative).",,,,,
CDGM-ZF50,"Non-dispersable (3-term CD gives n(d)=1.96112 vs catalog 1.74077; not a Sellmeier fit) - archived, never evaluated",,2.9228084,0.029540007,-0.00044721542,-0.013029549,0.0041308365,3.7137603e-05,CDGM-AGF-NZHAGEN-MIRROR,".agf CD coefficients; verify with catalog. term(s) 1,3 carry a non-positive B or C (permitted in multi-pole fits; the n(d) check is authoritative).",,,,,
CDGM-H-ZF50,"Non-dispersable (3-term CD gives n(d)=1.96007 vs catalog 1.74077; not a Sellmeier fit) - archived, never evaluated",,2.9205906,0.03256776,-0.00024277107,-0.013681618,0.0028725519,2.6614514e-05,CDGM-AGF-NZHAGEN-MIRROR,".agf CD coefficients; verify with catalog. term(s) 1,3 carry a non-positive B or C (permitted in multi-pole fits; the n(d) check is authoritative).",,,,,
CDGM-ZF51,"Non-dispersable (3-term CD gives n(d)=1.99412 vs catalog 1.7847; not a Sellmeier fit) - archived, never evaluated",,3.06187076,0.032985222,-0.000538606629,-0.0138733563,0.00507141578,4.36089245e-05,CDGM-AGF-NZHAGEN-MIRROR,".agf CD coefficients; verify with catalog. term(s) 1,3 carry a non-positive B or C (permitted in multi-pole fits; the n(d) check is authoritative).",,,,,
CDGM-ZF52,"Non-dispersable (3-term CD gives n(d)=2.05542 vs catalog 1.84666; not a Sellmeier fit) - archived, never evaluated",,3.242645,0.0533808621,7.22194744e-05,-0.00779545833,0.00151154152,1.6602659e-05,CDGM-AGF-NZHAGEN-MIRROR,.agf CD coefficients; verify with catalog. term(s) 1 carry a non-positive B or C (permitted in multi-pole fits; the n(d) check is authoritative).,,,,,
CDGM-H-ZF52A,"Non-dispersable (3-term CD gives n(d)=2.04057 vs catalog 1.84666; not a Sellmeier fit) - archived, never evaluated",,3.25476627,0.0450121953,-0.000396216563,-0.0150595848,0.00435872144,4.67953204e-05,CDGM-AGF-NZHAGEN-MIRROR,".agf CD coefficients; verify with catalog. term(s) 1,3 carry a non-positive B or C (permitted in multi-pole fits; the n(d) check is authoritative).",,,,,
CDGM-H-LAF2,"Non-dispersable (3-term CD gives n(d)=1.96339 vs catalog 1.717; not a Sellmeier fit) - archived, never evaluated",,2.872229267,0.02924217517,0.0002525252513,-0.005708835593,-0.001461153244,-1.086724088e-05,CDGM-AGF-NZHAGEN-MIRROR,".agf CD coefficients; verify with catalog. term(s) 1,2,3 carry a non-positive B or C (permitted in multi-pole fits; the n(d) check is authoritative).",,,,,
CDGM-H-LAF3A,"Non-dispersable (3-term CD gives n(d)=1.97667 vs catalog 1.744; not a Sellmeier fit) - archived, never evaluated",,2.96661549,0.0255321262,1.11210303e-05,-0.010181181,0.000496197305,7.71218853e-07,CDGM-AGF-NZHAGEN-MIRROR,.agf CD coefficients; verify with catalog. term(s) 1 carry a non-positive B or C (permitted in multi-pole fits; the n(d) check is authoritative).,,,,,
CDGM-H-LAF4,"Non-dispersable (3-term CD gives n(d)=1.97110 vs catalog 1.7495; not a Sellmeier fit) - archived, never evaluated",,2.9679939,0.030300794,-4.4824019e-05,-0.013679779,0.0012266553,7.2105225e-06,CDGM-AGF-NZHAGEN-MIRROR,".agf CD coefficients; verify with catalog. term(s) 1,3 carry a non-positive B or C (permitted in multi-pole fits; the n(d) check is authoritative).",,,,,
CDGM-H-LAFL5,"Non-dispersable (3-term CD gives n(d)=1.98016 vs catalog 1.75367; not a Sellmeier fit) - archived, never evaluated",,2.98452959,0.0309775151,4.82383023e-05,-0.0112966796,0.000431829146,2.94612279e-06,CDGM-AGF-NZHAGEN-MIRROR,.agf CD coefficients; verify with catalog. term(s) 1 carry a non-positive B or C (permitted in multi-pole fits; the n(d) check is authoritative).,,,,,
CDGM-H-LAF6LA,"Non-dispersable (3-term CD gives n(d)=1.98158 vs catalog 1.757; not a Sellmeier fit) - archived, never evaluated",,3.0170177,0.024142489,-1.2146589e-05,-0.013625149,0.00059520693,1.4445534e-06,CDGM-AGF-NZHAGEN-MIRROR,".agf CD coefficients; verify with catalog. term(s) 1,3 carry a non-positive B or C (permitted in multi-pole fits; the n(d) check is authoritative).",,,,,
CDGM-H-LAF7,"Non-dispersable (3-term CD gives n(d)=2.00175 vs catalog 1.78179; not a Sellmeier fit) - archived, never evaluated",,3.0798693,0.0313371888,-1.3379864e-05,-0.0120988227,0.000985836878,5.4990762e-06,CDGM-AGF-NZHAGEN-MIRROR,".agf CD coefficients; verify with catalog. term(s) 1,3 carry a non-positive B or C (permitted in multi-pole fits; the n(d) check is authoritative).",,,,,
CDGM-H-LAF10L,"Non-dispersable (3-term CD gives n(d)=2.00910 vs catalog 1.788; not a Sellmeier fit) - archived, never evaluated",,3.11780019,0.0290522246,0.000120456443,-0.0126800881,-0.000386439451,-4.47024461e-06,CDGM-AGF-NZHAGEN-MIRROR,".agf CD coefficients; verify with catalog. term(s) 1,2,3 carry a non-positive B or C (permitted in multi-pole fits; the n(d) check is authoritative).",,,,,
CDGM-H-LAF50A,"Non-dispersable (3-term CD gives n(d)=2.00385 vs catalog 1.7725; not a Sellmeier fit) - archived, never evaluated",,3.06081412,0.0327882763,0.000425126244,-0.00907538398,-0.00233198133,-2.3389117e-05,CDGM-AGF-NZHAGEN-MIRROR,".agf CD coefficients; verify with catalog. term(s) 1,2,3 carry a non-positive B or C (permitted in multi-pole fits; the n(d) check is authoritative).",,,,,
CDGM-H-LAF52,"Non-dispersable (3-term CD gives n(d)=2.00475 vs catalog 1.7859; not a Sellmeier fit) - archived, never evaluated",,3.10868845,0.027901619,3.20811469e-05,-0.0135809895,0.000460094924,-2.81458925e-07,CDGM-AGF-NZHAGEN-MIRROR,".agf CD coefficients; verify with catalog. term(s) 1,3 carry a non-positive B or C (permitted in multi-pole fits; the n(d) check is authoritative).",,,,,
CDGM-H-LAF53,"Non-dispersable (3-term CD gives n(d)=1.97570 vs catalog 1.7433; not a Sellmeier fit) - archived, never evaluated",,2.96765171,0.0265455309,0.000124492897,-0.0109098989,-0.000515952248,-5.16337751e-06,CDGM-AGF-NZHAGEN-MIRROR,".agf CD coefficients; verify with catalog. term(s) 1,2,3 carry a non-positive B or C (permitted in multi-pole fits; the n(d) check is authoritative).",,,,,
CDGM-H-LAF54,"Non-dispersable (3-term CD gives n(d)=2.02231 vs catalog 1.79952; not a Sellmeier fit) - archived, never evaluated",,3.14470202,0.0343096974,0.000217008428,-0.010105906,-0.000833127912,-8.70147899e-06,CDGM-AGF-NZHAGEN-MIRROR,".agf CD coefficients; verify with catalog. term(s) 1,2,3 carry a non-positive B or C (permitted in multi-pole fits; the n(d) check is authoritative).",,,,,
CDGM-H-LAF62,"Non-dispersable (3-term CD gives n(d)=1.95433 vs catalog 1.72; not a Sellmeier fit) - archived, never evaluated",,2.8876161,0.023462066,-3.9372724e-05,-0.011322406,0.00087915578,4.4353174e-06,CDGM-AGF-NZHAGEN-MIRROR,".agf CD coefficients; verify with catalog. term(s) 1,3 carry a non-positive B or C (permitted in multi-pole fits; the n(d) check is authoritative).",,,,,
CDGM-H-ZLAF3,"Non-dispersable (3-term CD gives n(d)=2.05852 vs catalog 1.85544; not a Sellmeier fit) - archived, never evaluated",,3.33260614,0.0366299952,-3.17481272e-06,-0.0142217301,0.00102037909,5.76556277e-06,CDGM-AGF-NZHAGEN-MIRROR,".agf CD coefficients; verify with catalog. term(s) 1,3 carry a non-positive B or C (permitted in multi-pole fits; the n(d) check is authoritative).",,,,,
CDGM-H-ZLAF50B,"Non-dispersable (3-term CD gives n(d)=2.02416 vs catalog 1.804; not a Sellmeier fit) - archived, never evaluated",,3.16959244,0.0311821557,0.000134821502,-0.0116729202,-0.000520191137,-4.87443232e-06,CDGM-AGF-NZHAGEN-MIRROR,".agf CD coefficients; verify with catalog. term(s) 1,2,3 carry a non-positive B or C (permitted in multi-pole fits; the n(d) check is authoritative).",,,,,
CDGM-H-ZLAF51,"Non-dispersable (3-term CD gives n(d)=2.01927 vs catalog 1.8045; not a Sellmeier fit) - archived, never evaluated",,3.1633746,0.031133309,2.9980499e-06,-0.01327628,0.0008352338,2.5568853e-06,CDGM-AGF-NZHAGEN-MIRROR,.agf CD coefficients; verify with catalog. term(s) 1 carry a non-positive B or C (permitted in multi-pole fits; the n(d) check is authoritative).,,,,,
CDGM-H-ZLAF52,"Non-dispersable (3-term CD gives n(d)=2.02276 vs catalog 1.8061; not a Sellmeier fit) - archived, never evaluated",,3.16943454,0.0322101116,8.90652926e-05,-0.0124379117,0.000181456299,-1.91933145e-06,CDGM-AGF-NZHAGEN-MIRROR,".agf CD coefficients; verify with catalog. term(s) 1,3 carry a non-positive B or C (permitted in multi-pole fits; the n(d) check is authoritative).",,,,,
CDGM-H-ZLAF53A,"Non-dispersable (3-term CD gives n(d)=2.04436 vs catalog 1.834; not a Sellmeier fit) - archived, never evaluated",,3.25747145,0.0357243434,3.64233822e-05,-0.0125117838,0.000698242025,2.67847606e-06,CDGM-AGF-NZHAGEN-MIRROR,.agf CD coefficients; verify with catalog. term(s) 1 carry a non-positive B or C (permitted in multi-pole fits; the n(d) check is authoritative).,,,,,
CDGM-H-ZLAF55A,"Non-dispersable (3-term CD gives n(d)=2.03415 vs catalog 1.83481; not a Sellmeier fit) - archived, never evaluated",,3.2808637,0.028540621,-5.2847729e-05,-0.019066608,0.0012586912,4.2263573e-06,CDGM-AGF-NZHAGEN-MIRROR,".agf CD coefficients; verify with catalog. term(s) 1,3 carry a non-positive B or C (permitted in multi-pole fits; the n(d) check is authoritative).",,,,,
CDGM-H-ZLAF56A,"Non-dispersable (3-term CD gives n(d)=2.01781 vs catalog 1.8061; not a Sellmeier fit) - archived, never evaluated",,3.1540011,0.034103312,-0.00010807332,-0.013256753,0.0018472167,1.2975901e-05,CDGM-AGF-NZHAGEN-MIRROR,".agf CD coefficients; verify with catalog. term(s) 1,3 carry a non-positive B or C (permitted in multi-pole fits; the n(d) check is authoritative).",,,,,
CDGM-H-ZLAF66,"Non-dispersable (3-term CD gives n(d)=2.02247 vs catalog 1.801; not a Sellmeier fit) - archived, never evaluated",,3.1328858,0.038534276,0.0001472628,-0.0091815181,-0.00015369762,-1.1427587e-07,CDGM-AGF-NZHAGEN-MIRROR,".agf CD coefficients; verify with catalog. term(s) 1,2,3 carry a non-positive B or C (permitted in multi-pole fits; the n(d) check is authoritative).",,,,,
CDGM-H-ZLAF76,"Non-dispersable (3-term CD gives n(d)=2.04455 vs catalog 1.85014; not a Sellmeier fit) - archived, never evaluated",,3.29759774,0.0386912114,-0.00020390322,-0.0171679311,0.00268188761,2.43325022e-05,CDGM-AGF-NZHAGEN-MIRROR,".agf CD coefficients; verify with catalog. term(s) 1,3 carry a non-positive B or C (permitted in multi-pole fits; the n(d) check is authoritative).",,,,,
CDGM-H-ZLAF78,"Non-dispersable (3-term CD gives n(d)=2.09339 vs catalog 1.90069; not a Sellmeier fit) - archived, never evaluated",,3.49816118,0.0361056873,-0.000220468438,-0.0156844537,0.00229980282,1.9358934e-05,CDGM-AGF-NZHAGEN-MIRROR,".agf CD coefficients; verify with catalog. term(s) 1,3 carry a non-positive B or C (permitted in multi-pole fits; the n(d) check is authoritative).",,,,,
CDGM-D-K9L,"Non-dispersable (3-term CD gives n(d)=1.79527 vs catalog 1.5168; not a Sellmeier fit) - archived, never evaluated",,2.2702566,0.011609706,2.8558727e-05,-0.0091988101,-7.6123911e-05,-1.2566486e-06,CDGM-AGF-NZHAGEN-MIRROR,".agf CD coefficients; verify with catalog. term(s) 1,2,3 carry a non-positive B or C (permitted in multi-pole fits; the n(d) check is authoritative).",,,,,
CDGM-D-LAF79,"Non-dispersable (3-term CD gives n(d)=1.95288 vs catalog 1.73077; not a Sellmeier fit) - archived, never evaluated",,2.9216709,0.024564777,-3.3184678e-05,-0.016405602,0.0010630152,4.2899849e-06,CDGM-AGF-NZHAGEN-MIRROR,".agf CD coefficients; verify with catalog. term(s) 1,3 carry a non-positive B or C (permitted in multi-pole fits; the n(d) check is authoritative).",,,,,
CDGM-D-LAF82L,"Non-dispersable (3-term CD gives n(d)=1.96842 vs catalog 1.73485; not a Sellmeier fit) - archived, never evaluated",,2.9384022,0.026895091,0.00016294737,-0.011000275,-0.00074423432,-7.3175367e-06,CDGM-AGF-NZHAGEN-MIRROR,".agf CD coefficients; verify with catalog. term(s) 1,2,3 carry a non-positive B or C (permitted in multi-pole fits; the n(d) check is authoritative).",,,,,
CDGM-D-ZK2,"Non-dispersable (3-term CD gives n(d)=1.84647 vs catalog 1.58313; not a Sellmeier fit) - archived, never evaluated",,2.46827466,0.01366454,-4.77558494e-06,-0.0104485861,0.000255364655,3.20543262e-07,CDGM-AGF-NZHAGEN-MIRROR,".agf CD coefficients; verify with catalog. term(s) 1,3 carry a non-positive B or C (permitted in multi-pole fits; the n(d) check is authoritative).",,,,,
CDGM-D-ZK3,"Non-dispersable (3-term CD gives n(d)=1.84864 vs catalog 1.58913; not a Sellmeier fit) - archived, never evaluated",,2.48968705,0.0125749866,-5.1039362e-05,-0.0121700502,0.000532456449,2.86502873e-06,CDGM-AGF-NZHAGEN-MIRROR,".agf CD coefficients; verify with catalog. term(s) 1,3 carry a non-positive B or C (permitted in multi-pole fits; the n(d) check is authoritative).",,,,,
CDGM-D-ZK3L,"Non-dispersable (3-term CD gives n(d)=1.84764 vs catalog 1.5917; not a Sellmeier fit) - archived, never evaluated",,2.50095336,0.0104366976,-0.00012646624,-0.0140088195,0.00116953564,6.22078338e-06,CDGM-AGF-NZHAGEN-MIRROR,".agf CD coefficients; verify with catalog. term(s) 1,3 carry a non-positive B or C (permitted in multi-pole fits; the n(d) check is authoritative).",,,,,
CDGM-D-ZF10,"Non-dispersable (3-term CD gives n(d)=1.92565 vs catalog 1.68894; not a Sellmeier fit) - archived, never evaluated",,2.7595094,0.0298924037,-3.91801667e-05,-0.0104875429,0.00121551438,1.10580161e-05,CDGM-AGF-NZHAGEN-MIRROR,".agf CD coefficients; verify with catalog. term(s) 1,3 carry a non-positive B or C (permitted in multi-pole fits; the n(d) check is authoritative).",,,,,
CDGM-D-LAK70,"Non-dispersable (3-term CD gives n(d)=1.91387 vs catalog 1.6691; not a Sellmeier fit) - archived, never evaluated",,2.7351361,0.018279111,1.6773012e-05,-0.011822071,0.00017985842,-5.3070611e-07,CDGM-AGF-NZHAGEN-MIRROR,".agf CD coefficients; verify with catalog. term(s) 1,3 carry a non-positive B or C (permitted in multi-pole fits; the n(d) check is authoritative).",,,,,
CDGM-D-LAK6,"Non-dispersable (3-term CD gives n(d)=1.93093 vs catalog 1.69384; not a Sellmeier fit) - archived, never evaluated",,2.81430513,0.0196569671,1.98274573e-05,-0.0134495125,0.000249252546,-8.02641015e-07,CDGM-AGF-NZHAGEN-MIRROR,".agf CD coefficients; verify with catalog. term(s) 1,3 carry a non-positive B or C (permitted in multi-pole fits; the n(d) check is authoritative).",,,,,
CDGM-D-ZLAF52LA,"Non-dispersable (3-term CD gives n(d)=2.03382 vs catalog 1.81; not a Sellmeier fit) - archived, never evaluated",,3.1753525,0.0371301651,0.00024418582,-0.00848750283,-0.00109609062,-8.94583294e-06,CDGM-AGF-NZHAGEN-MIRROR,".agf CD coefficients; verify with catalog. term(s) 1,2,3 carry a non-positive B or C (permitted in multi-pole fits; the n(d) check is authoritative).",,,,,
CDGM-TF3,"Non-dispersable (3-term CD gives n(d)=1.87035 vs catalog 1.61242; not a Sellmeier fit) - archived, never evaluated",,2.53844987,0.0235923528,0.000190418922,-0.00892618997,-0.000940829709,-7.52487521e-06,CDGM-AGF-NZHAGEN-MIRROR,".agf CD coefficients; verify with catalog. term(s) 1,2,3 carry a non-positive B or C (permitted in multi-pole fits; the n(d) check is authoritative).",,,,,
CDGM-H-ZPK1,"Non-dispersable (3-term CD gives n(d)=1.87410 vs catalog 1.618; not a Sellmeier fit) - archived, never evaluated",,2.58079415,0.0128401955,-4.52545256e-05,-0.0112373108,0.000566789479,2.18559823e-06,CDGM-AGF-NZHAGEN-MIRROR,".agf CD coefficients; verify with catalog. term(s) 1,3 carry a non-positive B or C (permitted in multi-pole fits; the n(d) check is authoritative).",,,,,
CORNING-A63-65,"Non-dispersable (3-term CD gives n(d)=1.75303 vs catalog 1.464501; not a Sellmeier fit) - archived, never evaluated",,2.12165,0.008318686,-2.364166e-05,-0.00950349,0.0003339573,9.972179e-07,CORNING-AGF-NZHAGEN-MIRROR,".agf CD coefficients; verify with catalog. term(s) 1,3 carry a non-positive B or C (permitted in multi-pole fits; the n(d) check is authoritative).",,,,,
CORNING-A86-82,"Non-dispersable (3-term CD gives n(d)=1.77807 vs catalog 1.486052; not a Sellmeier fit) - archived, never evaluated",,2.185857,0.008107487,-2.224178e-06,-0.005201463,0.0001008583,1.919751e-07,CORNING-AGF-NZHAGEN-MIRROR,".agf CD coefficients; verify with catalog. term(s) 1,3 carry a non-positive B or C (permitted in multi-pole fits; the n(d) check is authoritative).",,,,,
CORNING-A87-70,"Non-dispersable (3-term CD gives n(d)=1.77143 vs catalog 1.487248; not a Sellmeier fit) - archived, never evaluated",,2.188523,0.008635329,-1.547314e-05,-0.009598334,0.0002395636,6.879645e-07,CORNING-AGF-NZHAGEN-MIRROR,".agf CD coefficients; verify with catalog. term(s) 1,3 carry a non-positive B or C (permitted in multi-pole fits; the n(d) check is authoritative).",,,,,
CORNING-A87-84,"Non-dispersable (3-term CD gives n(d)=1.77836 vs catalog 1.486561; not a Sellmeier fit) - archived, never evaluated",,2.188331,0.007743657,-7.417952e-06,-0.005365878,0.0001312934,4.581512e-07,CORNING-AGF-NZHAGEN-MIRROR,".agf CD coefficients; verify with catalog. term(s) 1,3 carry a non-positive B or C (permitted in multi-pole fits; the n(d) check is authoritative).",,,,,
CORNING-A88-66,"Non-dispersable (3-term CD gives n(d)=1.77027 vs catalog 1.487502; not a Sellmeier fit) - archived, never evaluated",,2.18707,0.009782389,1.339405e-05,-0.010244,6.294588e-05,-8.464507e-07,CORNING-AGF-NZHAGEN-MIRROR,".agf CD coefficients; verify with catalog. term(s) 1,3 carry a non-positive B or C (permitted in multi-pole fits; the n(d) check is authoritative).",,,,,
CORNING-B10-63,"Non-dispersable (3-term CD gives n(d)=1.78967 vs catalog 1.509992; not a Sellmeier fit) - archived, never evaluated",,2.250616,0.01099293,1.460288e-05,-0.009247589,6.033767e-05,-7.160412e-07,CORNING-AGF-NZHAGEN-MIRROR,".agf CD coefficients; verify with catalog. term(s) 1,3 carry a non-positive B or C (permitted in multi-pole fits; the n(d) check is authoritative).",,,,,
CORNING-B11-60,"Non-dispersable (3-term CD gives n(d)=1.79189 vs catalog 1.510999; not a Sellmeier fit) - archived, never evaluated",,2.250586,0.01218439,3.749854e-05,-0.00815577,-8.656369e-05,-1.850241e-06,CORNING-AGF-NZHAGEN-MIRROR,".agf CD coefficients; verify with catalog. term(s) 1,2,3 carry a non-positive B or C (permitted in multi-pole fits; the n(d) check is authoritative).",,,,,
CORNING-B16-64,"Non-dispersable (3-term CD gives n(d)=1.79450 vs catalog 1.516804; not a Sellmeier fit) - archived, never evaluated",,2.271176,0.0110971,1.616105e-05,-0.009700709,4.622809e-05,-8.285043e-07,CORNING-AGF-NZHAGEN-MIRROR,".agf CD coefficients; verify with catalog. term(s) 1,3 carry a non-positive B or C (permitted in multi-pole fits; the n(d) check is authoritative).",,,,,
CORNING-B18-60,"Non-dispersable (3-term CD gives n(d)=1.79580 vs catalog 1.518201; not a Sellmeier fit) - archived, never evaluated",,2.272935,0.01182611,1.382893e-05,-0.009344543,7.960521e-05,-4.952685e-07,CORNING-AGF-NZHAGEN-MIRROR,".agf CD coefficients; verify with catalog. term(s) 1,3 carry a non-positive B or C (permitted in multi-pole fits; the n(d) check is authoritative).",,,,,
CORNING-B18-65,"Non-dispersable (3-term CD gives n(d)=1.79559 vs catalog 1.518199; not a Sellmeier fit) - archived, never evaluated",,2.275718,0.01105575,1.949133e-05,-0.009777224,1.910096e-05,-1.015542e-06,CORNING-AGF-NZHAGEN-MIRROR,".agf CD coefficients; verify with catalog. term(s) 1,3 carry a non-positive B or C (permitted in multi-pole fits; the n(d) check is authoritative).",,,,,
CORNING-B19-61,"Non-dispersable (3-term CD gives n(d)=1.80273 vs catalog 1.519061; not a Sellmeier fit) - archived, never evaluated",,2.274841,0.01128397,-9.003564e-06,-0.005597262,0.0002403065,2.210049e-06,CORNING-AGF-NZHAGEN-MIRROR,".agf CD coefficients; verify with catalog. term(s) 1,3 carry a non-positive B or C (permitted in multi-pole fits; the n(d) check is authoritative).",,,,,
CORNING-B23-59,"Non-dispersable (3-term CD gives n(d)=1.79882 vs catalog 1.522996; not a Sellmeier fit) - archived, never evaluated",,2.287986,0.01111679,-2.412558e-05,-0.009829138,0.0003824643,1.418343e-06,CORNING-AGF-NZHAGEN-MIRROR,".agf CD coefficients; verify with catalog. term(s) 1,3 carry a non-positive B or C (permitted in multi-pole fits; the n(d) check is authoritative).",,,,,
CORNING-B29-52,"Non-dispersable (3-term CD gives n(d)=1.80223 vs catalog 1.528998; not a Sellmeier fit) - archived, never evaluated",,2.299774,0.01369414,1.369782e-05,-0.01011442,0.0001873932,-2.7835e-07,CORNING-AGF-NZHAGEN-MIRROR,".agf CD coefficients; verify with catalog. term(s) 1,3 carry a non-positive B or C (permitted in multi-pole fits; the n(d) check is authoritative).",,,,,
CORNING-B29-77,"Non-dispersable (3-term CD gives n(d)=1.81151 vs catalog 1.528554; not a Sellmeier fit) - archived, never evaluated",,2.309554,0.009591099,-5.141377e-06,-0.005709935,0.0001445528,3.599494e-07,CORNING-AGF-NZHAGEN-MIRROR,".agf CD coefficients; verify with catalog. term(s) 1,3 carry a non-positive B or C (permitted in multi-pole fits; the n(d) check is authoritative).",,,,,
CORNING-B39-59,"Non-dispersable (3-term CD gives n(d)=1.81243 vs catalog 1.539505; not a Sellmeier fit) - archived, never evaluated",,2.335801,0.0126265,1.552512e-05,-0.009655618,8.243079e-05,-5.192937e-07,CORNING-AGF-NZHAGEN-MIRROR,".agf CD coefficients; verify with catalog. term(s) 1,3 carry a non-positive B or C (permitted in multi-pole fits; the n(d) check is authoritative).",,,,,
CORNING-B42-73,"Non-dispersable (3-term CD gives n(d)=1.82240 vs catalog 1.542198; not a Sellmeier fit) - archived, never evaluated",,2.348478,0.01081674,1.100208e-05,-0.005702361,3.495967e-05,-3.94061e-07,CORNING-AGF-NZHAGEN-MIRROR,".agf CD coefficients; verify with catalog. term(s) 1,3 carry a non-positive B or C (permitted in multi-pole fits; the n(d) check is authoritative).",,,,,
CORNING-B48-46,"Non-dispersable (3-term CD gives n(d)=1.81956 vs catalog 1.548098; not a Sellmeier fit) - archived, never evaluated",,2.349435,0.01651116,2.944473e-05,-0.008305559,0.0001813147,-3.400862e-07,CORNING-AGF-NZHAGEN-MIRROR,".agf CD coefficients; verify with catalog. term(s) 1,3 carry a non-positive B or C (permitted in multi-pole fits; the n(d) check is authoritative).",,,,,
CORNING-B48-53,"Non-dispersable (3-term CD gives n(d)=1.82017 vs catalog 1.547753; not a Sellmeier fit) - archived, never evaluated",,2.354918,0.01488338,4.910554e-05,-0.008540407,-7.178738e-05,-1.886973e-06,CORNING-AGF-NZHAGEN-MIRROR,".agf CD coefficients; verify with catalog. term(s) 1,2,3 carry a non-positive B or C (permitted in multi-pole fits; the n(d) check is authoritative).",,,,,
CORNING-B52-67,"Non-dispersable (3-term CD gives n(d)=1.82846 vs catalog 1.552198; not a Sellmeier fit) - archived, never evaluated",,2.377061,0.0112323,-1.927477e-05,-0.006667104,0.0002814452,1.857631e-06,CORNING-AGF-NZHAGEN-MIRROR,".agf CD coefficients; verify with catalog. term(s) 1,3 carry a non-positive B or C (permitted in multi-pole fits; the n(d) check is authoritative).",,,,,
CORNING-B58-53,"Non-dispersable (3-term CD gives n(d)=1.82973 vs catalog 1.557511; not a Sellmeier fit) - archived, never evaluated",,2.383795,0.01473173,1.241076e-05,-0.007495765,0.0001865184,1.356967e-06,CORNING-AGF-NZHAGEN-MIRROR,.agf CD coefficients; verify with catalog. term(s) 1 carry a non-positive B or C (permitted in multi-pole fits; the n(d) check is authoritative).,,,,,
CORNING-B58-72,"Non-dispersable (3-term CD gives n(d)=1.83391 vs catalog 1.558086; not a Sellmeier fit) - archived, never evaluated",,2.396587,0.01110246,-7.666316e-07,-0.006529368,0.0001368076,1.504711e-07,CORNING-AGF-NZHAGEN-MIRROR,".agf CD coefficients; verify with catalog. term(s) 1,3 carry a non-positive B or C (permitted in multi-pole fits; the n(d) check is authoritative).",,,,,
CORNING-B64-61,"Non-dispersable (3-term CD gives n(d)=1.83243 vs catalog 1.564005; not a Sellmeier fit) - archived, never evaluated",,2.409522,0.01376812,4.112012e-05,-0.009654704,-9.761522e-05,-1.976844e-06,CORNING-AGF-NZHAGEN-MIRROR,".agf CD coefficients; verify with catalog. term(s) 1,2,3 carry a non-positive B or C (permitted in multi-pole fits; the n(d) check is authoritative).",,,,,
CORNING-B69-56,"Non-dispersable (3-term CD gives n(d)=1.83668 vs catalog 1.568797; not a Sellmeier fit) - archived, never evaluated",,2.421423,0.01407378,6.54601e-06,-0.009089133,0.0002293627,-1.461876e-07,CORNING-AGF-NZHAGEN-MIRROR,".agf CD coefficients; verify with catalog. term(s) 1,3 carry a non-positive B or C (permitted in multi-pole fits; the n(d) check is authoritative).",,,,,
CORNING-B72-57,"Non-dispersable (3-term CD gives n(d)=1.84110 vs catalog 1.572498; not a Sellmeier fit) - archived, never evaluated",,2.431417,0.01556266,7.20295e-05,-0.008347754,-0.0002825331,-3.452294e-06,CORNING-AGF-NZHAGEN-MIRROR,".agf CD coefficients; verify with catalog. term(s) 1,2,3 carry a non-positive B or C (permitted in multi-pole fits; the n(d) check is authoritative).",,,,,
CORNING-B81-41,"Non-dispersable (3-term CD gives n(d)=1.84558 vs catalog 1.581396; not a Sellmeier fit) - archived, never evaluated",,2.443383,0.01958706,2.899713e-05,-0.00822533,0.000333601,4.216579e-07,CORNING-AGF-NZHAGEN-MIRROR,.agf CD coefficients; verify with catalog. term(s) 1 carry a non-positive B or C (permitted in multi-pole fits; the n(d) check is authoritative).,,,,,
CORNING-B89-61,"Non-dispersable (3-term CD gives n(d)=1.85259 vs catalog 1.588998; not a Sellmeier fit) - archived, never evaluated",,2.48627,0.01434726,3.432458e-05,-0.009790763,-2.972194e-05,-1.673268e-06,CORNING-AGF-NZHAGEN-MIRROR,".agf CD coefficients; verify with catalog. term(s) 1,2,3 carry a non-positive B or C (permitted in multi-pole fits; the n(d) check is authoritative).",,,,,
CORNING-B96-67,"Non-dispersable (3-term CD gives n(d)=1.86325 vs catalog 1.596306; not a Sellmeier fit) - archived, never evaluated",,2.512433,0.01245344,-2.041817e-05,-0.007467449,0.0003194276,1.161398e-06,CORNING-AGF-NZHAGEN-MIRROR,".agf CD coefficients; verify with catalog. term(s) 1,3 carry a non-positive B or C (permitted in multi-pole fits; the n(d) check is authoritative).",,,,,
CORNING-C04-38,"Non-dispersable (3-term CD gives n(d)=1.86316 vs catalog 1.603499; not a Sellmeier fit) - archived, never evaluated",,2.50598,0.02207524,3.616023e-05,-0.008000455,0.0003700964,8.858359e-07,CORNING-AGF-NZHAGEN-MIRROR,.agf CD coefficients; verify with catalog. term(s) 1 carry a non-positive B or C (permitted in multi-pole fits; the n(d) check is authoritative).,,,,,
CORNING-C04-64,"Non-dispersable (3-term CD gives n(d)=1.86752 vs catalog 1.603507; not a Sellmeier fit) - archived, never evaluated",,2.533324,0.012877,-4.1e-05,-0.008168,0.000511,2e-06,CORNING-AGF-NZHAGEN-MIRROR,".agf CD coefficients; verify with catalog. term(s) 1,3 carry a non-positive B or C (permitted in multi-pole fits; the n(d) check is authoritative).",,,,,
CORNING-C05-50,"Non-dispersable (3-term CD gives n(d)=1.86672 vs catalog 1.605004; not a Sellmeier fit) - archived, never evaluated",,2.5275,0.0161384,-7.35332e-05,-0.00824759,0.000710762,6.55454e-06,CORNING-AGF-NZHAGEN-MIRROR,".agf CD coefficients; verify with catalog. term(s) 1,3 carry a non-positive B or C (permitted in multi-pole fits; the n(d) check is authoritative).",,,,,
CORNING-C06-44,"Non-dispersable (3-term CD gives n(d)=1.86433 vs catalog 1.605608; not a Sellmeier fit) - archived, never evaluated",,2.521757,0.01947276,2.730732e-05,-0.009212346,0.000271188,8.091127e-07,CORNING-AGF-NZHAGEN-MIRROR,.agf CD coefficients; verify with catalog. term(s) 1 carry a non-positive B or C (permitted in multi-pole fits; the n(d) check is authoritative).,,,,,
CORNING-C07-57,"Non-dispersable (3-term CD gives n(d)=1.86934 vs catalog 1.607504; not a Sellmeier fit) - archived, never evaluated",,2.5392,0.01618217,3.216228e-05,-0.008495322,2.890984e-05,-1.380629e-06,CORNING-AGF-NZHAGEN-MIRROR,".agf CD coefficients; verify with catalog. term(s) 1,3 carry a non-positive B or C (permitted in multi-pole fits; the n(d) check is authoritative).",,,,,
CORNING-C09-59,"Non-dispersable (3-term CD gives n(d)=1.86947 vs catalog 1.608756; not a Sellmeier fit) - archived, never evaluated",,2.545544,0.01549119,3.195633e-05,-0.009211278,2.3047e-05,-1.589548e-06,CORNING-AGF-NZHAGEN-MIRROR,".agf CD coefficients; verify with catalog. term(s) 1,3 carry a non-positive B or C (permitted in multi-pole fits; the n(d) check is authoritative).",,,,,
CORNING-C13-44,"Non-dispersable (3-term CD gives n(d)=1.86601 vs catalog 1.613394; not a Sellmeier fit) - archived, never evaluated",,2.547831,0.01929243,8.740587e-06,-0.01193729,0.0003798648,6.870422e-07,CORNING-AGF-NZHAGEN-MIRROR,.agf CD coefficients; verify with catalog. term(s) 1 carry a non-positive B or C (permitted in multi-pole fits; the n(d) check is authoritative).,,,,,
CORNING-C13-56,"Non-dispersable (3-term CD gives n(d)=1.87384 vs catalog 1.613498; not a Sellmeier fit) - archived, never evaluated",,2.557971,0.01627721,2.373149e-05,-0.008719624,8.98168e-05,-9.1064e-07,CORNING-AGF-NZHAGEN-MIRROR,".agf CD coefficients; verify with catalog. term(s) 1,3 carry a non-positive B or C (permitted in multi-pole fits; the n(d) check is authoritative).",,,,,
CORNING-C13-58,"Non-dispersable (3-term CD gives n(d)=1.87279 vs catalog 1.612693; not a Sellmeier fit) - archived, never evaluated",,2.555947,0.01706319,8.813931e-05,-0.009112305,-0.0003920348,-4.25741e-06,CORNING-AGF-NZHAGEN-MIRROR,".agf CD coefficients; verify with catalog. term(s) 1,2,3 carry a non-positive B or C (permitted in multi-pole fits; the n(d) check is authoritative).",,,,,
CORNING-C16-44,"Non-dispersable (3-term CD gives n(d)=1.86472 vs catalog 1.616002; not a Sellmeier fit) - archived, never evaluated",,2.557874,0.01870594,-3.859905e-06,-0.01396068,0.0005024442,1.447782e-06,CORNING-AGF-NZHAGEN-MIRROR,".agf CD coefficients; verify with catalog. term(s) 1,3 carry a non-positive B or C (permitted in multi-pole fits; the n(d) check is authoritative).",,,,,
CORNING-C17-55,"Non-dispersable (3-term CD gives n(d)=1.87765 vs catalog 1.617605; not a Sellmeier fit) - archived, never evaluated",,2.568993,0.01726207,4.849606e-05,-0.008359377,-5.856174e-05,-2.148251e-06,CORNING-AGF-NZHAGEN-MIRROR,".agf CD coefficients; verify with catalog. term(s) 1,2,3 carry a non-positive B or C (permitted in multi-pole fits; the n(d) check is authoritative).",,,,,
CORNING-C20-36,"Non-dispersable (3-term CD gives n(d)=1.87629 vs catalog 1.62001; not a Sellmeier fit) - archived, never evaluated",,2.553105,0.02397551,3.900575e-05,-0.007840342,0.0004221211,1.374479e-06,CORNING-AGF-NZHAGEN-MIRROR,.agf CD coefficients; verify with catalog. term(s) 1 carry a non-positive B or C (permitted in multi-pole fits; the n(d) check is authoritative).,,,,,
CORNING-C20-60,"Non-dispersable (3-term CD gives n(d)=1.87801 vs catalog 1.620406; not a Sellmeier fit) - archived, never evaluated",,2.582644,0.01612638,5.484031e-05,-0.009887242,-0.0001638469,-2.636567e-06,CORNING-AGF-NZHAGEN-MIRROR,".agf CD coefficients; verify with catalog. term(s) 1,2,3 carry a non-positive B or C (permitted in multi-pole fits; the n(d) check is authoritative).",,,,,
CORNING-C23-53,"Non-dispersable (3-term CD gives n(d)=1.87932 vs catalog 1.622502; not a Sellmeier fit) - archived, never evaluated",,2.583435,0.0177772,4.69382e-05,-0.009532672,-1.753687e-05,-1.67228e-06,CORNING-AGF-NZHAGEN-MIRROR,".agf CD coefficients; verify with catalog. term(s) 1,2,3 carry a non-positive B or C (permitted in multi-pole fits; the n(d) check is authoritative).",,,,,
CORNING-C23-57,"Non-dispersable (3-term CD gives n(d)=1.88156 vs catalog 1.622801; not a Sellmeier fit) - archived, never evaluated",,2.587115,0.01683689,4.421143e-05,-0.008719797,-3.79062e-05,-2.095323e-06,CORNING-AGF-NZHAGEN-MIRROR,".agf CD coefficients; verify with catalog. term(s) 1,2,3 carry a non-positive B or C (permitted in multi-pole fits; the n(d) check is authoritative).",,,,,
CORNING-C23-58,"Non-dispersable (3-term CD gives n(d)=1.87927 vs catalog 1.623004; not a Sellmeier fit) - archived, never evaluated",,2.589542,0.01652687,5.016549e-05,-0.01021976,-9.55957e-05,-2.306951e-06,CORNING-AGF-NZHAGEN-MIRROR,".agf CD coefficients; verify with catalog. term(s) 1,2,3 carry a non-positive B or C (permitted in multi-pole fits; the n(d) check is authoritative).",,,,,
CORNING-C24-47,"Non-dispersable (3-term CD gives n(d)=1.87603 vs catalog 1.624; not a Sellmeier fit) - archived, never evaluated",,2.584879,0.01776183,-3.494029e-05,-0.01147565,0.0006726608,3.056775e-06,CORNING-AGF-NZHAGEN-MIRROR,".agf CD coefficients; verify with catalog. term(s) 1,3 carry a non-positive B or C (permitted in multi-pole fits; the n(d) check is authoritative).",,,,,
CORNING-C26-36,"Non-dispersable (3-term CD gives n(d)=1.88061 vs catalog 1.625903; not a Sellmeier fit) - archived, never evaluated",,2.570149,0.02458878,4.371418e-05,-0.007990901,0.0004526443,1.201553e-06,CORNING-AGF-NZHAGEN-MIRROR,.agf CD coefficients; verify with catalog. term(s) 1 carry a non-positive B or C (permitted in multi-pole fits; the n(d) check is authoritative).,,,,,
CORNING-C37-35,"Non-dispersable (3-term CD gives n(d)=1.88819 vs catalog 1.636493; not a Sellmeier fit) - archived, never evaluated",,2.602936,0.02489508,1.552327e-05,-0.00851433,0.0006456779,2.929923e-06,CORNING-AGF-NZHAGEN-MIRROR,.agf CD coefficients; verify with catalog. term(s) 1 carry a non-positive B or C (permitted in multi-pole fits; the n(d) check is authoritative).,,,,,
CORNING-C38-42,"Non-dispersable (3-term CD gives n(d)=1.88382 vs catalog 1.637752; not a Sellmeier fit) - archived, never evaluated",,2.621414,0.02104769,2.929486e-06,-0.0127992,0.000491722,1.026229e-06,CORNING-AGF-NZHAGEN-MIRROR,.agf CD coefficients; verify with catalog. term(s) 1 carry a non-positive B or C (permitted in multi-pole fits; the n(d) check is authoritative).,,,,,
CORNING-C39-56,"Non-dispersable (3-term CD gives n(d)=1.89345 vs catalog 1.638505; not a Sellmeier fit) - archived, never evaluated",,2.636222,0.01717111,1.629211e-05,-0.009180804,0.000184909,-5.807431e-07,CORNING-AGF-NZHAGEN-MIRROR,".agf CD coefficients; verify with catalog. term(s) 1,3 carry a non-positive B or C (permitted in multi-pole fits; the n(d) check is authoritative).",,,,,
CORNING-C41-60,"Non-dispersable (3-term CD gives n(d)=1.89226 vs catalog 1.640495; not a Sellmeier fit) - archived, never evaluated",,2.647431,0.01606897,2.731597e-05,-0.01116017,6.27946e-05,-1.290195e-06,CORNING-AGF-NZHAGEN-MIRROR,".agf CD coefficients; verify with catalog. term(s) 1,3 carry a non-positive B or C (permitted in multi-pole fits; the n(d) check is authoritative).",,,,,
CORNING-C42-58,"Non-dispersable (3-term CD gives n(d)=1.89578 vs catalog 1.642502; not a Sellmeier fit) - archived, never evaluated",,2.651166,0.01693359,3.270216e-05,-0.009932739,4.010684e-05,-1.503059e-06,CORNING-AGF-NZHAGEN-MIRROR,".agf CD coefficients; verify with catalog. term(s) 1,3 carry a non-positive B or C (permitted in multi-pole fits; the n(d) check is authoritative).",,,,,
CORNING-C48-34,"Non-dispersable (3-term CD gives n(d)=1.89822 vs catalog 1.647992; not a Sellmeier fit) - archived, never evaluated",,2.634206,0.02779654,0.000122103,-0.007896672,0.0001370682,-3.36448e-06,CORNING-AGF-NZHAGEN-MIRROR,".agf CD coefficients; verify with catalog. term(s) 1,3 carry a non-positive B or C (permitted in multi-pole fits; the n(d) check is authoritative).",,,,,
CORNING-C48-46,"Non-dispersable (3-term CD gives n(d)=1.89588 vs catalog 1.647747; not a Sellmeier fit) - archived, never evaluated",,2.657159,0.02015912,1.914063e-05,-0.01113268,0.0003423369,3.44273e-07,CORNING-AGF-NZHAGEN-MIRROR,.agf CD coefficients; verify with catalog. term(s) 1 carry a non-positive B or C (permitted in multi-pole fits; the n(d) check is authoritative).,,,,,
CORNING-C51-39,"Non-dispersable (3-term CD gives n(d)=1.89997 vs catalog 1.650206; not a Sellmeier fit) - archived, never evaluated",,2.652565,0.02411535,4.453741e-05,-0.00892928,0.0003228176,7.607258e-07,CORNING-AGF-NZHAGEN-MIRROR,.agf CD coefficients; verify with catalog. term(s) 1 carry a non-positive B or C (permitted in multi-pole fits; the n(d) check is authoritative).,,,,,
CORNING-C51-56,"Non-dispersable (3-term CD gives n(d)=1.90026 vs catalog 1.651124; not a Sellmeier fit) - archived, never evaluated",,2.678124,0.01710675,1.769016e-06,-0.01121625,0.0002803653,1.813314e-07,CORNING-AGF-NZHAGEN-MIRROR,.agf CD coefficients; verify with catalog. term(s) 1 carry a non-positive B or C (permitted in multi-pole fits; the n(d) check is authoritative).,,,,,
CORNING-C52-58,"Non-dispersable (3-term CD gives n(d)=1.89967 vs catalog 1.6516; not a Sellmeier fit) - archived, never evaluated",,2.682546,0.0162231,-3.096115e-06,-0.01199166,0.0002908079,2.727065e-07,CORNING-AGF-NZHAGEN-MIRROR,".agf CD coefficients; verify with catalog. term(s) 1,3 carry a non-positive B or C (permitted in multi-pole fits; the n(d) check is authoritative).",,,,,
CORNING-C55-40,"Non-dispersable (3-term CD gives n(d)=1.89549 vs catalog 1.6555; not a Sellmeier fit) - archived, never evaluated",,2.674716,0.02270677,1.21796e-05,-0.01405317,0.0005537158,1.432291e-06,CORNING-AGF-NZHAGEN-MIRROR,.agf CD coefficients; verify with catalog. term(s) 1 carry a non-positive B or C (permitted in multi-pole fits; the n(d) check is authoritative).,,,,,
CORNING-C57-57,"Non-dispersable (3-term CD gives n(d)=1.90684 vs catalog 1.657503; not a Sellmeier fit) - archived, never evaluated",,2.698887,0.01741114,1.970273e-05,-0.01058802,0.0001461034,-7.638269e-07,CORNING-AGF-NZHAGEN-MIRROR,".agf CD coefficients; verify with catalog. term(s) 1,3 carry a non-positive B or C (permitted in multi-pole fits; the n(d) check is authoritative).",,,,,
CORNING-C58-51,"Non-dispersable (3-term CD gives n(d)=1.90820 vs catalog 1.658503; not a Sellmeier fit) - archived, never evaluated",,2.694059,0.02072662,8.322174e-05,-0.00969886,-0.0002251268,-3.522428e-06,CORNING-AGF-NZHAGEN-MIRROR,".agf CD coefficients; verify with catalog. term(s) 1,2,3 carry a non-positive B or C (permitted in multi-pole fits; the n(d) check is authoritative).",,,,,
CORNING-C67-33,"Non-dispersable (3-term CD gives n(d)=1.91243 vs catalog 1.666997; not a Sellmeier fit) - archived, never evaluated",,2.693063,0.02818001,2.243657e-05,-0.008394417,0.0007481013,3.760331e-06,CORNING-AGF-NZHAGEN-MIRROR,.agf CD coefficients; verify with catalog. term(s) 1 carry a non-positive B or C (permitted in multi-pole fits; the n(d) check is authoritative).,,,,,
CORNING-C67-48,"Non-dispersable (3-term CD gives n(d)=1.91794 vs catalog 1.666698; not a Sellmeier fit) - archived, never evaluated",,2.717295,0.021028,3.187052e-05,-0.007780787,0.0001932286,-4.852439e-07,CORNING-AGF-NZHAGEN-MIRROR,".agf CD coefficients; verify with catalog. term(s) 1,3 carry a non-positive B or C (permitted in multi-pole fits; the n(d) check is authoritative).",,,,,
CORNING-C70-47,"Non-dispersable (3-term CD gives n(d)=1.91727 vs catalog 1.670005; not a Sellmeier fit) - archived, never evaluated",,2.72777,0.02107557,1.356457e-05,-0.009489695,0.0003589883,4.802913e-07,CORNING-AGF-NZHAGEN-MIRROR,.agf CD coefficients; verify with catalog. term(s) 1 carry a non-positive B or C (permitted in multi-pole fits; the n(d) check is authoritative).,,,,,
CORNING-C72-32,"Non-dispersable (3-term CD gives n(d)=1.91749 vs catalog 1.672698; not a Sellmeier fit) - archived, never evaluated",,2.707909,0.02992404,6.291385e-05,-0.007977969,0.0005276757,1.845245e-06,CORNING-AGF-NZHAGEN-MIRROR,.agf CD coefficients; verify with catalog. term(s) 1 carry a non-positive B or C (permitted in multi-pole fits; the n(d) check is authoritative).,,,,,
CORNING-C78-56,"Non-dispersable (3-term CD gives n(d)=1.92104 vs catalog 1.678004; not a Sellmeier fit) - archived, never evaluated",,2.763817,0.01878955,2.515635e-05,-0.01192008,0.0001222442,-9.483267e-07,CORNING-AGF-NZHAGEN-MIRROR,".agf CD coefficients; verify with catalog. term(s) 1,3 carry a non-positive B or C (permitted in multi-pole fits; the n(d) check is authoritative).",,,,,
CORNING-C79-80,"Sellmeier-1 (3-term, Zemax CD record)",,0.683740494,0.420323613,0.58502748,0.00460352869,0.0133968856,64.4932732,CORNING-AGF-NZHAGEN-MIRROR,.agf CD coefficients; verify with catalog.,3.0,,,,
CORNING-C89-31,"Non-dispersable (3-term CD gives n(d)=1.92953 vs catalog 1.689004; not a Sellmeier fit) - archived, never evaluated",,2.757553,0.03096112,2.139455e-05,-0.008402604,0.0008979068,4.900193e-06,CORNING-AGF-NZHAGEN-MIRROR,.agf CD coefficients; verify with catalog. term(s) 1 carry a non-positive B or C (permitted in multi-pole fits; the n(d) check is authoritative).,,,,,
CORNING-C90-50,"Non-dispersable (3-term CD gives n(d)=1.93244 vs catalog 1.689009; not a Sellmeier fit) - archived, never evaluated",,2.79279,0.02050424,-1.389281e-05,-0.01004826,0.0005112493,1.201821e-06,CORNING-AGF-NZHAGEN-MIRROR,".agf CD coefficients; verify with catalog. term(s) 1,3 carry a non-positive B or C (permitted in multi-pole fits; the n(d) check is authoritative).",,,,,
CORNING-C90-55,"Non-dispersable (3-term CD gives n(d)=1.93270 vs catalog 1.691008; not a Sellmeier fit) - archived, never evaluated",,2.804081,0.02040144,6.370289e-05,-0.01134719,-0.000130575,-2.903462e-06,CORNING-AGF-NZHAGEN-MIRROR,".agf CD coefficients; verify with catalog. term(s) 1,2,3 carry a non-positive B or C (permitted in multi-pole fits; the n(d) check is authoritative).",,,,,
CORNING-C97-36,"Non-dispersable (3-term CD gives n(d)=1.92860 vs catalog 1.695989; not a Sellmeier fit) - archived, never evaluated",,2.795566,0.0276562,5.11372e-05,-0.01331475,0.0004783757,5.98958e-07,CORNING-AGF-NZHAGEN-MIRROR,.agf CD coefficients; verify with catalog. term(s) 1 carry a non-positive B or C (permitted in multi-pole fits; the n(d) check is authoritative).,,,,,
CORNING-C97-55,"Non-dispersable (3-term CD gives n(d)=1.93341 vs catalog 1.697005; not a Sellmeier fit) - archived, never evaluated",,2.826184,0.01991355,5.608748e-05,-0.01372698,-5.69018e-05,-2.66032e-06,CORNING-AGF-NZHAGEN-MIRROR,".agf CD coefficients; verify with catalog. term(s) 1,2,3 carry a non-positive B or C (permitted in multi-pole fits; the n(d) check is authoritative).",,,,,
CORNING-C97-56,"Non-dispersable (3-term CD gives n(d)=1.93248 vs catalog 1.697; not a Sellmeier fit) - archived, never evaluated",,2.828088,0.01890513,2.209305e-05,-0.01430912,0.0001704879,-9.54364e-07,CORNING-AGF-NZHAGEN-MIRROR,".agf CD coefficients; verify with catalog. term(s) 1,3 carry a non-positive B or C (permitted in multi-pole fits; the n(d) check is authoritative).",,,,,
CORNING-C99-30,"Non-dispersable (3-term CD gives n(d)=1.93482 vs catalog 1.699002; not a Sellmeier fit) - archived, never evaluated",,2.789053,0.03023605,-0.000112643,-0.009646986,0.001790062,1.449536e-05,CORNING-AGF-NZHAGEN-MIRROR,".agf CD coefficients; verify with catalog. term(s) 1,3 carry a non-positive B or C (permitted in multi-pole fits; the n(d) check is authoritative).",,,,,
CORNING-C0550,"Non-dispersable (3-term CD gives n(d)=1.86672 vs catalog 1.605004; not a Sellmeier fit) - archived, never evaluated",,2.5275,0.0161384,-7.35332e-05,-0.00824759,0.000710762,6.55454e-06,CORNING-AGF-NZHAGEN-MIRROR,".agf CD coefficients; verify with catalog. term(s) 1,3 carry a non-positive B or C (permitted in multi-pole fits; the n(d) check is authoritative).",,,,,
CORNING-D01-41,"Non-dispersable (3-term CD gives n(d)=1.94218 vs catalog 1.701805; not a Sellmeier fit) - archived, never evaluated",,2.820816,0.02568056,3.711992e-05,-0.009366321,0.0003830284,7.579796e-07,CORNING-AGF-NZHAGEN-MIRROR,.agf CD coefficients; verify with catalog. term(s) 1 carry a non-positive B or C (permitted in multi-pole fits; the n(d) check is authoritative).,,,,,
CORNING-D13-54,"Non-dispersable (3-term CD gives n(d)=1.94632 vs catalog 1.713; not a Sellmeier fit) - archived, never evaluated",,2.877244,0.0208843,4.529508e-05,-0.01372709,4.894506e-05,-2.024508e-06,CORNING-AGF-NZHAGEN-MIRROR,".agf CD coefficients; verify with catalog. term(s) 1,3 carry a non-positive B or C (permitted in multi-pole fits; the n(d) check is authoritative).",,,,,
CORNING-D17-29,"Non-dispersable (3-term CD gives n(d)=1.94946 vs catalog 1.717409; not a Sellmeier fit) - archived, never evaluated",,2.846384,0.03169791,-0.0001314082,-0.009696062,0.001986255,1.660087e-05,CORNING-AGF-NZHAGEN-MIRROR,".agf CD coefficients; verify with catalog. term(s) 1,3 carry a non-positive B or C (permitted in multi-pole fits; the n(d) check is authoritative).",,,,,
CORNING-D17-48,"Non-dispersable (3-term CD gives n(d)=1.95410 vs catalog 1.717011; not a Sellmeier fit) - archived, never evaluated",,2.881263,0.02358853,4.445087e-05,-0.01067359,0.0001469901,-1.315577e-06,CORNING-AGF-NZHAGEN-MIRROR,".agf CD coefficients; verify with catalog. term(s) 1,3 carry a non-positive B or C (permitted in multi-pole fits; the n(d) check is authoritative).",,,,,
CORNING-D20-50,"Non-dispersable (3-term CD gives n(d)=1.95359 vs catalog 1.720003; not a Sellmeier fit) - archived, never evaluated",,2.895596,0.02238463,3.29758e-05,-0.01254631,0.0001886262,-1.100849e-06,CORNING-AGF-NZHAGEN-MIRROR,".agf CD coefficients; verify with catalog. term(s) 1,3 carry a non-positive B or C (permitted in multi-pole fits; the n(d) check is authoritative).",,,,,
CORNING-D23-38,"Non-dispersable (3-term CD gives n(d)=1.95907 vs catalog 1.72349; not a Sellmeier fit) - archived, never evaluated",,2.88687,0.02711197,-5.774529e-05,-0.009340611,0.001083323,7.860356e-06,CORNING-AGF-NZHAGEN-MIRROR,".agf CD coefficients; verify with catalog. term(s) 1,3 carry a non-positive B or C (permitted in multi-pole fits; the n(d) check is authoritative).",,,,,
CORNING-D28-28,"Non-dispersable (3-term CD gives n(d)=1.95762 vs catalog 1.728304; not a Sellmeier fit) - archived, never evaluated",,2.877252,0.0338587,-0.0001238221,-0.009733905,0.002008282,1.741512e-05,CORNING-AGF-NZHAGEN-MIRROR,".agf CD coefficients; verify with catalog. term(s) 1,3 carry a non-positive B or C (permitted in multi-pole fits; the n(d) check is authoritative).",,,,,
CORNING-D34-26,"Non-dispersable (3-term CD gives n(d)=1.95910 vs catalog 1.73402; not a Sellmeier fit) - archived, never evaluated",,2.890098,0.03533001,-0.0001886188,-0.01076833,0.002483705,2.631591e-05,CORNING-AGF-NZHAGEN-MIRROR,".agf CD coefficients; verify with catalog. term(s) 1,3 carry a non-positive B or C (permitted in multi-pole fits; the n(d) check is authoritative).",,,,,
CORNING-D34-51,"Non-dispersable (3-term CD gives n(d)=1.96318 vs catalog 1.733513; not a Sellmeier fit) - archived, never evaluated",,2.942761,0.02208144,1.118264e-05,-0.01350739,0.0003263782,-5.22989e-08,CORNING-AGF-NZHAGEN-MIRROR,".agf CD coefficients; verify with catalog. term(s) 1,3 carry a non-positive B or C (permitted in multi-pole fits; the n(d) check is authoritative).",,,,,
CORNING-D40-28,"Non-dispersable (3-term CD gives n(d)=1.96473 vs catalog 1.740001; not a Sellmeier fit) - archived, never evaluated",,2.916402,0.03325251,-0.0002179162,-0.01093343,0.002658375,2.338839e-05,CORNING-AGF-NZHAGEN-MIRROR,".agf CD coefficients; verify with catalog. term(s) 1,3 carry a non-positive B or C (permitted in multi-pole fits; the n(d) check is authoritative).",,,,,
CORNING-D44-45,"Non-dispersable (3-term CD gives n(d)=1.97179 vs catalog 1.744001; not a Sellmeier fit) - archived, never evaluated",,2.967343,0.02609518,4.98567e-05,-0.0127323,0.0002190532,-6.480888e-07,CORNING-AGF-NZHAGEN-MIRROR,".agf CD coefficients; verify with catalog. term(s) 1,3 carry a non-positive B or C (permitted in multi-pole fits; the n(d) check is authoritative).",,,,,
CORNING-D56-27,"Non-dispersable (3-term CD gives n(d)=1.97803 vs catalog 1.755203; not a Sellmeier fit) - archived, never evaluated",,2.962577,0.03596929,-0.0001607898,-0.0103247,0.002380363,2.087698e-05,CORNING-AGF-NZHAGEN-MIRROR,".agf CD coefficients; verify with catalog. term(s) 1,3 carry a non-positive B or C (permitted in multi-pole fits; the n(d) check is authoritative).",,,,,
CORNING-D62-27,"Non-dispersable (3-term CD gives n(d)=1.98251 vs catalog 1.761802; not a Sellmeier fit) - archived, never evaluated",,2.981554,0.03695155,-0.0001946035,-0.0105293,0.0026283,2.372572e-05,CORNING-AGF-NZHAGEN-MIRROR,".agf CD coefficients; verify with catalog. term(s) 1,3 carry a non-positive B or C (permitted in multi-pole fits; the n(d) check is authoritative).",,,,,
CORNING-D85-25,"Non-dispersable (3-term CD gives n(d)=1.99615 vs catalog 1.784752; not a Sellmeier fit) - archived, never evaluated",,3.057214,0.03665595,-0.0003724495,-0.01280241,0.003897248,3.864819e-05,CORNING-AGF-NZHAGEN-MIRROR,".agf CD coefficients; verify with catalog. term(s) 1,3 carry a non-positive B or C (permitted in multi-pole fits; the n(d) check is authoritative).",,,,,
CORNING-D85-26,"Non-dispersable (3-term CD gives n(d)=2.00029 vs catalog 1.784994; not a Sellmeier fit) - archived, never evaluated",,3.053982,0.03961831,-0.0002138191,-0.01079434,0.002919793,2.680028e-05,CORNING-AGF-NZHAGEN-MIRROR,".agf CD coefficients; verify with catalog. term(s) 1,3 carry a non-positive B or C (permitted in multi-pole fits; the n(d) check is authoritative).",,,,,
CORNING-D88-47,"Non-dispersable (3-term CD gives n(d)=2.00544 vs catalog 1.788001; not a Sellmeier fit) - archived, never evaluated",,3.12088,0.02715938,6.110826e-05,-0.01456436,0.0001311406,-2.255539e-06,CORNING-AGF-NZHAGEN-MIRROR,".agf CD coefficients; verify with catalog. term(s) 1,3 carry a non-positive B or C (permitted in multi-pole fits; the n(d) check is authoritative).",,,,,
CORNING-D96-43,"Non-dispersable (3-term CD gives n(d)=2.01390 vs catalog 1.796195; not a Sellmeier fit) - archived, never evaluated",,3.141405,0.02935963,4.926795e-05,-0.01312717,0.0003899121,-1.00842e-06,CORNING-AGF-NZHAGEN-MIRROR,".agf CD coefficients; verify with catalog. term(s) 1,3 carry a non-positive B or C (permitted in multi-pole fits; the n(d) check is authoritative).",,,,,
CORNING-E00-46,"Non-dispersable (3-term CD gives n(d)=2.01427 vs catalog 1.800001; not a Sellmeier fit) - archived, never evaluated",,3.16024,0.02775405,2.569664e-05,-0.01490246,0.0004661591,-2.956416e-07,CORNING-AGF-NZHAGEN-MIRROR,".agf CD coefficients; verify with catalog. term(s) 1,3 carry a non-positive B or C (permitted in multi-pole fits; the n(d) check is authoritative).",,,,,
CORNING-E03-47,"Non-dispersable (3-term CD gives n(d)=2.01783 vs catalog 1.803002; not a Sellmeier fit) - archived, never evaluated",,3.171708,0.0275632,3.101959e-05,-0.01448388,0.000424925,-7.418161e-07,CORNING-AGF-NZHAGEN-MIRROR,".agf CD coefficients; verify with catalog. term(s) 1,3 carry a non-positive B or C (permitted in multi-pole fits; the n(d) check is authoritative).",,,,,
CORNING-E05-25,"Non-dispersable (3-term CD gives n(d)=2.01709 vs catalog 1.805093; not a Sellmeier fit) - archived, never evaluated",,3.118458,0.0420297,-0.0001971788,-0.01049513,0.002946385,2.63318e-05,CORNING-AGF-NZHAGEN-MIRROR,".agf CD coefficients; verify with catalog. term(s) 1,3 carry a non-positive B or C (permitted in multi-pole fits; the n(d) check is authoritative).",,,,,
CORNING-E37-30,"Non-dispersable (3-term CD gives n(d)=2.04147 vs catalog 1.836406; not a Sellmeier fit) - archived, never evaluated",,3.246553,0.03964504,-0.0001085524,-0.01310558,0.002004431,1.903922e-05,CORNING-AGF-NZHAGEN-MIRROR,".agf CD coefficients; verify with catalog. term(s) 1,3 carry a non-positive B or C (permitted in multi-pole fits; the n(d) check is authoritative).",,,,,
CORNING-E65-40,"Non-dispersable (3-term CD gives n(d)=2.07252 vs catalog 1.865; not a Sellmeier fit) - archived, never evaluated",,3.373268,0.03557842,4.721353e-05,-0.012035,0.000582926,2.157107e-07,CORNING-AGF-NZHAGEN-MIRROR,.agf CD coefficients; verify with catalog. term(s) 1 carry a non-positive B or C (permitted in multi-pole fits; the n(d) check is authoritative).,,,,,
CORNING-E78-38,"Non-dispersable (3-term CD gives n(d)=2.07595 vs catalog 1.878005; not a Sellmeier fit) - archived, never evaluated",,3.417666,0.03700616,3.72463e-05,-0.01532083,0.0007528978,1.567342e-06,CORNING-AGF-NZHAGEN-MIRROR,.agf CD coefficients; verify with catalog. term(s) 1 carry a non-positive B or C (permitted in multi-pole fits; the n(d) check is authoritative).,,,,,
HIKARI-Q-LASFH19S,"Non-dispersable (4-term CD gives n(d)=2.02780 vs catalog 1.82098; not a Sellmeier fit) - archived, never evaluated",,3.22566311,-0.000122584245,0.000649958511,-0.0126719158,0.0306900263,1.0629994e-05,HIKARI-AGF-NZHAGEN-MIRROR,".agf CD coefficients; verify with catalog. term(s) 1,2,4 carry a non-positive B or C (permitted in multi-pole fits; the n(d) check is authoritative).",,1.20774149e-06,0.0,,
HIKARI-Q-LASFH18S,"Non-dispersable (4-term CD gives n(d)=2.05046 vs catalog 1.85117; not a Sellmeier fit) - archived, never evaluated",,3.32568261,-0.000122888003,0.000806964071,-0.0131452099,0.0340195247,9.93603976e-06,HIKARI-AGF-NZHAGEN-MIRROR,".agf CD coefficients; verify with catalog. term(s) 1,2,4 carry a non-positive B or C (permitted in multi-pole fits; the n(d) check is authoritative).",,2.07903061e-06,0.0,,
HIKARI-Q-LASFH12S,"Non-dispersable (4-term CD gives n(d)=2.00296 vs catalog 1.79063; not a Sellmeier fit) - archived, never evaluated",,3.12617289,-5.65591169e-05,0.000635024687,-0.0131750117,0.027406042,-3.03984369e-06,HIKARI-AGF-NZHAGEN-MIRROR,".agf CD coefficients; verify with catalog. term(s) 1,2,3,4 carry a non-positive B or C (permitted in multi-pole fits; the n(d) check is authoritative).",,1.4020084e-06,0.0,,
HIKARI-Q-LASFH11S,"Non-dispersable (4-term CD gives n(d)=1.98997 vs catalog 1.77387; not a Sellmeier fit) - archived, never evaluated",,3.07264726,-0.000135807482,0.000499234278,-0.0131831327,0.0256144151,4.16805552e-06,HIKARI-AGF-NZHAGEN-MIRROR,".agf CD coefficients; verify with catalog. term(s) 1,2,4 carry a non-positive B or C (permitted in multi-pole fits; the n(d) check is authoritative).",,7.01662918e-07,0.0,,
HIKARI-Q-LASF03S,"Non-dispersable (4-term CD gives n(d)=2.01563 vs catalog 1.80604; not a Sellmeier fit) - archived, never evaluated",,3.1699583,-0.000127440597,0.000733513997,-0.012153683,0.0309253962,6.0190839e-06,HIKARI-AGF-NZHAGEN-MIRROR,".agf CD coefficients; verify with catalog. term(s) 1,2,4 carry a non-positive B or C (permitted in multi-pole fits; the n(d) check is authoritative).",,2.17380961e-06,0.0,,
HIKARI-Q-LAF010S,"Non-dispersable (4-term CD gives n(d)=1.96775 vs catalog 1.743; not a Sellmeier fit) - archived, never evaluated",,2.9704824,-0.000166775197,0.000356836115,-0.0118584636,0.0236062466,1.2356508e-05,HIKARI-AGF-NZHAGEN-MIRROR,".agf CD coefficients; verify with catalog. term(s) 1,2,4 carry a non-positive B or C (permitted in multi-pole fits; the n(d) check is authoritative).",,1.07206448e-07,0.0,,
HIKARI-Q-LAK52S,"Non-dispersable (4-term CD gives n(d)=1.91482 vs catalog 1.67798; not a Sellmeier fit) - archived, never evaluated",,2.76405609,-0.000160322951,0.000267778201,-0.0126400636,0.0184903089,5.29803264e-06,HIKARI-AGF-NZHAGEN-MIRROR,".agf CD coefficients; verify with catalog. term(s) 1,2,4 carry a non-positive B or C (permitted in multi-pole fits; the n(d) check is authoritative).",,1.21335917e-07,0.0,,
HIKARI-Q-LAK13S,"Non-dispersable (4-term CD gives n(d)=1.93191 vs catalog 1.6972; not a Sellmeier fit) - archived, never evaluated",,2.82409056,-0.000136188911,0.000284067118,-0.0116215301,0.0199712048,7.76179707e-06,HIKARI-AGF-NZHAGEN-MIRROR,".agf CD coefficients; verify with catalog. term(s) 1,2,4 carry a non-positive B or C (permitted in multi-pole fits; the n(d) check is authoritative).",,6.22423374e-08,0.0,,
HIKARI-Q-SF6S,"Non-dispersable (5-term CD gives n(d)=2.00158 vs catalog 1.80301; not a Sellmeier fit) - archived, never evaluated",,3.11291202,0.0,0.0028996124,-0.0125998729,0.0420929946,-0.000373431538,HIKARI-AGF-NZHAGEN-MIRROR,".agf CD coefficients; verify with catalog. term(s) 1,2,3,4,5 carry a non-positive B or C (permitted in multi-pole fits; the n(d) check is authoritative).",,9.67592867e-05,-9.85184772e-06,5.06525233e-07,0.0
HIKARI-Q-SK12S,"Non-dispersable (4-term CD gives n(d)=1.84524 vs catalog 1.58593; not a Sellmeier fit) - archived, never evaluated",,2.47648136,-0.000104525542,0.000147282182,-0.0102815826,0.0141032606,7.20217001e-06,HIKARI-AGF-NZHAGEN-MIRROR,".agf CD coefficients; verify with catalog. term(s) 1,2,4 carry a non-positive B or C (permitted in multi-pole fits; the n(d) check is authoritative).",,-1.1548098e-07,0.0,,
HIKARI-Q-SK5S,"Non-dispersable (4-term CD gives n(d)=1.84705 vs catalog 1.58887; not a Sellmeier fit) - archived, never evaluated",,2.48684451,-0.000134578724,0.000124776891,-0.0107692547,0.013864428,8.35456207e-06,HIKARI-AGF-NZHAGEN-MIRROR,".agf CD coefficients; verify with catalog. term(s) 1,2,4 carry a non-positive B or C (permitted in multi-pole fits; the n(d) check is authoritative).",,-1.81702443e-07,0.0,,
HIKARI-Q-PSKH2S,"Non-dispersable (4-term CD gives n(d)=1.87403 vs catalog 1.61875; not a Sellmeier fit) - archived, never evaluated",,2.58079919,-8.88975012e-05,0.000181224951,-0.00946942822,0.0142435389,1.94681195e-06,HIKARI-AGF-NZHAGEN-MIRROR,".agf CD coefficients; verify with catalog. term(s) 1,2,4 carry a non-positive B or C (permitted in multi-pole fits; the n(d) check is authoritative).",,8.51820873e-08,0.0,,
HIKARI-Q-PSKH1S,"Non-dispersable (4-term CD gives n(d)=1.85808 vs catalog 1.59255; not a Sellmeier fit) - archived, never evaluated",,2.50007622,-5.1444284e-05,0.000158900364,-0.00671624527,0.0128098993,6.45646017e-07,HIKARI-AGF-NZHAGEN-MIRROR,".agf CD coefficients; verify with catalog. term(s) 1,2,4 carry a non-positive B or C (permitted in multi-pole fits; the n(d) check is authoritative).",,1.36642151e-07,0.0,,
HIKARI-Q-FKH2S,"Non-dispersable (4-term CD gives n(d)=1.75292 vs catalog 1.45562; not a Sellmeier fit) - archived, never evaluated",,2.10025148,-2.09903123e-05,2.32345667e-05,-0.00458689757,0.00685727645,4.89859472e-06,HIKARI-AGF-NZHAGEN-MIRROR,".agf CD coefficients; verify with catalog. term(s) 1,2,4 carry a non-positive B or C (permitted in multi-pole fits; the n(d) check is authoritative).",,-1.82336191e-07,0.0,,
HIKARI-Q-FK01S,"Non-dispersable (4-term CD gives n(d)=1.78360 vs catalog 1.49649; not a Sellmeier fit) - archived, never evaluated",,2.21641522,-2.81150445e-05,8.86932152e-05,-0.00558178713,0.00836994471,2.35585693e-07,HIKARI-AGF-NZHAGEN-MIRROR,".agf CD coefficients; verify with catalog. term(s) 1,2,4 carry a non-positive B or C (permitted in multi-pole fits; the n(d) check is authoritative).",,4.16602253e-08,0.0,,
HIKARI-J-LASFH17,"Non-dispersable (5-term CD gives n(d)=2.15463 vs catalog 2.00069; not a Sellmeier fit) - archived, never evaluated",,3.81071676,0.0,0.00412726108,-0.0163737936,0.0583672875,-0.000552229126,HIKARI-AGF-NZHAGEN-MIRROR,".agf CD coefficients; verify with catalog. term(s) 1,2,3,4,5 carry a non-positive B or C (permitted in multi-pole fits; the n(d) check is authoritative).",,0.000141302816,-1.45517862e-05,7.444268e-07,0.0
HIKARI-J-LASFH15,"Non-dispersable (5-term CD gives n(d)=2.12066 vs catalog 1.95; not a Sellmeier fit) - archived, never evaluated",,3.64640666,0.0,0.00349072452,-0.0151039558,0.0480157444,-0.000573639028,HIKARI-AGF-NZHAGEN-MIRROR,".agf CD coefficients; verify with catalog. term(s) 1,2,3,4,5 carry a non-positive B or C (permitted in multi-pole fits; the n(d) check is authoritative).",,0.000130249514,-1.29576789e-05,5.92144355e-07,0.0
HIKARI-J-LASFH13,"Non-dispersable (4-term CD gives n(d)=2.08689 vs catalog 1.90366; not a Sellmeier fit) - archived, never evaluated",,3.48496859,-8.98801936e-05,0.00110287376,-0.0134692969,0.0453620373,0.000148043312,HIKARI-AGF-NZHAGEN-MIRROR,".agf CD coefficients; verify with catalog. term(s) 1,2,4 carry a non-positive B or C (permitted in multi-pole fits; the n(d) check is authoritative).",,-1.27401645e-05,1.28412516e-06,,
HIKARI-J-LASFH9,"Non-dispersable (4-term CD gives n(d)=2.08882 vs catalog 1.90265; not a Sellmeier fit) - archived, never evaluated",,3.49709032,-0.000132935974,0.000880758278,-0.0138248635,0.0409278939,8.93285504e-05,HIKARI-AGF-NZHAGEN-MIRROR,".agf CD coefficients; verify with catalog. term(s) 1,2,4 carry a non-positive B or C (permitted in multi-pole fits; the n(d) check is authoritative).",,-6.6176262e-06,6.24399823e-07,,
HIKARI-J-LASFH6,"Non-dispersable (5-term CD gives n(d)=2.00978 vs catalog 1.8061; not a Sellmeier fit) - archived, never evaluated",,3.15462091,0.0,0.00271221217,-0.0134426083,0.0331718297,-0.000503803783,HIKARI-AGF-NZHAGEN-MIRROR,".agf CD coefficients; verify with catalog. term(s) 1,2,3,4,5 carry a non-positive B or C (permitted in multi-pole fits; the n(d) check is authoritative).",,0.000100437086,-9.19121981e-06,3.75808895e-07,0.0
HIKARI-J-LASFH2,"Non-dispersable (4-term CD gives n(d)=1.98150 vs catalog 1.76684; not a Sellmeier fit) - archived, never evaluated",,3.04927657,-0.000168864692,0.000522534606,-0.0145487808,0.0251825857,2.91654231e-06,HIKARI-AGF-NZHAGEN-MIRROR,".agf CD coefficients; verify with catalog. term(s) 1,2,4 carry a non-positive B or C (permitted in multi-pole fits; the n(d) check is authoritative).",,1.27935733e-06,0.0,,
HIKARI-J-LASF021,"Non-dispersable (5-term CD gives n(d)=2.04314 vs catalog 1.85026; not a Sellmeier fit) - archived, never evaluated",,3.30477446,0.0,0.00349591839,-0.0145925795,0.0359916632,-0.000743189237,HIKARI-AGF-NZHAGEN-MIRROR,".agf CD coefficients; verify with catalog. term(s) 1,2,3,4,5 carry a non-positive B or C (permitted in multi-pole fits; the n(d) check is authoritative).",,0.000155265866,-1.52961037e-05,6.59677491e-07,0.0
HIKARI-J-LASF017,"Non-dispersable (4-term CD gives n(d)=2.00417 vs catalog 1.795; not a Sellmeier fit) - archived, never evaluated",,3.14264424,-0.000159589924,0.00060806842,-0.0144687256,0.0273342436,1.8005447e-07,HIKARI-AGF-NZHAGEN-MIRROR,".agf CD coefficients; verify with catalog. term(s) 1,2,4 carry a non-positive B or C (permitted in multi-pole fits; the n(d) check is authoritative).",,1.58176253e-06,0.0,,
HIKARI-J-LASF016,"Non-dispersable (4-term CD gives n(d)=1.98770 vs catalog 1.7725; not a Sellmeier fit) - archived, never evaluated",,3.07219058,-0.000167817254,0.000425680243,-0.0142144846,0.0244174902,6.77243763e-06,HIKARI-AGF-NZHAGEN-MIRROR,".agf CD coefficients; verify with catalog. term(s) 1,2,4 carry a non-positive B or C (permitted in multi-pole fits; the n(d) check is authoritative).",,4.02219194e-07,0.0,,
HIKARI-J-LASF015,"Non-dispersable (4-term CD gives n(d)=2.01440 vs catalog 1.804; not a Sellmeier fit) - archived, never evaluated",,3.17452404,-0.000165919934,0.000483338934,-0.0132156517,0.0276472367,1.20380702e-05,HIKARI-AGF-NZHAGEN-MIRROR,".agf CD coefficients; verify with catalog. term(s) 1,2,4 carry a non-positive B or C (permitted in multi-pole fits; the n(d) check is authoritative).",,6.02649728e-07,0.0,,
HIKARI-J-LASF014,"Non-dispersable (4-term CD gives n(d)=2.00047 vs catalog 1.788; not a Sellmeier fit) - archived, never evaluated",,3.1211948,-0.000186592469,0.00045369866,-0.0137527216,0.0263764849,1.09722341e-05,HIKARI-AGF-NZHAGEN-MIRROR,".agf CD coefficients; verify with catalog. term(s) 1,2,4 carry a non-positive B or C (permitted in multi-pole fits; the n(d) check is authoritative).",,6.11243363e-07,0.0,,
HIKARI-J-LASF013,"Non-dispersable (4-term CD gives n(d)=2.00888 vs catalog 1.8044; not a Sellmeier fit) - archived, never evaluated",,3.1635095,-0.000212587159,0.000585519102,-0.0145894059,0.0315033746,5.85508847e-05,HIKARI-AGF-NZHAGEN-MIRROR,".agf CD coefficients; verify with catalog. term(s) 1,2,4 carry a non-positive B or C (permitted in multi-pole fits; the n(d) check is authoritative).",,-3.44096993e-06,3.17840715e-07,,
HIKARI-J-LASF010,"Non-dispersable (4-term CD gives n(d)=2.03178 vs catalog 1.834; not a Sellmeier fit) - archived, never evaluated",,3.25964047,-0.000171298494,0.000630621917,-0.0145636865,0.0351194196,9.80352299e-05,HIKARI-AGF-NZHAGEN-MIRROR,".agf CD coefficients; verify with catalog. term(s) 1,2,4 carry a non-positive B or C (permitted in multi-pole fits; the n(d) check is authoritative).",,-8.0418207e-06,6.28587289e-07,,
HIKARI-J-LASF09,"Non-dispersable (4-term CD gives n(d)=2.02315 vs catalog 1.816; not a Sellmeier fit) - archived, never evaluated",,3.21640776,-0.000161434942,0.000509661263,-0.0137992658,0.0281939284,1.00848603e-05,HIKARI-AGF-NZHAGEN-MIRROR,".agf CD coefficients; verify with catalog. term(s) 1,2,4 carry a non-positive B or C (permitted in multi-pole fits; the n(d) check is authoritative).",,6.06649264e-07,0.0,,
HIKARI-J-LASF08,"Non-dispersable (4-term CD gives n(d)=2.07579 vs catalog 1.883; not a Sellmeier fit) - archived, never evaluated",,3.44018604,-0.000115923849,0.000803698998,-0.0137727093,0.0355983882,1.22241789e-05,HIKARI-AGF-NZHAGEN-MIRROR,".agf CD coefficients; verify with catalog. term(s) 1,2,4 carry a non-positive B or C (permitted in multi-pole fits; the n(d) check is authoritative).",,1.64455247e-06,0.0,,
HIKARI-J-LASF05,"Non-dispersable (4-term CD gives n(d)=2.03811 vs catalog 1.83481; not a Sellmeier fit) - archived, never evaluated",,3.27458352,-0.000135438033,0.000711503841,-0.013275214,0.0311933067,3.51334559e-06,HIKARI-AGF-NZHAGEN-MIRROR,".agf CD coefficients; verify with catalog. term(s) 1,2,4 carry a non-positive B or C (permitted in multi-pole fits; the n(d) check is authoritative).",,1.88560229e-06,0.0,,
HIKARI-J-LASF03,"Non-dispersable (4-term CD gives n(d)=2.01132 vs catalog 1.8061; not a Sellmeier fit) - archived, never evaluated",,3.17262102,-0.000148050666,0.000795161351,-0.0144956612,0.0302384298,-3.21543048e-06,HIKARI-AGF-NZHAGEN-MIRROR,".agf CD coefficients; verify with catalog. term(s) 1,2,3,4 carry a non-positive B or C (permitted in multi-pole fits; the n(d) check is authoritative).",,3.05533181e-06,0.0,,
HIKARI-J-LASF02,"Non-dispersable (4-term CD gives n(d)=2.00975 vs catalog 1.79952; not a Sellmeier fit) - archived, never evaluated",,3.15037829,-0.00018434208,0.000435495344,-0.0126701101,0.0301788791,5.91055881e-05,HIKARI-AGF-NZHAGEN-MIRROR,".agf CD coefficients; verify with catalog. term(s) 1,2,4 carry a non-positive B or C (permitted in multi-pole fits; the n(d) check is authoritative).",,-3.81755339e-06,2.51546253e-07,,
HIKARI-J-LASF01,"Non-dispersable (4-term CD gives n(d)=1.99760 vs catalog 1.7859; not a Sellmeier fit) - archived, never evaluated",,3.10918831,-0.000130545613,0.000651189638,-0.0137763126,0.0274334291,-1.58159803e-06,HIKARI-AGF-NZHAGEN-MIRROR,".agf CD coefficients; verify with catalog. term(s) 1,2,3,4 carry a non-positive B or C (permitted in multi-pole fits; the n(d) check is authoritative).",,1.87919051e-06,0.0,,
HIKARI-J-LAFH3,"Non-dispersable (5-term CD gives n(d)=1.99739 vs catalog 1.79504; not a Sellmeier fit) - archived, never evaluated",,3.1015892,0.0,0.00326400857,-0.013347498,0.0364605893,-0.000624213023,HIKARI-AGF-NZHAGEN-MIRROR,".agf CD coefficients; verify with catalog. term(s) 1,2,3,4,5 carry a non-positive B or C (permitted in multi-pole fits; the n(d) check is authoritative).",,0.000140210775,-1.42247779e-05,6.58468818e-07,0.0
HIKARI-J-LAF016,"Non-dispersable (4-term CD gives n(d)=2.00509 vs catalog 1.801; not a Sellmeier fit) - archived, never evaluated",,3.13977744,-0.000162026634,0.000587991861,-0.0136971027,0.0348771551,0.000135087453,HIKARI-AGF-NZHAGEN-MIRROR,".agf CD coefficients; verify with catalog. term(s) 1,2,4 carry a non-positive B or C (permitted in multi-pole fits; the n(d) check is authoritative).",,-1.23042975e-05,9.55959268e-07,,
HIKARI-J-LAF010,"Non-dispersable (4-term CD gives n(d)=1.96539 vs catalog 1.7432; not a Sellmeier fit) - archived, never evaluated",,2.97218511,-0.000174821942,0.000384261692,-0.0132235298,0.0233639677,9.20777694e-06,HIKARI-AGF-NZHAGEN-MIRROR,".agf CD coefficients; verify with catalog. term(s) 1,2,4 carry a non-positive B or C (permitted in multi-pole fits; the n(d) check is authoritative).",,3.19655312e-07,0.0,,
HIKARI-J-LAF09,"Non-dispersable (4-term CD gives n(d)=1.93237 vs catalog 1.697; not a Sellmeier fit) - archived, never evaluated",,2.81748246,-0.000100459117,0.000433668886,-0.0105788235,0.0214941409,3.1538635e-07,HIKARI-AGF-NZHAGEN-MIRROR,".agf CD coefficients; verify with catalog. term(s) 1,2,4 carry a non-positive B or C (permitted in multi-pole fits; the n(d) check is authoritative).",,1.19012861e-06,0.0,,
HIKARI-J-LAF05,"Non-dispersable (4-term CD gives n(d)=1.98236 vs catalog 1.762; not a Sellmeier fit) - archived, never evaluated",,3.01897142,-3.56215294e-05,0.000843869366,-0.0106135241,0.0284177137,-1.12827377e-05,HIKARI-AGF-NZHAGEN-MIRROR,".agf CD coefficients; verify with catalog. term(s) 1,2,3,4 carry a non-positive B or C (permitted in multi-pole fits; the n(d) check is authoritative).",,3.11337221e-06,0.0,,
HIKARI-J-LAF04,"Non-dispersable (4-term CD gives n(d)=1.97412 vs catalog 1.757; not a Sellmeier fit) - archived, never evaluated",,3.01765567,-0.000173403131,0.00050291378,-0.0144029325,0.0241938931,-1.18295424e-07,HIKARI-AGF-NZHAGEN-MIRROR,".agf CD coefficients; verify with catalog. term(s) 1,2,3,4 carry a non-positive B or C (permitted in multi-pole fits; the n(d) check is authoritative).",,1.26171561e-06,0.0,,
HIKARI-J-LAF02,"Non-dispersable (4-term CD gives n(d)=1.95025 vs catalog 1.72; not a Sellmeier fit) - archived, never evaluated",,2.88586901,-5.7330265e-05,0.000671639978,-0.0102242298,0.0243594329,-1.38459487e-05,HIKARI-AGF-NZHAGEN-MIRROR,".agf CD coefficients; verify with catalog. term(s) 1,2,3,4 carry a non-positive B or C (permitted in multi-pole fits; the n(d) check is authoritative).",,2.96139784e-06,0.0,,
HIKARI-J-LAF01,"Non-dispersable (4-term CD gives n(d)=1.93513 vs catalog 1.7; not a Sellmeier fit) - archived, never evaluated",,2.82684251,-7.59583803e-05,0.000472548975,-0.0103793494,0.021662046,-2.58637501e-06,HIKARI-AGF-NZHAGEN-MIRROR,".agf CD coefficients; verify with catalog. term(s) 1,2,3,4 carry a non-positive B or C (permitted in multi-pole fits; the n(d) check is authoritative).",,1.43317138e-06,0.0,,
HIKARI-J-LAF7,"Non-dispersable (4-term CD gives n(d)=1.96716 vs catalog 1.7495; not a Sellmeier fit) - archived, never evaluated",,2.96739544,-0.000133628078,0.000654571893,-0.0118139418,0.0310749099,9.85567905e-05,HIKARI-AGF-NZHAGEN-MIRROR,".agf CD coefficients; verify with catalog. term(s) 1,2,4 carry a non-positive B or C (permitted in multi-pole fits; the n(d) check is authoritative).",,-8.8311254e-06,8.38843732e-07,,
HIKARI-J-LAF3,"Non-dispersable (4-term CD gives n(d)=1.94671 vs catalog 1.717; not a Sellmeier fit) - archived, never evaluated",,2.88297779,-0.000115749419,0.000475179381,-0.0115922463,0.0224704179,-1.9647181e-06,HIKARI-AGF-NZHAGEN-MIRROR,".agf CD coefficients; verify with catalog. term(s) 1,2,3,4 carry a non-positive B or C (permitted in multi-pole fits; the n(d) check is authoritative).",,1.41116684e-06,0.0,,
HIKARI-J-LAF2,"Non-dispersable (4-term CD gives n(d)=1.96702 vs catalog 1.744; not a Sellmeier fit) - archived, never evaluated",,2.96796358,-0.000121022641,0.00059199783,-0.0119454184,0.0250950364,-3.88364981e-06,HIKARI-AGF-NZHAGEN-MIRROR,".agf CD coefficients; verify with catalog. term(s) 1,2,3,4 carry a non-positive B or C (permitted in multi-pole fits; the n(d) check is authoritative).",,2.08885425e-06,0.0,,
HIKARI-J-LASKH2,"Non-dispersable (4-term CD gives n(d)=1.97467 vs catalog 1.755; not a Sellmeier fit) - archived, never evaluated",,3.01618042,-0.000204284446,0.000317846393,-0.0139280117,0.0227027519,1.01400049e-05,HIKARI-AGF-NZHAGEN-MIRROR,".agf CD coefficients; verify with catalog. term(s) 1,2,4 carry a non-positive B or C (permitted in multi-pole fits; the n(d) check is authoritative).",,3.63521536e-08,0.0,,
HIKARI-J-LAK011,"Non-dispersable (4-term CD gives n(d)=1.96356 vs catalog 1.741; not a Sellmeier fit) - archived, never evaluated",,2.96970289,-0.000188539623,0.000320709012,-0.0138160772,0.021844812,8.12772786e-06,HIKARI-AGF-NZHAGEN-MIRROR,".agf CD coefficients; verify with catalog. term(s) 1,2,4 carry a non-positive B or C (permitted in multi-pole fits; the n(d) check is authoritative).",,7.94854532e-08,0.0,,
HIKARI-J-LAK09,"Non-dispersable (4-term CD gives n(d)=1.95715 vs catalog 1.734; not a Sellmeier fit) - archived, never evaluated",,2.94471329,-0.000208989528,0.000296283761,-0.0139489672,0.0221246396,1.28986233e-05,HIKARI-AGF-NZHAGEN-MIRROR,".agf CD coefficients; verify with catalog. term(s) 1,2,4 carry a non-positive B or C (permitted in multi-pole fits; the n(d) check is authoritative).",,-4.34524857e-08,0.0,,
HIKARI-J-LAK06,"Non-dispersable (4-term CD gives n(d)=1.91761 vs catalog 1.6779; not a Sellmeier fit) - archived, never evaluated",,2.75830673,-8.63280601e-05,0.000388736963,-0.0104979587,0.0198026568,-3.98876195e-07,HIKARI-AGF-NZHAGEN-MIRROR,".agf CD coefficients; verify with catalog. term(s) 1,2,3,4 carry a non-positive B or C (permitted in multi-pole fits; the n(d) check is authoritative).",,8.98869177e-07,0.0,,
HIKARI-J-LAK04,"Non-dispersable (4-term CD gives n(d)=1.89623 vs catalog 1.651; not a Sellmeier fit) - archived, never evaluated",,2.67775568,-0.000112368235,0.000257310134,-0.0109363526,0.0171233781,2.54752519e-06,HIKARI-AGF-NZHAGEN-MIRROR,".agf CD coefficients; verify with catalog. term(s) 1,2,4 carry a non-positive B or C (permitted in multi-pole fits; the n(d) check is authoritative).",,1.89782794e-07,0.0,,
HIKARI-J-LAK02,"Non-dispersable (4-term CD gives n(d)=1.90990 vs catalog 1.67; not a Sellmeier fit) - archived, never evaluated",,2.74008995,-0.000175410927,0.00018931729,-0.0120461104,0.0176614454,1.04494737e-05,HIKARI-AGF-NZHAGEN-MIRROR,".agf CD coefficients; verify with catalog. term(s) 1,2,4 carry a non-positive B or C (permitted in multi-pole fits; the n(d) check is authoritative).",,-1.62215193e-07,0.0,,
HIKARI-J-LAK01,"Non-dispersable (4-term CD gives n(d)=1.88432 vs catalog 1.64; not a Sellmeier fit) - archived, never evaluated",,2.64746203,-0.000166347533,0.000192870468,-0.0131056736,0.0155169536,4.84379496e-06,HIKARI-AGF-NZHAGEN-MIRROR,".agf CD coefficients; verify with catalog. term(s) 1,2,4 carry a non-positive B or C (permitted in multi-pole fits; the n(d) check is authoritative).",,-7.97499057e-09,0.0,,
HIKARI-J-LAK18,"Non-dispersable (4-term CD gives n(d)=1.95357 vs catalog 1.72916; not a Sellmeier fit) - archived, never evaluated",,2.93263885,-0.000192506617,0.000293008969,-0.0142564324,0.0206017616,6.61918495e-06,HIKARI-AGF-NZHAGEN-MIRROR,".agf CD coefficients; verify with catalog. term(s) 1,2,4 carry a non-positive B or C (permitted in multi-pole fits; the n(d) check is authoritative).",,7.33494598e-08,0.0,,
HIKARI-J-LAK14,"Non-dispersable (4-term CD gives n(d)=1.92782 vs catalog 1.6968; not a Sellmeier fit) - archived, never evaluated",,2.8267987,-0.000170936348,0.00027593367,-0.0140346783,0.0189011366,5.15919094e-06,HIKARI-AGF-NZHAGEN-MIRROR,".agf CD coefficients; verify with catalog. term(s) 1,2,4 carry a non-positive B or C (permitted in multi-pole fits; the n(d) check is authoritative).",,9.87059817e-08,0.0,,
HIKARI-J-LAK13,"Non-dispersable (4-term CD gives n(d)=1.92762 vs catalog 1.6935; not a Sellmeier fit) - archived, never evaluated",,2.81256049,-0.000146274016,0.00031921638,-0.0123338559,0.0196331804,3.67504765e-06,HIKARI-AGF-NZHAGEN-MIRROR,".agf CD coefficients; verify with catalog. term(s) 1,2,4 carry a non-positive B or C (permitted in multi-pole fits; the n(d) check is authoritative).",,2.77132755e-07,0.0,,
HIKARI-J-LAK12,"Non-dispersable (4-term CD gives n(d)=1.91753 vs catalog 1.6779; not a Sellmeier fit) - archived, never evaluated",,2.76331704,-0.000129016401,0.000256863267,-0.0111612524,0.0184973677,6.55822525e-06,HIKARI-AGF-NZHAGEN-MIRROR,".agf CD coefficients; verify with catalog. term(s) 1,2,4 carry a non-positive B or C (permitted in multi-pole fits; the n(d) check is authoritative).",,7.62548252e-08,0.0,,
HIKARI-J-LAK10,"Non-dispersable (4-term CD gives n(d)=1.94901 vs catalog 1.71999; not a Sellmeier fit) - archived, never evaluated",,2.89571408,-0.000136916169,0.000357973143,-0.0120013315,0.0219522159,8.26304425e-06,HIKARI-AGF-NZHAGEN-MIRROR,".agf CD coefficients; verify with catalog. term(s) 1,2,4 carry a non-positive B or C (permitted in multi-pole fits; the n(d) check is authoritative).",,2.7388172e-07,0.0,,
HIKARI-J-LAK9,"Non-dispersable (4-term CD gives n(d)=1.92375 vs catalog 1.691; not a Sellmeier fit) - archived, never evaluated",,2.80700795,-0.000153406686,0.000280739188,-0.0135938061,0.0188808096,5.33547368e-06,HIKARI-AGF-NZHAGEN-MIRROR,".agf CD coefficients; verify with catalog. term(s) 1,2,4 carry a non-positive B or C (permitted in multi-pole fits; the n(d) check is authoritative).",,1.19947182e-07,0.0,,
HIKARI-J-LAK8,"Non-dispersable (4-term CD gives n(d)=1.94133 vs catalog 1.713; not a Sellmeier fit) - archived, never evaluated",,2.87779172,-0.000208866139,0.000244901642,-0.0135972618,0.0203518573,1.23070041e-05,HIKARI-AGF-NZHAGEN-MIRROR,".agf CD coefficients; verify with catalog. term(s) 1,2,4 carry a non-positive B or C (permitted in multi-pole fits; the n(d) check is authoritative).",,-1.32629677e-07,0.0,,
HIKARI-J-LAK7,"Non-dispersable (4-term CD gives n(d)=1.89539 vs catalog 1.6516; not a Sellmeier fit) - archived, never evaluated",,2.6823272,-0.00014372436,0.000217295781,-0.0119713031,0.0164555463,4.69383509e-06,HIKARI-AGF-NZHAGEN-MIRROR,".agf CD coefficients; verify with catalog. term(s) 1,2,4 carry a non-positive B or C (permitted in multi-pole fits; the n(d) check is authoritative).",,3.49394854e-08,0.0,,
HIKARI-J-SFH2,"Non-dispersable (5-term CD gives n(d)=2.04009 vs catalog 1.86074; not a Sellmeier fit) - archived, never evaluated",,3.29659106,0.0,0.00387657158,-0.0151583913,0.0496966192,-0.000533127104,HIKARI-AGF-NZHAGEN-MIRROR,".agf CD coefficients; verify with catalog. term(s) 1,2,3,4,5 carry a non-positive B or C (permitted in multi-pole fits; the n(d) check is authoritative).",,0.000143134944,-1.50873439e-05,8.02061962e-07,0.0
HIKARI-J-SFH1,"Non-dispersable (5-term CD gives n(d)=1.99970 vs catalog 1.80809; not a Sellmeier fit) - archived, never evaluated",,3.11637039,0.0,0.00379129507,-0.0140103252,0.0455295459,-0.000576203793,HIKARI-AGF-NZHAGEN-MIRROR,".agf CD coefficients; verify with catalog. term(s) 1,2,3,4,5 carry a non-positive B or C (permitted in multi-pole fits; the n(d) check is authoritative).",,0.000153793977,-1.65780029e-05,8.814805e-07,0.0
HIKARI-J-SFS3,"Non-dispersable (5-term CD gives n(d)=1.98749 vs catalog 1.7847; not a Sellmeier fit) - archived, never evaluated",,3.05623339,0.0,0.00339109066,-0.0128486167,0.0387408706,-0.000605526065,HIKARI-AGF-NZHAGEN-MIRROR,".agf CD coefficients; verify with catalog. term(s) 1,2,3,4,5 carry a non-positive B or C (permitted in multi-pole fits; the n(d) check is authoritative).",,0.000141221664,-1.44464234e-05,6.88155857e-07,0.0
HIKARI-J-SF03,"Non-dispersable (5-term CD gives n(d)=2.03310 vs catalog 1.84666; not a Sellmeier fit) - archived, never evaluated",,3.25089291,0.0,0.0032638368,-0.013324411,0.0484040988,-0.000401470701,HIKARI-AGF-NZHAGEN-MIRROR,".agf CD coefficients; verify with catalog. term(s) 1,2,3,4,5 carry a non-positive B or C (permitted in multi-pole fits; the n(d) check is authoritative).",,0.000116583198,-1.27242455e-05,6.96171808e-07,0.0
HIKARI-J-SF15,"Non-dispersable (5-term CD gives n(d)=1.92501 vs catalog 1.69895; not a Sellmeier fit) - archived, never evaluated",,2.79018804,0.0,0.00219337541,-0.0110845992,0.0297256583,-0.000359769888,HIKARI-AGF-NZHAGEN-MIRROR,".agf CD coefficients; verify with catalog. term(s) 1,2,3,4,5 carry a non-positive B or C (permitted in multi-pole fits; the n(d) check is authoritative).",,8.12762977e-05,-8.02301606e-06,3.73019506e-07,0.0
HIKARI-J-SF14,"Non-dispersable (5-term CD gives n(d)=1.96966 vs catalog 1.76182; not a Sellmeier fit) - archived, never evaluated",,2.98193445,0.0,0.00296054842,-0.012659384,0.0370386685,-0.000481643932,HIKARI-AGF-NZHAGEN-MIRROR,".agf CD coefficients; verify with catalog. term(s) 1,2,3,4,5 carry a non-positive B or C (permitted in multi-pole fits; the n(d) check is authoritative).",,0.000114549779,-1.16507463e-05,5.68089035e-07,0.0
HIKARI-J-SF13,"Non-dispersable (5-term CD gives n(d)=1.95479 vs catalog 1.74077; not a Sellmeier fit) - archived, never evaluated",,2.9174225,0.0,0.00266756706,-0.0121278695,0.0344734103,-0.000432503622,HIKARI-AGF-NZHAGEN-MIRROR,".agf CD coefficients; verify with catalog. term(s) 1,2,3,4,5 carry a non-positive B or C (permitted in multi-pole fits; the n(d) check is authoritative).",,0.000100646069,-1.00610625e-05,4.80261151e-07,0.0
HIKARI-J-SF11,"Non-dispersable (5-term CD gives n(d)=1.98689 vs catalog 1.78472; not a Sellmeier fit) - archived, never evaluated",,3.05304325,0.0,0.00316619134,-0.012733991,0.0399774262,-0.000502824259,HIKARI-AGF-NZHAGEN-MIRROR,".agf CD coefficients; verify with catalog. term(s) 1,2,3,4,5 carry a non-positive B or C (permitted in multi-pole fits; the n(d) check is authoritative).",,0.000122491876,-1.25325941e-05,6.19354223e-07,0.0
HIKARI-J-SF10,"Non-dispersable (5-term CD gives n(d)=1.94577 vs catalog 1.72825; not a Sellmeier fit) - archived, never evaluated",,2.87916509,0.0,0.00270047713,-0.0119049122,0.0328054585,-0.000476826023,HIKARI-AGF-NZHAGEN-MIRROR,".agf CD coefficients; verify with catalog. term(s) 1,2,3,4,5 carry a non-positive B or C (permitted in multi-pole fits; the n(d) check is authoritative).",,0.000107927203,-1.07672748e-05,5.00986227e-07,0.0
HIKARI-J-SF8,"Non-dispersable (5-term CD gives n(d)=1.91816 vs catalog 1.68893; not a Sellmeier fit) - archived, never evaluated",,2.76136798,0.0,0.00232580023,-0.0108932344,0.0279459967,-0.000432657789,HIKARI-AGF-NZHAGEN-MIRROR,".agf CD coefficients; verify with catalog. term(s) 1,2,3,4,5 carry a non-positive B or C (permitted in multi-pole fits; the n(d) check is authoritative).",,9.2814925e-05,-9.03546717e-06,4.01729395e-07,0.0
HIKARI-J-SF7,"Non-dispersable (4-term CD gives n(d)=1.88168 vs catalog 1.6398; not a Sellmeier fit) - archived, never evaluated",,2.61297958,-0.000106186576,0.000392630585,-0.00985563637,0.0254765452,0.000121161036,HIKARI-AGF-NZHAGEN-MIRROR,".agf CD coefficients; verify with catalog. term(s) 1,2,4 carry a non-positive B or C (permitted in multi-pole fits; the n(d) check is authoritative).",,-1.21702106e-05,9.86930857e-07,,
HIKARI-J-SF6,"Non-dispersable (5-term CD gives n(d)=2.00317 vs catalog 1.80518; not a Sellmeier fit) - archived, never evaluated",,3.11993645,0.0,0.00304768926,-0.0126679163,0.0421698355,-0.000420720196,HIKARI-AGF-NZHAGEN-MIRROR,".agf CD coefficients; verify with catalog. term(s) 1,2,3,4,5 carry a non-positive B or C (permitted in multi-pole fits; the n(d) check is authoritative).",,0.000106770582,-1.09382035e-05,5.57077794e-07,0.0
HIKARI-J-SF5,"Non-dispersable (4-term CD gives n(d)=1.90611 vs catalog 1.6727; not a Sellmeier fit) - archived, never evaluated",,2.71072072,-9.06763794e-05,0.000557561753,-0.0102160186,0.0288337808,0.000133564048,HIKARI-AGF-NZHAGEN-MIRROR,".agf CD coefficients; verify with catalog. term(s) 1,2,4 carry a non-positive B or C (permitted in multi-pole fits; the n(d) check is authoritative).",,-1.34358407e-05,1.19202152e-06,,
HIKARI-J-SF4,"Non-dispersable (5-term CD gives n(d)=1.96601 vs catalog 1.7552; not a Sellmeier fit) - archived, never evaluated",,2.96384442,0.0,0.00272484712,-0.0122384397,0.0357090539,-0.000437315556,HIKARI-AGF-NZHAGEN-MIRROR,".agf CD coefficients; verify with catalog. term(s) 1,2,3,4,5 carry a non-positive B or C (permitted in multi-pole fits; the n(d) check is authoritative).",,0.000103210102,-1.04209554e-05,5.02488681e-07,0.0
HIKARI-J-SF2,"Non-dispersable (5-term CD gives n(d)=1.88733 vs catalog 1.64769; not a Sellmeier fit) - archived, never evaluated",,2.63768374,0.0,0.00192856512,-0.0104781511,0.0239749005,-0.000366733662,HIKARI-AGF-NZHAGEN-MIRROR,".agf CD coefficients; verify with catalog. term(s) 1,2,3,4,5 carry a non-positive B or C (permitted in multi-pole fits; the n(d) check is authoritative).",,7.71499779e-05,-7.4649885e-06,3.25251898e-07,0.0
HIKARI-J-SF1,"Non-dispersable (5-term CD gives n(d)=1.93888 vs catalog 1.71736; not a Sellmeier fit) - archived, never evaluated",,2.8477793,0.0,0.00254456183,-0.0114171302,0.0310426999,-0.000460296278,HIKARI-AGF-NZHAGEN-MIRROR,".agf CD coefficients; verify with catalog. term(s) 1,2,3,4,5 carry a non-positive B or C (permitted in multi-pole fits; the n(d) check is authoritative).",,0.000102222014,-1.01220546e-05,4.62539051e-07,0.0
HIKARI-J-F16,"Non-dispersable (5-term CD gives n(d)=1.84493 vs catalog 1.5927; not a Sellmeier fit) - archived, never evaluated",,2.47262695,0.0,0.00181579852,-0.0101687674,0.019743684,-0.00035896046,HIKARI-AGF-NZHAGEN-MIRROR,".agf CD coefficients; verify with catalog. term(s) 1,2,3,4,5 carry a non-positive B or C (permitted in multi-pole fits; the n(d) check is authoritative).",,7.21398135e-05,-6.71121675e-06,2.80287467e-07,0.0
HIKARI-J-F8,"Non-dispersable (4-term CD gives n(d)=1.84840 vs catalog 1.59551; not a Sellmeier fit) - archived, never evaluated",,2.48625113,-3.66798847e-05,0.000763732181,-0.0100589301,0.0196315837,-3.17124943e-05,HIKARI-AGF-NZHAGEN-MIRROR,".agf CD coefficients; verify with catalog. term(s) 1,2,3,4 carry a non-positive B or C (permitted in multi-pole fits; the n(d) check is authoritative).",,5.33168997e-06,0.0,,
HIKARI-J-F5,"Non-dispersable (4-term CD gives n(d)=1.85453 vs catalog 1.60342; not a Sellmeier fit) - archived, never evaluated",,2.50730433,-0.000108925344,0.0002157139,-0.0096392024,0.021773033,0.000115184205,HIKARI-AGF-NZHAGEN-MIRROR,".agf CD coefficients; verify with catalog. term(s) 1,2,4 carry a non-positive B or C (permitted in multi-pole fits; the n(d) check is authoritative).",,-1.21949895e-05,8.47741632e-07,,
HIKARI-J-F3,"Non-dispersable (4-term CD gives n(d)=1.86050 vs catalog 1.61293; not a Sellmeier fit) - archived, never evaluated",,2.5354736,-9.00763853e-05,0.000443442601,-0.010429899,0.0222719327,7.40581279e-05,HIKARI-AGF-NZHAGEN-MIRROR,".agf CD coefficients; verify with catalog. term(s) 1,2,4 carry a non-positive B or C (permitted in multi-pole fits; the n(d) check is authoritative).",,-6.90525545e-06,6.52621989e-07,,
HIKARI-J-F2,"Non-dispersable (5-term CD gives n(d)=1.86557 vs catalog 1.62004; not a Sellmeier fit) - archived, never evaluated",,2.55848782,0.0,0.00204096825,-0.0111821288,0.0203054502,-0.000437338902,HIKARI-AGF-NZHAGEN-MIRROR,".agf CD coefficients; verify with catalog. term(s) 1,2,3,4,5 carry a non-positive B or C (permitted in multi-pole fits; the n(d) check is authoritative).",,8.55288881e-05,-7.9676939e-06,3.26555576e-07,0.0
HIKARI-J-F1,"Non-dispersable (4-term CD gives n(d)=1.87026 vs catalog 1.62588; not a Sellmeier fit) - archived, never evaluated",,2.57291645,-0.000102025424,0.000442698668,-0.010421051,0.0237163029,9.19547318e-05,HIKARI-AGF-NZHAGEN-MIRROR,".agf CD coefficients; verify with catalog. term(s) 1,2,4 carry a non-positive B or C (permitted in multi-pole fits; the n(d) check is authoritative).",,-8.93128864e-06,7.90992496e-07,,
HIKARI-J-LF7,"Non-dispersable (4-term CD gives n(d)=1.83432 vs catalog 1.57501; not a Sellmeier fit) - archived, never evaluated",,2.42574282,-0.000108092631,0.000117245652,-0.00890909885,0.0190630501,9.74566345e-05,HIKARI-AGF-NZHAGEN-MIRROR,".agf CD coefficients; verify with catalog. term(s) 1,2,4 carry a non-positive B or C (permitted in multi-pole fits; the n(d) check is authoritative).",,-9.93663901e-06,6.41905453e-07,,
HIKARI-J-LF6,"Non-dispersable (4-term CD gives n(d)=1.82927 vs catalog 1.56732; not a Sellmeier fit) - archived, never evaluated",,2.40368894,-0.00012227067,9.28895588e-05,-0.00844989386,0.0183786358,9.23801901e-05,HIKARI-AGF-NZHAGEN-MIRROR,".agf CD coefficients; verify with catalog. term(s) 1,2,4 carry a non-positive B or C (permitted in multi-pole fits; the n(d) check is authoritative).",,-9.1429577e-06,5.77555194e-07,,
HIKARI-J-LF5,"Non-dispersable (4-term CD gives n(d)=1.83859 vs catalog 1.58144; not a Sellmeier fit) - archived, never evaluated",,2.44484793,-9.46881204e-05,0.000236834809,-0.00936437503,0.0193135291,7.55993911e-05,HIKARI-AGF-NZHAGEN-MIRROR,".agf CD coefficients; verify with catalog. term(s) 1,2,4 carry a non-positive B or C (permitted in multi-pole fits; the n(d) check is authoritative).",,-7.53407578e-06,5.41756865e-07,,
HIKARI-J-LLF6,"Non-dispersable (4-term CD gives n(d)=1.80278 vs catalog 1.53172; not a Sellmeier fit) - archived, never evaluated",,2.30465477,-8.53219261e-05,0.000330848944,-0.00842372028,0.0143763145,-4.10026783e-06,HIKARI-AGF-NZHAGEN-MIRROR,".agf CD coefficients; verify with catalog. term(s) 1,2,3,4 carry a non-positive B or C (permitted in multi-pole fits; the n(d) check is authoritative).",,1.57001947e-06,0.0,,
HIKARI-J-LLF2,"Non-dispersable (4-term CD gives n(d)=1.80921 vs catalog 1.54072; not a Sellmeier fit) - archived, never evaluated",,2.32991556,-5.64810656e-05,0.000420176461,-0.00866190637,0.01502038,-1.21206332e-05,HIKARI-AGF-NZHAGEN-MIRROR,".agf CD coefficients; verify with catalog. term(s) 1,2,3,4 carry a non-positive B or C (permitted in multi-pole fits; the n(d) check is authoritative).",,2.27699343e-06,0.0,,
HIKARI-J-LLF1,"Non-dispersable (4-term CD gives n(d)=1.81443 vs catalog 1.54814; not a Sellmeier fit) - archived, never evaluated",,2.35082049,-4.67960548e-05,0.000497642954,-0.00890815763,0.0155575823,-1.81687973e-05,HIKARI-AGF-NZHAGEN-MIRROR,".agf CD coefficients; verify with catalog. term(s) 1,2,3,4 carry a non-positive B or C (permitted in multi-pole fits; the n(d) check is authoritative).",,2.83408723e-06,0.0,,
HIKARI-J-SSK8,"Non-dispersable (4-term CD gives n(d)=1.86990 vs catalog 1.61772; not a Sellmeier fit) - archived, never evaluated",,2.56658096,-9.45439785e-05,0.00037143324,-0.00972847347,0.0174935076,-4.00752907e-06,HIKARI-AGF-NZHAGEN-MIRROR,".agf CD coefficients; verify with catalog. term(s) 1,2,3,4 carry a non-positive B or C (permitted in multi-pole fits; the n(d) check is authoritative).",,1.64198401e-06,0.0,,
HIKARI-J-SSK5,"Non-dispersable (4-term CD gives n(d)=1.90361 vs catalog 1.65844; not a Sellmeier fit) - archived, never evaluated",,2.69546608,-0.000110686762,0.000349767067,-0.00946960473,0.0190535266,1.61235917e-06,HIKARI-AGF-NZHAGEN-MIRROR,".agf CD coefficients; verify with catalog. term(s) 1,2,4 carry a non-positive B or C (permitted in multi-pole fits; the n(d) check is authoritative).",,1.06076791e-06,0.0,,
HIKARI-J-SSK1,"Non-dispersable (4-term CD gives n(d)=1.86902 vs catalog 1.6172; not a Sellmeier fit) - archived, never evaluated",,2.56917001,-0.00011482076,0.000266043325,-0.010534705,0.0163890732,2.86703318e-06,HIKARI-AGF-NZHAGEN-MIRROR,".agf CD coefficients; verify with catalog. term(s) 1,2,4 carry a non-positive B or C (permitted in multi-pole fits; the n(d) check is authoritative).",,5.89038637e-07,0.0,,
HIKARI-J-SK18,"Non-dispersable (4-term CD gives n(d)=1.88705 vs catalog 1.63854; not a Sellmeier fit) - archived, never evaluated",,2.63738575,-0.000109091934,0.000303233685,-0.0103287558,0.0167282181,-2.03256494e-06,HIKARI-AGF-NZHAGEN-MIRROR,".agf CD coefficients; verify with catalog. term(s) 1,2,3,4 carry a non-positive B or C (permitted in multi-pole fits; the n(d) check is authoritative).",,7.96743025e-07,0.0,,
HIKARI-J-SK16,"Non-dispersable (4-term CD gives n(d)=1.87188 vs catalog 1.62041; not a Sellmeier fit) - archived, never evaluated",,2.58448044,-0.000137540448,0.000188581834,-0.0111132665,0.0149921982,3.56240422e-06,HIKARI-AGF-NZHAGEN-MIRROR,".agf CD coefficients; verify with catalog. term(s) 1,2,4 carry a non-positive B or C (permitted in multi-pole fits; the n(d) check is authoritative).",,7.76507396e-08,0.0,,
HIKARI-J-SK15,"Non-dispersable (4-term CD gives n(d)=1.87495 vs catalog 1.62299; not a Sellmeier fit) - archived, never evaluated",,2.59035665,-0.000119847148,0.000190519844,-0.0102907579,0.0157254882,6.52864472e-06,HIKARI-AGF-NZHAGEN-MIRROR,".agf CD coefficients; verify with catalog. term(s) 1,2,4 carry a non-positive B or C (permitted in multi-pole fits; the n(d) check is authoritative).",,-1.78313721e-08,0.0,,
HIKARI-J-SK14,"Non-dispersable (4-term CD gives n(d)=1.85945 vs catalog 1.60311; not a Sellmeier fit) - archived, never evaluated",,2.53043945,-9.7944083e-05,0.000200898558,-0.0102567827,0.014275253,1.18522803e-06,HIKARI-AGF-NZHAGEN-MIRROR,".agf CD coefficients; verify with catalog. term(s) 1,2,4 carry a non-positive B or C (permitted in multi-pole fits; the n(d) check is authoritative).",,1.46555128e-07,0.0,,
HIKARI-J-SK12,"Non-dispersable (4-term CD gives n(d)=1.84424 vs catalog 1.58313; not a Sellmeier fit) - archived, never evaluated",,2.46741191,-0.000102594923,0.000169265777,-0.00952788845,0.0140303006,5.39399652e-06,HIKARI-AGF-NZHAGEN-MIRROR,".agf CD coefficients; verify with catalog. term(s) 1,2,4 carry a non-positive B or C (permitted in multi-pole fits; the n(d) check is authoritative).",,-2.33385875e-08,0.0,,
HIKARI-J-SK11,"Non-dispersable (4-term CD gives n(d)=1.82930 vs catalog 1.56384; not a Sellmeier fit) - archived, never evaluated",,2.40941529,-9.6509289e-05,0.000153988355,-0.0092912299,0.0131170272,4.69136387e-06,HIKARI-AGF-NZHAGEN-MIRROR,".agf CD coefficients; verify with catalog. term(s) 1,2,4 carry a non-positive B or C (permitted in multi-pole fits; the n(d) check is authoritative).",,-2.59660236e-08,0.0,,
HIKARI-J-SK10,"Non-dispersable (4-term CD gives n(d)=1.87592 vs catalog 1.6228; not a Sellmeier fit) - archived, never evaluated",,2.58848328,-9.90298068e-05,0.000207026667,-0.00952709742,0.0160216897,6.19900432e-06,HIKARI-AGF-NZHAGEN-MIRROR,".agf CD coefficients; verify with catalog. term(s) 1,2,4 carry a non-positive B or C (permitted in multi-pole fits; the n(d) check is authoritative).",,1.17812844e-08,0.0,,
HIKARI-J-SK5,"Non-dispersable (4-term CD gives n(d)=1.84848 vs catalog 1.58913; not a Sellmeier fit) - archived, never evaluated",,2.4874828,-9.5107548e-05,0.000182268499,-0.0101006793,0.0137290228,1.8798945e-06,HIKARI-AGF-NZHAGEN-MIRROR,".agf CD coefficients; verify with catalog. term(s) 1,2,4 carry a non-positive B or C (permitted in multi-pole fits; the n(d) check is authoritative).",,9.76616911e-08,0.0,,
HIKARI-J-SK4,"Non-dispersable (4-term CD gives n(d)=1.86785 vs catalog 1.61272; not a Sellmeier fit) - archived, never evaluated",,2.55820861,-0.000105056878,0.000188241434,-0.0096306219,0.0152842971,5.74199467e-06,HIKARI-AGF-NZHAGEN-MIRROR,".agf CD coefficients; verify with catalog. term(s) 1,2,4 carry a non-positive B or C (permitted in multi-pole fits; the n(d) check is authoritative).",,3.67306869e-08,0.0,,
HIKARI-J-SK2,"Non-dispersable (4-term CD gives n(d)=1.86443 vs catalog 1.60738; not a Sellmeier fit) - archived, never evaluated",,2.53980653,-8.4074007e-05,0.000221892881,-0.00890433248,0.0155288703,3.98552039e-06,HIKARI-AGF-NZHAGEN-MIRROR,".agf CD coefficients; verify with catalog. term(s) 1,2,4 carry a non-positive B or C (permitted in multi-pole fits; the n(d) check is authoritative).",,1.13655993e-07,0.0,,
HIKARI-J-BASF8,"Non-dispersable (4-term CD gives n(d)=1.94977 vs catalog 1.72342; not a Sellmeier fit) - archived, never evaluated",,2.88696022,-0.000102521932,0.000399098561,-0.0105560202,0.0280905311,0.000115091109,HIKARI-AGF-NZHAGEN-MIRROR,".agf CD coefficients; verify with catalog. term(s) 1,2,4 carry a non-positive B or C (permitted in multi-pole fits; the n(d) check is authoritative).",,-1.16375905e-05,8.75066077e-07,,
HIKARI-J-BASF7,"Non-dispersable (4-term CD gives n(d)=1.93437 vs catalog 1.70154; not a Sellmeier fit) - archived, never evaluated",,2.82115391,-9.24350756e-05,0.000523468025,-0.0100514408,0.0249821665,3.70259835e-05,HIKARI-AGF-NZHAGEN-MIRROR,".agf CD coefficients; verify with catalog. term(s) 1,2,4 carry a non-positive B or C (permitted in multi-pole fits; the n(d) check is authoritative).",,-2.14786963e-06,2.97698375e-07,,
HIKARI-J-BASF6,"Non-dispersable (4-term CD gives n(d)=1.90445 vs catalog 1.66755; not a Sellmeier fit) - archived, never evaluated",,2.71408053,-0.000185062065,0.000130291556,-0.011443869,0.0232439131,0.00011814346,HIKARI-AGF-NZHAGEN-MIRROR,".agf CD coefficients; verify with catalog. term(s) 1,2,4 carry a non-positive B or C (permitted in multi-pole fits; the n(d) check is authoritative).",,-1.18586652e-05,7.68022789e-07,,
HIKARI-J-BASF2,"Non-dispersable (5-term CD gives n(d)=1.90115 vs catalog 1.66446; not a Sellmeier fit) - archived, never evaluated",,2.69527127,0.0,0.0019016356,-0.0109541476,0.0234490053,-0.000368276327,HIKARI-AGF-NZHAGEN-MIRROR,".agf CD coefficients; verify with catalog. term(s) 1,2,3,4,5 carry a non-positive B or C (permitted in multi-pole fits; the n(d) check is authoritative).",,7.49770823e-05,-7.0943249e-06,3.01058679e-07,0.0
HIKARI-J-BAF12,"Non-dispersable (4-term CD gives n(d)=1.88533 vs catalog 1.6393; not a Sellmeier fit) - archived, never evaluated",,2.62810335,-0.000144740792,0.000162531777,-0.00995087731,0.0206473464,7.85240289e-05,HIKARI-AGF-NZHAGEN-MIRROR,".agf CD coefficients; verify with catalog. term(s) 1,2,4 carry a non-positive B or C (permitted in multi-pole fits; the n(d) check is authoritative).",,-7.45350927e-06,4.83617341e-07,,
HIKARI-J-BAF11,"Non-dispersable (4-term CD gives n(d)=1.91013 vs catalog 1.66672; not a Sellmeier fit) - archived, never evaluated",,2.71886836,-5.97080099e-05,0.000423467645,-0.00921086428,0.0202512558,-1.03717059e-06,HIKARI-AGF-NZHAGEN-MIRROR,".agf CD coefficients; verify with catalog. term(s) 1,2,3,4 carry a non-positive B or C (permitted in multi-pole fits; the n(d) check is authoritative).",,1.22100678e-06,0.0,,
HIKARI-J-BAF10,"Non-dispersable (4-term CD gives n(d)=1.91230 vs catalog 1.67003; not a Sellmeier fit) - archived, never evaluated",,2.72808119,-7.12221204e-05,0.000457311835,-0.00930210914,0.0208031569,-2.96273778e-06,HIKARI-AGF-NZHAGEN-MIRROR,".agf CD coefficients; verify with catalog. term(s) 1,2,3,4 carry a non-positive B or C (permitted in multi-pole fits; the n(d) check is authoritative).",,1.6311403e-06,0.0,,
HIKARI-J-BAF8,"Non-dispersable (4-term CD gives n(d)=1.87365 vs catalog 1.62374; not a Sellmeier fit) - archived, never evaluated",,2.58219095,-0.000116286506,0.000219248923,-0.00986301021,0.0189733467,4.98624477e-05,HIKARI-AGF-NZHAGEN-MIRROR,".agf CD coefficients; verify with catalog. term(s) 1,2,4 carry a non-positive B or C (permitted in multi-pole fits; the n(d) check is authoritative).",,-4.45223153e-06,3.07817299e-07,,
HIKARI-J-BAF4,"Non-dispersable (4-term CD gives n(d)=1.85799 vs catalog 1.60562; not a Sellmeier fit) - archived, never evaluated",,2.5217584,-0.000134973275,7.13034071e-05,-0.00979498428,0.0197297837,0.000103716753,HIKARI-AGF-NZHAGEN-MIRROR,".agf CD coefficients; verify with catalog. term(s) 1,2,4 carry a non-positive B or C (permitted in multi-pole fits; the n(d) check is authoritative).",,-1.06452623e-05,6.6389953e-07,,
HIKARI-J-BAF3,"Non-dispersable (4-term CD gives n(d)=1.84239 vs catalog 1.58267; not a Sellmeier fit) - archived, never evaluated",,2.45448839,-0.00010471524,0.000154610243,-0.00867148963,0.0176039752,5.59918259e-05,HIKARI-AGF-NZHAGEN-MIRROR,".agf CD coefficients; verify with catalog. term(s) 1,2,4 carry a non-positive B or C (permitted in multi-pole fits; the n(d) check is authoritative).",,-5.01297284e-06,3.1755799e-07,,
HIKARI-J-BALF4,"Non-dispersable (4-term CD gives n(d)=1.84221 vs catalog 1.57957; not a Sellmeier fit) - archived, never evaluated",,2.45156936,-8.88499407e-05,0.00022451288,-0.00835914203,0.0153016408,5.89498036e-06,HIKARI-AGF-NZHAGEN-MIRROR,".agf CD coefficients; verify with catalog. term(s) 1,2,4 carry a non-positive B or C (permitted in multi-pole fits; the n(d) check is authoritative).",,2.59209632e-07,0.0,,
HIKARI-J-KF6,"Non-dispersable (4-term CD gives n(d)=1.79013 vs catalog 1.51742; not a Sellmeier fit) - archived, never evaluated",,2.26653222,-8.49115572e-05,0.000315395806,-0.00974283829,0.0127195343,-8.83703038e-06,HIKARI-AGF-NZHAGEN-MIRROR,".agf CD coefficients; verify with catalog. term(s) 1,2,3,4 carry a non-positive B or C (permitted in multi-pole fits; the n(d) check is authoritative).",,1.84064027e-06,0.0,,
HIKARI-J-KZFH1,"Non-dispersable (4-term CD gives n(d)=1.86004 vs catalog 1.61266; not a Sellmeier fit) - archived, never evaluated",,2.54674023,-0.00013427904,0.000522959966,-0.012265261,0.0185970683,-9.9314501e-06,HIKARI-AGF-NZHAGEN-MIRROR,".agf CD coefficients; verify with catalog. term(s) 1,2,3,4 carry a non-positive B or C (permitted in multi-pole fits; the n(d) check is authoritative).",,2.37371768e-06,0.0,,
HIKARI-J-K5,"Non-dispersable (4-term CD gives n(d)=1.79764 vs catalog 1.52249; not a Sellmeier fit) - archived, never evaluated",,2.28421062,-0.000105573054,0.000110833374,-0.00815537489,0.0122386101,9.05979458e-06,HIKARI-AGF-NZHAGEN-MIRROR,".agf CD coefficients; verify with catalog. term(s) 1,2,4 carry a non-positive B or C (permitted in multi-pole fits; the n(d) check is authoritative).",,-1.07673777e-07,0.0,,
HIKARI-J-K3,"Non-dispersable (4-term CD gives n(d)=1.79427 vs catalog 1.51823; not a Sellmeier fit) - archived, never evaluated",,2.27169182,-6.46337623e-05,0.00017667373,-0.00815289465,0.0119516164,1.45062194e-06,HIKARI-AGF-NZHAGEN-MIRROR,".agf CD coefficients; verify with catalog. term(s) 1,2,4 carry a non-positive B or C (permitted in multi-pole fits; the n(d) check is authoritative).",,2.2485209e-07,0.0,,
HIKARI-J-BAK4,"Non-dispersable (4-term CD gives n(d)=1.83296 vs catalog 1.56883; not a Sellmeier fit) - archived, never evaluated",,2.42114503,-9.30006854e-05,0.000189993274,-0.00899959341,0.014307112,6.09602388e-06,HIKARI-AGF-NZHAGEN-MIRROR,".agf CD coefficients; verify with catalog. term(s) 1,2,4 carry a non-positive B or C (permitted in multi-pole fits; the n(d) check is authoritative).",,2.25737069e-07,0.0,,
HIKARI-J-BAK2,"Non-dispersable (4-term CD gives n(d)=1.81166 vs catalog 1.53996; not a Sellmeier fit) - archived, never evaluated",,2.3361606,-9.82753897e-05,0.000122269251,-0.00818245071,0.0127499096,8.48994057e-06,HIKARI-AGF-NZHAGEN-MIRROR,".agf CD coefficients; verify with catalog. term(s) 1,2,4 carry a non-positive B or C (permitted in multi-pole fits; the n(d) check is authoritative).",,-1.59525058e-07,0.0,,
HIKARI-J-BAK1,"Non-dispersable (4-term CD gives n(d)=1.83741 vs catalog 1.5725; not a Sellmeier fit) - archived, never evaluated",,2.43258691,-9.21764324e-05,0.000159799832,-0.00822086723,0.0143187501,8.58344462e-06,HIKARI-AGF-NZHAGEN-MIRROR,".agf CD coefficients; verify with catalog. term(s) 1,2,4 carry a non-positive B or C (permitted in multi-pole fits; the n(d) check is authoritative).",,-1.00538104e-07,0.0,,
HIKARI-J-BK7,"Non-dispersable (4-term CD gives n(d)=1.79179 vs catalog 1.5168; not a Sellmeier fit) - archived, never evaluated",,2.27109726,-8.9187152e-05,0.000136527555,-0.00947304881,0.0109352525,1.68617824e-06,HIKARI-AGF-NZHAGEN-MIRROR,".agf CD coefficients; verify with catalog. term(s) 1,2,4 carry a non-positive B or C (permitted in multi-pole fits; the n(d) check is authoritative).",,5.85391298e-08,0.0,,
HIKARI-J-PSKH1,"Non-dispersable (4-term CD gives n(d)=1.85860 vs catalog 1.59319; not a Sellmeier fit) - archived, never evaluated",,2.50208083,-5.34313751e-05,0.000156205388,-0.00672143907,0.01282644,1.21593549e-06,HIKARI-AGF-NZHAGEN-MIRROR,".agf CD coefficients; verify with catalog. term(s) 1,2,4 carry a non-positive B or C (permitted in multi-pole fits; the n(d) check is authoritative).",,9.59550869e-08,0.0,,
HIKARI-J-PSK03,"Non-dispersable (4-term CD gives n(d)=1.86141 vs catalog 1.603; not a Sellmeier fit) - archived, never evaluated",,2.53267453,-0.000106883723,0.000141770605,-0.00950416844,0.013439736,4.7304388e-06,HIKARI-AGF-NZHAGEN-MIRROR,".agf CD coefficients; verify with catalog. term(s) 1,2,4 carry a non-positive B or C (permitted in multi-pole fits; the n(d) check is authoritative).",,-8.6200083e-08,0.0,,
HIKARI-J-PSK02,"Non-dispersable (4-term CD gives n(d)=1.87293 vs catalog 1.618; not a Sellmeier fit) - archived, never evaluated",,2.57826227,-0.000107085207,0.000159222199,-0.00969723449,0.014348011,5.33085601e-06,HIKARI-AGF-NZHAGEN-MIRROR,".agf CD coefficients; verify with catalog. term(s) 1,2,4 carry a non-positive B or C (permitted in multi-pole fits; the n(d) check is authoritative).",,-5.80638431e-08,0.0,,
HIKARI-J-PKH1,"Non-dispersable (4-term CD gives n(d)=1.79464 vs catalog 1.5186; not a Sellmeier fit) - archived, never evaluated",,2.27892705,-0.000110679206,9.31149884e-05,-0.00904327622,0.0101870033,2.7225654e-06,HIKARI-AGF-NZHAGEN-MIRROR,".agf CD coefficients; verify with catalog. term(s) 1,2,4 carry a non-positive B or C (permitted in multi-pole fits; the n(d) check is authoritative).",,-1.82952398e-08,0.0,,
HIKARI-J-FKH2,"Non-dispersable (4-term CD gives n(d)=1.75311 vs catalog 1.456; not a Sellmeier fit) - archived, never evaluated",,2.10149795,-1.34642385e-05,4.53499889e-05,-0.00468337833,0.00677542246,2.24209054e-06,HIKARI-AGF-NZHAGEN-MIRROR,".agf CD coefficients; verify with catalog. term(s) 1,2,4 carry a non-positive B or C (permitted in multi-pole fits; the n(d) check is authoritative).",,-6.21790903e-08,0.0,,
HIKARI-J-FKH1,"Non-dispersable (4-term CD gives n(d)=1.78563 vs catalog 1.49782; not a Sellmeier fit) - archived, never evaluated",,2.22016073,-3.55507111e-05,7.02327459e-05,-0.00500725473,0.00842088796,2.470079e-06,HIKARI-AGF-NZHAGEN-MIRROR,".agf CD coefficients; verify with catalog. term(s) 1,2,4 carry a non-positive B or C (permitted in multi-pole fits; the n(d) check is authoritative).",,-6.50002003e-08,0.0,,
HIKARI-J-FK01,"Non-dispersable (4-term CD gives n(d)=1.78403 vs catalog 1.497; not a Sellmeier fit) - archived, never evaluated",,2.21789187,-3.28049024e-05,8.32133541e-05,-0.00556369762,0.00839632921,8.943616e-07,HIKARI-AGF-NZHAGEN-MIRROR,".agf CD coefficients; verify with catalog. term(s) 1,2,4 carry a non-positive B or C (permitted in multi-pole fits; the n(d) check is authoritative).",,1.16808762e-08,0.0,,
HIKARI-J-FK5,"Non-dispersable (4-term CD gives n(d)=1.76960 vs catalog 1.48749; not a Sellmeier fit) - archived, never evaluated",,2.18826855,-0.000111621071,7.34900733e-05,-0.00919044724,0.00926372815,4.19724242e-06,HIKARI-AGF-NZHAGEN-MIRROR,".agf CD coefficients; verify with catalog. term(s) 1,2,4 carry a non-positive B or C (permitted in multi-pole fits; the n(d) check is authoritative).",,-1.15412203e-07,0.0,,
HIKARI-BAF3,"Non-dispersable (3-term CD gives n(d)=1.86473 vs catalog 1.58267; not a Sellmeier fit) - archived, never evaluated",,2.438682,0.02688829,0.0003965661,0.001609961,-0.002446579,-1.973046e-05,HIKARI-AGF-NZHAGEN-MIRROR,".agf CD coefficients; verify with catalog. term(s) 2,3 carry a non-positive B or C (permitted in multi-pole fits; the n(d) check is authoritative).",,,,,
HIKARI-BAF4,"Non-dispersable (3-term CD gives n(d)=1.88621 vs catalog 1.60562; not a Sellmeier fit) - archived, never evaluated",,2.504959,0.02831428,0.0003343099,0.003324741,-0.002044138,-1.534858e-05,HIKARI-AGF-NZHAGEN-MIRROR,".agf CD coefficients; verify with catalog. term(s) 2,3 carry a non-positive B or C (permitted in multi-pole fits; the n(d) check is authoritative).",,,,,
HIKARI-BAF8,"Non-dispersable (3-term CD gives n(d)=1.88717 vs catalog 1.623741; not a Sellmeier fit) - archived, never evaluated",,2.576356,0.02151531,7.507447e-05,-0.004964319,-0.0002533858,-1.820369e-06,HIKARI-AGF-NZHAGEN-MIRROR,".agf CD coefficients; verify with catalog. term(s) 1,2,3 carry a non-positive B or C (permitted in multi-pole fits; the n(d) check is authoritative).",,,,,
HIKARI-BAF10,"Non-dispersable (3-term CD gives n(d)=1.94391 vs catalog 1.67003; not a Sellmeier fit) - archived, never evaluated",,2.708194,0.03147874,0.0003414449,0.004899893,-0.002304342,-1.465281e-05,HIKARI-AGF-NZHAGEN-MIRROR,".agf CD coefficients; verify with catalog. term(s) 2,3 carry a non-positive B or C (permitted in multi-pole fits; the n(d) check is authoritative).",,,,,
HIKARI-BAF11,"Non-dispersable (3-term CD gives n(d)=1.91519 vs catalog 1.66672; not a Sellmeier fit) - archived, never evaluated",,2.718364,0.02090148,4.065932e-05,-0.009306715,0.0001588714,-8.563966e-07,HIKARI-AGF-NZHAGEN-MIRROR,".agf CD coefficients; verify with catalog. term(s) 1,3 carry a non-positive B or C (permitted in multi-pole fits; the n(d) check is authoritative).",,,,,
HIKARI-BAK2,"Non-dispersable (3-term CD gives n(d)=1.83305 vs catalog 1.53996; not a Sellmeier fit) - archived, never evaluated",,2.319725,0.02249807,0.0003926686,0.002602493,-0.002672041,-2.043303e-05,HIKARI-AGF-NZHAGEN-MIRROR,".agf CD coefficients; verify with catalog. term(s) 2,3 carry a non-positive B or C (permitted in multi-pole fits; the n(d) check is authoritative).",,,,,
HIKARI-BAK4,"Non-dispersable (3-term CD gives n(d)=1.84701 vs catalog 1.568829; not a Sellmeier fit) - archived, never evaluated",,2.414299,0.01680892,-1.350522e-05,-0.002829974,-8.945119e-05,4.145336e-06,HIKARI-AGF-NZHAGEN-MIRROR,".agf CD coefficients; verify with catalog. term(s) 1,2,3 carry a non-positive B or C (permitted in multi-pole fits; the n(d) check is authoritative).",,,,,
HIKARI-BASF2,"Non-dispersable (3-term CD gives n(d)=1.93230 vs catalog 1.66446; not a Sellmeier fit) - archived, never evaluated",,2.677014,0.03312038,0.0001805364,0.003011704,-0.0009256636,-2.622153e-06,HIKARI-AGF-NZHAGEN-MIRROR,".agf CD coefficients; verify with catalog. term(s) 2,3 carry a non-positive B or C (permitted in multi-pole fits; the n(d) check is authoritative).",,,,,
HIKARI-BASF4,"Non-dispersable (3-term CD gives n(d)=1.90476 vs catalog 1.65128; not a Sellmeier fit) - archived, never evaluated",,2.653252,0.02439776,2.48777e-05,-0.006578821,0.0005194976,1.560994e-06,HIKARI-AGF-NZHAGEN-MIRROR,.agf CD coefficients; verify with catalog. term(s) 1 carry a non-positive B or C (permitted in multi-pole fits; the n(d) check is authoritative).,,,,,
HIKARI-BASF6,"Non-dispersable (3-term CD gives n(d)=1.90726 vs catalog 1.667551; not a Sellmeier fit) - archived, never evaluated",,2.718163,0.02057831,-1.411159e-05,-0.01334622,0.0009283221,1.659476e-06,HIKARI-AGF-NZHAGEN-MIRROR,".agf CD coefficients; verify with catalog. term(s) 1,3 carry a non-positive B or C (permitted in multi-pole fits; the n(d) check is authoritative).",,,,,
HIKARI-BASF7,"Non-dispersable (3-term CD gives n(d)=1.92636 vs catalog 1.70154; not a Sellmeier fit) - archived, never evaluated",,2.83515,0.01539786,-0.0004884822,-0.01785081,0.003719055,3.290179e-05,HIKARI-AGF-NZHAGEN-MIRROR,".agf CD coefficients; verify with catalog. term(s) 1,3 carry a non-positive B or C (permitted in multi-pole fits; the n(d) check is authoritative).",,,,,
HIKARI-BASF8,"Non-dispersable (3-term CD gives n(d)=1.96456 vs catalog 1.723421; not a Sellmeier fit) - archived, never evaluated",,2.881495,0.03074684,0.0001314241,-0.006454381,-0.0001396031,-2.44494e-06,HIKARI-AGF-NZHAGEN-MIRROR,".agf CD coefficients; verify with catalog. term(s) 1,2,3 carry a non-positive B or C (permitted in multi-pole fits; the n(d) check is authoritative).",,,,,
HIKARI-BASF12,"Non-dispersable (3-term CD gives n(d)=1.89855 vs catalog 1.66998; not a Sellmeier fit) - archived, never evaluated",,2.729422,0.01735778,-0.000198277,-0.01897808,0.002340995,1.222741e-05,HIKARI-AGF-NZHAGEN-MIRROR,".agf CD coefficients; verify with catalog. term(s) 1,3 carry a non-positive B or C (permitted in multi-pole fits; the n(d) check is authoritative).",,,,,
HIKARI-E-BAF3,"Non-dispersable (3-term CD gives n(d)=1.86473 vs catalog 1.58267; not a Sellmeier fit) - archived, never evaluated",,2.43868193,0.0268882943,0.000396566086,0.00160996098,-0.00244657917,-1.9730459e-05,HIKARI-AGF-NZHAGEN-MIRROR,".agf CD coefficients; verify with catalog. term(s) 2,3 carry a non-positive B or C (permitted in multi-pole fits; the n(d) check is authoritative).",,,,,
HIKARI-E-BAF4,"Non-dispersable (3-term CD gives n(d)=1.88621 vs catalog 1.60562; not a Sellmeier fit) - archived, never evaluated",,2.50495857,0.0283142796,0.000334309924,0.00332474118,-0.00204413784,-1.53485779e-05,HIKARI-AGF-NZHAGEN-MIRROR,".agf CD coefficients; verify with catalog. term(s) 2,3 carry a non-positive B or C (permitted in multi-pole fits; the n(d) check is authoritative).",,,,,
HIKARI-E-BAF8,"Non-dispersable (3-term CD gives n(d)=1.88141 vs catalog 1.62374; not a Sellmeier fit) - archived, never evaluated",,2.58072694,0.0192773695,1.54399962e-05,-0.00826682499,0.000287391647,4.63747358e-07,HIKARI-AGF-NZHAGEN-MIRROR,.agf CD coefficients; verify with catalog. term(s) 1 carry a non-positive B or C (permitted in multi-pole fits; the n(d) check is authoritative).,,,,,
HIKARI-E-BAF10,"Non-dispersable (3-term CD gives n(d)=1.91532 vs catalog 1.670029; not a Sellmeier fit) - archived, never evaluated",,2.72932262,0.0204478583,-3.06411426e-06,-0.0106085219,0.000484576944,1.63981487e-06,HIKARI-AGF-NZHAGEN-MIRROR,".agf CD coefficients; verify with catalog. term(s) 1,3 carry a non-positive B or C (permitted in multi-pole fits; the n(d) check is authoritative).",,,,,
HIKARI-E-BAF11,"Non-dispersable (3-term CD gives n(d)=1.91382 vs catalog 1.666718; not a Sellmeier fit) - archived, never evaluated",,2.71954649,0.0200301385,-7.51633336e-06,-0.0100472501,0.000465868302,1.77544989e-06,HIKARI-AGF-NZHAGEN-MIRROR,".agf CD coefficients; verify with catalog. term(s) 1,3 carry a non-positive B or C (permitted in multi-pole fits; the n(d) check is authoritative).",,,,,
HIKARI-E-BAF12,"Non-dispersable (3-term CD gives n(d)=1.89051 vs catalog 1.6393; not a Sellmeier fit) - archived, never evaluated",,2.62833748,0.0203176439,1.45983254e-05,-0.0100974072,0.000375302287,1.37126433e-06,HIKARI-AGF-NZHAGEN-MIRROR,.agf CD coefficients; verify with catalog. term(s) 1 carry a non-positive B or C (permitted in multi-pole fits; the n(d) check is authoritative).,,,,,
HIKARI-E-BAK1,"Non-dispersable (3-term CD gives n(d)=1.82841 vs catalog 1.5725; not a Sellmeier fit) - archived, never evaluated",,2.44353274,0.00881927898,-0.000136331798,-0.0161455184,0.00144687542,6.03309808e-06,HIKARI-AGF-NZHAGEN-MIRROR,".agf CD coefficients; verify with catalog. term(s) 1,3 carry a non-positive B or C (permitted in multi-pole fits; the n(d) check is authoritative).",,,,,
HIKARI-E-BAK2,"Non-dispersable (3-term CD gives n(d)=1.81444 vs catalog 1.539956; not a Sellmeier fit) - archived, never evaluated",,2.33664322,0.0125079902,4.02268677e-06,-0.00862588382,0.000175550187,-3.58785019e-08,HIKARI-AGF-NZHAGEN-MIRROR,".agf CD coefficients; verify with catalog. term(s) 1,3 carry a non-positive B or C (permitted in multi-pole fits; the n(d) check is authoritative).",,,,,
HIKARI-E-BAK4,"Non-dispersable (3-term CD gives n(d)=1.83630 vs catalog 1.568832; not a Sellmeier fit) - archived, never evaluated",,2.4220474,0.0138282404,-5.77819731e-06,-0.00935286439,0.000292097262,7.05644888e-07,HIKARI-AGF-NZHAGEN-MIRROR,".agf CD coefficients; verify with catalog. term(s) 1,3 carry a non-positive B or C (permitted in multi-pole fits; the n(d) check is authoritative).",,,,,
HIKARI-E-BALF4,"Non-dispersable (3-term CD gives n(d)=1.83686 vs catalog 1.57957; not a Sellmeier fit) - archived, never evaluated",,2.45999845,0.0104962988,-0.000169174126,-0.0140695372,0.00154266669,9.43510859e-06,HIKARI-AGF-NZHAGEN-MIRROR,".agf CD coefficients; verify with catalog. term(s) 1,3 carry a non-positive B or C (permitted in multi-pole fits; the n(d) check is authoritative).",,,,,
HIKARI-E-BASF2,"Non-dispersable (3-term CD gives n(d)=1.93230 vs catalog 1.66446; not a Sellmeier fit) - archived, never evaluated",,2.67701358,0.033120376,0.000180536382,0.00301170374,-0.000925663558,-2.62215298e-06,HIKARI-AGF-NZHAGEN-MIRROR,".agf CD coefficients; verify with catalog. term(s) 2,3 carry a non-positive B or C (permitted in multi-pole fits; the n(d) check is authoritative).",,,,,
HIKARI-E-BASF6,"Non-dispersable (3-term CD gives n(d)=1.91416 vs catalog 1.667551; not a Sellmeier fit) - archived, never evaluated",,2.71377616,0.0221914885,-2.11522864e-05,-0.00941072521,0.000735180213,3.73099495e-06,HIKARI-AGF-NZHAGEN-MIRROR,".agf CD coefficients; verify with catalog. term(s) 1,3 carry a non-positive B or C (permitted in multi-pole fits; the n(d) check is authoritative).",,,,,
HIKARI-E-BASF7,"Non-dispersable (3-term CD gives n(d)=1.92636 vs catalog 1.70154; not a Sellmeier fit) - archived, never evaluated",,2.83515039,0.0153978598,-0.000488482182,-0.0178508143,0.00371905515,3.29017911e-05,HIKARI-AGF-NZHAGEN-MIRROR,".agf CD coefficients; verify with catalog. term(s) 1,3 carry a non-positive B or C (permitted in multi-pole fits; the n(d) check is authoritative).",,,,,
HIKARI-E-BASF8,"Non-dispersable (3-term CD gives n(d)=1.95463 vs catalog 1.72342; not a Sellmeier fit) - archived, never evaluated",,2.88848579,0.0269121453,-1.77180132e-05,-0.0117260382,0.000931846805,5.63107499e-06,HIKARI-AGF-NZHAGEN-MIRROR,".agf CD coefficients; verify with catalog. term(s) 1,3 carry a non-positive B or C (permitted in multi-pole fits; the n(d) check is authoritative).",,,,,
HIKARI-E-BK7,"Non-dispersable (3-term CD gives n(d)=1.79455 vs catalog 1.5168; not a Sellmeier fit) - archived, never evaluated",,2.271192,0.0110306969,1.39658544e-05,-0.00966126763,7.00379964e-05,-7.62560454e-07,HIKARI-AGF-NZHAGEN-MIRROR,".agf CD coefficients; verify with catalog. term(s) 1,3 carry a non-positive B or C (permitted in multi-pole fits; the n(d) check is authoritative).",,,,,
HIKARI-E-F1,"Non-dispersable (3-term CD gives n(d)=1.88910 vs catalog 1.625882; not a Sellmeier fit) - archived, never evaluated",,2.56251919,0.0291600242,0.000226533195,-0.00314623487,-0.000870730012,-8.61239946e-06,HIKARI-AGF-NZHAGEN-MIRROR,".agf CD coefficients; verify with catalog. term(s) 1,2,3 carry a non-positive B or C (permitted in multi-pole fits; the n(d) check is authoritative).",,,,,
HIKARI-E-F2,"Non-dispersable (3-term CD gives n(d)=1.87124 vs catalog 1.620041; not a Sellmeier fit) - archived, never evaluated",,2.557393,0.02168073,-5.363098e-05,-0.01079512,0.00105166,7.746633e-06,HIKARI-AGF-NZHAGEN-MIRROR,".agf CD coefficients; verify with catalog. term(s) 1,3 carry a non-positive B or C (permitted in multi-pole fits; the n(d) check is authoritative).",,,,,
HIKARI-E-F2-MOLD0,"Non-dispersable (3-term CD gives n(d)=1.87124 vs catalog 1.620041; not a Sellmeier fit) - archived, never evaluated",,2.55739282,0.0216807328,-5.36309816e-05,-0.0107951229,0.00105165979,7.7466326e-06,HIKARI-AGF-NZHAGEN-MIRROR,".agf CD coefficients; verify with catalog. term(s) 1,3 carry a non-positive B or C (permitted in multi-pole fits; the n(d) check is authoritative).",,,,,
HIKARI-E-F3,"Non-dispersable (3-term CD gives n(d)=1.88261 vs catalog 1.61293; not a Sellmeier fit) - archived, never evaluated",,2.52228312,0.029395765,0.000289680505,-0.00104823034,-0.00139163033,-1.26508887e-05,HIKARI-AGF-NZHAGEN-MIRROR,".agf CD coefficients; verify with catalog. term(s) 1,2,3 carry a non-positive B or C (permitted in multi-pole fits; the n(d) check is authoritative).",,,,,
HIKARI-E-F5,"Non-dispersable (3-term CD gives n(d)=1.85936 vs catalog 1.60342; not a Sellmeier fit) - archived, never evaluated",,2.50863619,0.0204516474,-3.63565381e-05,-0.0101869365,0.000841069518,5.99712664e-06,HIKARI-AGF-NZHAGEN-MIRROR,".agf CD coefficients; verify with catalog. term(s) 1,3 carry a non-positive B or C (permitted in multi-pole fits; the n(d) check is authoritative).",,,,,
HIKARI-E-F8,"Non-dispersable (3-term CD gives n(d)=1.86811 vs catalog 1.59551; not a Sellmeier fit) - archived, never evaluated",,2.47286461,0.0276004612,0.000290711488,-0.00151192688,-0.00152550371,-1.28484326e-05,HIKARI-AGF-NZHAGEN-MIRROR,".agf CD coefficients; verify with catalog. term(s) 1,2,3 carry a non-positive B or C (permitted in multi-pole fits; the n(d) check is authoritative).",,,,,
HIKARI-E-F16,"Non-dispersable (3-term CD gives n(d)=1.85006 vs catalog 1.592701; not a Sellmeier fit) - archived, never evaluated",,2.47196413,0.0208698749,-4.77932855e-05,-0.0100810083,0.000995620952,8.07129922e-06,HIKARI-AGF-NZHAGEN-MIRROR,".agf CD coefficients; verify with catalog. term(s) 1,3 carry a non-positive B or C (permitted in multi-pole fits; the n(d) check is authoritative).",,,,,
HIKARI-E-FK01,"Non-dispersable (3-term CD gives n(d)=1.78175 vs catalog 1.497; not a Sellmeier fit) - archived, never evaluated",,2.22250469,0.005666787,-9.804141e-05,-0.00850804282,0.00084184905,4.91868528e-06,HIKARI-AGF-NZHAGEN-MIRROR,".agf CD coefficients; verify with catalog. term(s) 1,3 carry a non-positive B or C (permitted in multi-pole fits; the n(d) check is authoritative).",,,,,
HIKARI-E-FK5,"Non-dispersable (3-term CD gives n(d)=1.77167 vs catalog 1.48749; not a Sellmeier fit) - archived, never evaluated",,2.1887621,0.0089915232,-5.2843067e-06,-0.0095572007,0.00014560516,3.458801e-07,HIKARI-AGF-NZHAGEN-MIRROR,".agf CD coefficients; verify with catalog. term(s) 1,3 carry a non-positive B or C (permitted in multi-pole fits; the n(d) check is authoritative).",,,,,
HIKARI-E-FKH1,"Non-dispersable (3-term CD gives n(d)=1.78778 vs catalog 1.49782; not a Sellmeier fit) - archived, never evaluated",,2.22025427,0.00841587708,7.61288219e-06,-0.00513496818,5.4263553e-05,-4.89857441e-07,HIKARI-AGF-NZHAGEN-MIRROR,".agf CD coefficients; verify with catalog. term(s) 1,3 carry a non-positive B or C (permitted in multi-pole fits; the n(d) check is authoritative).",,,,,
HIKARI-E-FKH2,"Non-dispersable (3-term CD gives n(d)=1.75493 vs catalog 1.456; not a Sellmeier fit) - archived, never evaluated",,2.10176037,0.00656506916,-6.14897591e-06,-0.00475364874,0.000110380259,3.33432784e-07,HIKARI-AGF-NZHAGEN-MIRROR,".agf CD coefficients; verify with catalog. term(s) 1,3 carry a non-positive B or C (permitted in multi-pole fits; the n(d) check is authoritative).",,,,,
HIKARI-E-K3,"Non-dispersable (3-term CD gives n(d)=1.79827 vs catalog 1.518229; not a Sellmeier fit) - archived, never evaluated",,2.2707833,0.0126286148,3.30622876e-05,-0.00772009861,-4.60005382e-05,-1.37462973e-06,HIKARI-AGF-NZHAGEN-MIRROR,".agf CD coefficients; verify with catalog. term(s) 1,2,3 carry a non-positive B or C (permitted in multi-pole fits; the n(d) check is authoritative).",,,,,
HIKARI-E-K5,"Non-dispersable (3-term CD gives n(d)=1.82949 vs catalog 1.52249; not a Sellmeier fit) - archived, never evaluated",,2.25937934,0.0263394215,0.000522870195,0.00909050374,-0.00377741843,-2.62918185e-05,HIKARI-AGF-NZHAGEN-MIRROR,".agf CD coefficients; verify with catalog. term(s) 2,3 carry a non-positive B or C (permitted in multi-pole fits; the n(d) check is authoritative).",,,,,
HIKARI-E-KF6,"Non-dispersable (3-term CD gives n(d)=1.81294 vs catalog 1.51742; not a Sellmeier fit) - archived, never evaluated",,2.24955402,0.0221746519,0.000344437297,0.00226224485,-0.00228248782,-1.73774146e-05,HIKARI-AGF-NZHAGEN-MIRROR,".agf CD coefficients; verify with catalog. term(s) 2,3 carry a non-positive B or C (permitted in multi-pole fits; the n(d) check is authoritative).",,,,,
HIKARI-E-KZFH1,"Non-dispersable (4-term CD gives n(d)=1.86486 vs catalog 1.61266; not a Sellmeier fit) - archived, never evaluated",,2.54662904,0.0187464623,7.85351066e-07,-0.0122972332,0.000460296583,1.72720972e-06,HIKARI-AGF-NZHAGEN-MIRROR,".agf CD coefficients; verify with catalog. term(s) 1,4 carry a non-positive B or C (permitted in multi-pole fits; the n(d) check is authoritative).",,-0.000133476806,0.0,,
HIKARI-E-LAF01,"Non-dispersable (3-term CD gives n(d)=1.93906 vs catalog 1.699998; not a Sellmeier fit) - archived, never evaluated",,2.82762091,0.0213169098,-1.3357138e-05,-0.0112227553,0.000559325355,1.86385587e-06,HIKARI-AGF-NZHAGEN-MIRROR,".agf CD coefficients; verify with catalog. term(s) 1,3 carry a non-positive B or C (permitted in multi-pole fits; the n(d) check is authoritative).",,,,,
HIKARI-E-LAF02,"Non-dispersable (3-term CD gives n(d)=1.95433 vs catalog 1.72; not a Sellmeier fit) - archived, never evaluated",,2.88761613,0.0234620658,-3.93727241e-05,-0.0113224055,0.000879155778,4.43531743e-06,HIKARI-AGF-NZHAGEN-MIRROR,".agf CD coefficients; verify with catalog. term(s) 1,3 carry a non-positive B or C (permitted in multi-pole fits; the n(d) check is authoritative).",,,,,
HIKARI-E-LAF2,"Non-dispersable (3-term CD gives n(d)=1.97395 vs catalog 1.743997; not a Sellmeier fit) - archived, never evaluated",,2.9684827,0.0244833672,-2.44342622e-05,-0.0116032701,0.000775976856,3.01832049e-06,HIKARI-AGF-NZHAGEN-MIRROR,".agf CD coefficients; verify with catalog. term(s) 1,3 carry a non-positive B or C (permitted in multi-pole fits; the n(d) check is authoritative).",,,,,
HIKARI-E-LAF3,"Non-dispersable (3-term CD gives n(d)=1.95419 vs catalog 1.717004; not a Sellmeier fit) - archived, never evaluated",,2.88218387,0.0227527853,1.25478223e-05,-0.0106317724,0.000397667212,5.87511175e-07,HIKARI-AGF-NZHAGEN-MIRROR,.agf CD coefficients; verify with catalog. term(s) 1 carry a non-positive B or C (permitted in multi-pole fits; the n(d) check is authoritative).,,,,,
HIKARI-E-LAF04,"Non-dispersable (3-term CD gives n(d)=1.98045 vs catalog 1.756998; not a Sellmeier fit) - archived, never evaluated",,3.01654365,0.0251223164,4.35063641e-05,-0.0142462083,0.000195992997,-7.85606637e-07,HIKARI-AGF-NZHAGEN-MIRROR,".agf CD coefficients; verify with catalog. term(s) 1,3 carry a non-positive B or C (permitted in multi-pole fits; the n(d) check is authoritative).",,,,,
HIKARI-E-LAF05,"Non-dispersable (3-term CD gives n(d)=1.98639 vs catalog 1.762001; not a Sellmeier fit) - archived, never evaluated",,3.02046444,0.028023846,-1.40486471e-05,-0.0121632364,0.000861441681,4.5613035e-06,HIKARI-AGF-NZHAGEN-MIRROR,".agf CD coefficients; verify with catalog. term(s) 1,3 carry a non-positive B or C (permitted in multi-pole fits; the n(d) check is authoritative).",,,,,
HIKARI-E-LAF7,"Non-dispersable (3-term CD gives n(d)=1.97658 vs catalog 1.749497; not a Sellmeier fit) - archived, never evaluated",,2.96631279,0.0314277188,4.43317688e-05,-0.0109274208,0.000703288732,2.65190331e-06,HIKARI-AGF-NZHAGEN-MIRROR,.agf CD coefficients; verify with catalog. term(s) 1 carry a non-positive B or C (permitted in multi-pole fits; the n(d) check is authoritative).,,,,,
HIKARI-E-LAF09,"Non-dispersable (3-term CD gives n(d)=1.93380 vs catalog 1.697; not a Sellmeier fit) - archived, never evaluated",,2.82115249,0.0195742767,-3.82046776e-05,-0.0128420041,0.000851971209,2.42425127e-06,HIKARI-AGF-NZHAGEN-MIRROR,".agf CD coefficients; verify with catalog. term(s) 1,3 carry a non-positive B or C (permitted in multi-pole fits; the n(d) check is authoritative).",,,,,
HIKARI-E-LAF9,"Non-dispersable (3-term CD gives n(d)=2.00502 vs catalog 1.79504; not a Sellmeier fit) - archived, never evaluated",,3.100922,0.03780926,-9.162097e-05,-0.01374983,0.002077998,1.798297e-05,HIKARI-AGF-NZHAGEN-MIRROR,".agf CD coefficients; verify with catalog. term(s) 1,3 carry a non-positive B or C (permitted in multi-pole fits; the n(d) check is authoritative).",,,,,
HIKARI-E-LAF010,"Non-dispersable (3-term CD gives n(d)=1.98333 vs catalog 1.7432; not a Sellmeier fit) - archived, never evaluated",,2.96201742,0.0295340678,0.000252317172,-0.00690787335,-0.00139338248,-1.245434e-05,HIKARI-AGF-NZHAGEN-MIRROR,".agf CD coefficients; verify with catalog. term(s) 1,2,3 carry a non-positive B or C (permitted in multi-pole fits; the n(d) check is authoritative).",,,,,
HIKARI-E-LAF11,"Non-dispersable (3-term CD gives n(d)=1.97716 vs catalog 1.75692; not a Sellmeier fit) - archived, never evaluated",,2.98504551,0.0312839577,-0.000162580251,-0.012861773,0.00217089493,1.82003929e-05,HIKARI-AGF-NZHAGEN-MIRROR,".agf CD coefficients; verify with catalog. term(s) 1,3 carry a non-positive B or C (permitted in multi-pole fits; the n(d) check is authoritative).",,,,,
HIKARI-E-LAF016,"Non-dispersable (3-term CD gives n(d)=2.01153 vs catalog 1.800999; not a Sellmeier fit) - archived, never evaluated",,3.14158865,0.0334231042,-3.49277287e-05,-0.0147653343,0.00125430167,8.7589435e-06,HIKARI-AGF-NZHAGEN-MIRROR,".agf CD coefficients; verify with catalog. term(s) 1,3 carry a non-positive B or C (permitted in multi-pole fits; the n(d) check is authoritative).",,,,,
HIKARI-E-LAFH2,"Non-dispersable (3-term CD gives n(d)=2.01325 vs catalog 1.80384; not a Sellmeier fit) - archived, never evaluated",,3.1493362,0.0335324542,-7.06244061e-05,-0.0148382096,0.00159644183,1.15814159e-05,HIKARI-AGF-NZHAGEN-MIRROR,".agf CD coefficients; verify with catalog. term(s) 1,3 carry a non-positive B or C (permitted in multi-pole fits; the n(d) check is authoritative).",,,,,
HIKARI-E-LAFH3,"Non-dispersable (4-term CD gives n(d)=2.00614 vs catalog 1.795041; not a Sellmeier fit) - archived, never evaluated",,3.10091582,0.0377063856,-0.000117361655,-0.0131944552,0.00215246343,1.96473108e-05,HIKARI-AGF-NZHAGEN-MIRROR,".agf CD coefficients; verify with catalog. term(s) 1,3,4 carry a non-positive B or C (permitted in multi-pole fits; the n(d) check is authoritative).",,-2.24111072e-05,0.0,,
HIKARI-E-LAK01,"Non-dispersable (3-term CD gives n(d)=1.88687 vs catalog 1.639999; not a Sellmeier fit) - archived, never evaluated",,2.64816555,0.0152775593,4.86219531e-06,-0.0139955727,0.000227366594,-2.33276501e-07,HIKARI-AGF-NZHAGEN-MIRROR,".agf CD coefficients; verify with catalog. term(s) 1,3 carry a non-positive B or C (permitted in multi-pole fits; the n(d) check is authoritative).",,,,,
HIKARI-E-LAK02,"Non-dispersable (3-term CD gives n(d)=1.91277 vs catalog 1.67; not a Sellmeier fit) - archived, never evaluated",,2.74241958,0.0159689321,-6.08192466e-05,-0.0130203862,0.000709178831,3.51166538e-06,HIKARI-AGF-NZHAGEN-MIRROR,".agf CD coefficients; verify with catalog. term(s) 1,3 carry a non-positive B or C (permitted in multi-pole fits; the n(d) check is authoritative).",,,,,
HIKARI-E-LAK04,"Non-dispersable (3-term CD gives n(d)=1.90201 vs catalog 1.651; not a Sellmeier fit) - archived, never evaluated",,2.6768086,0.0177389501,4.32740016e-05,-0.0102173269,2.82247162e-05,-2.15847266e-06,HIKARI-AGF-NZHAGEN-MIRROR,".agf CD coefficients; verify with catalog. term(s) 1,3 carry a non-positive B or C (permitted in multi-pole fits; the n(d) check is authoritative).",,,,,
HIKARI-E-LAK06,"Non-dispersable (3-term CD gives n(d)=1.90987 vs catalog 1.6779; not a Sellmeier fit) - archived, never evaluated",,2.77078533,0.011803041,-0.000346617455,-0.0176502071,0.0027975002,2.01612172e-05,HIKARI-AGF-NZHAGEN-MIRROR,".agf CD coefficients; verify with catalog. term(s) 1,3 carry a non-positive B or C (permitted in multi-pole fits; the n(d) check is authoritative).",,,,,
HIKARI-E-LAK7,"Non-dispersable (3-term CD gives n(d)=1.89992 vs catalog 1.651597; not a Sellmeier fit) - archived, never evaluated",,2.68241693,0.016242269,-8.32486246e-06,-0.0118445415,0.000303298585,7.74390846e-07,HIKARI-AGF-NZHAGEN-MIRROR,".agf CD coefficients; verify with catalog. term(s) 1,3 carry a non-positive B or C (permitted in multi-pole fits; the n(d) check is authoritative).",,,,,
HIKARI-E-LAK8,"Non-dispersable (3-term CD gives n(d)=1.94538 vs catalog 1.712995; not a Sellmeier fit) - archived, never evaluated",,2.87864541,0.0198025768,-6.68878586e-06,-0.0142314931,0.00040117957,7.86869747e-07,HIKARI-AGF-NZHAGEN-MIRROR,".agf CD coefficients; verify with catalog. term(s) 1,3 carry a non-positive B or C (permitted in multi-pole fits; the n(d) check is authoritative).",,,,,
HIKARI-E-LAK09,"Non-dispersable (3-term CD gives n(d)=1.95225 vs catalog 1.734; not a Sellmeier fit) - archived, never evaluated",,2.95310231,0.0174257922,-0.000137028672,-0.0196724731,0.00152866545,6.72353302e-06,HIKARI-AGF-NZHAGEN-MIRROR,".agf CD coefficients; verify with catalog. term(s) 1,3 carry a non-positive B or C (permitted in multi-pole fits; the n(d) check is authoritative).",,,,,
HIKARI-E-LAK9,"Non-dispersable (3-term CD gives n(d)=1.96115 vs catalog 1.691; not a Sellmeier fit) - archived, never evaluated",,2.78211953,0.0322993842,0.000435836848,0.00386988792,-0.00317915886,-2.06224134e-05,HIKARI-AGF-NZHAGEN-MIRROR,".agf CD coefficients; verify with catalog. term(s) 2,3 carry a non-positive B or C (permitted in multi-pole fits; the n(d) check is authoritative).",,,,,
HIKARI-E-LAK10,"Non-dispersable (3-term CD gives n(d)=1.95502 vs catalog 1.719995; not a Sellmeier fit) - archived, never evaluated",,2.89528358,0.0222295765,2.23005932e-05,-0.0117686807,0.000269351264,-4.3546434e-07,HIKARI-AGF-NZHAGEN-MIRROR,".agf CD coefficients; verify with catalog. term(s) 1,3 carry a non-positive B or C (permitted in multi-pole fits; the n(d) check is authoritative).",,,,,
HIKARI-E-LAK011,"Non-dispersable (3-term CD gives n(d)=1.96634 vs catalog 1.741; not a Sellmeier fit) - archived, never evaluated",,2.97199342,0.0202061158,-7.67180744e-05,-0.0152435249,0.000875252167,4.84807195e-06,HIKARI-AGF-NZHAGEN-MIRROR,".agf CD coefficients; verify with catalog. term(s) 1,3 carry a non-positive B or C (permitted in multi-pole fits; the n(d) check is authoritative).",,,,,
HIKARI-E-LAK12,"Non-dispersable (3-term CD gives n(d)=1.90026 vs catalog 1.6779; not a Sellmeier fit) - archived, never evaluated",,2.78094755,0.00867653717,-0.000351554137,-0.0236624998,0.00294181002,1.84406503e-05,HIKARI-AGF-NZHAGEN-MIRROR,".agf CD coefficients; verify with catalog. term(s) 1,3 carry a non-positive B or C (permitted in multi-pole fits; the n(d) check is authoritative).",,,,,
HIKARI-E-LAK13,"Non-dispersable (3-term CD gives n(d)=1.93056 vs catalog 1.693501; not a Sellmeier fit) - archived, never evaluated",,2.81365515,0.0191920754,-7.45390097e-06,-0.0134879998,0.000414986834,7.65453719e-07,HIKARI-AGF-NZHAGEN-MIRROR,".agf CD coefficients; verify with catalog. term(s) 1,3 carry a non-positive B or C (permitted in multi-pole fits; the n(d) check is authoritative).",,,,,
HIKARI-E-LAK14,"Non-dispersable (3-term CD gives n(d)=1.93160 vs catalog 1.696797; not a Sellmeier fit) - archived, never evaluated",,2.8276674,0.0183760559,-1.31827801e-05,-0.0146359226,0.000420548979,9.74806017e-07,HIKARI-AGF-NZHAGEN-MIRROR,".agf CD coefficients; verify with catalog. term(s) 1,3 carry a non-positive B or C (permitted in multi-pole fits; the n(d) check is authoritative).",,,,,
HIKARI-E-LAK18,"Non-dispersable (3-term CD gives n(d)=1.95737 vs catalog 1.729157; not a Sellmeier fit) - archived, never evaluated",,2.93385862,0.0198579837,-2.05752531e-05,-0.0150347642,0.000500310675,1.37499776e-06,HIKARI-AGF-NZHAGEN-MIRROR,".agf CD coefficients; verify with catalog. term(s) 1,3 carry a non-positive B or C (permitted in multi-pole fits; the n(d) check is authoritative).",,,,,
HIKARI-E-LAKH1,"Non-dispersable (4-term CD gives n(d)=1.99674 vs catalog 1.748099; not a Sellmeier fit) - archived, never evaluated",,2.98243942,0.0267906679,0.000110898621,-0.00202422946,-0.000632301437,-4.1584108e-06,HIKARI-AGF-NZHAGEN-MIRROR,".agf CD coefficients; verify with catalog. term(s) 1,2,3,4 carry a non-positive B or C (permitted in multi-pole fits; the n(d) check is authoritative).",,-0.00495792836,0.0,,
HIKARI-E-LASF01,"Non-dispersable (3-term CD gives n(d)=2.00586 vs catalog 1.7859; not a Sellmeier fit) - archived, never evaluated",,3.10625626,0.0300056853,0.000147953845,-0.0130242032,-0.000279459588,-6.92451309e-06,HIKARI-AGF-NZHAGEN-MIRROR,".agf CD coefficients; verify with catalog. term(s) 1,2,3 carry a non-positive B or C (permitted in multi-pole fits; the n(d) check is authoritative).",,,,,
HIKARI-E-LASF02,"Non-dispersable (3-term CD gives n(d)=2.00825 vs catalog 1.79952; not a Sellmeier fit) - archived, never evaluated",,3.15611691,0.0273336859,-6.25674387e-05,-0.0172799726,0.00119991815,5.65571879e-06,HIKARI-AGF-NZHAGEN-MIRROR,".agf CD coefficients; verify with catalog. term(s) 1,3 carry a non-positive B or C (permitted in multi-pole fits; the n(d) check is authoritative).",,,,,
HIKARI-E-LASF03,"Non-dispersable (3-term CD gives n(d)=1.98558 vs catalog 1.8061; not a Sellmeier fit) - archived, never evaluated",,3.19737166,0.0167812195,-0.000439299261,-0.032023626,0.00429709196,2.40669567e-05,HIKARI-AGF-NZHAGEN-MIRROR,".agf CD coefficients; verify with catalog. term(s) 1,3 carry a non-positive B or C (permitted in multi-pole fits; the n(d) check is authoritative).",,,,,
HIKARI-E-LASF04,"Non-dispersable (3-term CD gives n(d)=2.03900 vs catalog 1.81554; not a Sellmeier fit) - archived, never evaluated",,3.20360786,0.0332446054,0.000134715955,-0.00877554777,-0.000432887979,-4.716471e-06,HIKARI-AGF-NZHAGEN-MIRROR,".agf CD coefficients; verify with catalog. term(s) 1,2,3 carry a non-positive B or C (permitted in multi-pole fits; the n(d) check is authoritative).",,,,,
HIKARI-E-LASF05,"Non-dispersable (3-term CD gives n(d)=2.04223 vs catalog 1.834807; not a Sellmeier fit) - archived, never evaluated",,3.27555498,0.0310927229,9.41310743e-06,-0.0149587295,0.000682586922,1.5045853e-06,HIKARI-AGF-NZHAGEN-MIRROR,.agf CD coefficients; verify with catalog. term(s) 1 carry a non-positive B or C (permitted in multi-pole fits; the n(d) check is authoritative).,,,,,
HIKARI-E-LASF08,"Non-dispersable (3-term CD gives n(d)=2.08374 vs catalog 1.882997; not a Sellmeier fit) - archived, never evaluated",,3.44097798,0.0351597803,2.96132309e-06,-0.0140195736,0.000893152796,1.83226713e-06,HIKARI-AGF-NZHAGEN-MIRROR,.agf CD coefficients; verify with catalog. term(s) 1 carry a non-positive B or C (permitted in multi-pole fits; the n(d) check is authoritative).,,,,,
HIKARI-E-LASF09,"Non-dispersable (3-term CD gives n(d)=2.03086 vs catalog 1.816; not a Sellmeier fit) - archived, never evaluated",,3.21588388,0.0285023144,2.70180277e-05,-0.0133880786,0.000406364414,-4.64955706e-07,HIKARI-AGF-NZHAGEN-MIRROR,".agf CD coefficients; verify with catalog. term(s) 1,3 carry a non-positive B or C (permitted in multi-pole fits; the n(d) check is authoritative).",,,,,
HIKARI-E-LASF010,"Non-dispersable (3-term CD gives n(d)=2.03966 vs catalog 1.834; not a Sellmeier fit) - archived, never evaluated",,3.26060903,0.0340319193,-1.89155362e-05,-0.0148581563,0.00114204288,5.34279856e-06,HIKARI-AGF-NZHAGEN-MIRROR,".agf CD coefficients; verify with catalog. term(s) 1,3 carry a non-positive B or C (permitted in multi-pole fits; the n(d) check is authoritative).",,,,,
HIKARI-E-LASF013,"Non-dispersable (3-term CD gives n(d)=2.01644 vs catalog 1.804398; not a Sellmeier fit) - archived, never evaluated",,3.16454973,0.030386787,-2.54435589e-05,-0.0146684282,0.00102933823,4.67271608e-06,HIKARI-AGF-NZHAGEN-MIRROR,".agf CD coefficients; verify with catalog. term(s) 1,3 carry a non-positive B or C (permitted in multi-pole fits; the n(d) check is authoritative).",,,,,
HIKARI-E-LASF014,"Non-dispersable (3-term CD gives n(d)=2.00498 vs catalog 1.788001; not a Sellmeier fit) - archived, never evaluated",,3.12215038,0.0260452483,5.71446833e-06,-0.0147958367,0.000507811768,8.82357872e-07,HIKARI-AGF-NZHAGEN-MIRROR,.agf CD coefficients; verify with catalog. term(s) 1 carry a non-positive B or C (permitted in multi-pole fits; the n(d) check is authoritative).,,,,,
HIKARI-E-LASF015,"Non-dispersable (3-term CD gives n(d)=2.01700 vs catalog 1.804; not a Sellmeier fit) - archived, never evaluated",,3.17656194,0.0268472584,-5.1739717e-06,-0.0153426611,0.00064503193,1.3910812e-06,HIKARI-AGF-NZHAGEN-MIRROR,".agf CD coefficients; verify with catalog. term(s) 1,3 carry a non-positive B or C (permitted in multi-pole fits; the n(d) check is authoritative).",,,,,
HIKARI-E-LASF016,"Non-dispersable (3-term CD gives n(d)=1.99287 vs catalog 1.772499; not a Sellmeier fit) - archived, never evaluated",,3.07241378,0.0244285857,1.22802438e-05,-0.0146849804,0.000398183255,1.23709929e-07,HIKARI-AGF-NZHAGEN-MIRROR,.agf CD coefficients; verify with catalog. term(s) 1 carry a non-positive B or C (permitted in multi-pole fits; the n(d) check is authoritative).,,,,,
HIKARI-E-LASF017,"Non-dispersable (3-term CD gives n(d)=2.00856 vs catalog 1.794997; not a Sellmeier fit) - archived, never evaluated",,3.14429212,0.026364495,-3.51678468e-05,-0.0156560059,0.000879416097,3.33709709e-06,HIKARI-AGF-NZHAGEN-MIRROR,".agf CD coefficients; verify with catalog. term(s) 1,3 carry a non-positive B or C (permitted in multi-pole fits; the n(d) check is authoritative).",,,,,
HIKARI-E-LASF021,"Non-dispersable (4-term CD gives n(d)=2.05145 vs catalog 1.85026; not a Sellmeier fit) - archived, never evaluated",,3.30328439,0.0383186238,-9.04598096e-05,-0.0145196022,0.00182646612,1.51789935e-05,HIKARI-AGF-NZHAGEN-MIRROR,".agf CD coefficients; verify with catalog. term(s) 1,3,4 carry a non-positive B or C (permitted in multi-pole fits; the n(d) check is authoritative).",,1.69313476e-05,0.0,,
HIKARI-E-LASFH2,"Non-dispersable (3-term CD gives n(d)=1.98811 vs catalog 1.76684; not a Sellmeier fit) - archived, never evaluated",,3.04964021,0.0247919447,-1.05068423e-05,-0.0143753567,0.000638849518,1.83387657e-06,HIKARI-AGF-NZHAGEN-MIRROR,".agf CD coefficients; verify with catalog. term(s) 1,3 carry a non-positive B or C (permitted in multi-pole fits; the n(d) check is authoritative).",,,,,
HIKARI-E-LASFH6,"Non-dispersable (4-term CD gives n(d)=2.01804 vs catalog 1.8061; not a Sellmeier fit) - archived, never evaluated",,3.15292941,0.035267815,-3.80249631e-05,-0.013157791,0.00139578932,9.59672806e-06,HIKARI-AGF-NZHAGEN-MIRROR,".agf CD coefficients; verify with catalog. term(s) 1,3,4 carry a non-positive B or C (permitted in multi-pole fits; the n(d) check is authoritative).",,-8.30173359e-05,0.0,,
HIKARI-E-LASFH9,"Non-dispersable (3-term CD gives n(d)=2.09606 vs catalog 1.90265; not a Sellmeier fit) - archived, never evaluated",,3.49989132,0.0384731987,-9.49882953e-05,-0.014925507,0.00184372906,1.04373643e-05,HIKARI-AGF-NZHAGEN-MIRROR,".agf CD coefficients; verify with catalog. term(s) 1,3 carry a non-positive B or C (permitted in multi-pole fits; the n(d) check is authoritative).",,,,,
HIKARI-E-LASFH13,"Non-dispersable (4-term CD gives n(d)=2.09494 vs catalog 1.90366; not a Sellmeier fit) - archived, never evaluated",,3.48771563,0.0428753558,-0.000101404002,-0.0146590634,0.00219556229,1.5729252e-05,HIKARI-AGF-NZHAGEN-MIRROR,".agf CD coefficients; verify with catalog. term(s) 1,3,4 carry a non-positive B or C (permitted in multi-pole fits; the n(d) check is authoritative).",,6.84367211e-05,0.0,,
HIKARI-E-LASFH15,"Non-dispersable (4-term CD gives n(d)=2.13175 vs catalog 1.95; not a Sellmeier fit) - archived, never evaluated",,3.64564579,0.0493219809,-9.28226213e-05,-0.0149009227,0.00239217482,1.87217041e-05,HIKARI-AGF-NZHAGEN-MIRROR,".agf CD coefficients; verify with catalog. term(s) 1,3,4 carry a non-positive B or C (permitted in multi-pole fits; the n(d) check is authoritative).",,-2.00969759e-05,0.0,,
HIKARI-E-LASFH17,"Non-dispersable (4-term CD gives n(d)=2.16570 vs catalog 2.00069; not a Sellmeier fit) - archived, never evaluated",,3.81220648,0.0575348609,-0.000247712063,-0.0171101271,0.00395166224,3.77234212e-05,HIKARI-AGF-NZHAGEN-MIRROR,".agf CD coefficients; verify with catalog. term(s) 1,3,4 carry a non-positive B or C (permitted in multi-pole fits; the n(d) check is authoritative).",,0.000103512503,0.0,,
HIKARI-E-LASKH2,"Non-dispersable (3-term CD gives n(d)=1.97831 vs catalog 1.754999; not a Sellmeier fit) - archived, never evaluated",,3.01740929,0.0220799937,-9.36464002e-06,-0.0150192115,0.000476675587,9.63541852e-07,HIKARI-AGF-NZHAGEN-MIRROR,".agf CD coefficients; verify with catalog. term(s) 1,3 carry a non-positive B or C (permitted in multi-pole fits; the n(d) check is authoritative).",,,,,
HIKARI-E-LF5,"Non-dispersable (3-term CD gives n(d)=1.84254 vs catalog 1.581439; not a Sellmeier fit) - archived, never evaluated",,2.44577168,0.0184371468,-1.74180822e-05,-0.0100665627,0.000644165105,3.77641526e-06,HIKARI-AGF-NZHAGEN-MIRROR,".agf CD coefficients; verify with catalog. term(s) 1,3 carry a non-positive B or C (permitted in multi-pole fits; the n(d) check is authoritative).",,,,,
HIKARI-E-LF6,"Non-dispersable (3-term CD gives n(d)=1.83935 vs catalog 1.56732; not a Sellmeier fit) - archived, never evaluated",,2.4026161,0.0170623068,-0.000110715814,-0.00531026402,0.000992586995,9.21295404e-06,HIKARI-AGF-NZHAGEN-MIRROR,".agf CD coefficients; verify with catalog. term(s) 1,3 carry a non-positive B or C (permitted in multi-pole fits; the n(d) check is authoritative).",,,,,
HIKARI-E-LF7,"Non-dispersable (3-term CD gives n(d)=1.83732 vs catalog 1.575006; not a Sellmeier fit) - archived, never evaluated",,2.42793483,0.01737719,-4.23035005e-05,-0.0101841542,0.000782340309,5.02350788e-06,HIKARI-AGF-NZHAGEN-MIRROR,".agf CD coefficients; verify with catalog. term(s) 1,3 carry a non-positive B or C (permitted in multi-pole fits; the n(d) check is authoritative).",,,,,
HIKARI-E-LLF1,"Non-dispersable (3-term CD gives n(d)=1.81842 vs catalog 1.548141; not a Sellmeier fit) - archived, never evaluated",,2.35111949,0.0155546832,-1.02073128e-05,-0.00904795254,0.000449505996,2.3449403e-06,HIKARI-AGF-NZHAGEN-MIRROR,".agf CD coefficients; verify with catalog. term(s) 1,3 carry a non-positive B or C (permitted in multi-pole fits; the n(d) check is authoritative).",,,,,
HIKARI-E-LLF2,"Non-dispersable (3-term CD gives n(d)=1.83356 vs catalog 1.54072; not a Sellmeier fit) - archived, never evaluated",,2.31105643,0.0263534925,0.000442961085,0.00359211226,-0.0028618174,-2.22792621e-05,HIKARI-AGF-NZHAGEN-MIRROR,".agf CD coefficients; verify with catalog. term(s) 2,3 carry a non-positive B or C (permitted in multi-pole fits; the n(d) check is authoritative).",,,,,
HIKARI-E-LLF6,"Non-dispersable (3-term CD gives n(d)=1.80638 vs catalog 1.531717; not a Sellmeier fit) - archived, never evaluated",,2.30466,0.0145944618,1.88931616e-05,-0.00864131348,0.000206597874,1.82626789e-07,HIKARI-AGF-NZHAGEN-MIRROR,.agf CD coefficients; verify with catalog. term(s) 1 carry a non-positive B or C (permitted in multi-pole fits; the n(d) check is authoritative).,,,,,
HIKARI-E-PKH1,"Non-dispersable (3-term CD gives n(d)=1.79649 vs catalog 1.518601; not a Sellmeier fit) - archived, never evaluated",,2.27969929,0.00983301659,-3.86343967e-06,-0.00967939699,0.000165890669,1.39369901e-07,HIKARI-AGF-NZHAGEN-MIRROR,".agf CD coefficients; verify with catalog. term(s) 1,3 carry a non-positive B or C (permitted in multi-pole fits; the n(d) check is authoritative).",,,,,
HIKARI-E-PSK02,"Non-dispersable (3-term CD gives n(d)=1.87943 vs catalog 1.618; not a Sellmeier fit) - archived, never evaluated",,2.57651436,0.0152706397,4.69952008e-05,-0.00817396399,-0.000117385023,-2.25968944e-06,HIKARI-AGF-NZHAGEN-MIRROR,".agf CD coefficients; verify with catalog. term(s) 1,2,3 carry a non-positive B or C (permitted in multi-pole fits; the n(d) check is authoritative).",,,,,
HIKARI-E-PSK03,"Non-dispersable (3-term CD gives n(d)=1.86648 vs catalog 1.603001; not a Sellmeier fit) - archived, never evaluated",,2.53132391,0.0142829487,4.15511576e-05,-0.00865579054,-0.000115110582,-1.9869836e-06,HIKARI-AGF-NZHAGEN-MIRROR,".agf CD coefficients; verify with catalog. term(s) 1,2,3 carry a non-positive B or C (permitted in multi-pole fits; the n(d) check is authoritative).",,,,,
HIKARI-E-PSKH1,"Non-dispersable (4-term CD gives n(d)=1.86201 vs catalog 1.59319; not a Sellmeier fit) - archived, never evaluated",,2.5020781,0.012827996,1.25895581e-06,-0.00671970823,0.000155814594,9.42857839e-08,HIKARI-AGF-NZHAGEN-MIRROR,".agf CD coefficients; verify with catalog. term(s) 1,4 carry a non-positive B or C (permitted in multi-pole fits; the n(d) check is authoritative).",,-5.36411412e-05,0.0,,
HIKARI-E-SF1,"Non-dispersable (3-term CD gives n(d)=1.94484 vs catalog 1.717362; not a Sellmeier fit) - archived, never evaluated",,2.84827856,0.0316736954,-7.33008941e-05,-0.0122548479,0.00170745362,1.41012815e-05,HIKARI-AGF-NZHAGEN-MIRROR,".agf CD coefficients; verify with catalog. term(s) 1,3 carry a non-positive B or C (permitted in multi-pole fits; the n(d) check is authoritative).",,,,,
HIKARI-E-SF2,"Non-dispersable (3-term CD gives n(d)=1.89563 vs catalog 1.647689; not a Sellmeier fit) - archived, never evaluated",,2.63429594,0.0274266023,9.97644221e-05,-0.00920840209,0.000225441472,1.76259116e-08,HIKARI-AGF-NZHAGEN-MIRROR,.agf CD coefficients; verify with catalog. term(s) 1 carry a non-positive B or C (permitted in multi-pole fits; the n(d) check is authoritative).,,,,,
HIKARI-E-SF03,"Non-dispersable (3-term CD gives n(d)=2.03968 vs catalog 1.84666; not a Sellmeier fit) - archived, never evaluated",,3.25492893,0.0458228209,-0.000238976694,-0.0156026034,0.0037273634,3.42745142e-05,HIKARI-AGF-NZHAGEN-MIRROR,".agf CD coefficients; verify with catalog. term(s) 1,3 carry a non-positive B or C (permitted in multi-pole fits; the n(d) check is authoritative).",,,,,
HIKARI-E-SF4,"Non-dispersable (3-term CD gives n(d)=1.97334 vs catalog 1.755199; not a Sellmeier fit) - archived, never evaluated",,2.96469762,0.0357299793,-0.000102243404,-0.0128650713,0.00216572877,1.82439835e-05,HIKARI-AGF-NZHAGEN-MIRROR,".agf CD coefficients; verify with catalog. term(s) 1,3 carry a non-positive B or C (permitted in multi-pole fits; the n(d) check is authoritative).",,,,,
HIKARI-E-SF5,"Non-dispersable (3-term CD gives n(d)=1.91184 vs catalog 1.6727; not a Sellmeier fit) - archived, never evaluated",,2.71201742,0.0276913413,-2.4225064e-05,-0.0111228641,0.00113193687,8.91515336e-06,HIKARI-AGF-NZHAGEN-MIRROR,".agf CD coefficients; verify with catalog. term(s) 1,3 carry a non-positive B or C (permitted in multi-pole fits; the n(d) check is authoritative).",,,,,
HIKARI-E-SF6,"Non-dispersable (3-term CD gives n(d)=2.01450 vs catalog 1.805181; not a Sellmeier fit) - archived, never evaluated",,3.117837,0.0443602265,4.69669929e-06,-0.0119410737,0.00181348056,1.61754136e-05,HIKARI-AGF-NZHAGEN-MIRROR,.agf CD coefficients; verify with catalog. term(s) 1 carry a non-positive B or C (permitted in multi-pole fits; the n(d) check is authoritative).,,,,,
HIKARI-E-SF7,"Non-dispersable (3-term CD gives n(d)=1.90175 vs catalog 1.6398; not a Sellmeier fit) - archived, never evaluated",,2.60224509,0.0313239043,0.00028447243,-0.00228272809,-0.00110981516,-1.2054467e-05,HIKARI-AGF-NZHAGEN-MIRROR,".agf CD coefficients; verify with catalog. term(s) 1,2,3 carry a non-positive B or C (permitted in multi-pole fits; the n(d) check is authoritative).",,,,,
HIKARI-E-SF8,"Non-dispersable (3-term CD gives n(d)=1.92359 vs catalog 1.688931; not a Sellmeier fit) - archived, never evaluated",,2.76155381,0.0286355735,-7.94510589e-05,-0.0116348386,0.00155293137,1.28609539e-05,HIKARI-AGF-NZHAGEN-MIRROR,".agf CD coefficients; verify with catalog. term(s) 1,3 carry a non-positive B or C (permitted in multi-pole fits; the n(d) check is authoritative).",,,,,
HIKARI-E-SF10,"Non-dispersable (3-term CD gives n(d)=1.95298 vs catalog 1.72825; not a Sellmeier fit) - archived, never evaluated",,2.87968193,0.033443025,-8.12508073e-05,-0.0123038115,0.00183471163,1.59440837e-05,HIKARI-AGF-NZHAGEN-MIRROR,".agf CD coefficients; verify with catalog. term(s) 1,3 carry a non-positive B or C (permitted in multi-pole fits; the n(d) check is authoritative).",,,,,
HIKARI-E-SF11,"Non-dispersable (3-term CD gives n(d)=1.99328 vs catalog 1.784723; not a Sellmeier fit) - archived, never evaluated",,3.05654935,0.0381593027,-0.000223523385,-0.0143159709,0.00315675913,2.90021069e-05,HIKARI-AGF-NZHAGEN-MIRROR,".agf CD coefficients; verify with catalog. term(s) 1,3 carry a non-positive B or C (permitted in multi-pole fits; the n(d) check is authoritative).",,,,,
HIKARI-E-SF13,"Non-dispersable (3-term CD gives n(d)=1.96063 vs catalog 1.740769; not a Sellmeier fit) - archived, never evaluated",,2.92006212,0.0333556844,-0.000160492168,-0.0134436038,0.00246092959,2.11511846e-05,HIKARI-AGF-NZHAGEN-MIRROR,".agf CD coefficients; verify with catalog. term(s) 1,3 carry a non-positive B or C (permitted in multi-pole fits; the n(d) check is authoritative).",,,,,
HIKARI-E-SF14,"Non-dispersable (3-term CD gives n(d)=1.97791 vs catalog 1.76182; not a Sellmeier fit) - archived, never evaluated",,2.98384614,0.035639664,-0.00022269905,-0.0128995609,0.00296907641,2.67423649e-05,HIKARI-AGF-NZHAGEN-MIRROR,".agf CD coefficients; verify with catalog. term(s) 1,3 carry a non-positive B or C (permitted in multi-pole fits; the n(d) check is authoritative).",,,,,
HIKARI-E-SF15,"Non-dispersable (3-term CD gives n(d)=1.93091 vs catalog 1.698947; not a Sellmeier fit) - archived, never evaluated",,2.7903158,0.0305751341,-4.15895631e-05,-0.0118464509,0.00141030608,1.14740935e-05,HIKARI-AGF-NZHAGEN-MIRROR,".agf CD coefficients; verify with catalog. term(s) 1,3 carry a non-positive B or C (permitted in multi-pole fits; the n(d) check is authoritative).",,,,,
HIKARI-E-SFH1,"Non-dispersable (4-term CD gives n(d)=2.00964 vs catalog 1.80809; not a Sellmeier fit) - archived, never evaluated",,3.11728297,0.0450361555,-0.000265603903,-0.0142927167,0.00356204671,4.19369865e-05,HIKARI-AGF-NZHAGEN-MIRROR,".agf CD coefficients; verify with catalog. term(s) 1,3,4 carry a non-positive B or C (permitted in multi-pole fits; the n(d) check is authoritative).",,2.98920058e-05,0.0,,
HIKARI-E-SFH2,"Non-dispersable (4-term CD gives n(d)=2.05102 vs catalog 1.86074; not a Sellmeier fit) - archived, never evaluated",,3.29665964,0.0497296089,-0.000219810309,-0.0153164744,0.00351697046,3.92850479e-05,HIKARI-AGF-NZHAGEN-MIRROR,".agf CD coefficients; verify with catalog. term(s) 1,3,4 carry a non-positive B or C (permitted in multi-pole fits; the n(d) check is authoritative).",,1.6648651e-05,0.0,,
HIKARI-E-SFS3,"Non-dispersable (3-term CD gives n(d)=1.99587 vs catalog 1.784696; not a Sellmeier fit) - archived, never evaluated",,3.05701152,0.0390853018,-0.000131876542,-0.0132251945,0.0025148016,2.24898958e-05,HIKARI-AGF-NZHAGEN-MIRROR,".agf CD coefficients; verify with catalog. term(s) 1,3 carry a non-positive B or C (permitted in multi-pole fits; the n(d) check is authoritative).",,,,,
HIKARI-E-SK2,"Non-dispersable (3-term CD gives n(d)=1.86662 vs catalog 1.60738; not a Sellmeier fit) - archived, never evaluated",,2.5423297,0.0136627069,-8.59026849e-05,-0.0100137205,0.000828586571,5.07949629e-06,HIKARI-AGF-NZHAGEN-MIRROR,".agf CD coefficients; verify with catalog. term(s) 1,3 carry a non-positive B or C (permitted in multi-pole fits; the n(d) check is authoritative).",,,,,
HIKARI-E-SK4,"Non-dispersable (3-term CD gives n(d)=1.87103 vs catalog 1.612716; not a Sellmeier fit) - archived, never evaluated",,2.55935739,0.01458787,-1.59151229e-05,-0.0101666557,0.00036544107,9.9861439e-07,HIKARI-AGF-NZHAGEN-MIRROR,".agf CD coefficients; verify with catalog. term(s) 1,3 carry a non-positive B or C (permitted in multi-pole fits; the n(d) check is authoritative).",,,,,
HIKARI-E-SK5,"Non-dispersable (3-term CD gives n(d)=1.85297 vs catalog 1.58913; not a Sellmeier fit) - archived, never evaluated",,2.48616859,0.0146866348,4.43876615e-05,-0.00962090414,-0.000117877135,-2.05228288e-06,HIKARI-AGF-NZHAGEN-MIRROR,".agf CD coefficients; verify with catalog. term(s) 1,2,3 carry a non-positive B or C (permitted in multi-pole fits; the n(d) check is authoritative).",,,,,
HIKARI-E-SK10,"Non-dispersable (3-term CD gives n(d)=1.87930 vs catalog 1.622799; not a Sellmeier fit) - archived, never evaluated",,2.58912326,0.0156165805,-9.84858579e-06,-0.0100115186,0.000328758605,7.82877169e-07,HIKARI-AGF-NZHAGEN-MIRROR,".agf CD coefficients; verify with catalog. term(s) 1,3 carry a non-positive B or C (permitted in multi-pole fits; the n(d) check is authoritative).",,,,,
HIKARI-E-SK11,"Non-dispersable (3-term CD gives n(d)=1.83148 vs catalog 1.563839; not a Sellmeier fit) - archived, never evaluated",,2.41034365,0.0126748412,-6.24279133e-06,-0.0101286559,0.000257347078,3.35932224e-07,HIKARI-AGF-NZHAGEN-MIRROR,".agf CD coefficients; verify with catalog. term(s) 1,3 carry a non-positive B or C (permitted in multi-pole fits; the n(d) check is authoritative).",,,,,
HIKARI-E-SK12,"Non-dispersable (3-term CD gives n(d)=1.84947 vs catalog 1.58313; not a Sellmeier fit) - archived, never evaluated",,2.46638796,0.0144628215,1.55773822e-05,-0.00865760981,7.9427451e-05,-5.24586883e-07,HIKARI-AGF-NZHAGEN-MIRROR,".agf CD coefficients; verify with catalog. term(s) 1,3 carry a non-positive B or C (permitted in multi-pole fits; the n(d) check is authoritative).",,,,,
HIKARI-E-SK14,"Non-dispersable (3-term CD gives n(d)=1.86238 vs catalog 1.603112; not a Sellmeier fit) - archived, never evaluated",,2.53104523,0.0140100006,-1.0881644e-06,-0.0107742896,0.000247886041,1.03415548e-07,HIKARI-AGF-NZHAGEN-MIRROR,".agf CD coefficients; verify with catalog. term(s) 1,3 carry a non-positive B or C (permitted in multi-pole fits; the n(d) check is authoritative).",,,,,
HIKARI-E-SK15,"Non-dispersable (3-term CD gives n(d)=1.87397 vs catalog 1.62299; not a Sellmeier fit) - archived, never evaluated",,2.59512882,0.0129505299,-9.28161846e-05,-0.0133017463,0.000946976976,5.07474225e-06,HIKARI-AGF-NZHAGEN-MIRROR,".agf CD coefficients; verify with catalog. term(s) 1,3 carry a non-positive B or C (permitted in multi-pole fits; the n(d) check is authoritative).",,,,,
HIKARI-E-SK16,"Non-dispersable (3-term CD gives n(d)=1.87530 vs catalog 1.620411; not a Sellmeier fit) - archived, never evaluated",,2.58572188,0.0140913669,-2.67679001e-05,-0.0114561541,0.000439966701,1.51331053e-06,HIKARI-AGF-NZHAGEN-MIRROR,".agf CD coefficients; verify with catalog. term(s) 1,3 carry a non-positive B or C (permitted in multi-pole fits; the n(d) check is authoritative).",,,,,
HIKARI-E-SK18,"Non-dispersable (3-term CD gives n(d)=1.87362 vs catalog 1.63854; not a Sellmeier fit) - archived, never evaluated",,2.65253732,0.00823565189,-0.00030272324,-0.0207076891,0.00259890034,1.591967e-05,HIKARI-AGF-NZHAGEN-MIRROR,".agf CD coefficients; verify with catalog. term(s) 1,3 carry a non-positive B or C (permitted in multi-pole fits; the n(d) check is authoritative).",,,,,
HIKARI-E-SSK1,"Non-dispersable (3-term CD gives n(d)=1.87375 vs catalog 1.6172; not a Sellmeier fit) - archived, never evaluated",,2.56935287,0.0161803173,-8.91235286e-08,-0.0103280973,0.000314456596,6.08967029e-07,HIKARI-AGF-NZHAGEN-MIRROR,".agf CD coefficients; verify with catalog. term(s) 1,3 carry a non-positive B or C (permitted in multi-pole fits; the n(d) check is authoritative).",,,,,
HIKARI-E-SSK5,"Non-dispersable (3-term CD gives n(d)=1.90749 vs catalog 1.658441; not a Sellmeier fit) - archived, never evaluated",,2.69603796,0.0188657945,4.06084448e-06,-0.0100729839,0.00036803849,4.57460676e-07,HIKARI-AGF-NZHAGEN-MIRROR,.agf CD coefficients; verify with catalog. term(s) 1 carry a non-positive B or C (permitted in multi-pole fits; the n(d) check is authoritative).,,,,,
HIKARI-E-SSK8,"Non-dispersable (3-term CD gives n(d)=1.87063 vs catalog 1.61772; not a Sellmeier fit) - archived, never evaluated",,2.57047824,0.0149712411,-0.000110413826,-0.0119686463,0.00112845548,7.39815032e-06,HIKARI-AGF-NZHAGEN-MIRROR,".agf CD coefficients; verify with catalog. term(s) 1,3 carry a non-positive B or C (permitted in multi-pole fits; the n(d) check is authoritative).",,,,,
HIKARI-F1,"Non-dispersable (3-term CD gives n(d)=1.88910 vs catalog 1.625882; not a Sellmeier fit) - archived, never evaluated",,2.562519,0.02916002,0.0002265332,-0.003146235,-0.00087073,-8.612399e-06,HIKARI-AGF-NZHAGEN-MIRROR,".agf CD coefficients; verify with catalog. term(s) 1,2,3 carry a non-positive B or C (permitted in multi-pole fits; the n(d) check is authoritative).",,,,,
HIKARI-F2,"Non-dispersable (3-term CD gives n(d)=1.88767 vs catalog 1.62004; not a Sellmeier fit) - archived, never evaluated",,2.545002,0.02801151,0.0001501754,-0.001337396,-0.0005417021,-3.617071e-06,HIKARI-AGF-NZHAGEN-MIRROR,".agf CD coefficients; verify with catalog. term(s) 1,2,3 carry a non-positive B or C (permitted in multi-pole fits; the n(d) check is authoritative).",,,,,
HIKARI-F3,"Non-dispersable (3-term CD gives n(d)=1.88261 vs catalog 1.61293; not a Sellmeier fit) - archived, never evaluated",,2.522283,0.02939577,0.0002896805,-0.00104823,-0.00139163,-1.265089e-05,HIKARI-AGF-NZHAGEN-MIRROR,".agf CD coefficients; verify with catalog. term(s) 1,2,3 carry a non-positive B or C (permitted in multi-pole fits; the n(d) check is authoritative).",,,,,
HIKARI-F5,"Non-dispersable (3-term CD gives n(d)=1.83699 vs catalog 1.60342; not a Sellmeier fit) - archived, never evaluated",,2.527725,0.01020504,-0.0003603615,-0.02381908,0.003480576,2.057311e-05,HIKARI-AGF-NZHAGEN-MIRROR,".agf CD coefficients; verify with catalog. term(s) 1,3 carry a non-positive B or C (permitted in multi-pole fits; the n(d) check is authoritative).",,,,,
HIKARI-F8,"Non-dispersable (3-term CD gives n(d)=1.86811 vs catalog 1.59551; not a Sellmeier fit) - archived, never evaluated",,2.472865,0.02760046,0.0002907115,-0.001511927,-0.001525504,-1.284843e-05,HIKARI-AGF-NZHAGEN-MIRROR,".agf CD coefficients; verify with catalog. term(s) 1,2,3 carry a non-positive B or C (permitted in multi-pole fits; the n(d) check is authoritative).",,,,,
HIKARI-K3,"Non-dispersable (3-term CD gives n(d)=1.79730 vs catalog 1.51823; not a Sellmeier fit) - archived, never evaluated",,2.27187,0.0119425,8.303797e-06,-0.008333884,0.0001494434,-2.694974e-07,HIKARI-AGF-NZHAGEN-MIRROR,".agf CD coefficients; verify with catalog. term(s) 1,3 carry a non-positive B or C (permitted in multi-pole fits; the n(d) check is authoritative).",,,,,
HIKARI-K5,"Non-dispersable (3-term CD gives n(d)=1.82949 vs catalog 1.52249; not a Sellmeier fit) - archived, never evaluated",,2.259379,0.02633942,0.0005228702,0.009090504,-0.003777418,-2.629182e-05,HIKARI-AGF-NZHAGEN-MIRROR,".agf CD coefficients; verify with catalog. term(s) 2,3 carry a non-positive B or C (permitted in multi-pole fits; the n(d) check is authoritative).",,,,,
HIKARI-KF6,"Non-dispersable (3-term CD gives n(d)=1.81294 vs catalog 1.51742; not a Sellmeier fit) - archived, never evaluated",,2.249554,0.02217465,0.0003444373,0.002262245,-0.002282488,-1.737741e-05,HIKARI-AGF-NZHAGEN-MIRROR,".agf CD coefficients; verify with catalog. term(s) 2,3 carry a non-positive B or C (permitted in multi-pole fits; the n(d) check is authoritative).",,,,,
HIKARI-KZFH1,"Non-dispersable (3-term CD gives n(d)=1.86388 vs catalog 1.612658; not a Sellmeier fit) - archived, never evaluated",,2.547175,0.01838384,-1.624561e-05,-0.01287115,0.0005862006,2.266107e-06,HIKARI-AGF-NZHAGEN-MIRROR,".agf CD coefficients; verify with catalog. term(s) 1,3 carry a non-positive B or C (permitted in multi-pole fits; the n(d) check is authoritative).",,,,,
HIKARI-KZFH2,"Non-dispersable (3-term CD gives n(d)=1.90992 vs catalog 1.671629; not a Sellmeier fit) - archived, never evaluated",,2.723491,0.02374514,-1.290725e-05,-0.01309285,0.0007951295,3.339887e-06,HIKARI-AGF-NZHAGEN-MIRROR,".agf CD coefficients; verify with catalog. term(s) 1,3 carry a non-positive B or C (permitted in multi-pole fits; the n(d) check is authoritative).",,,,,
HIKARI-KZFS4,"Non-dispersable (3-term CD gives n(d)=1.85829 vs catalog 1.6134; not a Sellmeier fit) - archived, never evaluated",,2.554362,0.01560256,-0.0001318867,-0.0165228,0.001407955,8.507447e-06,HIKARI-AGF-NZHAGEN-MIRROR,".agf CD coefficients; verify with catalog. term(s) 1,3 carry a non-positive B or C (permitted in multi-pole fits; the n(d) check is authoritative).",,,,,
HIKARI-LAF2,"Non-dispersable (3-term CD gives n(d)=1.97350 vs catalog 1.744; not a Sellmeier fit) - archived, never evaluated",,2.966463,0.02659597,6.759269e-05,-0.01184749,7.166823e-05,-1.704166e-06,HIKARI-AGF-NZHAGEN-MIRROR,".agf CD coefficients; verify with catalog. term(s) 1,3 carry a non-positive B or C (permitted in multi-pole fits; the n(d) check is authoritative).",,,,,
HIKARI-LAF3,"Non-dispersable (3-term CD gives n(d)=2.02672 vs catalog 1.717; not a Sellmeier fit) - archived, never evaluated",,2.830874,0.05044859,0.0008789224,0.02556412,-0.00670398,-4.052452e-05,HIKARI-AGF-NZHAGEN-MIRROR,".agf CD coefficients; verify with catalog. term(s) 2,3 carry a non-positive B or C (permitted in multi-pole fits; the n(d) check is authoritative).",,,,,
HIKARI-LAF7,"Non-dispersable (3-term CD gives n(d)=2.12305 vs catalog 1.749501; not a Sellmeier fit) - archived, never evaluated",,2.871638,0.08260113,0.00171414,0.05586319,-0.01257133,-7.977217e-05,HIKARI-AGF-NZHAGEN-MIRROR,".agf CD coefficients; verify with catalog. term(s) 2,3 carry a non-positive B or C (permitted in multi-pole fits; the n(d) check is authoritative).",,,,,
HIKARI-LAF09,"Non-dispersable (3-term CD gives n(d)=1.93380 vs catalog 1.697; not a Sellmeier fit) - archived, never evaluated",,2.821152,0.01957428,-3.820468e-05,-0.012842,0.0008519712,2.424251e-06,HIKARI-AGF-NZHAGEN-MIRROR,".agf CD coefficients; verify with catalog. term(s) 1,3 carry a non-positive B or C (permitted in multi-pole fits; the n(d) check is authoritative).",,,,,
HIKARI-LAF9,"Non-dispersable (3-term CD gives n(d)=2.01002 vs catalog 1.79504; not a Sellmeier fit) - archived, never evaluated",,3.097921,0.0388245,-6.840198e-05,-0.01112466,0.001949184,1.330305e-05,HIKARI-AGF-NZHAGEN-MIRROR,".agf CD coefficients; verify with catalog. term(s) 1,3 carry a non-positive B or C (permitted in multi-pole fits; the n(d) check is authoritative).",,,,,
HIKARI-LAF11,"Non-dispersable (3-term CD gives n(d)=2.30653 vs catalog 1.75692; not a Sellmeier fit) - archived, never evaluated",,2.809631,0.1251064,0.002916176,0.1142767,-0.0221709,-0.0001356855,HIKARI-AGF-NZHAGEN-MIRROR,".agf CD coefficients; verify with catalog. term(s) 2,3 carry a non-positive B or C (permitted in multi-pole fits; the n(d) check is authoritative).",,,,,
HIKARI-LAK04,"Non-dispersable (3-term CD gives n(d)=1.90201 vs catalog 1.651; not a Sellmeier fit) - archived, never evaluated",,2.676809,0.01773895,4.3274e-05,-0.01021733,2.822472e-05,-2.158473e-06,HIKARI-AGF-NZHAGEN-MIRROR,".agf CD coefficients; verify with catalog. term(s) 1,3 carry a non-positive B or C (permitted in multi-pole fits; the n(d) check is authoritative).",,,,,
HIKARI-LAK7,"Non-dispersable (3-term CD gives n(d)=1.89822 vs catalog 1.651599; not a Sellmeier fit) - archived, never evaluated",,2.684146,0.01520999,-4.197895e-05,-0.01282175,0.0005791021,2.32621e-06,HIKARI-AGF-NZHAGEN-MIRROR,".agf CD coefficients; verify with catalog. term(s) 1,3 carry a non-positive B or C (permitted in multi-pole fits; the n(d) check is authoritative).",,,,,
HIKARI-LAK09,"Non-dispersable (3-term CD gives n(d)=1.95225 vs catalog 1.734; not a Sellmeier fit) - archived, never evaluated",,2.953102,0.01742579,-0.0001370287,-0.01967247,0.001528665,6.723533e-06,HIKARI-AGF-NZHAGEN-MIRROR,".agf CD coefficients; verify with catalog. term(s) 1,3 carry a non-positive B or C (permitted in multi-pole fits; the n(d) check is authoritative).",,,,,
HIKARI-LAK9,"Non-dispersable (3-term CD gives n(d)=1.96115 vs catalog 1.691; not a Sellmeier fit) - archived, never evaluated",,2.78212,0.03229938,0.0004358368,0.003869888,-0.003179159,-2.062241e-05,HIKARI-AGF-NZHAGEN-MIRROR,".agf CD coefficients; verify with catalog. term(s) 2,3 carry a non-positive B or C (permitted in multi-pole fits; the n(d) check is authoritative).",,,,,
HIKARI-LAK011,"Non-dispersable (3-term CD gives n(d)=1.96634 vs catalog 1.741; not a Sellmeier fit) - archived, never evaluated",,2.971993,0.02020612,-7.671807e-05,-0.01524352,0.0008752522,4.848072e-06,HIKARI-AGF-NZHAGEN-MIRROR,".agf CD coefficients; verify with catalog. term(s) 1,3 carry a non-positive B or C (permitted in multi-pole fits; the n(d) check is authoritative).",,,,,
HIKARI-LAK12,"Non-dispersable (3-term CD gives n(d)=1.90026 vs catalog 1.6779; not a Sellmeier fit) - archived, never evaluated",,2.780948,0.008676537,-0.0003515541,-0.0236625,0.00294181,1.844065e-05,HIKARI-AGF-NZHAGEN-MIRROR,".agf CD coefficients; verify with catalog. term(s) 1,3 carry a non-positive B or C (permitted in multi-pole fits; the n(d) check is authoritative).",,,,,
HIKARI-LASF01,"Non-dispersable (3-term CD gives n(d)=2.00586 vs catalog 1.7859; not a Sellmeier fit) - archived, never evaluated",,3.106256,0.03000569,0.0001479538,-0.0130242,-0.0002794596,-6.924513e-06,HIKARI-AGF-NZHAGEN-MIRROR,".agf CD coefficients; verify with catalog. term(s) 1,2,3 carry a non-positive B or C (permitted in multi-pole fits; the n(d) check is authoritative).",,,,,
HIKARI-LASF02,"Non-dispersable (3-term CD gives n(d)=2.00825 vs catalog 1.79952; not a Sellmeier fit) - archived, never evaluated",,3.156117,0.02733369,-6.256744e-05,-0.01727997,0.001199918,5.655719e-06,HIKARI-AGF-NZHAGEN-MIRROR,".agf CD coefficients; verify with catalog. term(s) 1,3 carry a non-positive B or C (permitted in multi-pole fits; the n(d) check is authoritative).",,,,,
HIKARI-LASF010,"Non-dispersable (3-term CD gives n(d)=2.17864 vs catalog 1.834; not a Sellmeier fit) - archived, never evaluated",,3.162451,0.09621568,0.002856517,0.04629811,-0.01807107,-0.0001616506,HIKARI-AGF-NZHAGEN-MIRROR,".agf CD coefficients; verify with catalog. term(s) 2,3 carry a non-positive B or C (permitted in multi-pole fits; the n(d) check is authoritative).",,,,,
HIKARI-LASFH6,"Non-dispersable (3-term CD gives n(d)=2.00057 vs catalog 1.8061; not a Sellmeier fit) - archived, never evaluated",,3.167451,0.02630248,-0.0004018775,-0.02220547,0.004028856,2.821967e-05,HIKARI-AGF-NZHAGEN-MIRROR,".agf CD coefficients; verify with catalog. term(s) 1,3 carry a non-positive B or C (permitted in multi-pole fits; the n(d) check is authoritative).",,,,,
HIKARI-LF5,"Non-dispersable (3-term CD gives n(d)=1.85085 vs catalog 1.58144; not a Sellmeier fit) - archived, never evaluated",,2.439252,0.02191912,0.0001181173,-0.005116676,-0.000308089,-4.409047e-06,HIKARI-AGF-NZHAGEN-MIRROR,".agf CD coefficients; verify with catalog. term(s) 1,2,3 carry a non-positive B or C (permitted in multi-pole fits; the n(d) check is authoritative).",,,,,
HIKARI-LF6,"Non-dispersable (3-term CD gives n(d)=1.83935 vs catalog 1.56732; not a Sellmeier fit) - archived, never evaluated",,2.402616,0.01706231,-0.0001107158,-0.005310264,0.000992587,9.212954e-06,HIKARI-AGF-NZHAGEN-MIRROR,".agf CD coefficients; verify with catalog. term(s) 1,3 carry a non-positive B or C (permitted in multi-pole fits; the n(d) check is authoritative).",,,,,
HIKARI-LF7,"Non-dispersable (3-term CD gives n(d)=1.82148 vs catalog 1.57501; not a Sellmeier fit) - archived, never evaluated",,2.440824,0.01089699,-0.0002198222,-0.02002119,0.002343396,1.221823e-05,HIKARI-AGF-NZHAGEN-MIRROR,".agf CD coefficients; verify with catalog. term(s) 1,3 carry a non-positive B or C (permitted in multi-pole fits; the n(d) check is authoritative).",,,,,
HIKARI-LLF1,"Non-dispersable (3-term CD gives n(d)=1.80675 vs catalog 1.548139; not a Sellmeier fit) - archived, never evaluated",,2.362448,0.008894781,-0.000257494,-0.01634943,0.002311903,1.457859e-05,HIKARI-AGF-NZHAGEN-MIRROR,".agf CD coefficients; verify with catalog. term(s) 1,3 carry a non-positive B or C (permitted in multi-pole fits; the n(d) check is authoritative).",,,,,
HIKARI-LLF2,"Non-dispersable (3-term CD gives n(d)=1.83356 vs catalog 1.54072; not a Sellmeier fit) - archived, never evaluated",,2.311056,0.02635349,0.0004429611,0.003592112,-0.002861817,-2.227926e-05,HIKARI-AGF-NZHAGEN-MIRROR,".agf CD coefficients; verify with catalog. term(s) 2,3 carry a non-positive B or C (permitted in multi-pole fits; the n(d) check is authoritative).",,,,,
HIKARI-LLF6,"Non-dispersable (3-term CD gives n(d)=1.78119 vs catalog 1.531721; not a Sellmeier fit) - archived, never evaluated",,2.326858,0.002979231,-0.0003498773,-0.02496168,0.003164392,1.777229e-05,HIKARI-AGF-NZHAGEN-MIRROR,".agf CD coefficients; verify with catalog. term(s) 1,3 carry a non-positive B or C (permitted in multi-pole fits; the n(d) check is authoritative).",,,,,
HIKARI-P-FK01S,"Non-dispersable (3-term CD gives n(d)=1.78134 vs catalog 1.496488; not a Sellmeier fit) - archived, never evaluated",,2.2209843,0.00565991749,-9.83647071e-05,-0.00850617932,0.000843578948,4.93916644e-06,HIKARI-AGF-NZHAGEN-MIRROR,".agf CD coefficients; verify with catalog. term(s) 1,3 carry a non-positive B or C (permitted in multi-pole fits; the n(d) check is authoritative).",,,,,
HIKARI-P-FKH2S,"Non-dispersable (3-term CD gives n(d)=1.75464 vs catalog 1.45562; not a Sellmeier fit) - archived, never evaluated",,2.10062741,0.00658636025,-5.35155073e-06,-0.0047428655,0.00010373696,2.98151037e-07,HIKARI-AGF-NZHAGEN-MIRROR,".agf CD coefficients; verify with catalog. term(s) 1,3 carry a non-positive B or C (permitted in multi-pole fits; the n(d) check is authoritative).",,,,,
HIKARI-P-LAF010S,"Non-dispersable (4-term CD gives n(d)=1.97282 vs catalog 1.742999; not a Sellmeier fit) - archived, never evaluated",,2.97145551,0.0229406443,-1.48240363e-05,-0.0123084336,0.000555750122,1.43842628e-06,HIKARI-AGF-NZHAGEN-MIRROR,".agf CD coefficients; verify with catalog. term(s) 1,3,4 carry a non-positive B or C (permitted in multi-pole fits; the n(d) check is authoritative).",,-0.00011444912,0.0,,
HIKARI-P-LAK13S,"Non-dispersable (4-term CD gives n(d)=1.93666 vs catalog 1.6972; not a Sellmeier fit) - archived, never evaluated",,2.82447476,0.0196386835,-8.64448721e-06,-0.0118060586,0.00040080475,9.02906571e-07,HIKARI-AGF-NZHAGEN-MIRROR,".agf CD coefficients; verify with catalog. term(s) 1,3,4 carry a non-positive B or C (permitted in multi-pole fits; the n(d) check is authoritative).",,-0.00010649054,0.0,,
HIKARI-P-LASF03S,"Non-dispersable (4-term CD gives n(d)=2.02228 vs catalog 1.80604; not a Sellmeier fit) - archived, never evaluated",,3.17068141,0.030537023,-4.87613819e-06,-0.0126020903,0.000826049797,2.63470792e-06,HIKARI-AGF-NZHAGEN-MIRROR,".agf CD coefficients; verify with catalog. term(s) 1,3,4 carry a non-positive B or C (permitted in multi-pole fits; the n(d) check is authoritative).",,-2.27507217e-05,0.0,,
HIKARI-P-LASFH11S,"Non-dispersable (4-term CD gives n(d)=1.99646 vs catalog 1.77387; not a Sellmeier fit) - archived, never evaluated",,3.07248878,0.0257175166,8.26140166e-06,-0.0130910046,0.000468797447,4.96911029e-07,HIKARI-AGF-NZHAGEN-MIRROR,".agf CD coefficients; verify with catalog. term(s) 1,4 carry a non-positive B or C (permitted in multi-pole fits; the n(d) check is authoritative).",,-0.000149735345,0.0,,
HIKARI-P-LASFH12S,"Non-dispersable (4-term CD gives n(d)=2.00960 vs catalog 1.790628; not a Sellmeier fit) - archived, never evaluated",,3.12620771,0.0273755534,-4.45290808e-06,-0.0131941997,0.000644833441,1.47682971e-06,HIKARI-AGF-NZHAGEN-MIRROR,".agf CD coefficients; verify with catalog. term(s) 1,3,4 carry a non-positive B or C (permitted in multi-pole fits; the n(d) check is authoritative).",,-5.38318514e-05,0.0,,
HIKARI-P-LASFH18S,"Non-dispersable (4-term CD gives n(d)=2.05858 vs catalog 1.85117; not a Sellmeier fit) - archived, never evaluated",,3.32566886,0.0340298328,1.03681091e-05,-0.0131396072,0.000803745646,2.05840857e-06,HIKARI-AGF-NZHAGEN-MIRROR,".agf CD coefficients; verify with catalog. term(s) 1,4 carry a non-positive B or C (permitted in multi-pole fits; the n(d) check is authoritative).",,-0.000123587896,0.0,,
HIKARI-P-LASFH19S,"Non-dispersable (4-term CD gives n(d)=2.03518 vs catalog 1.82098; not a Sellmeier fit) - archived, never evaluated",,3.2257027,0.0306614932,9.44972029e-06,-0.0126902501,0.000658747108,1.26490053e-06,HIKARI-AGF-NZHAGEN-MIRROR,".agf CD coefficients; verify with catalog. term(s) 1,4 carry a non-positive B or C (permitted in multi-pole fits; the n(d) check is authoritative).",,-0.000120031201,0.0,,
HIKARI-P-PSKH1S,"Non-dispersable (4-term CD gives n(d)=1.86153 vs catalog 1.59255; not a Sellmeier fit) - archived, never evaluated",,2.50002967,0.0128441577,2.25228249e-06,-0.00669362188,0.000147794104,5.14209979e-08,HIKARI-AGF-NZHAGEN-MIRROR,".agf CD coefficients; verify with catalog. term(s) 1,4 carry a non-positive B or C (permitted in multi-pole fits; the n(d) check is authoritative).",,-5.44106184e-05,0.0,,
HIKARI-P-SK5S,"Non-dispersable (4-term CD gives n(d)=1.85049 vs catalog 1.58887; not a Sellmeier fit) - archived, never evaluated",,2.4871547,0.0136540989,1.26085644e-08,-0.0109451454,0.000187911865,2.3976508e-07,HIKARI-AGF-NZHAGEN-MIRROR,".agf CD coefficients; verify with catalog. term(s) 1,4 carry a non-positive B or C (permitted in multi-pole fits; the n(d) check is authoritative).",,-9.97026157e-05,0.0,,
HIKARI-P-SK12S,"Non-dispersable (4-term CD gives n(d)=1.84887 vs catalog 1.58593; not a Sellmeier fit) - archived, never evaluated",,2.4767282,0.013934653,4.37662846e-07,-0.0103779856,0.000196558619,2.28673729e-07,HIKARI-AGF-NZHAGEN-MIRROR,".agf CD coefficients; verify with catalog. term(s) 1,4 carry a non-positive B or C (permitted in multi-pole fits; the n(d) check is authoritative).",,-9.02510603e-05,0.0,,
HIKARI-PK1,"Non-dispersable (3-term CD gives n(d)=1.78473 vs catalog 1.50378; not a Sellmeier fit) - archived, never evaluated",,2.23377,0.01057538,2.380097e-05,-0.009387074,-3.481847e-05,-1.340308e-06,HIKARI-AGF-NZHAGEN-MIRROR,".agf CD coefficients; verify with catalog. term(s) 1,2,3 carry a non-positive B or C (permitted in multi-pole fits; the n(d) check is authoritative).",,,,,
HIKARI-PK2,"Non-dispersable (3-term CD gives n(d)=1.80191 vs catalog 1.51821; not a Sellmeier fit) - archived, never evaluated",,2.268721,0.01533408,0.0001697392,-0.005772466,-0.001159258,-8.270431e-06,HIKARI-AGF-NZHAGEN-MIRROR,".agf CD coefficients; verify with catalog. term(s) 1,2,3 carry a non-positive B or C (permitted in multi-pole fits; the n(d) check is authoritative).",,,,,
HIKARI-SF1,"Non-dispersable (3-term CD gives n(d)=1.95914 vs catalog 1.71736; not a Sellmeier fit) - archived, never evaluated",,2.839803,0.03464028,-5.451762e-05,-0.004469128,0.001334322,1.214724e-05,HIKARI-AGF-NZHAGEN-MIRROR,".agf CD coefficients; verify with catalog. term(s) 1,3 carry a non-positive B or C (permitted in multi-pole fits; the n(d) check is authoritative).",,,,,
HIKARI-SF2,"Non-dispersable (3-term CD gives n(d)=1.92548 vs catalog 1.64769; not a Sellmeier fit) - archived, never evaluated",,2.612482,0.03844929,0.0004247475,0.007294838,-0.002459877,-1.668865e-05,HIKARI-AGF-NZHAGEN-MIRROR,".agf CD coefficients; verify with catalog. term(s) 2,3 carry a non-positive B or C (permitted in multi-pole fits; the n(d) check is authoritative).",,,,,
HIKARI-SF03,"Non-dispersable (3-term CD gives n(d)=2.03438 vs catalog 1.84666; not a Sellmeier fit) - archived, never evaluated",,3.261335,0.0415517,-0.0003884548,-0.01832792,0.00494909,3.837014e-05,HIKARI-AGF-NZHAGEN-MIRROR,".agf CD coefficients; verify with catalog. term(s) 1,3 carry a non-positive B or C (permitted in multi-pole fits; the n(d) check is authoritative).",,,,,
HIKARI-SF4,"Non-dispersable (3-term CD gives n(d)=1.94158 vs catalog 1.7552; not a Sellmeier fit) - archived, never evaluated",,2.988119,0.0237723,-0.0004379463,-0.03043514,0.005097428,3.025835e-05,HIKARI-AGF-NZHAGEN-MIRROR,".agf CD coefficients; verify with catalog. term(s) 1,3 carry a non-positive B or C (permitted in multi-pole fits; the n(d) check is authoritative).",,,,,
HIKARI-SF5,"Non-dispersable (3-term CD gives n(d)=1.88403 vs catalog 1.6727; not a Sellmeier fit) - archived, never evaluated",,2.735991,0.01394696,-0.0004997414,-0.0272415,0.004883728,2.996089e-05,HIKARI-AGF-NZHAGEN-MIRROR,".agf CD coefficients; verify with catalog. term(s) 1,3 carry a non-positive B or C (permitted in multi-pole fits; the n(d) check is authoritative).",,,,,
HIKARI-SF6,"Non-dispersable (3-term CD gives n(d)=2.07056 vs catalog 1.805182; not a Sellmeier fit) - archived, never evaluated",,3.080799,0.06350134,0.0006026374,0.01530035,-0.002963535,-1.590891e-05,HIKARI-AGF-NZHAGEN-MIRROR,".agf CD coefficients; verify with catalog. term(s) 2,3 carry a non-positive B or C (permitted in multi-pole fits; the n(d) check is authoritative).",,,,,
HIKARI-SF7,"Non-dispersable (3-term CD gives n(d)=1.90175 vs catalog 1.6398; not a Sellmeier fit) - archived, never evaluated",,2.602245,0.0313239,0.0002844724,-0.002282728,-0.001109815,-1.205447e-05,HIKARI-AGF-NZHAGEN-MIRROR,".agf CD coefficients; verify with catalog. term(s) 1,2,3 carry a non-positive B or C (permitted in multi-pole fits; the n(d) check is authoritative).",,,,,
HIKARI-SF8,"Non-dispersable (3-term CD gives n(d)=1.87983 vs catalog 1.68893; not a Sellmeier fit) - archived, never evaluated",,2.798858,0.007630191,-0.0008073847,-0.03718093,0.007231691,4.696667e-05,HIKARI-AGF-NZHAGEN-MIRROR,".agf CD coefficients; verify with catalog. term(s) 1,3 carry a non-positive B or C (permitted in multi-pole fits; the n(d) check is authoritative).",,,,,
HIKARI-SF9,"Non-dispersable (3-term CD gives n(d)=1.89634 vs catalog 1.65446; not a Sellmeier fit) - archived, never evaluated",,2.661342,0.02328061,-0.0001298549,-0.01187903,0.001777729,1.138748e-05,HIKARI-AGF-NZHAGEN-MIRROR,".agf CD coefficients; verify with catalog. term(s) 1,3 carry a non-positive B or C (permitted in multi-pole fits; the n(d) check is authoritative).",,,,,
HIKARI-SF10,"Non-dispersable (3-term CD gives n(d)=2.00900 vs catalog 1.72825; not a Sellmeier fit) - archived, never evaluated",,2.842085,0.05206046,0.000446977,0.01641576,-0.002610463,-9.429829e-06,HIKARI-AGF-NZHAGEN-MIRROR,".agf CD coefficients; verify with catalog. term(s) 2,3 carry a non-positive B or C (permitted in multi-pole fits; the n(d) check is authoritative).",,,,,
HIKARI-SF11,"Non-dispersable (3-term CD gives n(d)=1.90721 vs catalog 1.784721; not a Sellmeier fit) - archived, never evaluated",,3.127487,-0.0009890957,-0.001588824,-0.0637466,0.01363913,9.646333e-05,HIKARI-AGF-NZHAGEN-MIRROR,".agf CD coefficients; verify with catalog. term(s) 1,2,3 carry a non-positive B or C (permitted in multi-pole fits; the n(d) check is authoritative).",,,,,
HIKARI-SF12,"Non-dispersable (3-term CD gives n(d)=1.91685 vs catalog 1.648311; not a Sellmeier fit) - archived, never evaluated",,2.620359,0.03560544,0.0003452771,0.002381459,-0.001773085,-1.282207e-05,HIKARI-AGF-NZHAGEN-MIRROR,".agf CD coefficients; verify with catalog. term(s) 2,3 carry a non-positive B or C (permitted in multi-pole fits; the n(d) check is authoritative).",,,,,
HIKARI-SF13,"Non-dispersable (3-term CD gives n(d)=1.96394 vs catalog 1.740771; not a Sellmeier fit) - archived, never evaluated",,2.92263,0.02875835,-0.0004973006,-0.01150018,0.004472855,4.089372e-05,HIKARI-AGF-NZHAGEN-MIRROR,".agf CD coefficients; verify with catalog. term(s) 1,3 carry a non-positive B or C (permitted in multi-pole fits; the n(d) check is authoritative).",,,,,
HIKARI-SF14,"Non-dispersable (3-term CD gives n(d)=1.97791 vs catalog 1.76182; not a Sellmeier fit) - archived, never evaluated",,2.983846,0.03563966,-0.000222699,-0.01289956,0.002969076,2.674236e-05,HIKARI-AGF-NZHAGEN-MIRROR,".agf CD coefficients; verify with catalog. term(s) 1,3 carry a non-positive B or C (permitted in multi-pole fits; the n(d) check is authoritative).",,,,,
HIKARI-SF15,"Non-dispersable (3-term CD gives n(d)=1.93966 vs catalog 1.69895; not a Sellmeier fit) - archived, never evaluated",,2.787118,0.03016016,-0.0001855962,-0.006950628,0.00207609,2.047325e-05,HIKARI-AGF-NZHAGEN-MIRROR,".agf CD coefficients; verify with catalog. term(s) 1,3 carry a non-positive B or C (permitted in multi-pole fits; the n(d) check is authoritative).",,,,,
HIKARI-SFS3,"Non-dispersable (3-term CD gives n(d)=1.97971 vs catalog 1.7847; not a Sellmeier fit) - archived, never evaluated",,3.071402,0.02943887,-0.0005380916,-0.02168875,0.005498532,4.131754e-05,HIKARI-AGF-NZHAGEN-MIRROR,".agf CD coefficients; verify with catalog. term(s) 1,3 carry a non-positive B or C (permitted in multi-pole fits; the n(d) check is authoritative).",,,,,
HIKARI-SK2,"Non-dispersable (3-term CD gives n(d)=1.86662 vs catalog 1.60738; not a Sellmeier fit) - archived, never evaluated",,2.54233,0.01366271,-8.590268e-05,-0.01001372,0.0008285866,5.079496e-06,HIKARI-AGF-NZHAGEN-MIRROR,".agf CD coefficients; verify with catalog. term(s) 1,3 carry a non-positive B or C (permitted in multi-pole fits; the n(d) check is authoritative).",,,,,
HIKARI-SK4,"Non-dispersable (3-term CD gives n(d)=1.89405 vs catalog 1.61272; not a Sellmeier fit) - archived, never evaluated",,2.542124,0.02316274,0.0002235719,0.002965422,-0.001681083,-1.000551e-05,HIKARI-AGF-NZHAGEN-MIRROR,".agf CD coefficients; verify with catalog. term(s) 2,3 carry a non-positive B or C (permitted in multi-pole fits; the n(d) check is authoritative).",,,,,
HIKARI-SK9,"Non-dispersable (3-term CD gives n(d)=1.86618 vs catalog 1.61405; not a Sellmeier fit) - archived, never evaluated",,2.564248,0.01398205,-4.206054e-05,-0.01337038,0.0007030773,2.098576e-06,HIKARI-AGF-NZHAGEN-MIRROR,".agf CD coefficients; verify with catalog. term(s) 1,3 carry a non-positive B or C (permitted in multi-pole fits; the n(d) check is authoritative).",,,,,
HIKARI-SK15,"Non-dispersable (3-term CD gives n(d)=1.87397 vs catalog 1.62299; not a Sellmeier fit) - archived, never evaluated",,2.595129,0.01295053,-9.281618e-05,-0.01330175,0.000946977,5.074742e-06,HIKARI-AGF-NZHAGEN-MIRROR,".agf CD coefficients; verify with catalog. term(s) 1,3 carry a non-positive B or C (permitted in multi-pole fits; the n(d) check is authoritative).",,,,,
HIKARI-SK16,"Non-dispersable (3-term CD gives n(d)=1.86851 vs catalog 1.620409; not a Sellmeier fit) - archived, never evaluated",,2.592001,0.0102268,-0.0001877149,-0.01540969,0.001581559,1.012515e-05,HIKARI-AGF-NZHAGEN-MIRROR,".agf CD coefficients; verify with catalog. term(s) 1,3 carry a non-positive B or C (permitted in multi-pole fits; the n(d) check is authoritative).",,,,,
HIKARI-SK18,"Non-dispersable (3-term CD gives n(d)=1.87362 vs catalog 1.63854; not a Sellmeier fit) - archived, never evaluated",,2.652537,0.008235652,-0.0003027232,-0.02070769,0.0025989,1.591967e-05,HIKARI-AGF-NZHAGEN-MIRROR,".agf CD coefficients; verify with catalog. term(s) 1,3 carry a non-positive B or C (permitted in multi-pole fits; the n(d) check is authoritative).",,,,,
HIKARI-SSK1,"Non-dispersable (3-term CD gives n(d)=1.86500 vs catalog 1.6172; not a Sellmeier fit) - archived, never evaluated",,2.577488,0.01135863,-0.0001733264,-0.01546625,0.001651928,9.058966e-06,HIKARI-AGF-NZHAGEN-MIRROR,".agf CD coefficients; verify with catalog. term(s) 1,3 carry a non-positive B or C (permitted in multi-pole fits; the n(d) check is authoritative).",,,,,
HIKARI-SSK2,"Non-dispersable (3-term CD gives n(d)=1.87101 vs catalog 1.6223; not a Sellmeier fit) - archived, never evaluated",,2.591243,0.01239656,-0.0001592745,-0.01427206,0.00153774,8.552111e-06,HIKARI-AGF-NZHAGEN-MIRROR,".agf CD coefficients; verify with catalog. term(s) 1,3 carry a non-positive B or C (permitted in multi-pole fits; the n(d) check is authoritative).",,,,,
HIKARI-SSK8,"Non-dispersable (3-term CD gives n(d)=1.87063 vs catalog 1.61772; not a Sellmeier fit) - archived, never evaluated",,2.570478,0.01497124,-0.0001104138,-0.01196865,0.001128455,7.39815e-06,HIKARI-AGF-NZHAGEN-MIRROR,".agf CD coefficients; verify with catalog. term(s) 1,3 carry a non-positive B or C (permitted in multi-pole fits; the n(d) check is authoritative).",,,,,
HOYA-TAFD37,"Non-dispersable (3-term CD gives n(d)=2.09772 vs catalog 1.900433; not a Sellmeier fit) - archived, never evaluated",,3.4943369,0.03883317,-7.402237e-06,-0.013647624,0.0011132555,5.3027754e-06,HOYA-AGF-NZHAGEN-MIRROR,".agf CD coefficients; verify with catalog. term(s) 1,3 carry a non-positive B or C (permitted in multi-pole fits; the n(d) check is authoritative).",,,,,
HOYA-M-TAF105,"Non-dispersable (3-term CD gives n(d)=1.99547 vs catalog 1.772502; not a Sellmeier fit) - archived, never evaluated",,3.0705638,0.025280355,3.2555293e-05,-0.013310234,0.00021829234,-8.1300421e-07,HOYA-AGF-NZHAGEN-MIRROR,".agf CD coefficients; verify with catalog. term(s) 1,3 carry a non-positive B or C (permitted in multi-pole fits; the n(d) check is authoritative).",,,,,
HOYA-MP-TAF105,"Non-dispersable (3-term CD gives n(d)=1.99547 vs catalog 1.772502; not a Sellmeier fit) - archived, never evaluated",,3.0705638,0.025280355,3.2555293e-05,-0.013310234,0.00021829234,-8.1300421e-07,HOYA-AGF-NZHAGEN-MIRROR,".agf CD coefficients; verify with catalog. term(s) 1,3 carry a non-positive B or C (permitted in multi-pole fits; the n(d) check is authoritative).",,,,,
HOYA-MC-TAF105,"Non-dispersable (3-term CD gives n(d)=1.99547 vs catalog 1.772502; not a Sellmeier fit) - archived, never evaluated",,3.0705638,0.025280355,3.2555293e-05,-0.013310234,0.00021829234,-8.1300421e-07,HOYA-AGF-NZHAGEN-MIRROR,".agf CD coefficients; verify with catalog. term(s) 1,3 carry a non-positive B or C (permitted in multi-pole fits; the n(d) check is authoritative).",,,,,
HOYA-FDS24,"Non-dispersable (3-term CD gives n(d)=2.10187 vs catalog 1.921189; not a Sellmeier fit) - archived, never evaluated",,3.5126327,0.053936061,-0.00017950295,-0.0153015,0.0034949369,3.4403181e-05,HOYA-AGF-NZHAGEN-MIRROR,".agf CD coefficients; verify with catalog. term(s) 1,3 carry a non-positive B or C (permitted in multi-pole fits; the n(d) check is authoritative).",,,,,
HOYA-FCD515,"Non-dispersable (3-term CD gives n(d)=1.86096 vs catalog 1.592824; not a Sellmeier fit) - archived, never evaluated",,2.502355,0.012012743,-2.4729676e-05,-0.0072080042,0.00034920842,1.3801567e-06,HOYA-AGF-NZHAGEN-MIRROR,".agf CD coefficients; verify with catalog. term(s) 1,3 carry a non-positive B or C (permitted in multi-pole fits; the n(d) check is authoritative).",,,,,
HOYA-E-FDS3,"Non-dispersable (3-term CD gives n(d)=2.23546 vs catalog 2.104199; not a Sellmeier fit) - archived, never evaluated",,4.1120387,0.089852105,-0.00052228008,-0.01822767,0.00787144,0.00011773061,HOYA-AGF-NZHAGEN-MIRROR,".agf CD coefficients; verify with catalog. term(s) 1,3 carry a non-positive B or C (permitted in multi-pole fits; the n(d) check is authoritative).",,,,,
HOYA-FD60-W,"Non-dispersable (3-term CD gives n(d)=2.01514 vs catalog 1.805181; not a Sellmeier fit) - archived, never evaluated",,3.1171483,0.044864975,2.5716854e-05,-0.011616277,0.0016588491,1.4757657e-05,HOYA-AGF-NZHAGEN-MIRROR,.agf CD coefficients; verify with catalog. term(s) 1 carry a non-positive B or C (permitted in multi-pole fits; the n(d) check is authoritative).,,,,,
HOYA-MC-FCD500-20,"Non-dispersable (3-term CD gives n(d)=1.82785 vs catalog 1.553517; not a Sellmeier fit) - archived, never evaluated",,2.3850427,0.0094886852,-6.0011677e-05,-0.007914269,0.00057980093,3.0355422e-06,HOYA-AGF-NZHAGEN-MIRROR,".agf CD coefficients; verify with catalog. term(s) 1,3 carry a non-positive B or C (permitted in multi-pole fits; the n(d) check is authoritative).",,,,,
HOYA-MC-TAF31-15,"Non-dispersable (3-term CD gives n(d)=2.01763 vs catalog 1.801537; not a Sellmeier fit) - archived, never evaluated",,3.164475,0.027926276,9.8223773e-07,-0.013801295,0.00057403,1.3284244e-06,HOYA-AGF-NZHAGEN-MIRROR,.agf CD coefficients; verify with catalog. term(s) 1 carry a non-positive B or C (permitted in multi-pole fits; the n(d) check is authoritative).,,,,,
HOYA-NBFD15-W,"Non-dispersable (3-term CD gives n(d)=2.01781 vs catalog 1.806099; not a Sellmeier fit) - archived, never evaluated",,3.1540011,0.034103312,-0.00010807332,-0.013256753,0.0018472167,1.2975901e-05,HOYA-AGF-NZHAGEN-MIRROR,".agf CD coefficients; verify with catalog. term(s) 1,3 carry a non-positive B or C (permitted in multi-pole fits; the n(d) check is authoritative).",,,,,
HOYA-TAFD45,"Non-dispersable (3-term CD gives n(d)=2.13640 vs catalog 1.953747; not a Sellmeier fit) - archived, never evaluated",,3.672962,0.0457187,-9.93742e-05,-0.0151805,0.002186221,1.490466e-05,HOYA-AGF-NZHAGEN-MIRROR,".agf CD coefficients; verify with catalog. term(s) 1,3 carry a non-positive B or C (permitted in multi-pole fits; the n(d) check is authoritative).",,,,,
HOYA-BAC4,"Non-dispersable (3-term CD gives n(d)=1.83796 vs catalog 1.568829; not a Sellmeier fit) - archived, never evaluated",,2.4196645,0.01539739,6.218322e-05,-0.0083329314,-0.00017391654,-3.062131e-06,HOYA-AGF-NZHAGEN-MIRROR,".agf CD coefficients; verify with catalog. term(s) 1,2,3 carry a non-positive B or C (permitted in multi-pole fits; the n(d) check is authoritative).",,,,,
HOYA-BACD11,"Non-dispersable (3-term CD gives n(d)=1.83303 vs catalog 1.56384; not a Sellmeier fit) - archived, never evaluated",,2.4095163,0.012939968,-1.1130589e-05,-0.0091904415,0.0002346143,1.0131863e-06,HOYA-AGF-NZHAGEN-MIRROR,".agf CD coefficients; verify with catalog. term(s) 1,3 carry a non-positive B or C (permitted in multi-pole fits; the n(d) check is authoritative).",,,,,
HOYA-BACD14,"Non-dispersable (3-term CD gives n(d)=1.86046 vs catalog 1.603111; not a Sellmeier fit) - archived, never evaluated",,2.5335256,0.012257249,-7.7381829e-05,-0.011903338,0.00079172149,3.9935441e-06,HOYA-AGF-NZHAGEN-MIRROR,".agf CD coefficients; verify with catalog. term(s) 1,3 carry a non-positive B or C (permitted in multi-pole fits; the n(d) check is authoritative).",,,,,
HOYA-BACD15,"Non-dispersable (3-term CD gives n(d)=1.88303 vs catalog 1.622994; not a Sellmeier fit) - archived, never evaluated",,2.5864832,0.018080573,8.8484321e-05,-0.0080357829,-0.00045974172,-3.7544765e-06,HOYA-AGF-NZHAGEN-MIRROR,".agf CD coefficients; verify with catalog. term(s) 1,2,3 carry a non-positive B or C (permitted in multi-pole fits; the n(d) check is authoritative).",,,,,
HOYA-BACD16,"Non-dispersable (3-term CD gives n(d)=1.87444 vs catalog 1.620409; not a Sellmeier fit) - archived, never evaluated",,2.5859898,0.013995502,-3.9120717e-05,-0.011940432,0.00048974502,2.2611915e-06,HOYA-AGF-NZHAGEN-MIRROR,".agf CD coefficients; verify with catalog. term(s) 1,3 carry a non-positive B or C (permitted in multi-pole fits; the n(d) check is authoritative).",,,,,
HOYA-BACD18,"Non-dispersable (3-term CD gives n(d)=1.89242 vs catalog 1.638542; not a Sellmeier fit) - archived, never evaluated",,2.6365277,0.017143665,3.0855342e-06,-0.0097558464,0.00022592497,4.5831917e-07,HOYA-AGF-NZHAGEN-MIRROR,.agf CD coefficients; verify with catalog. term(s) 1 carry a non-positive B or C (permitted in multi-pole fits; the n(d) check is authoritative).,,,,,
HOYA-BACD2,"Non-dispersable (3-term CD gives n(d)=1.86888 vs catalog 1.607385; not a Sellmeier fit) - archived, never evaluated",,2.5393255,0.015909566,2.5876593e-05,-0.0087207883,8.8163036e-05,-1.1733523e-06,HOYA-AGF-NZHAGEN-MIRROR,".agf CD coefficients; verify with catalog. term(s) 1,3 carry a non-positive B or C (permitted in multi-pole fits; the n(d) check is authoritative).",,,,,
HOYA-BACD4,"Non-dispersable (3-term CD gives n(d)=1.87172 vs catalog 1.612718; not a Sellmeier fit) - archived, never evaluated",,2.5584621,0.015110495,1.1137249e-06,-0.0097457283,0.00023273333,1.6424767e-07,HOYA-AGF-NZHAGEN-MIRROR,.agf CD coefficients; verify with catalog. term(s) 1 carry a non-positive B or C (permitted in multi-pole fits; the n(d) check is authoritative).,,,,,
HOYA-BACD5,"Non-dispersable (3-term CD gives n(d)=1.85306 vs catalog 1.589129; not a Sellmeier fit) - archived, never evaluated",,2.4861499,0.014685059,4.1978777e-05,-0.0095684845,-0.00011216487,-1.885619e-06,HOYA-AGF-NZHAGEN-MIRROR,".agf CD coefficients; verify with catalog. term(s) 1,2,3 carry a non-positive B or C (permitted in multi-pole fits; the n(d) check is authoritative).",,,,,
HOYA-BACED5,"Non-dispersable (3-term CD gives n(d)=1.91004 vs catalog 1.658436; not a Sellmeier fit) - archived, never evaluated",,2.6934245,0.02049645,6.2709747e-05,-0.008637014,-9.3205453e-05,-2.0834652e-06,HOYA-AGF-NZHAGEN-MIRROR,".agf CD coefficients; verify with catalog. term(s) 1,2,3 carry a non-positive B or C (permitted in multi-pole fits; the n(d) check is authoritative).",,,,,
HOYA-BAF10,"Non-dispersable (3-term CD gives n(d)=1.91197 vs catalog 1.670028; not a Sellmeier fit) - archived, never evaluated",,2.7324621,0.018562334,-6.8388552e-05,-0.01249046,0.00099990536,4.9257931e-06,HOYA-AGF-NZHAGEN-MIRROR,".agf CD coefficients; verify with catalog. term(s) 1,3 carry a non-positive B or C (permitted in multi-pole fits; the n(d) check is authoritative).",,,,,
HOYA-BAF11,"Non-dispersable (3-term CD gives n(d)=1.90777 vs catalog 1.66672; not a Sellmeier fit) - archived, never evaluated",,2.7272955,0.014809271,-0.00019787663,-0.013470236,0.0019615335,1.0851117e-05,HOYA-AGF-NZHAGEN-MIRROR,".agf CD coefficients; verify with catalog. term(s) 1,3 carry a non-positive B or C (permitted in multi-pole fits; the n(d) check is authoritative).",,,,,
HOYA-BAFD7,"Non-dispersable (3-term CD gives n(d)=1.94134 vs catalog 1.701543; not a Sellmeier fit) - archived, never evaluated",,2.8217211,0.024345979,-2.2431497e-05,-0.0097265483,0.00078406305,4.6726029e-06,HOYA-AGF-NZHAGEN-MIRROR,".agf CD coefficients; verify with catalog. term(s) 1,3 carry a non-positive B or C (permitted in multi-pole fits; the n(d) check is authoritative).",,,,,
HOYA-BAFD8,"Non-dispersable (3-term CD gives n(d)=1.95814 vs catalog 1.723417; not a Sellmeier fit) - archived, never evaluated",,2.8863236,0.027654256,-3.6309109e-05,-0.009802724,0.00089006367,7.6181062e-06,HOYA-AGF-NZHAGEN-MIRROR,".agf CD coefficients; verify with catalog. term(s) 1,3 carry a non-positive B or C (permitted in multi-pole fits; the n(d) check is authoritative).",,,,,
HOYA-BSC7,"Non-dispersable (3-term CD gives n(d)=1.79527 vs catalog 1.516798; not a Sellmeier fit) - archived, never evaluated",,2.2702566,0.011609706,2.8558727e-05,-0.0091988101,-7.6123911e-05,-1.2566486e-06,HOYA-AGF-NZHAGEN-MIRROR,".agf CD coefficients; verify with catalog. term(s) 1,2,3 carry a non-positive B or C (permitted in multi-pole fits; the n(d) check is authoritative).",,,,,
HOYA-E-ADF10,"Non-dispersable (3-term CD gives n(d)=1.85940 vs catalog 1.6131; not a Sellmeier fit) - archived, never evaluated",,2.5528983,0.015647688,-0.00014458879,-0.015709364,0.0014461641,9.5275733e-06,HOYA-AGF-NZHAGEN-MIRROR,".agf CD coefficients; verify with catalog. term(s) 1,3 carry a non-positive B or C (permitted in multi-pole fits; the n(d) check is authoritative).",,,,,
HOYA-E-ADF50,"Non-dispersable (3-term CD gives n(d)=1.89576 vs catalog 1.65412; not a Sellmeier fit) - archived, never evaluated",,2.6680422,0.023930479,5.0697941e-05,-0.013184258,0.00023928655,9.1240958e-07,HOYA-AGF-NZHAGEN-MIRROR,.agf CD coefficients; verify with catalog. term(s) 1 carry a non-positive B or C (permitted in multi-pole fits; the n(d) check is authoritative).,,,,,
HOYA-E-BACD10,"Non-dispersable (3-term CD gives n(d)=1.87826 vs catalog 1.6228; not a Sellmeier fit) - archived, never evaluated",,2.5906326,0.014490916,-5.5303116e-05,-0.010608994,0.00067542247,3.0061364e-06,HOYA-AGF-NZHAGEN-MIRROR,".agf CD coefficients; verify with catalog. term(s) 1,3 carry a non-positive B or C (permitted in multi-pole fits; the n(d) check is authoritative).",,,,,
HOYA-E-BACED20,"Non-dispersable (3-term CD gives n(d)=1.90029 vs catalog 1.6485; not a Sellmeier fit) - archived, never evaluated",,2.6667537,0.017436284,-1.7144989e-05,-0.0097319259,0.00047558015,1.1049589e-06,HOYA-AGF-NZHAGEN-MIRROR,".agf CD coefficients; verify with catalog. term(s) 1,3 carry a non-positive B or C (permitted in multi-pole fits; the n(d) check is authoritative).",,,,,
HOYA-E-BAF8,"Non-dispersable (3-term CD gives n(d)=1.88193 vs catalog 1.62374; not a Sellmeier fit) - archived, never evaluated",,2.5801121,0.019728054,3.7632071e-05,-0.0079717945,0.00013876076,-7.4634717e-07,HOYA-AGF-NZHAGEN-MIRROR,".agf CD coefficients; verify with catalog. term(s) 1,3 carry a non-positive B or C (permitted in multi-pole fits; the n(d) check is authoritative).",,,,,
HOYA-E-C3,"Non-dispersable (3-term CD gives n(d)=1.79716 vs catalog 1.51823; not a Sellmeier fit) - archived, never evaluated",,2.2725452,0.011306843,-2.6903423e-05,-0.008410491,0.00037782297,1.5976489e-06,HOYA-AGF-NZHAGEN-MIRROR,".agf CD coefficients; verify with catalog. term(s) 1,3 carry a non-positive B or C (permitted in multi-pole fits; the n(d) check is authoritative).",,,,,
HOYA-E-CF6,"Non-dispersable (3-term CD gives n(d)=1.79417 vs catalog 1.51742; not a Sellmeier fit) - archived, never evaluated",,2.2668912,0.012174195,-3.3573414e-05,-0.0093866212,0.0005076903,2.9059013e-06,HOYA-AGF-NZHAGEN-MIRROR,".agf CD coefficients; verify with catalog. term(s) 1,3 carry a non-positive B or C (permitted in multi-pole fits; the n(d) check is authoritative).",,,,,
HOYA-E-F1,"Non-dispersable (3-term CD gives n(d)=1.87679 vs catalog 1.62588; not a Sellmeier fit) - archived, never evaluated",,2.5730565,0.023095784,-3.0730079e-05,-0.010203605,0.00087114252,6.9457986e-06,HOYA-AGF-NZHAGEN-MIRROR,".agf CD coefficients; verify with catalog. term(s) 1,3 carry a non-positive B or C (permitted in multi-pole fits; the n(d) check is authoritative).",,,,,
HOYA-E-F2,"Non-dispersable (3-term CD gives n(d)=1.87218 vs catalog 1.62004; not a Sellmeier fit) - archived, never evaluated",,2.5561822,0.022470348,-3.3087089e-05,-0.010237038,0.00084580679,7.1054919e-06,HOYA-AGF-NZHAGEN-MIRROR,".agf CD coefficients; verify with catalog. term(s) 1,3 carry a non-positive B or C (permitted in multi-pole fits; the n(d) check is authoritative).",,,,,
HOYA-E-F3,"Non-dispersable (3-term CD gives n(d)=1.86598 vs catalog 1.61293; not a Sellmeier fit) - archived, never evaluated",,2.5362697,0.021233821,-5.9984348e-05,-0.010610424,0.00099012105,8.2354366e-06,HOYA-AGF-NZHAGEN-MIRROR,".agf CD coefficients; verify with catalog. term(s) 1,3 carry a non-positive B or C (permitted in multi-pole fits; the n(d) check is authoritative).",,,,,
HOYA-E-F5,"Non-dispersable (3-term CD gives n(d)=1.85820 vs catalog 1.60342; not a Sellmeier fit) - archived, never evaluated",,2.5095673,0.019894774,-6.2697117e-05,-0.010862661,0.0010137134,7.5080045e-06,HOYA-AGF-NZHAGEN-MIRROR,".agf CD coefficients; verify with catalog. term(s) 1,3 carry a non-positive B or C (permitted in multi-pole fits; the n(d) check is authoritative).",,,,,
HOYA-E-F8,"Non-dispersable (3-term CD gives n(d)=1.85329 vs catalog 1.59551; not a Sellmeier fit) - archived, never evaluated",,2.4866561,0.019287417,-5.0937106e-05,-0.010188484,0.00088553737,6.4256956e-06,HOYA-AGF-NZHAGEN-MIRROR,".agf CD coefficients; verify with catalog. term(s) 1,3 carry a non-positive B or C (permitted in multi-pole fits; the n(d) check is authoritative).",,,,,
HOYA-E-FD1,"Non-dispersable (3-term CD gives n(d)=1.94294 vs catalog 1.71736; not a Sellmeier fit) - archived, never evaluated",,2.8508499,0.029415325,-0.00021232133,-0.01323461,0.0025542666,2.2261936e-05,HOYA-AGF-NZHAGEN-MIRROR,".agf CD coefficients; verify with catalog. term(s) 1,3 carry a non-positive B or C (permitted in multi-pole fits; the n(d) check is authoritative).",,,,,
HOYA-E-FD10,"Non-dispersable (3-term CD gives n(d)=1.95107 vs catalog 1.72825; not a Sellmeier fit) - archived, never evaluated",,2.881518,0.03145559,-0.00022577544,-0.013228312,0.0026851666,2.4693268e-05,HOYA-AGF-NZHAGEN-MIRROR,".agf CD coefficients; verify with catalog. term(s) 1,3 carry a non-positive B or C (permitted in multi-pole fits; the n(d) check is authoritative).",,,,,
HOYA-E-FD13,"Non-dispersable (3-term CD gives n(d)=1.96007 vs catalog 1.74077; not a Sellmeier fit) - archived, never evaluated",,2.9205906,0.03256776,-0.00024277107,-0.013681618,0.0028725519,2.6614514e-05,HOYA-AGF-NZHAGEN-MIRROR,".agf CD coefficients; verify with catalog. term(s) 1,3 carry a non-positive B or C (permitted in multi-pole fits; the n(d) check is authoritative).",,,,,
HOYA-E-FD15,"Non-dispersable (3-term CD gives n(d)=1.92994 vs catalog 1.69895; not a Sellmeier fit) - archived, never evaluated",,2.7919943,0.028802741,-0.00016932119,-0.012311206,0.0021430059,1.9741766e-05,HOYA-AGF-NZHAGEN-MIRROR,".agf CD coefficients; verify with catalog. term(s) 1,3 carry a non-positive B or C (permitted in multi-pole fits; the n(d) check is authoritative).",,,,,
HOYA-E-FD2,"Non-dispersable (3-term CD gives n(d)=1.89126 vs catalog 1.64769; not a Sellmeier fit) - archived, never evaluated",,2.6399644,0.023061733,-0.00013986059,-0.011645718,0.0017348219,1.391667e-05,HOYA-AGF-NZHAGEN-MIRROR,".agf CD coefficients; verify with catalog. term(s) 1,3 carry a non-positive B or C (permitted in multi-pole fits; the n(d) check is authoritative).",,,,,
HOYA-E-FD4,"Non-dispersable (3-term CD gives n(d)=1.97111 vs catalog 1.7552; not a Sellmeier fit) - archived, never evaluated",,2.9673173,0.03345668,-0.00026682435,-0.013989565,0.0030717804,2.8950241e-05,HOYA-AGF-NZHAGEN-MIRROR,".agf CD coefficients; verify with catalog. term(s) 1,3 carry a non-positive B or C (permitted in multi-pole fits; the n(d) check is authoritative).",,,,,
HOYA-E-FD5,"Non-dispersable (3-term CD gives n(d)=1.91124 vs catalog 1.6727; not a Sellmeier fit) - archived, never evaluated",,2.7135839,0.026133708,-0.00013307737,-0.011419719,0.0017576479,1.5203351e-05,HOYA-AGF-NZHAGEN-MIRROR,".agf CD coefficients; verify with catalog. term(s) 1,3 carry a non-positive B or C (permitted in multi-pole fits; the n(d) check is authoritative).",,,,,
HOYA-E-FD7,"Non-dispersable (3-term CD gives n(d)=1.88554 vs catalog 1.6398; not a Sellmeier fit) - archived, never evaluated",,2.6165865,0.022534361,-0.00011769852,-0.011427854,0.001551289,1.2401891e-05,HOYA-AGF-NZHAGEN-MIRROR,".agf CD coefficients; verify with catalog. term(s) 1,3 carry a non-positive B or C (permitted in multi-pole fits; the n(d) check is authoritative).",,,,,
HOYA-E-FD8,"Non-dispersable (3-term CD gives n(d)=1.92427 vs catalog 1.68893; not a Sellmeier fit) - archived, never evaluated",,2.7617586,0.028221737,-0.00012127053,-0.011254039,0.0017540315,1.5522384e-05,HOYA-AGF-NZHAGEN-MIRROR,".agf CD coefficients; verify with catalog. term(s) 1,3 carry a non-positive B or C (permitted in multi-pole fits; the n(d) check is authoritative).",,,,,
HOYA-E-FDS1,"Non-dispersable (3-term CD gives n(d)=2.08897 vs catalog 1.92286; not a Sellmeier fit) - archived, never evaluated",,3.5044639,0.0538027,-0.00056922176,-0.020333833,0.0062874192,7.3559387e-05,HOYA-AGF-NZHAGEN-MIRROR,".agf CD coefficients; verify with catalog. term(s) 1,3 carry a non-positive B or C (permitted in multi-pole fits; the n(d) check is authoritative).",,,,,
HOYA-E-FDS2,"Non-dispersable (3-term CD gives n(d)=2.15896 vs catalog 2.002723; not a Sellmeier fit) - archived, never evaluated",,3.7672603,0.069849634,-0.00050812539,-0.017001227,0.0063862892,8.4455529e-05,HOYA-AGF-NZHAGEN-MIRROR,".agf CD coefficients; verify with catalog. term(s) 1,3 carry a non-positive B or C (permitted in multi-pole fits; the n(d) check is authoritative).",,,,,
HOYA-E-FEL1,"Non-dispersable (3-term CD gives n(d)=1.81635 vs catalog 1.54814; not a Sellmeier fit) - archived, never evaluated",,2.3534484,0.014097325,-6.998197e-05,-0.010330438,0.00087167875,5.7867359e-06,HOYA-AGF-NZHAGEN-MIRROR,".agf CD coefficients; verify with catalog. term(s) 1,3 carry a non-positive B or C (permitted in multi-pole fits; the n(d) check is authoritative).",,,,,
HOYA-E-FEL2,"Non-dispersable (3-term CD gives n(d)=1.81165 vs catalog 1.54072; not a Sellmeier fit) - archived, never evaluated",,2.3317983,0.014032761,-4.0813761e-05,-0.0097042192,0.00064822896,3.9064873e-06,HOYA-AGF-NZHAGEN-MIRROR,".agf CD coefficients; verify with catalog. term(s) 1,3 carry a non-positive B or C (permitted in multi-pole fits; the n(d) check is authoritative).",,,,,
HOYA-E-FEL6,"Non-dispersable (3-term CD gives n(d)=1.80472 vs catalog 1.53172; not a Sellmeier fit) - archived, never evaluated",,2.3068946,0.01309702,-4.2328222e-05,-0.0096888755,0.00065013927,3.5888777e-06,HOYA-AGF-NZHAGEN-MIRROR,".agf CD coefficients; verify with catalog. term(s) 1,3 carry a non-positive B or C (permitted in multi-pole fits; the n(d) check is authoritative).",,,,,
HOYA-E-FL5,"Non-dispersable (3-term CD gives n(d)=1.84248 vs catalog 1.58144; not a Sellmeier fit) - archived, never evaluated",,2.4465754,0.017759132,-5.7014929e-05,-0.010107041,0.00087970259,6.0924663e-06,HOYA-AGF-NZHAGEN-MIRROR,".agf CD coefficients; verify with catalog. term(s) 1,3 carry a non-positive B or C (permitted in multi-pole fits; the n(d) check is authoritative).",,,,,
HOYA-E-FL6,"Non-dispersable (3-term CD gives n(d)=1.82986 vs catalog 1.56732; not a Sellmeier fit) - archived, never evaluated",,2.4079653,0.015704715,-7.9934653e-05,-0.011135638,0.00099186507,7.0985473e-06,HOYA-AGF-NZHAGEN-MIRROR,".agf CD coefficients; verify with catalog. term(s) 1,3 carry a non-positive B or C (permitted in multi-pole fits; the n(d) check is authoritative).",,,,,
HOYA-E-LAF7,"Non-dispersable (3-term CD gives n(d)=1.97198 vs catalog 1.7495; not a Sellmeier fit) - archived, never evaluated",,2.9704178,0.028359006,-0.00012453482,-0.013290679,0.0017661786,1.3951937e-05,HOYA-AGF-NZHAGEN-MIRROR,".agf CD coefficients; verify with catalog. term(s) 1,3 carry a non-positive B or C (permitted in multi-pole fits; the n(d) check is authoritative).",,,,,
HOYA-FC5,"Non-dispersable (3-term CD gives n(d)=1.77115 vs catalog 1.487489; not a Sellmeier fit) - archived, never evaluated",,2.1894054,0.008640337,-1.2291942e-05,-0.0099044908,0.00022263067,5.9386349e-07,HOYA-AGF-NZHAGEN-MIRROR,".agf CD coefficients; verify with catalog. term(s) 1,3 carry a non-positive B or C (permitted in multi-pole fits; the n(d) check is authoritative).",,,,,
HOYA-FCD1,"Non-dispersable (3-term CD gives n(d)=1.78601 vs catalog 1.496997; not a Sellmeier fit) - archived, never evaluated",,2.2181132,0.0083470679,8.5142186e-06,-0.005799427,6.5046523e-05,-5.8852269e-07,HOYA-AGF-NZHAGEN-MIRROR,".agf CD coefficients; verify with catalog. term(s) 1,3 carry a non-positive B or C (permitted in multi-pole fits; the n(d) check is authoritative).",,,,,
HOYA-FCD10,"Non-dispersable (3-term CD gives n(d)=1.75488 vs catalog 1.4565; not a Sellmeier fit) - archived, never evaluated",,2.103249,0.0065323077,-6.3652072e-06,-0.0050247988,0.00013078405,1.9254745e-07,HOYA-AGF-NZHAGEN-MIRROR,".agf CD coefficients; verify with catalog. term(s) 1,3 carry a non-positive B or C (permitted in multi-pole fits; the n(d) check is authoritative).",,,,,
HOYA-FCD100,"Non-dispersable (3-term CD gives n(d)=1.74043 vs catalog 1.437001; not a Sellmeier fit) - archived, never evaluated",,2.0482157,0.0061826755,3.5370793e-06,-0.0043211222,3.141148e-05,-1.6694497e-07,HOYA-AGF-NZHAGEN-MIRROR,".agf CD coefficients; verify with catalog. term(s) 1,3 carry a non-positive B or C (permitted in multi-pole fits; the n(d) check is authoritative).",,,,,
HOYA-FCD10A,"Non-dispersable (3-term CD gives n(d)=1.75713 vs catalog 1.458597; not a Sellmeier fit) - archived, never evaluated",,2.1085888,0.006954748,5.2670946e-06,-0.0046553722,3.2184141e-05,-2.7164844e-07,HOYA-AGF-NZHAGEN-MIRROR,".agf CD coefficients; verify with catalog. term(s) 1,3 carry a non-positive B or C (permitted in multi-pole fits; the n(d) check is authoritative).",,,,,
HOYA-FCD505,"Non-dispersable (3-term CD gives n(d)=1.86096 vs catalog 1.592824; not a Sellmeier fit) - archived, never evaluated",,2.502355,0.012012743,-2.4729676e-05,-0.0072080042,0.00034920842,1.3801567e-06,HOYA-AGF-NZHAGEN-MIRROR,".agf CD coefficients; verify with catalog. term(s) 1,3 carry a non-positive B or C (permitted in multi-pole fits; the n(d) check is authoritative).",,,,,
HOYA-FD110,"Non-dispersable (3-term CD gives n(d)=1.99637 vs catalog 1.784719; not a Sellmeier fit) - archived, never evaluated",,3.0534415,0.040609369,-7.8086606e-05,-0.01275181,0.0022706109,1.9874026e-05,HOYA-AGF-NZHAGEN-MIRROR,".agf CD coefficients; verify with catalog. term(s) 1,3 carry a non-positive B or C (permitted in multi-pole fits; the n(d) check is authoritative).",,,,,
HOYA-FD140,"Non-dispersable (3-term CD gives n(d)=1.97548 vs catalog 1.761818; not a Sellmeier fit) - archived, never evaluated",,2.9851294,0.035496437,-0.00019006799,-0.014237988,0.0028457557,2.4309252e-05,HOYA-AGF-NZHAGEN-MIRROR,".agf CD coefficients; verify with catalog. term(s) 1,3 carry a non-positive B or C (permitted in multi-pole fits; the n(d) check is authoritative).",,,,,
HOYA-FD60,"Non-dispersable (3-term CD gives n(d)=2.01514 vs catalog 1.805181; not a Sellmeier fit) - archived, never evaluated",,3.1171483,0.044864975,2.5716854e-05,-0.011616277,0.0016588491,1.4757657e-05,HOYA-AGF-NZHAGEN-MIRROR,.agf CD coefficients; verify with catalog. term(s) 1 carry a non-positive B or C (permitted in multi-pole fits; the n(d) check is authoritative).,,,,,
HOYA-FDS18,"Non-dispersable (3-term CD gives n(d)=2.09241 vs catalog 1.945945; not a Sellmeier fit) - archived, never evaluated",,3.563784,0.058401659,-0.00095499727,-0.025449644,0.0092310983,0.00011777456,HOYA-AGF-NZHAGEN-MIRROR,".agf CD coefficients; verify with catalog. term(s) 1,3 carry a non-positive B or C (permitted in multi-pole fits; the n(d) check is authoritative).",,,,,
HOYA-FDS90,"Non-dispersable (3-term CD gives n(d)=2.03518 vs catalog 1.846663; not a Sellmeier fit) - archived, never evaluated",,3.2606321,0.040902938,-0.00056434039,-0.017780398,0.0056076934,5.4763391e-05,HOYA-AGF-NZHAGEN-MIRROR,".agf CD coefficients; verify with catalog. term(s) 1,3 carry a non-positive B or C (permitted in multi-pole fits; the n(d) check is authoritative).",,,,,
HOYA-FF5,"Non-dispersable (3-term CD gives n(d)=1.84865 vs catalog 1.592703; not a Sellmeier fit) - archived, never evaluated",,2.4743324,0.019293801,-0.00011038744,-0.010955338,0.0014497732,1.1136008e-05,HOYA-AGF-NZHAGEN-MIRROR,".agf CD coefficients; verify with catalog. term(s) 1,3 carry a non-positive B or C (permitted in multi-pole fits; the n(d) check is authoritative).",,,,,
HOYA-FF8,"Non-dispersable (3-term CD gives n(d)=1.95606 vs catalog 1.75211; not a Sellmeier fit) - archived, never evaluated",,2.9564361,0.029878823,-0.00054202389,-0.019762195,0.0051830852,4.8463245e-05,HOYA-AGF-NZHAGEN-MIRROR,".agf CD coefficients; verify with catalog. term(s) 1,3 carry a non-positive B or C (permitted in multi-pole fits; the n(d) check is authoritative).",,,,,
HOYA-LAC10,"Non-dispersable (3-term CD gives n(d)=1.95511 vs catalog 1.719998; not a Sellmeier fit) - archived, never evaluated",,2.8951998,0.022126485,-7.9808302e-06,-0.011701218,0.00038494791,1.5035116e-06,HOYA-AGF-NZHAGEN-MIRROR,".agf CD coefficients; verify with catalog. term(s) 1,3 carry a non-positive B or C (permitted in multi-pole fits; the n(d) check is authoritative).",,,,,
HOYA-LAC12,"Non-dispersable (3-term CD gives n(d)=1.92247 vs catalog 1.677902; not a Sellmeier fit) - archived, never evaluated",,2.7634844,0.018246442,-1.7788655e-05,-0.011068339,0.00037697356,1.5314262e-06,HOYA-AGF-NZHAGEN-MIRROR,".agf CD coefficients; verify with catalog. term(s) 1,3 carry a non-positive B or C (permitted in multi-pole fits; the n(d) check is authoritative).",,,,,
HOYA-LAC13,"Non-dispersable (3-term CD gives n(d)=1.93161 vs catalog 1.693504; not a Sellmeier fit) - archived, never evaluated",,2.8125316,0.019960339,1.7647061e-05,-0.012915271,0.00019877888,-4.4767632e-07,HOYA-AGF-NZHAGEN-MIRROR,".agf CD coefficients; verify with catalog. term(s) 1,3 carry a non-positive B or C (permitted in multi-pole fits; the n(d) check is authoritative).",,,,,
HOYA-LAC14,"Non-dispersable (3-term CD gives n(d)=1.93340 vs catalog 1.696802; not a Sellmeier fit) - archived, never evaluated",,2.8255229,0.019791402,4.0761368e-05,-0.013632902,1.5032564e-05,-1.7527267e-06,HOYA-AGF-NZHAGEN-MIRROR,".agf CD coefficients; verify with catalog. term(s) 1,3 carry a non-positive B or C (permitted in multi-pole fits; the n(d) check is authoritative).",,,,,
HOYA-LAC7,"Non-dispersable (3-term CD gives n(d)=1.89542 vs catalog 1.651599; not a Sellmeier fit) - archived, never evaluated",,2.6876223,0.012545954,-0.00016982461,-0.014375187,0.0014642295,8.8048639e-06,HOYA-AGF-NZHAGEN-MIRROR,".agf CD coefficients; verify with catalog. term(s) 1,3 carry a non-positive B or C (permitted in multi-pole fits; the n(d) check is authoritative).",,,,,
HOYA-LAC8,"Non-dispersable (3-term CD gives n(d)=1.94610 vs catalog 1.713; not a Sellmeier fit) - archived, never evaluated",,2.8778537,0.020301185,5.905983e-06,-0.013832906,0.00027759871,1.7747647e-07,HOYA-AGF-NZHAGEN-MIRROR,.agf CD coefficients; verify with catalog. term(s) 1 carry a non-positive B or C (permitted in multi-pole fits; the n(d) check is authoritative).,,,,,
HOYA-LAC9,"Non-dispersable (3-term CD gives n(d)=1.92747 vs catalog 1.690996; not a Sellmeier fit) - archived, never evaluated",,2.8081523,0.017693707,-7.4886174e-05,-0.014167885,0.00076788759,4.7044756e-06,HOYA-AGF-NZHAGEN-MIRROR,".agf CD coefficients; verify with catalog. term(s) 1,3 carry a non-positive B or C (permitted in multi-pole fits; the n(d) check is authoritative).",,,,,
HOYA-LACL60,"Non-dispersable (3-term CD gives n(d)=1.88657 vs catalog 1.64; not a Sellmeier fit) - archived, never evaluated",,2.6490884,0.014451135,-4.3447523e-05,-0.014159869,0.00052707873,2.4612971e-06,HOYA-AGF-NZHAGEN-MIRROR,".agf CD coefficients; verify with catalog. term(s) 1,3 carry a non-positive B or C (permitted in multi-pole fits; the n(d) check is authoritative).",,,,,
HOYA-LAF2,"Non-dispersable (3-term CD gives n(d)=1.97766 vs catalog 1.744001; not a Sellmeier fit) - archived, never evaluated",,2.9657374,0.026024525,2.8205551e-05,-0.0096571624,0.00036684641,-1.3739929e-07,HOYA-AGF-NZHAGEN-MIRROR,".agf CD coefficients; verify with catalog. term(s) 1,3 carry a non-positive B or C (permitted in multi-pole fits; the n(d) check is authoritative).",,,,,
HOYA-LAF3,"Non-dispersable (3-term CD gives n(d)=1.95767 vs catalog 1.717; not a Sellmeier fit) - archived, never evaluated",,2.8789799,0.024425656,4.2802928e-05,-0.008729237,4.5491773e-05,-7.2834306e-07,HOYA-AGF-NZHAGEN-MIRROR,".agf CD coefficients; verify with catalog. term(s) 1,3 carry a non-positive B or C (permitted in multi-pole fits; the n(d) check is authoritative).",,,,,
HOYA-LBC3N,"Non-dispersable (3-term CD gives n(d)=1.87237 vs catalog 1.60625; not a Sellmeier fit) - archived, never evaluated",,2.5388484,0.015111456,4.8340116e-05,-0.0066855865,-0.00015247241,-2.4061785e-06,HOYA-AGF-NZHAGEN-MIRROR,".agf CD coefficients; verify with catalog. term(s) 1,2,3 carry a non-positive B or C (permitted in multi-pole fits; the n(d) check is authoritative).",,,,,
HOYA-M-BACD12,"Non-dispersable (3-term CD gives n(d)=1.84616 vs catalog 1.58313; not a Sellmeier fit) - archived, never evaluated",,2.468781,0.01325184,-2.974799e-05,-0.01062639,0.0004048612,1.825884e-06,HOYA-AGF-NZHAGEN-MIRROR,".agf CD coefficients; verify with catalog. term(s) 1,3 carry a non-positive B or C (permitted in multi-pole fits; the n(d) check is authoritative).",,,,,
HOYA-M-BACD15,"Non-dispersable (3-term CD gives n(d)=1.87482 vs catalog 1.622625; not a Sellmeier fit) - archived, never evaluated",,2.590919,0.01520205,-1.131547e-05,-0.01259476,0.000299998,9.15464e-07,HOYA-AGF-NZHAGEN-MIRROR,".agf CD coefficients; verify with catalog. term(s) 1,3 carry a non-positive B or C (permitted in multi-pole fits; the n(d) check is authoritative).",,,,,
HOYA-M-BACD5N,"Non-dispersable (3-term CD gives n(d)=1.84856 vs catalog 1.58913; not a Sellmeier fit) - archived, never evaluated",,2.48951,0.01294262,-1.777228e-05,-0.01224496,0.0003490449,9.113719e-07,HOYA-AGF-NZHAGEN-MIRROR,".agf CD coefficients; verify with catalog. term(s) 1,3 carry a non-positive B or C (permitted in multi-pole fits; the n(d) check is authoritative).",,,,,
HOYA-MC-BACD12,"Non-dispersable (3-term CD gives n(d)=1.84616 vs catalog 1.58313; not a Sellmeier fit) - archived, never evaluated",,2.468781,0.01325184,-2.974799e-05,-0.01062639,0.0004048612,1.825884e-06,HOYA-AGF-NZHAGEN-MIRROR,".agf CD coefficients; verify with catalog. term(s) 1,3 carry a non-positive B or C (permitted in multi-pole fits; the n(d) check is authoritative).",,,,,
HOYA-MC-BACD5N,"Non-dispersable (3-term CD gives n(d)=1.84856 vs catalog 1.58913; not a Sellmeier fit) - archived, never evaluated",,2.48951,0.01294262,-1.777228e-05,-0.01224496,0.0003490449,9.113719e-07,HOYA-AGF-NZHAGEN-MIRROR,".agf CD coefficients; verify with catalog. term(s) 1,3 carry a non-positive B or C (permitted in multi-pole fits; the n(d) check is authoritative).",,,,,
HOYA-MC-FCD1-M20,"Non-dispersable (3-term CD gives n(d)=1.78326 vs catalog 1.496899; not a Sellmeier fit) - archived, never evaluated",,2.2209418,0.0062463392,-8.2274254e-05,-0.0074830372,0.00071157759,4.0430546e-06,HOYA-AGF-NZHAGEN-MIRROR,".agf CD coefficients; verify with catalog. term(s) 1,3 carry a non-positive B or C (permitted in multi-pole fits; the n(d) check is authoritative).",,,,,
HOYA-MC-FDS2,"Non-dispersable (3-term CD gives n(d)=2.15068 vs catalog 2.001784; not a Sellmeier fit) - archived, never evaluated",,3.771581,0.063942579,-0.00082031984,-0.020445364,0.008354547,0.00010279507,HOYA-AGF-NZHAGEN-MIRROR,".agf CD coefficients; verify with catalog. term(s) 1,3 carry a non-positive B or C (permitted in multi-pole fits; the n(d) check is authoritative).",,,,,
HOYA-MC-FDS910-50,"Non-dispersable (3-term CD gives n(d)=2.02438 vs catalog 1.821654; not a Sellmeier fit) - archived, never evaluated",,3.1667902,0.047178656,-5.3672387e-05,-0.013141416,0.0022684284,2.5328422e-05,HOYA-AGF-NZHAGEN-MIRROR,".agf CD coefficients; verify with catalog. term(s) 1,3 carry a non-positive B or C (permitted in multi-pole fits; the n(d) check is authoritative).",,,,,
HOYA-MC-LAC130,"Non-dispersable (3-term CD gives n(d)=1.93085 vs catalog 1.6935; not a Sellmeier fit) - archived, never evaluated",,2.813412,0.01927865,-9.940432e-06,-0.01332448,0.0004124452,9.622024e-07,HOYA-AGF-NZHAGEN-MIRROR,".agf CD coefficients; verify with catalog. term(s) 1,3 carry a non-positive B or C (permitted in multi-pole fits; the n(d) check is authoritative).",,,,,
HOYA-MC-NBF1,"Non-dispersable (3-term CD gives n(d)=1.96944 vs catalog 1.7433; not a Sellmeier fit) - archived, never evaluated",,2.975245,0.02140074,-6.97953e-05,-0.01425016,0.0009755337,4.114924e-06,HOYA-AGF-NZHAGEN-MIRROR,".agf CD coefficients; verify with catalog. term(s) 1,3 carry a non-positive B or C (permitted in multi-pole fits; the n(d) check is authoritative).",,,,,
HOYA-MC-NBFD135,"Non-dispersable (3-term CD gives n(d)=2.01969 vs catalog 1.808339; not a Sellmeier fit) - archived, never evaluated",,3.1819698,0.028987649,-5.2916688e-05,-0.014926522,0.0012223654,4.7807227e-06,HOYA-AGF-NZHAGEN-MIRROR,".agf CD coefficients; verify with catalog. term(s) 1,3 carry a non-positive B or C (permitted in multi-pole fits; the n(d) check is authoritative).",,,,,
HOYA-MC-PCD51-70,"Non-dispersable (3-term CD gives n(d)=1.85535 vs catalog 1.592707; not a Sellmeier fit) - archived, never evaluated",,2.5025436,0.012433636,-5.5793977e-06,-0.010321437,0.00021866535,3.0188383e-07,HOYA-AGF-NZHAGEN-MIRROR,".agf CD coefficients; verify with catalog. term(s) 1,3 carry a non-positive B or C (permitted in multi-pole fits; the n(d) check is authoritative).",,,,,
HOYA-MC-TAF1,"Non-dispersable (3-term CD gives n(d)=2.24298 vs catalog 1.772501; not a Sellmeier fit) - archived, never evaluated",,2.9198425,0.1136749,0.0036663631,0.088185026,-0.025336838,-0.0002033935,HOYA-AGF-NZHAGEN-MIRROR,".agf CD coefficients; verify with catalog. term(s) 2,3 carry a non-positive B or C (permitted in multi-pole fits; the n(d) check is authoritative).",,,,,
HOYA-MC-TAF101-100,"Non-dispersable (3-term CD gives n(d)=1.99194 vs catalog 1.769015; not a Sellmeier fit) - archived, never evaluated",,3.0591566,0.024624272,2.5361908e-06,-0.013604717,0.00041834242,7.998082e-07,HOYA-AGF-NZHAGEN-MIRROR,.agf CD coefficients; verify with catalog. term(s) 1 carry a non-positive B or C (permitted in multi-pole fits; the n(d) check is authoritative).,,,,,
HOYA-MC-TAF401,"Non-dispersable (3-term CD gives n(d)=1.99528 vs catalog 1.773766; not a Sellmeier fit) - archived, never evaluated",,3.07279,0.02527346,-1.147045e-05,-0.01366385,0.000612182,1.543e-06,HOYA-AGF-NZHAGEN-MIRROR,".agf CD coefficients; verify with catalog. term(s) 1,3 carry a non-positive B or C (permitted in multi-pole fits; the n(d) check is authoritative).",,,,,
HOYA-MC-TAFD305,"Non-dispersable (3-term CD gives n(d)=2.05817 vs catalog 1.851348; not a Sellmeier fit) - archived, never evaluated",,3.327184,0.033398,-2.136908e-05,-0.01343242,0.001006047,3.972561e-06,HOYA-AGF-NZHAGEN-MIRROR,".agf CD coefficients; verify with catalog. term(s) 1,3 carry a non-positive B or C (permitted in multi-pole fits; the n(d) check is authoritative).",,,,,
HOYA-MC-TAFD307,"Non-dispersable (3-term CD gives n(d)=2.08180 vs catalog 1.882023; not a Sellmeier fit) - archived, never evaluated",,3.4286062,0.037363009,-1.5979979e-05,-0.013845333,0.0011894554,5.1827398e-06,HOYA-AGF-NZHAGEN-MIRROR,".agf CD coefficients; verify with catalog. term(s) 1,3 carry a non-positive B or C (permitted in multi-pole fits; the n(d) check is authoritative).",,,,,
HOYA-MC-TAFD51-50,"Non-dispersable (3-term CD gives n(d)=2.03204 vs catalog 1.821299; not a Sellmeier fit) - archived, never evaluated",,3.2288052,0.029863488,-1.0943492e-05,-0.014433046,0.00082119282,2.5804939e-06,HOYA-AGF-NZHAGEN-MIRROR,".agf CD coefficients; verify with catalog. term(s) 1,3 carry a non-positive B or C (permitted in multi-pole fits; the n(d) check is authoritative).",,,,,
HOYA-M-FCD1,"Non-dispersable (3-term CD gives n(d)=1.78551 vs catalog 1.497103; not a Sellmeier fit) - archived, never evaluated",,2.2189068,0.0080887631,1.9476186e-07,-0.0061707065,0.00013357782,-2.2577804e-07,HOYA-AGF-NZHAGEN-MIRROR,".agf CD coefficients; verify with catalog. term(s) 1,3 carry a non-positive B or C (permitted in multi-pole fits; the n(d) check is authoritative).",,,,,
HOYA-M-FCD500,"Non-dispersable (3-term CD gives n(d)=1.82787 vs catalog 1.553319; not a Sellmeier fit) - archived, never evaluated",,2.3841554,0.0097130883,-4.7303224e-05,-0.0078084423,0.00049959889,2.3205441e-06,HOYA-AGF-NZHAGEN-MIRROR,".agf CD coefficients; verify with catalog. term(s) 1,3 carry a non-positive B or C (permitted in multi-pole fits; the n(d) check is authoritative).",,,,,
HOYA-M-FD80,"Non-dispersable (3-term CD gives n(d)=1.92422 vs catalog 1.68893; not a Sellmeier fit) - archived, never evaluated",,2.761638,0.02865346,-8.743577e-05,-0.01132633,0.001529038,1.496579e-05,HOYA-AGF-NZHAGEN-MIRROR,".agf CD coefficients; verify with catalog. term(s) 1,3 carry a non-positive B or C (permitted in multi-pole fits; the n(d) check is authoritative).",,,,,
HOYA-M-FDS1,"Non-dispersable (3-term CD gives n(d)=2.09601 vs catalog 1.92286; not a Sellmeier fit) - archived, never evaluated",,3.4984224,0.057567078,-0.0003996631,-0.0168954204,0.0051693668,6.2368582e-05,HOYA-AGF-NZHAGEN-MIRROR,".agf CD coefficients; verify with catalog. term(s) 1,3 carry a non-positive B or C (permitted in multi-pole fits; the n(d) check is authoritative).",,,,,
HOYA-M-FDS2,"Non-dispersable (3-term CD gives n(d)=2.15068 vs catalog 2.001784; not a Sellmeier fit) - archived, never evaluated",,3.771581,0.063942579,-0.00082031984,-0.020445364,0.008354547,0.00010279507,HOYA-AGF-NZHAGEN-MIRROR,".agf CD coefficients; verify with catalog. term(s) 1,3 carry a non-positive B or C (permitted in multi-pole fits; the n(d) check is authoritative).",,,,,
HOYA-M-FDS910,"Non-dispersable (3-term CD gives n(d)=2.02328 vs catalog 1.821145; not a Sellmeier fit) - archived, never evaluated",,3.165987,0.04649918,-8.659596e-05,-0.01349196,0.002471413,2.725927e-05,HOYA-AGF-NZHAGEN-MIRROR,".agf CD coefficients; verify with catalog. term(s) 1,3 carry a non-positive B or C (permitted in multi-pole fits; the n(d) check is authoritative).",,,,,
HOYA-M-LAC130,"Non-dispersable (3-term CD gives n(d)=1.93085 vs catalog 1.6935; not a Sellmeier fit) - archived, never evaluated",,2.813412,0.01927865,-9.940432e-06,-0.01332448,0.0004124452,9.622024e-07,HOYA-AGF-NZHAGEN-MIRROR,".agf CD coefficients; verify with catalog. term(s) 1,3 carry a non-positive B or C (permitted in multi-pole fits; the n(d) check is authoritative).",,,,,
HOYA-M-LAC14,"Non-dispersable (3-term CD gives n(d)=1.93132 vs catalog 1.696799; not a Sellmeier fit) - archived, never evaluated",,2.8278386,0.018211733,-2.5486886e-05,-0.014773939,0.00049311964,1.6795487e-06,HOYA-AGF-NZHAGEN-MIRROR,".agf CD coefficients; verify with catalog. term(s) 1,3 carry a non-positive B or C (permitted in multi-pole fits; the n(d) check is authoritative).",,,,,
HOYA-M-LAC8,"Non-dispersable (3-term CD gives n(d)=1.94263 vs catalog 1.713001; not a Sellmeier fit) - archived, never evaluated",,2.8817481,0.017690493,-9.909308e-05,-0.015730804,0.001052669,5.5248378e-06,HOYA-AGF-NZHAGEN-MIRROR,".agf CD coefficients; verify with catalog. term(s) 1,3 carry a non-positive B or C (permitted in multi-pole fits; the n(d) check is authoritative).",,,,,
HOYA-M-LAF81,"Non-dispersable (3-term CD gives n(d)=1.96021 vs catalog 1.730766; not a Sellmeier fit) - archived, never evaluated",,2.9167886,0.026675237,4.6956175e-06,-0.012398199,0.00065190504,2.691054e-06,HOYA-AGF-NZHAGEN-MIRROR,.agf CD coefficients; verify with catalog. term(s) 1 carry a non-positive B or C (permitted in multi-pole fits; the n(d) check is authoritative).,,,,,
HOYA-M-NBF1,"Non-dispersable (3-term CD gives n(d)=1.96944 vs catalog 1.7433; not a Sellmeier fit) - archived, never evaluated",,2.975245,0.02140074,-6.97953e-05,-0.01425016,0.0009755337,4.114924e-06,HOYA-AGF-NZHAGEN-MIRROR,".agf CD coefficients; verify with catalog. term(s) 1,3 carry a non-positive B or C (permitted in multi-pole fits; the n(d) check is authoritative).",,,,,
HOYA-M-NBFD10,"Non-dispersable (3-term CD gives n(d)=2.03811 vs catalog 1.83441; not a Sellmeier fit) - archived, never evaluated",,3.264623,0.03225894,-0.0001081957,-0.01581977,0.001709312,1.058323e-05,HOYA-AGF-NZHAGEN-MIRROR,".agf CD coefficients; verify with catalog. term(s) 1,3 carry a non-positive B or C (permitted in multi-pole fits; the n(d) check is authoritative).",,,,,
HOYA-M-NBFD130,"Non-dispersable (3-term CD gives n(d)=2.01764 vs catalog 1.8061; not a Sellmeier fit) - archived, never evaluated",,3.173794,0.02906741,-5.355158e-05,-0.01498658,0.001204829,5.27135e-06,HOYA-AGF-NZHAGEN-MIRROR,".agf CD coefficients; verify with catalog. term(s) 1,3 carry a non-positive B or C (permitted in multi-pole fits; the n(d) check is authoritative).",,,,,
HOYA-MP-BACD12,"Non-dispersable (3-term CD gives n(d)=1.84616 vs catalog 1.58313; not a Sellmeier fit) - archived, never evaluated",,2.468781,0.01325184,-2.974799e-05,-0.01062639,0.0004048612,1.825884e-06,HOYA-AGF-NZHAGEN-MIRROR,".agf CD coefficients; verify with catalog. term(s) 1,3 carry a non-positive B or C (permitted in multi-pole fits; the n(d) check is authoritative).",,,,,
HOYA-MP-BACD15,"Non-dispersable (3-term CD gives n(d)=1.87482 vs catalog 1.622625; not a Sellmeier fit) - archived, never evaluated",,2.590919,0.01520205,-1.131547e-05,-0.01259476,0.000299998,9.15464e-07,HOYA-AGF-NZHAGEN-MIRROR,".agf CD coefficients; verify with catalog. term(s) 1,3 carry a non-positive B or C (permitted in multi-pole fits; the n(d) check is authoritative).",,,,,
HOYA-MP-BACD5N,"Non-dispersable (3-term CD gives n(d)=1.84856 vs catalog 1.58913; not a Sellmeier fit) - archived, never evaluated",,2.48951,0.01294262,-1.777228e-05,-0.01224496,0.0003490449,9.113719e-07,HOYA-AGF-NZHAGEN-MIRROR,".agf CD coefficients; verify with catalog. term(s) 1,3 carry a non-positive B or C (permitted in multi-pole fits; the n(d) check is authoritative).",,,,,
HOYA-M-PCD4,"Non-dispersable (3-term CD gives n(d)=1.87704 vs catalog 1.618806; not a Sellmeier fit) - archived, never evaluated",,2.582335,0.01329184,-3.327132e-05,-0.009952039,0.0004550621,1.730172e-06,HOYA-AGF-NZHAGEN-MIRROR,".agf CD coefficients; verify with catalog. term(s) 1,3 carry a non-positive B or C (permitted in multi-pole fits; the n(d) check is authoritative).",,,,,
HOYA-M-PCD51,"Non-dispersable (3-term CD gives n(d)=1.85350 vs catalog 1.592014; not a Sellmeier fit) - archived, never evaluated",,2.502026,0.0112772,-5.587455e-05,-0.01108292,0.0005715408,2.905292e-06,HOYA-AGF-NZHAGEN-MIRROR,".agf CD coefficients; verify with catalog. term(s) 1,3 carry a non-positive B or C (permitted in multi-pole fits; the n(d) check is authoritative).",,,,,
HOYA-MP-FCD1-M20,"Non-dispersable (3-term CD gives n(d)=1.78326 vs catalog 1.496899; not a Sellmeier fit) - archived, never evaluated",,2.2209418,0.0062463392,-8.2274254e-05,-0.0074830372,0.00071157759,4.0430546e-06,HOYA-AGF-NZHAGEN-MIRROR,".agf CD coefficients; verify with catalog. term(s) 1,3 carry a non-positive B or C (permitted in multi-pole fits; the n(d) check is authoritative).",,,,,
HOYA-MP-FCD500-20,"Non-dispersable (3-term CD gives n(d)=1.82785 vs catalog 1.553517; not a Sellmeier fit) - archived, never evaluated",,2.3850427,0.0094886852,-6.0011677e-05,-0.007914269,0.00057980093,3.0355422e-06,HOYA-AGF-NZHAGEN-MIRROR,".agf CD coefficients; verify with catalog. term(s) 1,3 carry a non-positive B or C (permitted in multi-pole fits; the n(d) check is authoritative).",,,,,
HOYA-MP-FD80,"Non-dispersable (3-term CD gives n(d)=1.92422 vs catalog 1.68893; not a Sellmeier fit) - archived, never evaluated",,2.761638,0.02865346,-8.743577e-05,-0.01132633,0.001529038,1.496579e-05,HOYA-AGF-NZHAGEN-MIRROR,".agf CD coefficients; verify with catalog. term(s) 1,3 carry a non-positive B or C (permitted in multi-pole fits; the n(d) check is authoritative).",,,,,
HOYA-MP-FDS1,"Non-dispersable (3-term CD gives n(d)=2.09601 vs catalog 1.92286; not a Sellmeier fit) - archived, never evaluated",,3.4984224,0.057567078,-0.0003996631,-0.0168954204,0.0051693668,6.2368582e-05,HOYA-AGF-NZHAGEN-MIRROR,".agf CD coefficients; verify with catalog. term(s) 1,3 carry a non-positive B or C (permitted in multi-pole fits; the n(d) check is authoritative).",,,,,
HOYA-MP-FDS2,"Non-dispersable (3-term CD gives n(d)=2.15068 vs catalog 2.001784; not a Sellmeier fit) - archived, never evaluated",,3.771581,0.063942579,-0.00082031984,-0.020445364,0.008354547,0.00010279507,HOYA-AGF-NZHAGEN-MIRROR,".agf CD coefficients; verify with catalog. term(s) 1,3 carry a non-positive B or C (permitted in multi-pole fits; the n(d) check is authoritative).",,,,,
HOYA-MP-FDS910-50,"Non-dispersable (3-term CD gives n(d)=2.02438 vs catalog 1.821654; not a Sellmeier fit) - archived, never evaluated",,3.1667902,0.047178656,-5.3672387e-05,-0.013141416,0.0022684284,2.5328422e-05,HOYA-AGF-NZHAGEN-MIRROR,".agf CD coefficients; verify with catalog. term(s) 1,3 carry a non-positive B or C (permitted in multi-pole fits; the n(d) check is authoritative).",,,,,
HOYA-MP-LAC130,"Non-dispersable (3-term CD gives n(d)=1.93085 vs catalog 1.6935; not a Sellmeier fit) - archived, never evaluated",,2.813412,0.01927865,-9.940432e-06,-0.01332448,0.0004124452,9.622024e-07,HOYA-AGF-NZHAGEN-MIRROR,".agf CD coefficients; verify with catalog. term(s) 1,3 carry a non-positive B or C (permitted in multi-pole fits; the n(d) check is authoritative).",,,,,
HOYA-MP-LAC14-80,"Non-dispersable (3-term CD gives n(d)=1.93184 vs catalog 1.697599; not a Sellmeier fit) - archived, never evaluated",,2.8306733,0.018103472,-3.1929778e-05,-0.014855863,0.00053539971,2.0340983e-06,HOYA-AGF-NZHAGEN-MIRROR,".agf CD coefficients; verify with catalog. term(s) 1,3 carry a non-positive B or C (permitted in multi-pole fits; the n(d) check is authoritative).",,,,,
HOYA-MP-LAC8-30,"Non-dispersable (3-term CD gives n(d)=1.94286 vs catalog 1.713301; not a Sellmeier fit) - archived, never evaluated",,2.8827498,0.017707976,-9.8332811e-05,-0.015740789,0.0010483265,5.4828685e-06,HOYA-AGF-NZHAGEN-MIRROR,".agf CD coefficients; verify with catalog. term(s) 1,3 carry a non-positive B or C (permitted in multi-pole fits; the n(d) check is authoritative).",,,,,
HOYA-MP-LAF81,"Non-dispersable (3-term CD gives n(d)=1.96021 vs catalog 1.730766; not a Sellmeier fit) - archived, never evaluated",,2.9167886,0.026675237,4.6956175e-06,-0.012398199,0.00065190504,2.691054e-06,HOYA-AGF-NZHAGEN-MIRROR,.agf CD coefficients; verify with catalog. term(s) 1 carry a non-positive B or C (permitted in multi-pole fits; the n(d) check is authoritative).,,,,,
HOYA-MP-NBF1,"Non-dispersable (3-term CD gives n(d)=1.96944 vs catalog 1.7433; not a Sellmeier fit) - archived, never evaluated",,2.975245,0.02140074,-6.97953e-05,-0.01425016,0.0009755337,4.114924e-06,HOYA-AGF-NZHAGEN-MIRROR,".agf CD coefficients; verify with catalog. term(s) 1,3 carry a non-positive B or C (permitted in multi-pole fits; the n(d) check is authoritative).",,,,,
HOYA-MP-NBFD10-20,"Non-dispersable (3-term CD gives n(d)=2.03232 vs catalog 1.834612; not a Sellmeier fit) - archived, never evaluated",,3.2722586,0.027264508,-0.00032827672,-0.018817211,0.0032789193,2.1743362e-05,HOYA-AGF-NZHAGEN-MIRROR,".agf CD coefficients; verify with catalog. term(s) 1,3 carry a non-positive B or C (permitted in multi-pole fits; the n(d) check is authoritative).",,,,,
HOYA-MP-NBFD130,"Non-dispersable (3-term CD gives n(d)=2.01764 vs catalog 1.8061; not a Sellmeier fit) - archived, never evaluated",,3.173794,0.02906741,-5.355158e-05,-0.01498658,0.001204829,5.27135e-06,HOYA-AGF-NZHAGEN-MIRROR,".agf CD coefficients; verify with catalog. term(s) 1,3 carry a non-positive B or C (permitted in multi-pole fits; the n(d) check is authoritative).",,,,,
HOYA-MP-PCD4-40,"Non-dispersable (3-term CD gives n(d)=1.87771 vs catalog 1.619208; not a Sellmeier fit) - archived, never evaluated",,2.5831471,0.013615374,-2.1187082e-05,-0.0097502344,0.00036346122,1.1536132e-06,HOYA-AGF-NZHAGEN-MIRROR,".agf CD coefficients; verify with catalog. term(s) 1,3 carry a non-positive B or C (permitted in multi-pole fits; the n(d) check is authoritative).",,,,,
HOYA-MP-PCD51-70,"Non-dispersable (3-term CD gives n(d)=1.85535 vs catalog 1.592707; not a Sellmeier fit) - archived, never evaluated",,2.5025436,0.012433636,-5.5793977e-06,-0.010321437,0.00021866535,3.0188383e-07,HOYA-AGF-NZHAGEN-MIRROR,".agf CD coefficients; verify with catalog. term(s) 1,3 carry a non-positive B or C (permitted in multi-pole fits; the n(d) check is authoritative).",,,,,
HOYA-MP-TAC60-90,"Non-dispersable (3-term CD gives n(d)=1.97738 vs catalog 1.755913; not a Sellmeier fit) - archived, never evaluated",,3.0209214,0.02114253,-7.4489819e-05,-0.0157801,0.00095556554,4.360632e-06,HOYA-AGF-NZHAGEN-MIRROR,".agf CD coefficients; verify with catalog. term(s) 1,3 carry a non-positive B or C (permitted in multi-pole fits; the n(d) check is authoritative).",,,,,
HOYA-MP-TAC80-60,"Non-dispersable (3-term CD gives n(d)=1.95552 vs catalog 1.729634; not a Sellmeier fit) - archived, never evaluated",,2.9372128,0.01839514,-9.2379872e-05,-0.016185789,0.0010266071,5.0509237e-06,HOYA-AGF-NZHAGEN-MIRROR,".agf CD coefficients; verify with catalog. term(s) 1,3 carry a non-positive B or C (permitted in multi-pole fits; the n(d) check is authoritative).",,,,,
HOYA-MP-TAF101-100,"Non-dispersable (3-term CD gives n(d)=1.99194 vs catalog 1.769015; not a Sellmeier fit) - archived, never evaluated",,3.0591566,0.024624272,2.5361908e-06,-0.013604717,0.00041834242,7.998082e-07,HOYA-AGF-NZHAGEN-MIRROR,.agf CD coefficients; verify with catalog. term(s) 1 carry a non-positive B or C (permitted in multi-pole fits; the n(d) check is authoritative).,,,,,
HOYA-MP-TAF31-15,"Non-dispersable (3-term CD gives n(d)=2.01763 vs catalog 1.801537; not a Sellmeier fit) - archived, never evaluated",,3.164475,0.027926276,9.8223773e-07,-0.013801295,0.00057403,1.3284244e-06,HOYA-AGF-NZHAGEN-MIRROR,.agf CD coefficients; verify with catalog. term(s) 1 carry a non-positive B or C (permitted in multi-pole fits; the n(d) check is authoritative).,,,,,
HOYA-MP-TAF401,"Non-dispersable (3-term CD gives n(d)=1.99528 vs catalog 1.773766; not a Sellmeier fit) - archived, never evaluated",,3.07279,0.02527346,-1.147045e-05,-0.01366385,0.000612182,1.543e-06,HOYA-AGF-NZHAGEN-MIRROR,".agf CD coefficients; verify with catalog. term(s) 1,3 carry a non-positive B or C (permitted in multi-pole fits; the n(d) check is authoritative).",,,,,
HOYA-MP-TAFD305,"Non-dispersable (3-term CD gives n(d)=2.05817 vs catalog 1.851348; not a Sellmeier fit) - archived, never evaluated",,3.327184,0.033398,-2.136908e-05,-0.01343242,0.001006047,3.972561e-06,HOYA-AGF-NZHAGEN-MIRROR,".agf CD coefficients; verify with catalog. term(s) 1,3 carry a non-positive B or C (permitted in multi-pole fits; the n(d) check is authoritative).",,,,,
HOYA-MP-TAFD307,"Non-dispersable (3-term CD gives n(d)=2.08180 vs catalog 1.882023; not a Sellmeier fit) - archived, never evaluated",,3.4286062,0.037363009,-1.5979979e-05,-0.013845333,0.0011894554,5.1827398e-06,HOYA-AGF-NZHAGEN-MIRROR,".agf CD coefficients; verify with catalog. term(s) 1,3 carry a non-positive B or C (permitted in multi-pole fits; the n(d) check is authoritative).",,,,,
HOYA-MP-TAFD51-50,"Non-dispersable (3-term CD gives n(d)=2.03204 vs catalog 1.821299; not a Sellmeier fit) - archived, never evaluated",,3.2288052,0.029863488,-1.0943492e-05,-0.014433046,0.00082119282,2.5804939e-06,HOYA-AGF-NZHAGEN-MIRROR,".agf CD coefficients; verify with catalog. term(s) 1,3 carry a non-positive B or C (permitted in multi-pole fits; the n(d) check is authoritative).",,,,,
HOYA-M-TAC60,"Non-dispersable (3-term CD gives n(d)=1.97662 vs catalog 1.755014; not a Sellmeier fit) - archived, never evaluated",,3.017866,0.021144702,-6.9379914e-05,-0.015790934,0.00093137389,4.02762e-06,HOYA-AGF-NZHAGEN-MIRROR,".agf CD coefficients; verify with catalog. term(s) 1,3 carry a non-positive B or C (permitted in multi-pole fits; the n(d) check is authoritative).",,,,,
HOYA-M-TAC80,"Non-dispersable (3-term CD gives n(d)=1.95501 vs catalog 1.72903; not a Sellmeier fit) - archived, never evaluated",,2.9351948,0.018392287,-8.7565474e-05,-0.016193458,0.0010086167,4.6921333e-06,HOYA-AGF-NZHAGEN-MIRROR,".agf CD coefficients; verify with catalog. term(s) 1,3 carry a non-positive B or C (permitted in multi-pole fits; the n(d) check is authoritative).",,,,,
HOYA-M-TAF1,"Non-dispersable (3-term CD gives n(d)=2.24298 vs catalog 1.772501; not a Sellmeier fit) - archived, never evaluated",,2.9198425,0.1136749,0.0036663631,0.088185026,-0.025336838,-0.0002033935,HOYA-AGF-NZHAGEN-MIRROR,".agf CD coefficients; verify with catalog. term(s) 2,3 carry a non-positive B or C (permitted in multi-pole fits; the n(d) check is authoritative).",,,,,
HOYA-M-TAF101,"Non-dispersable (3-term CD gives n(d)=1.99064 vs catalog 1.768015; not a Sellmeier fit) - archived, never evaluated",,3.05615,0.02431126,-7.318676e-06,-0.0138471,0.0004980027,1.24041e-06,HOYA-AGF-NZHAGEN-MIRROR,".agf CD coefficients; verify with catalog. term(s) 1,3 carry a non-positive B or C (permitted in multi-pole fits; the n(d) check is authoritative).",,,,,
HOYA-M-TAF31,"Non-dispersable (3-term CD gives n(d)=2.01705 vs catalog 1.801387; not a Sellmeier fit) - archived, never evaluated",,3.164358,0.02767034,-6.349234e-06,-0.01403321,0.0006403025,1.615744e-06,HOYA-AGF-NZHAGEN-MIRROR,".agf CD coefficients; verify with catalog. term(s) 1,3 carry a non-positive B or C (permitted in multi-pole fits; the n(d) check is authoritative).",,,,,
HOYA-M-TAF401,"Non-dispersable (3-term CD gives n(d)=1.99528 vs catalog 1.773766; not a Sellmeier fit) - archived, never evaluated",,3.07279,0.02527346,-1.147045e-05,-0.01366385,0.000612182,1.543e-06,HOYA-AGF-NZHAGEN-MIRROR,".agf CD coefficients; verify with catalog. term(s) 1,3 carry a non-positive B or C (permitted in multi-pole fits; the n(d) check is authoritative).",,,,,
HOYA-M-TAFD305,"Non-dispersable (3-term CD gives n(d)=2.05817 vs catalog 1.851348; not a Sellmeier fit) - archived, never evaluated",,3.327184,0.033398,-2.136908e-05,-0.01343242,0.001006047,3.972561e-06,HOYA-AGF-NZHAGEN-MIRROR,".agf CD coefficients; verify with catalog. term(s) 1,3 carry a non-positive B or C (permitted in multi-pole fits; the n(d) check is authoritative).",,,,,
HOYA-M-TAFD307,"Non-dispersable (3-term CD gives n(d)=2.08180 vs catalog 1.882023; not a Sellmeier fit) - archived, never evaluated",,3.4286062,0.037363009,-1.5979979e-05,-0.013845333,0.0011894554,5.1827398e-06,HOYA-AGF-NZHAGEN-MIRROR,".agf CD coefficients; verify with catalog. term(s) 1,3 carry a non-positive B or C (permitted in multi-pole fits; the n(d) check is authoritative).",,,,,
HOYA-M-TAFD51,"Non-dispersable (3-term CD gives n(d)=2.03138 vs catalog 1.820798; not a Sellmeier fit) - archived, never evaluated",,3.227682,0.0292121,-4.787162e-05,-0.01453816,0.001057062,4.557239e-06,HOYA-AGF-NZHAGEN-MIRROR,".agf CD coefficients; verify with catalog. term(s) 1,3 carry a non-positive B or C (permitted in multi-pole fits; the n(d) check is authoritative).",,,,,
HOYA-NBF1,"Non-dispersable (3-term CD gives n(d)=1.96865 vs catalog 1.743299; not a Sellmeier fit) - archived, never evaluated",,2.9753491,0.021096383,-0.00011887388,-0.01461347,0.001198038,7.344435e-06,HOYA-AGF-NZHAGEN-MIRROR,".agf CD coefficients; verify with catalog. term(s) 1,3 carry a non-positive B or C (permitted in multi-pole fits; the n(d) check is authoritative).",,,,,
HOYA-NBFD10,"Non-dispersable (3-term CD gives n(d)=2.04042 vs catalog 1.834001; not a Sellmeier fit) - archived, never evaluated",,3.2615573,0.033470739,-2.5391842e-05,-0.014542851,0.0012266479,5.5971739e-06,HOYA-AGF-NZHAGEN-MIRROR,".agf CD coefficients; verify with catalog. term(s) 1,3 carry a non-positive B or C (permitted in multi-pole fits; the n(d) check is authoritative).",,,,,
HOYA-NBFD11,"Non-dispersable (3-term CD gives n(d)=2.01154 vs catalog 1.785897; not a Sellmeier fit) - archived, never evaluated",,3.1010267,0.032631687,0.0001935011,-0.010022108,-0.00081029268,-8.0279799e-06,HOYA-AGF-NZHAGEN-MIRROR,".agf CD coefficients; verify with catalog. term(s) 1,2,3 carry a non-positive B or C (permitted in multi-pole fits; the n(d) check is authoritative).",,,,,
HOYA-NBFD12,"Non-dispersable (3-term CD gives n(d)=2.01647 vs catalog 1.799503; not a Sellmeier fit) - archived, never evaluated",,3.1513655,0.029502111,3.6679701e-06,-0.013052015,0.00067643437,1.8233293e-06,HOYA-AGF-NZHAGEN-MIRROR,.agf CD coefficients; verify with catalog. term(s) 1 carry a non-positive B or C (permitted in multi-pole fits; the n(d) check is authoritative).,,,,,
HOYA-NBFD13,"Non-dispersable (3-term CD gives n(d)=2.01900 vs catalog 1.806105; not a Sellmeier fit) - archived, never evaluated",,3.1729223,0.029168114,-9.6178753e-05,-0.014248534,0.001342876,8.4042556e-06,HOYA-AGF-NZHAGEN-MIRROR,".agf CD coefficients; verify with catalog. term(s) 1,3 carry a non-positive B or C (permitted in multi-pole fits; the n(d) check is authoritative).",,,,,
HOYA-NBFD15,"Non-dispersable (3-term CD gives n(d)=2.01781 vs catalog 1.806099; not a Sellmeier fit) - archived, never evaluated",,3.1540011,0.034103312,-0.00010807332,-0.013256753,0.0018472167,1.2975901e-05,HOYA-AGF-NZHAGEN-MIRROR,".agf CD coefficients; verify with catalog. term(s) 1,3 carry a non-positive B or C (permitted in multi-pole fits; the n(d) check is authoritative).",,,,,
HOYA-NBFD3,"Non-dispersable (3-term CD gives n(d)=2.01927 vs catalog 1.804504; not a Sellmeier fit) - archived, never evaluated",,3.1633746,0.031133309,2.9980499e-06,-0.01327628,0.0008352338,2.5568853e-06,HOYA-AGF-NZHAGEN-MIRROR,.agf CD coefficients; verify with catalog. term(s) 1 carry a non-positive B or C (permitted in multi-pole fits; the n(d) check is authoritative).,,,,,
HOYA-PCD4,"Non-dispersable (3-term CD gives n(d)=1.87456 vs catalog 1.617998; not a Sellmeier fit) - archived, never evaluated",,2.5807045,0.01268943,-6.4849664e-05,-0.010957538,0.00066387812,3.4787863e-06,HOYA-AGF-NZHAGEN-MIRROR,".agf CD coefficients; verify with catalog. term(s) 1,3 carry a non-positive B or C (permitted in multi-pole fits; the n(d) check is authoritative).",,,,,
HOYA-PCD51,"Non-dispersable (3-term CD gives n(d)=1.85629 vs catalog 1.593493; not a Sellmeier fit) - archived, never evaluated",,2.5046638,0.012653769,5.3871747e-07,-0.010149448,0.00016566642,5.584093e-08,HOYA-AGF-NZHAGEN-MIRROR,.agf CD coefficients; verify with catalog. term(s) 1 carry a non-positive B or C (permitted in multi-pole fits; the n(d) check is authoritative).,,,,,
HOYA-TAC2,"Non-dispersable (3-term CD gives n(d)=1.96685 vs catalog 1.740997; not a Sellmeier fit) - archived, never evaluated",,2.9717137,0.020162868,-8.8614104e-05,-0.014952593,0.00094072283,5.3191242e-06,HOYA-AGF-NZHAGEN-MIRROR,".agf CD coefficients; verify with catalog. term(s) 1,3 carry a non-positive B or C (permitted in multi-pole fits; the n(d) check is authoritative).",,,,,
HOYA-TAC4,"Non-dispersable (3-term CD gives n(d)=1.96401 vs catalog 1.733999; not a Sellmeier fit) - archived, never evaluated",,2.9425645,0.023559223,9.2370759e-05,-0.013266554,-0.00016399009,-4.8615982e-06,HOYA-AGF-NZHAGEN-MIRROR,".agf CD coefficients; verify with catalog. term(s) 1,2,3 carry a non-positive B or C (permitted in multi-pole fits; the n(d) check is authoritative).",,,,,
HOYA-TAC6,"Non-dispersable (3-term CD gives n(d)=1.97763 vs catalog 1.755; not a Sellmeier fit) - archived, never evaluated",,3.0182184,0.021520137,-3.2355748e-05,-0.015381633,0.00064608303,2.0791593e-06,HOYA-AGF-NZHAGEN-MIRROR,".agf CD coefficients; verify with catalog. term(s) 1,3 carry a non-positive B or C (permitted in multi-pole fits; the n(d) check is authoritative).",,,,,
HOYA-TAC8,"Non-dispersable (3-term CD gives n(d)=1.95821 vs catalog 1.72916; not a Sellmeier fit) - archived, never evaluated",,2.9324178,0.021121636,4.9669475e-05,-0.014603156,4.8240144e-05,-2.4904491e-06,HOYA-AGF-NZHAGEN-MIRROR,".agf CD coefficients; verify with catalog. term(s) 1,3 carry a non-positive B or C (permitted in multi-pole fits; the n(d) check is authoritative).",,,,,
HOYA-TAF1,"Non-dispersable (3-term CD gives n(d)=1.99129 vs catalog 1.7725; not a Sellmeier fit) - archived, never evaluated",,3.0736378,0.023627699,-2.8353438e-05,-0.015501284,0.00066300852,2.2090799e-06,HOYA-AGF-NZHAGEN-MIRROR,".agf CD coefficients; verify with catalog. term(s) 1,3 carry a non-positive B or C (permitted in multi-pole fits; the n(d) check is authoritative).",,,,,
HOYA-TAF2,"Non-dispersable (3-term CD gives n(d)=2.01060 vs catalog 1.794497; not a Sellmeier fit) - archived, never evaluated",,3.1415564,0.026483051,-5.9411087e-05,-0.014370304,0.00095642714,4.703953e-06,HOYA-AGF-NZHAGEN-MIRROR,".agf CD coefficients; verify with catalog. term(s) 1,3 carry a non-positive B or C (permitted in multi-pole fits; the n(d) check is authoritative).",,,,,
HOYA-TAF3,"Non-dispersable (3-term CD gives n(d)=2.01957 vs catalog 1.8042; not a Sellmeier fit) - archived, never evaluated",,3.1743707,0.028862637,8.0422109e-05,-0.014110466,3.355949e-05,-2.8956744e-06,HOYA-AGF-NZHAGEN-MIRROR,".agf CD coefficients; verify with catalog. term(s) 1,3 carry a non-positive B or C (permitted in multi-pole fits; the n(d) check is authoritative).",,,,,
HOYA-TAF4,"Non-dispersable (3-term CD gives n(d)=2.00628 vs catalog 1.787997; not a Sellmeier fit) - archived, never evaluated",,3.1212281,0.026520622,1.4260634e-05,-0.014119909,0.00040415763,3.164256e-07,HOYA-AGF-NZHAGEN-MIRROR,.agf CD coefficients; verify with catalog. term(s) 1 carry a non-positive B or C (permitted in multi-pole fits; the n(d) check is authoritative).,,,,,
HOYA-TAF5,"Non-dispersable (3-term CD gives n(d)=2.02703 vs catalog 1.815999; not a Sellmeier fit) - archived, never evaluated",,3.2191571,0.02636257,-6.1660412e-05,-0.015310562,0.0010534452,3.9733897e-06,HOYA-AGF-NZHAGEN-MIRROR,".agf CD coefficients; verify with catalog. term(s) 1,3 carry a non-positive B or C (permitted in multi-pole fits; the n(d) check is authoritative).",,,,,
HOYA-TAFD25,"Non-dispersable (3-term CD gives n(d)=2.09147 vs catalog 1.903658; not a Sellmeier fit) - archived, never evaluated",,3.4905528,0.041146322,-0.00018260518,-0.016325771,0.0027169124,2.0641862e-05,HOYA-AGF-NZHAGEN-MIRROR,".agf CD coefficients; verify with catalog. term(s) 1,3 carry a non-positive B or C (permitted in multi-pole fits; the n(d) check is authoritative).",,,,,
HOYA-TAFD30,"Non-dispersable (3-term CD gives n(d)=2.08341 vs catalog 1.883; not a Sellmeier fit) - archived, never evaluated",,3.4419038,0.03435104,-3.9010343e-05,-0.014175245,0.0011752271,3.7417054e-06,HOYA-AGF-NZHAGEN-MIRROR,".agf CD coefficients; verify with catalog. term(s) 1,3 carry a non-positive B or C (permitted in multi-pole fits; the n(d) check is authoritative).",,,,,
HOYA-TAFD33,"Non-dispersable (3-term CD gives n(d)=2.08362 vs catalog 1.881003; not a Sellmeier fit) - archived, never evaluated",,3.4316955,0.035631862,-4.0366886e-06,-0.013156273,0.00091378109,3.3867688e-06,HOYA-AGF-NZHAGEN-MIRROR,".agf CD coefficients; verify with catalog. term(s) 1,3 carry a non-positive B or C (permitted in multi-pole fits; the n(d) check is authoritative).",,,,,
HOYA-TAFD35,"Non-dispersable (3-term CD gives n(d)=2.10285 vs catalog 1.910822; not a Sellmeier fit) - archived, never evaluated",,3.5274747,0.039745402,-8.9279334e-05,-0.014839948,0.001803472,1.1377783e-05,HOYA-AGF-NZHAGEN-MIRROR,".agf CD coefficients; verify with catalog. term(s) 1,3 carry a non-positive B or C (permitted in multi-pole fits; the n(d) check is authoritative).",,,,,
HOYA-TAFD40,"Non-dispersable (3-term CD gives n(d)=2.16738 vs catalog 2.000694; not a Sellmeier fit) - archived, never evaluated",,3.8106232,0.058801097,-0.0001694811,-0.016351565,0.0034919026,3.2569333e-05,HOYA-AGF-NZHAGEN-MIRROR,".agf CD coefficients; verify with catalog. term(s) 1,3 carry a non-positive B or C (permitted in multi-pole fits; the n(d) check is authoritative).",,,,,
HOYA-TAFD55,"Non-dispersable (3-term CD gives n(d)=2.17357 vs catalog 2.001003; not a Sellmeier fit) - archived, never evaluated",,3.8317578,0.054573843,-4.4476201e-05,-0.015266397,0.0023109346,1.6143887e-05,HOYA-AGF-NZHAGEN-MIRROR,".agf CD coefficients; verify with catalog. term(s) 1,3 carry a non-positive B or C (permitted in multi-pole fits; the n(d) check is authoritative).",,,,,
HOYA-TAFD5F,"Non-dispersable (3-term CD gives n(d)=2.04323 vs catalog 1.834805; not a Sellmeier fit) - archived, never evaluated",,3.275546,0.030922062,4.6573307e-06,-0.014470354,0.00073289981,1.8242746e-06,HOYA-AGF-NZHAGEN-MIRROR,.agf CD coefficients; verify with catalog. term(s) 1 carry a non-positive B or C (permitted in multi-pole fits; the n(d) check is authoritative).,,,,,
HOYA-FDS90(P),"Non-dispersable (3-term CD gives n(d)=2.03925 vs catalog 1.846664; not a Sellmeier fit) - archived, never evaluated",,3.2565619,0.044330322,-0.00036912261,-0.015803965,0.0043620098,4.2999682e-05,HOYA-AGF-NZHAGEN-MIRROR,".agf CD coefficients; verify with catalog. term(s) 1,3 carry a non-positive B or C (permitted in multi-pole fits; the n(d) check is authoritative).",,,,,
HOYA-FDS90-SG,"Non-dispersable (3-term CD gives n(d)=2.03518 vs catalog 1.846663; not a Sellmeier fit) - archived, never evaluated",,3.2606321,0.040902938,-0.00056434039,-0.017780398,0.0056076934,5.4763391e-05,HOYA-AGF-NZHAGEN-MIRROR,".agf CD coefficients; verify with catalog. term(s) 1,3 carry a non-positive B or C (permitted in multi-pole fits; the n(d) check is authoritative).",,,,,
HOYA-ADC1,"Non-dispersable (3-term CD gives n(d)=1.88139 vs catalog 1.62; not a Sellmeier fit) - archived, never evaluated",,2.58239,0.01496773,4.64094e-06,-0.007894793,0.0001490293,2.15502e-07,HOYA-AGF-NZHAGEN-MIRROR,.agf CD coefficients; verify with catalog. term(s) 1 carry a non-positive B or C (permitted in multi-pole fits; the n(d) check is authoritative).,,,,,
HOYA-ADC2,"Non-dispersable (3-term CD gives n(d)=1.85746 vs catalog 1.596998; not a Sellmeier fit) - archived, never evaluated",,2.5086332,0.014397754,-4.2363481e-05,-0.010325231,0.00052116778,4.0787899e-06,HOYA-AGF-NZHAGEN-MIRROR,".agf CD coefficients; verify with catalog. term(s) 1,3 carry a non-positive B or C (permitted in multi-pole fits; the n(d) check is authoritative).",,,,,
HOYA-ADF1,"Non-dispersable (3-term CD gives n(d)=1.82579 vs catalog 1.564997; not a Sellmeier fit) - archived, never evaluated",,2.4123885,0.012239815,-9.6003757e-05,-0.013542245,0.00095352552,5.3898071e-06,HOYA-AGF-NZHAGEN-MIRROR,".agf CD coefficients; verify with catalog. term(s) 1,3 carry a non-positive B or C (permitted in multi-pole fits; the n(d) check is authoritative).",,,,,
HOYA-ADF4,"Non-dispersable (3-term CD gives n(d)=1.86162 vs catalog 1.612498; not a Sellmeier fit) - archived, never evaluated",,2.548912,0.017429547,-3.8001351e-05,-0.014204369,0.00075527471,3.4318443e-06,HOYA-AGF-NZHAGEN-MIRROR,".agf CD coefficients; verify with catalog. term(s) 1,3 carry a non-positive B or C (permitted in multi-pole fits; the n(d) check is authoritative).",,,,,
HOYA-ADF8,"Non-dispersable (3-term CD gives n(d)=1.92173 vs catalog 1.686498; not a Sellmeier fit) - archived, never evaluated",,2.7782648,0.022554601,-1.5476287e-05,-0.013938918,0.00067331122,3.0767374e-06,HOYA-AGF-NZHAGEN-MIRROR,".agf CD coefficients; verify with catalog. term(s) 1,3 carry a non-positive B or C (permitted in multi-pole fits; the n(d) check is authoritative).",,,,,
HOYA-ADF10,"Non-dispersable (3-term CD gives n(d)=1.86145 vs catalog 1.613102; not a Sellmeier fit) - archived, never evaluated",,2.549248,0.01849175,-5.48863e-06,-0.01450322,0.0005148459,1.49981e-06,HOYA-AGF-NZHAGEN-MIRROR,".agf CD coefficients; verify with catalog. term(s) 1,3 carry a non-positive B or C (permitted in multi-pole fits; the n(d) check is authoritative).",,,,,
HOYA-ADF40,"Non-dispersable (3-term CD gives n(d)=1.86448 vs catalog 1.6134; not a Sellmeier fit) - archived, never evaluated",,2.548619,0.019056185,7.6291025e-06,-0.012846042,0.00040779573,1.0073837e-06,HOYA-AGF-NZHAGEN-MIRROR,.agf CD coefficients; verify with catalog. term(s) 1 carry a non-positive B or C (permitted in multi-pole fits; the n(d) check is authoritative).,,,,,
HOYA-ADF50,"Non-dispersable (3-term CD gives n(d)=1.89443 vs catalog 1.654118; not a Sellmeier fit) - archived, never evaluated",,2.67,0.0223665,-1.76234e-05,-0.01392862,0.0007527152,3.42589e-06,HOYA-AGF-NZHAGEN-MIRROR,".agf CD coefficients; verify with catalog. term(s) 1,3 carry a non-positive B or C (permitted in multi-pole fits; the n(d) check is authoritative).",,,,,
HOYA-ADF355,"Non-dispersable (3-term CD gives n(d)=1.89068 vs catalog 1.6445; not a Sellmeier fit) - archived, never evaluated",,2.6377802,0.024169102,0.00014101583,-0.011834487,-0.00027510935,-6.2649064e-06,HOYA-AGF-NZHAGEN-MIRROR,".agf CD coefficients; verify with catalog. term(s) 1,2,3 carry a non-positive B or C (permitted in multi-pole fits; the n(d) check is authoritative).",,,,,
HOYA-ADF405,"Non-dispersable (3-term CD gives n(d)=1.91438 vs catalog 1.6765; not a Sellmeier fit) - archived, never evaluated",,2.7356649,0.025182823,2.1020657e-06,-0.012562447,0.00072910592,2.9773777e-06,HOYA-AGF-NZHAGEN-MIRROR,.agf CD coefficients; verify with catalog. term(s) 1 carry a non-positive B or C (permitted in multi-pole fits; the n(d) check is authoritative).,,,,,
HOYA-ADF455,"Non-dispersable (3-term CD gives n(d)=1.94811 vs catalog 1.71852; not a Sellmeier fit) - archived, never evaluated",,2.8615365,0.029737731,-3.9599373e-05,-0.012012467,0.0012191813,7.3055199e-06,HOYA-AGF-NZHAGEN-MIRROR,".agf CD coefficients; verify with catalog. term(s) 1,3 carry a non-positive B or C (permitted in multi-pole fits; the n(d) check is authoritative).",,,,,
HOYA-ADF505,"Non-dispersable (3-term CD gives n(d)=1.96404 vs catalog 1.739996; not a Sellmeier fit) - archived, never evaluated",,2.9279081,0.03130676,-9.8482607e-05,-0.012439195,0.0017693707,1.1871583e-05,HOYA-AGF-NZHAGEN-MIRROR,".agf CD coefficients; verify with catalog. term(s) 1,3 carry a non-positive B or C (permitted in multi-pole fits; the n(d) check is authoritative).",,,,,
HOYA-ATC1,"Non-dispersable (3-term CD gives n(d)=1.88139 vs catalog 1.62; not a Sellmeier fit) - archived, never evaluated",,2.58239,0.014967726,4.6409361e-06,-0.0078947925,0.00014902926,2.1550228e-07,HOYA-AGF-NZHAGEN-MIRROR,.agf CD coefficients; verify with catalog. term(s) 1 carry a non-positive B or C (permitted in multi-pole fits; the n(d) check is authoritative).,,,,,
HOYA-ATF2,"Non-dispersable (3-term CD gives n(d)=1.89024 vs catalog 1.65052; not a Sellmeier fit) - archived, never evaluated",,2.6671209,0.013189583,-0.00051303017,-0.014423962,0.0040232186,3.6661072e-05,HOYA-AGF-NZHAGEN-MIRROR,".agf CD coefficients; verify with catalog. term(s) 1,3 carry a non-positive B or C (permitted in multi-pole fits; the n(d) check is authoritative).",,,,,
HOYA-ATF4,"Non-dispersable (3-term CD gives n(d)=1.90333 vs catalog 1.653757; not a Sellmeier fit) - archived, never evaluated",,2.675806,0.018813451,-8.9016289e-05,-0.0095352868,0.0011425769,6.8179931e-06,HOYA-AGF-NZHAGEN-MIRROR,".agf CD coefficients; verify with catalog. term(s) 1,3 carry a non-positive B or C (permitted in multi-pole fits; the n(d) check is authoritative).",,,,,
HOYA-BAC1,"Non-dispersable (3-term CD gives n(d)=1.84121 vs catalog 1.572497; not a Sellmeier fit) - archived, never evaluated",,2.4325095,0.014609976,3.7275782e-05,-0.0082983201,1.5397291e-07,-1.7621673e-06,HOYA-AGF-NZHAGEN-MIRROR,".agf CD coefficients; verify with catalog. term(s) 1,3 carry a non-positive B or C (permitted in multi-pole fits; the n(d) check is authoritative).",,,,,
HOYA-BAC2,"Non-dispersable (3-term CD gives n(d)=1.81469 vs catalog 1.539961; not a Sellmeier fit) - archived, never evaluated",,2.3366841,0.012544607,9.3390758e-06,-0.0085003654,0.000141709,-3.1975465e-07,HOYA-AGF-NZHAGEN-MIRROR,".agf CD coefficients; verify with catalog. term(s) 1,3 carry a non-positive B or C (permitted in multi-pole fits; the n(d) check is authoritative).",,,,,
HOYA-BAC5,"Non-dispersable (3-term CD gives n(d)=1.82574 vs catalog 1.556708; not a Sellmeier fit) - archived, never evaluated",,2.3892373,0.010910094,-0.00012009529,-0.0099203487,0.00099659255,6.8401813e-06,HOYA-AGF-NZHAGEN-MIRROR,".agf CD coefficients; verify with catalog. term(s) 1,3 carry a non-positive B or C (permitted in multi-pole fits; the n(d) check is authoritative).",,,,,
HOYA-BAC6,"Non-dispersable (3-term CD gives n(d)=1.84026 vs catalog 1.574441; not a Sellmeier fit) - archived, never evaluated",,2.4398557,0.01352689,-2.2570985e-05,-0.0097214767,0.00043240066,1.4845452e-06,HOYA-AGF-NZHAGEN-MIRROR,".agf CD coefficients; verify with catalog. term(s) 1,3 carry a non-positive B or C (permitted in multi-pole fits; the n(d) check is authoritative).",,,,,
HOYA-BACD1,"Non-dispersable (3-term CD gives n(d)=1.87299 vs catalog 1.610248; not a Sellmeier fit) - archived, never evaluated",,2.5462274,0.017194425,5.9527936e-05,-0.0076749813,-0.0002089302,-2.5384088e-06,HOYA-AGF-NZHAGEN-MIRROR,".agf CD coefficients; verify with catalog. term(s) 1,2,3 carry a non-positive B or C (permitted in multi-pole fits; the n(d) check is authoritative).",,,,,
HOYA-BACD3,"Non-dispersable (3-term CD gives n(d)=1.86949 vs catalog 1.608812; not a Sellmeier fit) - archived, never evaluated",,2.5457068,0.015368943,1.6305451e-05,-0.0092044475,0.00010302567,-4.7248106e-07,HOYA-AGF-NZHAGEN-MIRROR,".agf CD coefficients; verify with catalog. term(s) 1,3 carry a non-positive B or C (permitted in multi-pole fits; the n(d) check is authoritative).",,,,,
HOYA-BACD6,"Non-dispersable (3-term CD gives n(d)=1.87390 vs catalog 1.613753; not a Sellmeier fit) - archived, never evaluated",,2.5590468,0.016000667,7.0540862e-06,-0.0087939706,0.00019986862,-9.999357e-08,HOYA-AGF-NZHAGEN-MIRROR,".agf CD coefficients; verify with catalog. term(s) 1,3 carry a non-positive B or C (permitted in multi-pole fits; the n(d) check is authoritative).",,,,,
HOYA-BACD7,"Non-dispersable (3-term CD gives n(d)=1.86714 vs catalog 1.607292; not a Sellmeier fit) - archived, never evaluated",,2.5426464,0.014390507,-1.4780345e-05,-0.0098938427,0.00032973498,9.2477818e-07,HOYA-AGF-NZHAGEN-MIRROR,".agf CD coefficients; verify with catalog. term(s) 1,3 carry a non-positive B or C (permitted in multi-pole fits; the n(d) check is authoritative).",,,,,
HOYA-BACD8,"Non-dispersable (3-term CD gives n(d)=1.87126 vs catalog 1.611168; not a Sellmeier fit) - archived, never evaluated",,2.5507931,0.015942017,4.0269123e-06,-0.0090457257,0.00022665652,2.2206417e-07,HOYA-AGF-NZHAGEN-MIRROR,.agf CD coefficients; verify with catalog. term(s) 1 carry a non-positive B or C (permitted in multi-pole fits; the n(d) check is authoritative).,,,,,
HOYA-BACD9,"Non-dispersable (3-term CD gives n(d)=1.87455 vs catalog 1.614047; not a Sellmeier fit) - archived, never evaluated",,2.5579346,0.017149278,4.8517375e-05,-0.0084619593,-6.8652282e-05,-2.0273592e-06,HOYA-AGF-NZHAGEN-MIRROR,".agf CD coefficients; verify with catalog. term(s) 1,2,3 carry a non-positive B or C (permitted in multi-pole fits; the n(d) check is authoritative).",,,,,
HOYA-BACD10,"Non-dispersable (3-term CD gives n(d)=1.88001 vs catalog 1.622799; not a Sellmeier fit) - archived, never evaluated",,2.589066,0.01536259,-2.94258e-05,-0.009593677,0.0004536335,1.88914e-06,HOYA-AGF-NZHAGEN-MIRROR,".agf CD coefficients; verify with catalog. term(s) 1,3 carry a non-positive B or C (permitted in multi-pole fits; the n(d) check is authoritative).",,,,,
HOYA-BACD12,"Non-dispersable (3-term CD gives n(d)=1.84425 vs catalog 1.583129; not a Sellmeier fit) - archived, never evaluated",,2.472133,0.01070682,-0.000140429,-0.01176531,0.001203868,7.4543e-06,HOYA-AGF-NZHAGEN-MIRROR,".agf CD coefficients; verify with catalog. term(s) 1,3 carry a non-positive B or C (permitted in multi-pole fits; the n(d) check is authoritative).",,,,,
HOYA-BACD13,"Non-dispersable (3-term CD gives n(d)=1.85587 vs catalog 1.59181; not a Sellmeier fit) - archived, never evaluated",,2.4929249,0.014629345,7.6755876e-06,-0.0089994312,0.00017721311,-1.2358463e-07,HOYA-AGF-NZHAGEN-MIRROR,".agf CD coefficients; verify with catalog. term(s) 1,3 carry a non-positive B or C (permitted in multi-pole fits; the n(d) check is authoritative).",,,,,
HOYA-BACD50,"Non-dispersable (3-term CD gives n(d)=1.86690 vs catalog 1.607; not a Sellmeier fit) - archived, never evaluated",,2.5371333,0.016346381,2.8455664e-05,-0.0095379694,7.623709e-05,-1.0057554e-06,HOYA-AGF-NZHAGEN-MIRROR,".agf CD coefficients; verify with catalog. term(s) 1,3 carry a non-positive B or C (permitted in multi-pole fits; the n(d) check is authoritative).",,,,,
HOYA-BACED1,"Non-dispersable (3-term CD gives n(d)=1.87863 vs catalog 1.617203; not a Sellmeier fit) - archived, never evaluated",,2.5651973,0.018584689,9.8143144e-05,-0.0075082255,-0.00037341118,-4.8920171e-06,HOYA-AGF-NZHAGEN-MIRROR,".agf CD coefficients; verify with catalog. term(s) 1,2,3 carry a non-positive B or C (permitted in multi-pole fits; the n(d) check is authoritative).",,,,,
HOYA-BACED2,"Non-dispersable (3-term CD gives n(d)=1.88304 vs catalog 1.6223; not a Sellmeier fit) - archived, never evaluated",,2.5796993,0.019379147,9.3840192e-05,-0.0072853644,-0.00041426347,-3.7856092e-06,HOYA-AGF-NZHAGEN-MIRROR,".agf CD coefficients; verify with catalog. term(s) 1,2,3 carry a non-positive B or C (permitted in multi-pole fits; the n(d) check is authoritative).",,,,,
HOYA-BACED3,"Non-dispersable (3-term CD gives n(d)=1.87398 vs catalog 1.614838; not a Sellmeier fit) - archived, never evaluated",,2.5587759,0.016580498,-3.0272436e-05,-0.0087961633,0.0005360208,2.4454508e-06,HOYA-AGF-NZHAGEN-MIRROR,".agf CD coefficients; verify with catalog. term(s) 1,3 carry a non-positive B or C (permitted in multi-pole fits; the n(d) check is authoritative).",,,,,
HOYA-BACED4,"Non-dispersable (3-term CD gives n(d)=1.87576 vs catalog 1.617652; not a Sellmeier fit) - archived, never evaluated",,2.5713386,0.015772534,-1.5859802e-05,-0.0094677236,0.00039867586,1.1406888e-06,HOYA-AGF-NZHAGEN-MIRROR,".agf CD coefficients; verify with catalog. term(s) 1,3 carry a non-positive B or C (permitted in multi-pole fits; the n(d) check is authoritative).",,,,,
HOYA-BACED9,"Non-dispersable (3-term CD gives n(d)=1.87542 vs catalog 1.620119; not a Sellmeier fit) - archived, never evaluated",,2.5756523,0.016433728,-4.7460283e-05,-0.01033503,0.00071472641,3.6289451e-06,HOYA-AGF-NZHAGEN-MIRROR,".agf CD coefficients; verify with catalog. term(s) 1,3 carry a non-positive B or C (permitted in multi-pole fits; the n(d) check is authoritative).",,,,,
HOYA-BACED20,"Non-dispersable (3-term CD gives n(d)=1.90167 vs catalog 1.648498; not a Sellmeier fit) - archived, never evaluated",,2.664957,0.01874693,3.79168e-05,-0.008959023,6.536226e-05,-1.30416e-06,HOYA-AGF-NZHAGEN-MIRROR,".agf CD coefficients; verify with catalog. term(s) 1,3 carry a non-positive B or C (permitted in multi-pole fits; the n(d) check is authoritative).",,,,,
HOYA-BACL1,"Non-dispersable (3-term CD gives n(d)=1.80496 vs catalog 1.526417; not a Sellmeier fit) - archived, never evaluated",,2.2954968,0.012832308,4.4683239e-05,-0.0077650231,-0.00011562517,-2.1594774e-06,HOYA-AGF-NZHAGEN-MIRROR,".agf CD coefficients; verify with catalog. term(s) 1,2,3 carry a non-positive B or C (permitted in multi-pole fits; the n(d) check is authoritative).",,,,,
HOYA-BACL3,"Non-dispersable (3-term CD gives n(d)=1.80064 vs catalog 1.518351; not a Sellmeier fit) - archived, never evaluated",,2.2695735,0.013825392,8.1030977e-05,-0.0063761519,-0.00044475382,-3.8035909e-06,HOYA-AGF-NZHAGEN-MIRROR,".agf CD coefficients; verify with catalog. term(s) 1,2,3 carry a non-positive B or C (permitted in multi-pole fits; the n(d) check is authoritative).",,,,,
HOYA-BAF2,"Non-dispersable (3-term CD gives n(d)=1.83778 vs catalog 1.56965; not a Sellmeier fit) - archived, never evaluated",,2.4191302,0.014812541,-3.940135e-05,-0.0082558731,0.0006394801,2.9421184e-06,HOYA-AGF-NZHAGEN-MIRROR,".agf CD coefficients; verify with catalog. term(s) 1,3 carry a non-positive B or C (permitted in multi-pole fits; the n(d) check is authoritative).",,,,,
HOYA-BAF3,"Non-dispersable (3-term CD gives n(d)=1.84829 vs catalog 1.58267; not a Sellmeier fit) - archived, never evaluated",,2.4554037,0.015831259,-0.00010330745,-0.0079089137,0.00099026871,7.3111962e-06,HOYA-AGF-NZHAGEN-MIRROR,".agf CD coefficients; verify with catalog. term(s) 1,3 carry a non-positive B or C (permitted in multi-pole fits; the n(d) check is authoritative).",,,,,
HOYA-BAF4,"Non-dispersable (3-term CD gives n(d)=1.86391 vs catalog 1.60562; not a Sellmeier fit) - archived, never evaluated",,2.5241755,0.017351996,-6.0777625e-05,-0.0094635992,0.0009531395,4.6067247e-06,HOYA-AGF-NZHAGEN-MIRROR,".agf CD coefficients; verify with catalog. term(s) 1,3 carry a non-positive B or C (permitted in multi-pole fits; the n(d) check is authoritative).",,,,,
HOYA-BAF5,"Non-dispersable (3-term CD gives n(d)=1.86969 vs catalog 1.607292; not a Sellmeier fit) - archived, never evaluated",,2.5308158,0.018976732,8.2468218e-05,-0.0075473263,-0.00018623526,-3.2975868e-06,HOYA-AGF-NZHAGEN-MIRROR,".agf CD coefficients; verify with catalog. term(s) 1,2,3 carry a non-positive B or C (permitted in multi-pole fits; the n(d) check is authoritative).",,,,,
HOYA-BAF6,"Non-dispersable (3-term CD gives n(d)=1.85572 vs catalog 1.589003; not a Sellmeier fit) - archived, never evaluated",,2.4726495,0.019233517,0.00011118092,-0.0068775126,-0.0004088165,-4.6735566e-06,HOYA-AGF-NZHAGEN-MIRROR,".agf CD coefficients; verify with catalog. term(s) 1,2,3 carry a non-positive B or C (permitted in multi-pole fits; the n(d) check is authoritative).",,,,,
HOYA-BAF7,"Non-dispersable (3-term CD gives n(d)=1.86949 vs catalog 1.608013; not a Sellmeier fit) - archived, never evaluated",,2.5302155,0.019460977,4.7154385e-05,-0.0076369172,7.9936292e-05,-8.474266e-07,HOYA-AGF-NZHAGEN-MIRROR,".agf CD coefficients; verify with catalog. term(s) 1,3 carry a non-positive B or C (permitted in multi-pole fits; the n(d) check is authoritative).",,,,,
HOYA-BAF8,"Non-dispersable (3-term CD gives n(d)=1.88394 vs catalog 1.623739; not a Sellmeier fit) - archived, never evaluated",,2.578038,0.02107209,8.82308e-05,-0.006820471,-0.0002541983,-2.90313e-06,HOYA-AGF-NZHAGEN-MIRROR,".agf CD coefficients; verify with catalog. term(s) 1,2,3 carry a non-positive B or C (permitted in multi-pole fits; the n(d) check is authoritative).",,,,,
HOYA-BAF9,"Non-dispersable (3-term CD gives n(d)=1.89442 vs catalog 1.643278; not a Sellmeier fit) - archived, never evaluated",,2.64577,0.018254281,-3.6978304e-05,-0.010100029,0.00070070401,3.1532722e-06,HOYA-AGF-NZHAGEN-MIRROR,".agf CD coefficients; verify with catalog. term(s) 1,3 carry a non-positive B or C (permitted in multi-pole fits; the n(d) check is authoritative).",,,,,
HOYA-BAF12,"Non-dispersable (3-term CD gives n(d)=1.89167 vs catalog 1.639302; not a Sellmeier fit) - archived, never evaluated",,2.629583,0.018916421,-5.9180565e-05,-0.0094517715,0.00086556828,5.2756945e-06,HOYA-AGF-NZHAGEN-MIRROR,".agf CD coefficients; verify with catalog. term(s) 1,3 carry a non-positive B or C (permitted in multi-pole fits; the n(d) check is authoritative).",,,,,
HOYA-BAF13,"Non-dispersable (3-term CD gives n(d)=1.91785 vs catalog 1.668916; not a Sellmeier fit) - archived, never evaluated",,2.7192474,0.023494393,9.0475745e-05,-0.0084119419,-0.00013607965,-2.4558265e-06,HOYA-AGF-NZHAGEN-MIRROR,".agf CD coefficients; verify with catalog. term(s) 1,2,3 carry a non-positive B or C (permitted in multi-pole fits; the n(d) check is authoritative).",,,,,
HOYA-BAF20,"Non-dispersable (3-term CD gives n(d)=1.93010 vs catalog 1.685777; not a Sellmeier fit) - archived, never evaluated",,2.7735744,0.023258971,-2.8108075e-06,-0.0091479833,0.0004646999,3.2011906e-06,HOYA-AGF-NZHAGEN-MIRROR,".agf CD coefficients; verify with catalog. term(s) 1,3 carry a non-positive B or C (permitted in multi-pole fits; the n(d) check is authoritative).",,,,,
HOYA-BAF21,"Non-dispersable (3-term CD gives n(d)=1.91511 vs catalog 1.66422; not a Sellmeier fit) - archived, never evaluated",,2.7105038,0.020608429,3.7071408e-05,-0.0082856228,0.00017148395,-7.1749087e-07,HOYA-AGF-NZHAGEN-MIRROR,".agf CD coefficients; verify with catalog. term(s) 1,3 carry a non-positive B or C (permitted in multi-pole fits; the n(d) check is authoritative).",,,,,
HOYA-BAF22,"Non-dispersable (3-term CD gives n(d)=1.92437 vs catalog 1.682496; not a Sellmeier fit) - archived, never evaluated",,2.7665328,0.022027498,4.056692e-05,-0.011002716,0.00039543539,-7.267033e-07,HOYA-AGF-NZHAGEN-MIRROR,".agf CD coefficients; verify with catalog. term(s) 1,3 carry a non-positive B or C (permitted in multi-pole fits; the n(d) check is authoritative).",,,,,
HOYA-BAF23,"Non-dispersable (3-term CD gives n(d)=1.90136 vs catalog 1.652238; not a Sellmeier fit) - archived, never evaluated",,2.6702229,0.019837683,-2.6263865e-05,-0.0099671499,0.00072479446,2.8646102e-06,HOYA-AGF-NZHAGEN-MIRROR,".agf CD coefficients; verify with catalog. term(s) 1,3 carry a non-positive B or C (permitted in multi-pole fits; the n(d) check is authoritative).",,,,,
HOYA-BAFD1,"Non-dispersable (3-term CD gives n(d)=1.88135 vs catalog 1.626057; not a Sellmeier fit) - archived, never evaluated",,2.5793303,0.020375432,-9.7835886e-05,-0.0082532442,0.0012337857,8.337882e-06,HOYA-AGF-NZHAGEN-MIRROR,".agf CD coefficients; verify with catalog. term(s) 1,3 carry a non-positive B or C (permitted in multi-pole fits; the n(d) check is authoritative).",,,,,
HOYA-BAFD2,"Non-dispersable (3-term CD gives n(d)=1.91268 vs catalog 1.664457; not a Sellmeier fit) - archived, never evaluated",,2.6915386,0.025612877,-2.496179e-05,-0.0077169862,0.00090015584,5.76076e-06,HOYA-AGF-NZHAGEN-MIRROR,".agf CD coefficients; verify with catalog. term(s) 1,3 carry a non-positive B or C (permitted in multi-pole fits; the n(d) check is authoritative).",,,,,
HOYA-BAFD3,"Non-dispersable (3-term CD gives n(d)=1.87008 vs catalog 1.607171; not a Sellmeier fit) - archived, never evaluated",,2.5175976,0.02306109,9.5025705e-05,-0.006076741,-0.00017487816,-2.030471e-06,HOYA-AGF-NZHAGEN-MIRROR,".agf CD coefficients; verify with catalog. term(s) 1,2,3 carry a non-positive B or C (permitted in multi-pole fits; the n(d) check is authoritative).",,,,,
HOYA-BAFD4,"Non-dispersable (3-term CD gives n(d)=1.90032 vs catalog 1.651278; not a Sellmeier fit) - archived, never evaluated",,2.6563187,0.022987504,-1.7432432e-05,-0.0090904619,0.0008478133,3.7311321e-06,HOYA-AGF-NZHAGEN-MIRROR,".agf CD coefficients; verify with catalog. term(s) 1,3 carry a non-positive B or C (permitted in multi-pole fits; the n(d) check is authoritative).",,,,,
HOYA-BAFD5,"Non-dispersable (3-term CD gives n(d)=1.86222 vs catalog 1.603232; not a Sellmeier fit) - archived, never evaluated",,2.513741,0.018744828,-2.0079376e-05,-0.0091111588,0.00068461022,2.9058663e-06,HOYA-AGF-NZHAGEN-MIRROR,".agf CD coefficients; verify with catalog. term(s) 1,3 carry a non-positive B or C (permitted in multi-pole fits; the n(d) check is authoritative).",,,,,
HOYA-BAFD6,"Non-dispersable (3-term CD gives n(d)=1.91582 vs catalog 1.66755; not a Sellmeier fit) - archived, never evaluated",,2.7117189,0.02364145,4.3247836e-05,-0.008485142,0.00028281035,4.3130544e-07,HOYA-AGF-NZHAGEN-MIRROR,.agf CD coefficients; verify with catalog. term(s) 1 carry a non-positive B or C (permitted in multi-pole fits; the n(d) check is authoritative).,,,,,
HOYA-BAFD10,"Non-dispersable (3-term CD gives n(d)=1.90233 vs catalog 1.650157; not a Sellmeier fit) - archived, never evaluated",,2.6521655,0.023726622,9.8103531e-06,-0.0075962197,0.000514341,2.7725345e-06,HOYA-AGF-NZHAGEN-MIRROR,.agf CD coefficients; verify with catalog. term(s) 1 carry a non-positive B or C (permitted in multi-pole fits; the n(d) check is authoritative).,,,,,
HOYA-BAFD14,"Non-dispersable (3-term CD gives n(d)=1.93743 vs catalog 1.699678; not a Sellmeier fit) - archived, never evaluated",,2.8034419,0.027600636,-4.2256185e-05,-0.0098101664,0.0011151895,8.1312173e-06,HOYA-AGF-NZHAGEN-MIRROR,".agf CD coefficients; verify with catalog. term(s) 1,3 carry a non-positive B or C (permitted in multi-pole fits; the n(d) check is authoritative).",,,,,
HOYA-BAFD15,"Non-dispersable (3-term CD gives n(d)=1.93942 vs catalog 1.701999; not a Sellmeier fit) - archived, never evaluated",,2.820547,0.02621635,4.6765e-05,-0.01078982,0.0003405871,6.60304e-07,HOYA-AGF-NZHAGEN-MIRROR,.agf CD coefficients; verify with catalog. term(s) 1 carry a non-positive B or C (permitted in multi-pole fits; the n(d) check is authoritative).,,,,,
HOYA-BAFD16,"Non-dispersable (3-term CD gives n(d)=1.85510 vs catalog 1.6; not a Sellmeier fit) - archived, never evaluated",,2.5067094,0.017316998,-7.9971836e-05,-0.011763273,0.0010266348,7.4048597e-06,HOYA-AGF-NZHAGEN-MIRROR,".agf CD coefficients; verify with catalog. term(s) 1,3 carry a non-positive B or C (permitted in multi-pole fits; the n(d) check is authoritative).",,,,,
HOYA-BAFL2,"Non-dispersable (3-term CD gives n(d)=1.84082 vs catalog 1.570989; not a Sellmeier fit) - archived, never evaluated",,2.4218746,0.016313823,3.4182539e-05,-0.0072189323,7.2901726e-05,-1.0482404e-06,HOYA-AGF-NZHAGEN-MIRROR,".agf CD coefficients; verify with catalog. term(s) 1,3 carry a non-positive B or C (permitted in multi-pole fits; the n(d) check is authoritative).",,,,,
HOYA-BAFL3,"Non-dispersable (3-term CD gives n(d)=1.83935 vs catalog 1.571348; not a Sellmeier fit) - archived, never evaluated",,2.4271532,0.014112087,-4.37301e-05,-0.0084582748,0.0005828027,2.7986832e-06,HOYA-AGF-NZHAGEN-MIRROR,".agf CD coefficients; verify with catalog. term(s) 1,3 carry a non-positive B or C (permitted in multi-pole fits; the n(d) check is authoritative).",,,,,
HOYA-BAFL4,"Non-dispersable (3-term CD gives n(d)=1.84646 vs catalog 1.579572; not a Sellmeier fit) - archived, never evaluated",,2.4516489,0.015080705,-1.4477165e-05,-0.0082668819,0.00033506162,1.5628088e-06,HOYA-AGF-NZHAGEN-MIRROR,".agf CD coefficients; verify with catalog. term(s) 1,3 carry a non-positive B or C (permitted in multi-pole fits; the n(d) check is authoritative).",,,,,
HOYA-BAFL6,"Non-dispersable (3-term CD gives n(d)=1.84690 vs catalog 1.589036; not a Sellmeier fit) - archived, never evaluated",,2.4881947,0.010001444,-0.00025297331,-0.012505699,0.002071253,1.3595414e-05,HOYA-AGF-NZHAGEN-MIRROR,".agf CD coefficients; verify with catalog. term(s) 1,3 carry a non-positive B or C (permitted in multi-pole fits; the n(d) check is authoritative).",,,,,
HOYA-BSC1,"Non-dispersable (3-term CD gives n(d)=1.79045 vs catalog 1.510091; not a Sellmeier fit) - archived, never evaluated",,2.2502594,0.011271736,1.6760618e-05,-0.0087843306,1.5917091e-05,-6.2013878e-07,HOYA-AGF-NZHAGEN-MIRROR,".agf CD coefficients; verify with catalog. term(s) 1,3 carry a non-positive B or C (permitted in multi-pole fits; the n(d) check is authoritative).",,,,,
HOYA-BSC3,"Non-dispersable (3-term CD gives n(d)=1.77846 vs catalog 1.498309; not a Sellmeier fit) - archived, never evaluated",,2.2184621,0.0098211065,-1.7796854e-05,-0.010480003,0.00023795415,1.0475444e-06,HOYA-AGF-NZHAGEN-MIRROR,".agf CD coefficients; verify with catalog. term(s) 1,3 carry a non-positive B or C (permitted in multi-pole fits; the n(d) check is authoritative).",,,,,
HOYA-BSC4,"Non-dispersable (3-term CD gives n(d)=1.78017 vs catalog 1.50048; not a Sellmeier fit) - archived, never evaluated",,2.2254462,0.0096559903,-1.178192e-05,-0.010567407,0.00022846812,5.9114377e-07,HOYA-AGF-NZHAGEN-MIRROR,".agf CD coefficients; verify with catalog. term(s) 1,3 carry a non-positive B or C (permitted in multi-pole fits; the n(d) check is authoritative).",,,,,
HOYA-BSC6,"Non-dispersable (3-term CD gives n(d)=1.80633 vs catalog 1.531128; not a Sellmeier fit) - archived, never evaluated",,2.3128326,0.011220011,-2.5007986e-05,-0.0093860423,0.00032906568,1.5189462e-06,HOYA-AGF-NZHAGEN-MIRROR,".agf CD coefficients; verify with catalog. term(s) 1,3 carry a non-positive B or C (permitted in multi-pole fits; the n(d) check is authoritative).",,,,,
HOYA-C2,"Non-dispersable (3-term CD gives n(d)=1.79429 vs catalog 1.51602; not a Sellmeier fit) - archived, never evaluated",,2.2651705,0.011557056,-2.2927434e-05,-0.008951295,0.00038238194,1.5350398e-06,HOYA-AGF-NZHAGEN-MIRROR,".agf CD coefficients; verify with catalog. term(s) 1,3 carry a non-positive B or C (permitted in multi-pole fits; the n(d) check is authoritative).",,,,,
HOYA-C3,"Non-dispersable (3-term CD gives n(d)=1.79537 vs catalog 1.518234; not a Sellmeier fit) - archived, never evaluated",,2.274317,0.01036348,-5.14678e-05,-0.009563428,0.0006035164,2.65072e-06,HOYA-AGF-NZHAGEN-MIRROR,".agf CD coefficients; verify with catalog. term(s) 1,3 carry a non-positive B or C (permitted in multi-pole fits; the n(d) check is authoritative).",,,,,
HOYA-C5,"Non-dispersable (3-term CD gives n(d)=1.80041 vs catalog 1.522488; not a Sellmeier fit) - archived, never evaluated",,2.2853061,0.011591291,-2.0119933e-06,-0.0085848061,0.00025101985,-8.5092397e-08,HOYA-AGF-NZHAGEN-MIRROR,".agf CD coefficients; verify with catalog. term(s) 1,3 carry a non-positive B or C (permitted in multi-pole fits; the n(d) check is authoritative).",,,,,
HOYA-C7,"Non-dispersable (3-term CD gives n(d)=1.79229 vs catalog 1.511122; not a Sellmeier fit) - archived, never evaluated",,2.251356,0.01161681,-3.1524929e-06,-0.0079494605,0.00015150006,4.8412686e-07,HOYA-AGF-NZHAGEN-MIRROR,".agf CD coefficients; verify with catalog. term(s) 1,3 carry a non-positive B or C (permitted in multi-pole fits; the n(d) check is authoritative).",,,,,
HOYA-C10,"Non-dispersable (3-term CD gives n(d)=1.78032 vs catalog 1.50137; not a Sellmeier fit) - archived, never evaluated",,2.2249782,0.0094260408,-7.4517678e-05,-0.010359114,0.0008284716,3.7903933e-06,HOYA-AGF-NZHAGEN-MIRROR,".agf CD coefficients; verify with catalog. term(s) 1,3 carry a non-positive B or C (permitted in multi-pole fits; the n(d) check is authoritative).",,,,,
HOYA-C12,"Non-dispersable (3-term CD gives n(d)=1.79963 vs catalog 1.523073; not a Sellmeier fit) - archived, never evaluated",,2.2877828,0.010986443,-3.3944738e-05,-0.0093148723,0.00048465203,1.6958554e-06,HOYA-AGF-NZHAGEN-MIRROR,".agf CD coefficients; verify with catalog. term(s) 1,3 carry a non-positive B or C (permitted in multi-pole fits; the n(d) check is authoritative).",,,,,
HOYA-C40,"Non-dispersable (3-term CD gives n(d)=1.80084 vs catalog 1.523; not a Sellmeier fit) - archived, never evaluated",,2.2865211,0.012157863,2.0475887e-05,-0.0086199857,4.0578491e-05,-1.0004125e-06,HOYA-AGF-NZHAGEN-MIRROR,".agf CD coefficients; verify with catalog. term(s) 1,3 carry a non-positive B or C (permitted in multi-pole fits; the n(d) check is authoritative).",,,,,
HOYA-CF2,"Non-dispersable (3-term CD gives n(d)=1.80350 vs catalog 1.526296; not a Sellmeier fit) - archived, never evaluated",,2.2898003,0.013885626,-5.309901e-06,-0.0078780704,0.0002773272,1.1417842e-06,HOYA-AGF-NZHAGEN-MIRROR,".agf CD coefficients; verify with catalog. term(s) 1,3 carry a non-positive B or C (permitted in multi-pole fits; the n(d) check is authoritative).",,,,,
HOYA-CF3,"Non-dispersable (3-term CD gives n(d)=1.79446 vs catalog 1.51454; not a Sellmeier fit) - archived, never evaluated",,2.2576017,0.013139831,2.8044875e-05,-0.0079289575,3.4481283e-05,-9.363404e-07,HOYA-AGF-NZHAGEN-MIRROR,".agf CD coefficients; verify with catalog. term(s) 1,3 carry a non-positive B or C (permitted in multi-pole fits; the n(d) check is authoritative).",,,,,
HOYA-CF4,"Non-dispersable (3-term CD gives n(d)=1.80954 vs catalog 1.533577; not a Sellmeier fit) - archived, never evaluated",,2.3111315,0.014678293,4.4390923e-05,-0.0078588945,-3.4176117e-06,-1.816904e-06,HOYA-AGF-NZHAGEN-MIRROR,".agf CD coefficients; verify with catalog. term(s) 1,2,3 carry a non-positive B or C (permitted in multi-pole fits; the n(d) check is authoritative).",,,,,
HOYA-CF5,"Non-dispersable (3-term CD gives n(d)=1.80030 vs catalog 1.5231; not a Sellmeier fit) - archived, never evaluated",,2.2805282,0.013972658,2.1493375e-05,-0.0082883965,0.00014315318,-4.4079002e-07,HOYA-AGF-NZHAGEN-MIRROR,".agf CD coefficients; verify with catalog. term(s) 1,3 carry a non-positive B or C (permitted in multi-pole fits; the n(d) check is authoritative).",,,,,
HOYA-CF6,"Non-dispersable (3-term CD gives n(d)=1.79610 vs catalog 1.517419; not a Sellmeier fit) - archived, never evaluated",,2.264642,0.01354901,2.01785e-05,-0.0081515,0.0001218659,-3.83897e-07,HOYA-AGF-NZHAGEN-MIRROR,".agf CD coefficients; verify with catalog. term(s) 1,3 carry a non-positive B or C (permitted in multi-pole fits; the n(d) check is authoritative).",,,,,
HOYA-E-FL6-MOLD0,"Non-dispersable (3-term CD gives n(d)=1.83063 vs catalog 1.56732; not a Sellmeier fit) - archived, never evaluated",,2.408033,0.01547841,-8.33859e-05,-0.01068335,0.001054845,6.93227e-06,HOYA-AGF-NZHAGEN-MIRROR,".agf CD coefficients; verify with catalog. term(s) 1,3 carry a non-positive B or C (permitted in multi-pole fits; the n(d) check is authoritative).",,,,,
HOYA-F1,"Non-dispersable (3-term CD gives n(d)=1.87705 vs catalog 1.62588; not a Sellmeier fit) - archived, never evaluated",,2.574663,0.0212582,-0.000125658,-0.01001559,0.00155198,1.04556e-05,HOYA-AGF-NZHAGEN-MIRROR,".agf CD coefficients; verify with catalog. term(s) 1,3 carry a non-positive B or C (permitted in multi-pole fits; the n(d) check is authoritative).",,,,,
HOYA-F2,"Non-dispersable (3-term CD gives n(d)=1.87684 vs catalog 1.62004; not a Sellmeier fit) - archived, never evaluated",,2.55283,0.02412997,4.12449e-05,-0.007532548,0.0003950327,1.24639e-06,HOYA-AGF-NZHAGEN-MIRROR,.agf CD coefficients; verify with catalog. term(s) 1 carry a non-positive B or C (permitted in multi-pole fits; the n(d) check is authoritative).,,,,,
HOYA-F3,"Non-dispersable (3-term CD gives n(d)=1.87051 vs catalog 1.612929; not a Sellmeier fit) - archived, never evaluated",,2.532847,0.02304341,2.50005e-05,-0.007969944,0.0004705096,1.98988e-06,HOYA-AGF-NZHAGEN-MIRROR,.agf CD coefficients; verify with catalog. term(s) 1 carry a non-positive B or C (permitted in multi-pole fits; the n(d) check is authoritative).,,,,,
HOYA-F4,"Non-dispersable (3-term CD gives n(d)=1.87222 vs catalog 1.616589; not a Sellmeier fit) - archived, never evaluated",,2.5449193,0.022415946,-1.195405e-05,-0.0086447716,0.00077643458,3.8257209e-06,HOYA-AGF-NZHAGEN-MIRROR,".agf CD coefficients; verify with catalog. term(s) 1,3 carry a non-positive B or C (permitted in multi-pole fits; the n(d) check is authoritative).",,,,,
HOYA-F5,"Non-dispersable (3-term CD gives n(d)=1.86326 vs catalog 1.603417; not a Sellmeier fit) - archived, never evaluated",,2.505965,0.02157421,-9.51946e-07,-0.007868612,0.0005986797,2.90249e-06,HOYA-AGF-NZHAGEN-MIRROR,".agf CD coefficients; verify with catalog. term(s) 1,3 carry a non-positive B or C (permitted in multi-pole fits; the n(d) check is authoritative).",,,,,
HOYA-F6,"Non-dispersable (3-term CD gives n(d)=1.88592 vs catalog 1.636356; not a Sellmeier fit) - archived, never evaluated",,2.6059282,0.022251891,-0.00011128436,-0.0097349171,0.0015083264,9.7494743e-06,HOYA-AGF-NZHAGEN-MIRROR,".agf CD coefficients; verify with catalog. term(s) 1,3 carry a non-positive B or C (permitted in multi-pole fits; the n(d) check is authoritative).",,,,,
HOYA-F7,"Non-dispersable (3-term CD gives n(d)=1.87707 vs catalog 1.625363; not a Sellmeier fit) - archived, never evaluated",,2.5727732,0.021370727,-0.00010290162,-0.0097636803,0.0014740962,8.9565708e-06,HOYA-AGF-NZHAGEN-MIRROR,".agf CD coefficients; verify with catalog. term(s) 1,3 carry a non-positive B or C (permitted in multi-pole fits; the n(d) check is authoritative).",,,,,
HOYA-F8,"Non-dispersable (3-term CD gives n(d)=1.85781 vs catalog 1.595514; not a Sellmeier fit) - archived, never evaluated",,2.482509,0.02173717,5.38903e-05,-0.007509508,0.0001770888,-1.69805e-07,HOYA-AGF-NZHAGEN-MIRROR,".agf CD coefficients; verify with catalog. term(s) 1,3 carry a non-positive B or C (permitted in multi-pole fits; the n(d) check is authoritative).",,,,,
HOYA-F9,"Non-dispersable (3-term CD gives n(d)=1.87458 vs catalog 1.620446; not a Sellmeier fit) - archived, never evaluated",,2.5593399,0.022253491,5.7602503e-06,-0.009366785,0.00058783629,2.9583845e-06,HOYA-AGF-NZHAGEN-MIRROR,.agf CD coefficients; verify with catalog. term(s) 1 carry a non-positive B or C (permitted in multi-pole fits; the n(d) check is authoritative).,,,,,
HOYA-F11,"Non-dispersable (3-term CD gives n(d)=1.87088 vs catalog 1.620962; not a Sellmeier fit) - archived, never evaluated",,2.5603849,0.021410304,-9.0225552e-05,-0.011362408,0.001249157,1.0651188e-05,HOYA-AGF-NZHAGEN-MIRROR,".agf CD coefficients; verify with catalog. term(s) 1,3 carry a non-positive B or C (permitted in multi-pole fits; the n(d) check is authoritative).",,,,,
HOYA-F15,"Non-dispersable (3-term CD gives n(d)=1.86520 vs catalog 1.605651; not a Sellmeier fit) - archived, never evaluated",,2.5118393,0.022422427,3.1822466e-05,-0.0077804578,0.00037461868,1.3410962e-06,HOYA-AGF-NZHAGEN-MIRROR,.agf CD coefficients; verify with catalog. term(s) 1 carry a non-positive B or C (permitted in multi-pole fits; the n(d) check is authoritative).,,,,,
HOYA-FC1,"Non-dispersable (3-term CD gives n(d)=1.75955 vs catalog 1.470787; not a Sellmeier fit) - archived, never evaluated",,2.1381034,0.0095396034,1.4384294e-05,-0.0085475925,1.5115662e-05,-6.7909318e-07,HOYA-AGF-NZHAGEN-MIRROR,".agf CD coefficients; verify with catalog. term(s) 1,3 carry a non-positive B or C (permitted in multi-pole fits; the n(d) check is authoritative).",,,,,
HOYA-FC3,"Non-dispersable (3-term CD gives n(d)=1.74869 vs catalog 1.464502; not a Sellmeier fit) - archived, never evaluated",,2.1275277,0.0044860639,-0.00016434517,-0.012433999,0.001429459,7.6448653e-06,HOYA-AGF-NZHAGEN-MIRROR,".agf CD coefficients; verify with catalog. term(s) 1,3 carry a non-positive B or C (permitted in multi-pole fits; the n(d) check is authoritative).",,,,,
HOYA-FD1,"Non-dispersable (3-term CD gives n(d)=1.94486 vs catalog 1.71736; not a Sellmeier fit) - archived, never evaluated",,2.850224,0.02951736,-0.000165275,-0.01220209,0.002469948,1.56969e-05,HOYA-AGF-NZHAGEN-MIRROR,".agf CD coefficients; verify with catalog. term(s) 1,3 carry a non-positive B or C (permitted in multi-pole fits; the n(d) check is authoritative).",,,,,
HOYA-FD1-MOLD0,"Non-dispersable (3-term CD gives n(d)=1.94486 vs catalog 1.71736; not a Sellmeier fit) - archived, never evaluated",,2.8502239,0.029517358,-0.00016527538,-0.012202085,0.0024699484,1.5696884e-05,HOYA-AGF-NZHAGEN-MIRROR,".agf CD coefficients; verify with catalog. term(s) 1,3 carry a non-positive B or C (permitted in multi-pole fits; the n(d) check is authoritative).",,,,,
HOYA-FD2,"Non-dispersable (3-term CD gives n(d)=1.89619 vs catalog 1.647693; not a Sellmeier fit) - archived, never evaluated",,2.635616,0.02564478,-1.83048e-05,-0.008839642,0.0009652237,5.55635e-06,HOYA-AGF-NZHAGEN-MIRROR,".agf CD coefficients; verify with catalog. term(s) 1,3 carry a non-positive B or C (permitted in multi-pole fits; the n(d) check is authoritative).",,,,,
HOYA-FD3,"Non-dispersable (3-term CD gives n(d)=1.96583 vs catalog 1.739999; not a Sellmeier fit) - archived, never evaluated",,2.9160432,0.033907872,-0.00013563213,-0.010435647,0.0022728802,1.6527592e-05,HOYA-AGF-NZHAGEN-MIRROR,".agf CD coefficients; verify with catalog. term(s) 1,3 carry a non-positive B or C (permitted in multi-pole fits; the n(d) check is authoritative).",,,,,
HOYA-FD4,"Non-dispersable (3-term CD gives n(d)=1.97226 vs catalog 1.755199; not a Sellmeier fit) - archived, never evaluated",,2.9684662,0.031754355,-0.00033919378,-0.013339731,0.0037037179,2.9109763e-05,HOYA-AGF-NZHAGEN-MIRROR,".agf CD coefficients; verify with catalog. term(s) 1,3 carry a non-positive B or C (permitted in multi-pole fits; the n(d) check is authoritative).",,,,,
HOYA-FD4-MOLD0,"Non-dispersable (3-term CD gives n(d)=1.97226 vs catalog 1.755199; not a Sellmeier fit) - archived, never evaluated",,2.968466,0.03175436,-0.000339194,-0.01333973,0.003703718,2.91098e-05,HOYA-AGF-NZHAGEN-MIRROR,".agf CD coefficients; verify with catalog. term(s) 1,3 carry a non-positive B or C (permitted in multi-pole fits; the n(d) check is authoritative).",,,,,
HOYA-FD5,"Non-dispersable (3-term CD gives n(d)=1.91613 vs catalog 1.672701; not a Sellmeier fit) - archived, never evaluated",,2.709896,0.0281271,-3.26411e-05,-0.008692797,0.001173331,7.23644e-06,HOYA-AGF-NZHAGEN-MIRROR,".agf CD coefficients; verify with catalog. term(s) 1,3 carry a non-positive B or C (permitted in multi-pole fits; the n(d) check is authoritative).",,,,,
HOYA-FD6,"Non-dispersable (3-term CD gives n(d)=2.01447 vs catalog 1.805184; not a Sellmeier fit) - archived, never evaluated",,3.121598,0.04008587,-0.000258404,-0.01187174,0.003498814,2.84153e-05,HOYA-AGF-NZHAGEN-MIRROR,".agf CD coefficients; verify with catalog. term(s) 1,3 carry a non-positive B or C (permitted in multi-pole fits; the n(d) check is authoritative).",,,,,
HOYA-FD7,"Non-dispersable (3-term CD gives n(d)=1.88828 vs catalog 1.639803; not a Sellmeier fit) - archived, never evaluated",,2.614548,0.02360509,-5.41556e-05,-0.009860669,0.001225611,6.63849e-06,HOYA-AGF-NZHAGEN-MIRROR,".agf CD coefficients; verify with catalog. term(s) 1,3 carry a non-positive B or C (permitted in multi-pole fits; the n(d) check is authoritative).",,,,,
HOYA-FD8,"Non-dispersable (3-term CD gives n(d)=1.92906 vs catalog 1.688931; not a Sellmeier fit) - archived, never evaluated",,2.757781,0.0305392,-1.17465e-06,-0.008616038,0.001049287,6.31118e-06,HOYA-AGF-NZHAGEN-MIRROR,".agf CD coefficients; verify with catalog. term(s) 1,3 carry a non-positive B or C (permitted in multi-pole fits; the n(d) check is authoritative).",,,,,
HOYA-FD9,"Non-dispersable (3-term CD gives n(d)=1.90078 vs catalog 1.654462; not a Sellmeier fit) - archived, never evaluated",,2.6574423,0.025365514,-5.605129e-05,-0.0093256112,0.0012368133,7.5470043e-06,HOYA-AGF-NZHAGEN-MIRROR,".agf CD coefficients; verify with catalog. term(s) 1,3 carry a non-positive B or C (permitted in multi-pole fits; the n(d) check is authoritative).",,,,,
HOYA-FD10,"Non-dispersable (3-term CD gives n(d)=1.95852 vs catalog 1.728252; not a Sellmeier fit) - archived, never evaluated",,2.875262,0.03528912,-4.86516e-05,-0.009230412,0.001522485,1.37408e-05,HOYA-AGF-NZHAGEN-MIRROR,".agf CD coefficients; verify with catalog. term(s) 1,3 carry a non-positive B or C (permitted in multi-pole fits; the n(d) check is authoritative).",,,,,
HOYA-FD10-MOLD0,"Non-dispersable (3-term CD gives n(d)=1.95852 vs catalog 1.728252; not a Sellmeier fit) - archived, never evaluated",,2.8752625,0.035289119,-4.8651573e-05,-0.0092304119,0.0015224853,1.3740761e-05,HOYA-AGF-NZHAGEN-MIRROR,".agf CD coefficients; verify with catalog. term(s) 1,3 carry a non-positive B or C (permitted in multi-pole fits; the n(d) check is authoritative).",,,,,
HOYA-FD11,"Non-dispersable (3-term CD gives n(d)=1.97547 vs catalog 1.784715; not a Sellmeier fit) - archived, never evaluated",,3.080052,0.01946088,-0.001244777,-0.02351116,0.009651066,8.77739e-05,HOYA-AGF-NZHAGEN-MIRROR,".agf CD coefficients; verify with catalog. term(s) 1,3 carry a non-positive B or C (permitted in multi-pole fits; the n(d) check is authoritative).",,,,,
HOYA-FD12,"Non-dispersable (3-term CD gives n(d)=1.89420 vs catalog 1.648308; not a Sellmeier fit) - archived, never evaluated",,2.6402667,0.023809344,-9.5891265e-05,-0.010247511,0.0015348934,9.5839144e-06,HOYA-AGF-NZHAGEN-MIRROR,".agf CD coefficients; verify with catalog. term(s) 1,3 carry a non-positive B or C (permitted in multi-pole fits; the n(d) check is authoritative).",,,,,
HOYA-FD13,"Non-dispersable (3-term CD gives n(d)=1.98223 vs catalog 1.740774; not a Sellmeier fit) - archived, never evaluated",,2.898778,0.0476657,0.000503405,-0.002090657,-0.002012197,-1.68061e-05,HOYA-AGF-NZHAGEN-MIRROR,".agf CD coefficients; verify with catalog. term(s) 1,2,3 carry a non-positive B or C (permitted in multi-pole fits; the n(d) check is authoritative).",,,,,
HOYA-FD14,"Non-dispersable (3-term CD gives n(d)=1.99139 vs catalog 1.761823; not a Sellmeier fit) - archived, never evaluated",,2.971092,0.04411579,0.000167291,-0.005884906,0.0003323883,4.52762e-06,HOYA-AGF-NZHAGEN-MIRROR,.agf CD coefficients; verify with catalog. term(s) 1 carry a non-positive B or C (permitted in multi-pole fits; the n(d) check is authoritative).,,,,,
HOYA-FD15,"Non-dispersable (3-term CD gives n(d)=1.92989 vs catalog 1.698945; not a Sellmeier fit) - archived, never evaluated",,2.7936294,0.027263133,-0.00021513781,-0.012343491,0.0026133026,1.95551e-05,HOYA-AGF-NZHAGEN-MIRROR,".agf CD coefficients; verify with catalog. term(s) 1,3 carry a non-positive B or C (permitted in multi-pole fits; the n(d) check is authoritative).",,,,,
HOYA-FD15-MOLD0,"Non-dispersable (3-term CD gives n(d)=1.92989 vs catalog 1.698945; not a Sellmeier fit) - archived, never evaluated",,2.793629,0.02726313,-0.000215138,-0.01234349,0.002613303,1.95551e-05,HOYA-AGF-NZHAGEN-MIRROR,".agf CD coefficients; verify with catalog. term(s) 1,3 carry a non-positive B or C (permitted in multi-pole fits; the n(d) check is authoritative).",,,,,
HOYA-FD18,"Non-dispersable (3-term CD gives n(d)=1.95129 vs catalog 1.721507; not a Sellmeier fit) - archived, never evaluated",,2.8593768,0.032078181,-0.0001041701,-0.010452082,0.0019645419,1.3440671e-05,HOYA-AGF-NZHAGEN-MIRROR,".agf CD coefficients; verify with catalog. term(s) 1,3 carry a non-positive B or C (permitted in multi-pole fits; the n(d) check is authoritative).",,,,,
HOYA-FD19,"Non-dispersable (3-term CD gives n(d)=1.90895 vs catalog 1.666797; not a Sellmeier fit) - archived, never evaluated",,2.6970247,0.02472335,-0.00013072605,-0.010234979,0.001842407,1.1719483e-05,HOYA-AGF-NZHAGEN-MIRROR,".agf CD coefficients; verify with catalog. term(s) 1,3 carry a non-positive B or C (permitted in multi-pole fits; the n(d) check is authoritative).",,,,,
HOYA-FD20,"Non-dispersable (3-term CD gives n(d)=1.95671 vs catalog 1.720225; not a Sellmeier fit) - archived, never evaluated",,2.848043,0.037219067,0.00012767696,-0.0070130368,0.00029744822,2.0143407e-06,HOYA-AGF-NZHAGEN-MIRROR,.agf CD coefficients; verify with catalog. term(s) 1 carry a non-positive B or C (permitted in multi-pole fits; the n(d) check is authoritative).,,,,,
HOYA-FD41,"Non-dispersable (3-term CD gives n(d)=1.97172 vs catalog 1.750839; not a Sellmeier fit) - archived, never evaluated",,2.9524118,0.03263889,-0.0002922968,-0.011778361,0.0033126644,2.6369669e-05,HOYA-AGF-NZHAGEN-MIRROR,".agf CD coefficients; verify with catalog. term(s) 1,3 carry a non-positive B or C (permitted in multi-pole fits; the n(d) check is authoritative).",,,,,
HOYA-FDS1,"Non-dispersable (3-term CD gives n(d)=2.10655 vs catalog 1.922859; not a Sellmeier fit) - archived, never evaluated",,3.493736,0.05835769,-0.000399306,-0.01175716,0.005308044,5.45179e-05,HOYA-AGF-NZHAGEN-MIRROR,".agf CD coefficients; verify with catalog. term(s) 1,3 carry a non-positive B or C (permitted in multi-pole fits; the n(d) check is authoritative).",,,,,
HOYA-FDS2,"Non-dispersable (3-term CD gives n(d)=1.95565 vs catalog 1.7283; not a Sellmeier fit) - archived, never evaluated",,2.880398,0.032350025,-0.00014065201,-0.010913678,0.002257275,1.6519655e-05,HOYA-AGF-NZHAGEN-MIRROR,".agf CD coefficients; verify with catalog. term(s) 1,3 carry a non-positive B or C (permitted in multi-pole fits; the n(d) check is authoritative).",,,,,
HOYA-FDS3,"Non-dispersable (3-term CD gives n(d)=2.01014 vs catalog 1.7847; not a Sellmeier fit) - archived, never evaluated",,3.0431621,0.047368242,0.00022327734,-0.0057819558,0.00015443519,8.229941e-07,HOYA-AGF-NZHAGEN-MIRROR,.agf CD coefficients; verify with catalog. term(s) 1 carry a non-positive B or C (permitted in multi-pole fits; the n(d) check is authoritative).,,,,,
HOYA-FDS5,"Non-dispersable (3-term CD gives n(d)=1.97866 vs catalog 1.761804; not a Sellmeier fit) - archived, never evaluated",,2.9865468,0.033470797,-0.00033320909,-0.012575353,0.0036625859,3.0706006e-05,HOYA-AGF-NZHAGEN-MIRROR,".agf CD coefficients; verify with catalog. term(s) 1,3 carry a non-positive B or C (permitted in multi-pole fits; the n(d) check is authoritative).",,,,,
HOYA-FDS9,"Non-dispersable (3-term CD gives n(d)=2.04093 vs catalog 1.846658; not a Sellmeier fit) - archived, never evaluated",,3.258755,0.04138069,-0.000490912,-0.014909,0.005413959,4.51388e-05,HOYA-AGF-NZHAGEN-MIRROR,".agf CD coefficients; verify with catalog. term(s) 1,3 carry a non-positive B or C (permitted in multi-pole fits; the n(d) check is authoritative).",,,,,
HOYA-FDS30,"Non-dispersable (3-term CD gives n(d)=1.99245 vs catalog 1.784701; not a Sellmeier fit) - archived, never evaluated",,3.062548,0.03398497,-0.000414093,-0.01490076,0.004362238,3.9427e-05,HOYA-AGF-NZHAGEN-MIRROR,".agf CD coefficients; verify with catalog. term(s) 1,3 carry a non-positive B or C (permitted in multi-pole fits; the n(d) check is authoritative).",,,,,
HOYA-FEL1,"Non-dispersable (3-term CD gives n(d)=1.81875 vs catalog 1.548136; not a Sellmeier fit) - archived, never evaluated",,2.351655,0.01477396,-5.96261e-05,-0.00881526,0.0007687919,4.52894e-06,HOYA-AGF-NZHAGEN-MIRROR,".agf CD coefficients; verify with catalog. term(s) 1,3 carry a non-positive B or C (permitted in multi-pole fits; the n(d) check is authoritative).",,,,,
HOYA-FEL2,"Non-dispersable (3-term CD gives n(d)=1.81457 vs catalog 1.540718; not a Sellmeier fit) - archived, never evaluated",,2.328743,0.01576385,1.80029e-05,-0.00786798,0.0001979424,3.65335e-07,HOYA-AGF-NZHAGEN-MIRROR,.agf CD coefficients; verify with catalog. term(s) 1 carry a non-positive B or C (permitted in multi-pole fits; the n(d) check is authoritative).,,,,,
HOYA-FEL3,"Non-dispersable (3-term CD gives n(d)=1.82567 vs catalog 1.560125; not a Sellmeier fit) - archived, never evaluated",,2.3917789,0.013123543,-0.00010930097,-0.010682021,0.0012012044,6.5674835e-06,HOYA-AGF-NZHAGEN-MIRROR,".agf CD coefficients; verify with catalog. term(s) 1,3 carry a non-positive B or C (permitted in multi-pole fits; the n(d) check is authoritative).",,,,,
HOYA-FEL4,"Non-dispersable (3-term CD gives n(d)=1.83037 vs catalog 1.561379; not a Sellmeier fit) - archived, never evaluated",,2.3887225,0.016972712,1.8203398e-05,-0.0082067932,0.00028385444,3.8892361e-07,HOYA-AGF-NZHAGEN-MIRROR,.agf CD coefficients; verify with catalog. term(s) 1 carry a non-positive B or C (permitted in multi-pole fits; the n(d) check is authoritative).,,,,,
HOYA-FEL6,"Non-dispersable (3-term CD gives n(d)=1.80761 vs catalog 1.53172; not a Sellmeier fit) - archived, never evaluated",,2.304031,0.0144322,-2.64598e-05,-0.007818363,0.0004145524,2.76666e-06,HOYA-AGF-NZHAGEN-MIRROR,".agf CD coefficients; verify with catalog. term(s) 1,3 carry a non-positive B or C (permitted in multi-pole fits; the n(d) check is authoritative).",,,,,
HOYA-FEL7,"Non-dispersable (3-term CD gives n(d)=1.81956 vs catalog 1.54883; not a Sellmeier fit) - archived, never evaluated",,2.3528165,0.015306214,-4.0905879e-05,-0.008620978,0.00064827398,3.5765663e-06,HOYA-AGF-NZHAGEN-MIRROR,".agf CD coefficients; verify with catalog. term(s) 1,3 carry a non-positive B or C (permitted in multi-pole fits; the n(d) check is authoritative).",,,,,
HOYA-FF1,"Non-dispersable (3-term CD gives n(d)=1.78830 vs catalog 1.511179; not a Sellmeier fit) - archived, never evaluated",,2.2491335,0.011361632,-5.794502e-05,-0.0098579126,0.00073099301,4.1907918e-06,HOYA-AGF-NZHAGEN-MIRROR,".agf CD coefficients; verify with catalog. term(s) 1,3 carry a non-positive B or C (permitted in multi-pole fits; the n(d) check is authoritative).",,,,,
HOYA-FF2,"Non-dispersable (3-term CD gives n(d)=1.80631 vs catalog 1.532561; not a Sellmeier fit) - archived, never evaluated",,2.3047586,0.015393292,1.8581672e-05,-0.0088241284,0.00022232022,1.7722949e-06,HOYA-AGF-NZHAGEN-MIRROR,.agf CD coefficients; verify with catalog. term(s) 1 carry a non-positive B or C (permitted in multi-pole fits; the n(d) check is authoritative).,,,,,
HOYA-FL1,"Non-dispersable (3-term CD gives n(d)=1.83245 vs catalog 1.573091; not a Sellmeier fit) - archived, never evaluated",,2.4293352,0.012736319,-0.000195762,-0.012379494,0.0019819744,1.1195344e-05,HOYA-AGF-NZHAGEN-MIRROR,".agf CD coefficients; verify with catalog. term(s) 1,3 carry a non-positive B or C (permitted in multi-pole fits; the n(d) check is authoritative).",,,,,
HOYA-FL3,"Non-dispersable (3-term CD gives n(d)=1.84431 vs catalog 1.58215; not a Sellmeier fit) - archived, never evaluated",,2.4499183,0.017383272,-4.4081385e-05,-0.0095318121,0.00083405435,4.1509931e-06,HOYA-AGF-NZHAGEN-MIRROR,".agf CD coefficients; verify with catalog. term(s) 1,3 carry a non-positive B or C (permitted in multi-pole fits; the n(d) check is authoritative).",,,,,
HOYA-FL4,"Non-dispersable (3-term CD gives n(d)=1.84072 vs catalog 1.578447; not a Sellmeier fit) - archived, never evaluated",,2.4387394,0.01687399,-8.8570114e-05,-0.0098037764,0.001064172,6.9206639e-06,HOYA-AGF-NZHAGEN-MIRROR,".agf CD coefficients; verify with catalog. term(s) 1,3 carry a non-positive B or C (permitted in multi-pole fits; the n(d) check is authoritative).",,,,,
HOYA-FL5,"Non-dispersable (3-term CD gives n(d)=1.84546 vs catalog 1.581437; not a Sellmeier fit) - archived, never evaluated",,2.444194,0.01904736,3.65765e-06,-0.008324562,0.0005045564,1.79355e-06,HOYA-AGF-NZHAGEN-MIRROR,.agf CD coefficients; verify with catalog. term(s) 1 carry a non-positive B or C (permitted in multi-pole fits; the n(d) check is authoritative).,,,,,
HOYA-FL6,"Non-dispersable (3-term CD gives n(d)=1.83422 vs catalog 1.567324; not a Sellmeier fit) - archived, never evaluated",,2.404009,0.0179652,1.31037e-05,-0.0084797,0.0003553955,1.19537e-06,HOYA-AGF-NZHAGEN-MIRROR,.agf CD coefficients; verify with catalog. term(s) 1 carry a non-positive B or C (permitted in multi-pole fits; the n(d) check is authoritative).,,,,,
HOYA-FL7,"Non-dispersable (3-term CD gives n(d)=1.84248 vs catalog 1.57501; not a Sellmeier fit) - archived, never evaluated",,2.4234279,0.01983986,4.3266859e-05,-0.0070664282,0.00013686194,1.3880317e-08,HOYA-AGF-NZHAGEN-MIRROR,.agf CD coefficients; verify with catalog. term(s) 1 carry a non-positive B or C (permitted in multi-pole fits; the n(d) check is authoritative).,,,,,
HOYA-FL57,"Non-dispersable (3-term CD gives n(d)=1.84187 vs catalog 1.576163; not a Sellmeier fit) - archived, never evaluated",,2.4280674,0.01931393,3.7628038e-05,-0.0079954051,0.00025443035,-1.4911458e-07,HOYA-AGF-NZHAGEN-MIRROR,".agf CD coefficients; verify with catalog. term(s) 1,3 carry a non-positive B or C (permitted in multi-pole fits; the n(d) check is authoritative).",,,,,
HOYA-LAC6,"Non-dispersable (3-term CD gives n(d)=1.88937 vs catalog 1.642498; not a Sellmeier fit) - archived, never evaluated",,2.6561981,0.013897575,-0.00010029633,-0.013549986,0.00096270799,5.4414379e-06,HOYA-AGF-NZHAGEN-MIRROR,".agf CD coefficients; verify with catalog. term(s) 1,3 carry a non-positive B or C (permitted in multi-pole fits; the n(d) check is authoritative).",,,,,
HOYA-LAC11,"Non-dispersable (3-term CD gives n(d)=1.90546 vs catalog 1.658296; not a Sellmeier fit) - archived, never evaluated",,2.7020716,0.017265776,3.3571962e-07,-0.01169988,0.00022167824,4.7730342e-07,HOYA-AGF-NZHAGEN-MIRROR,.agf CD coefficients; verify with catalog. term(s) 1 carry a non-positive B or C (permitted in multi-pole fits; the n(d) check is authoritative).,,,,,
HOYA-LAC15,"Non-dispersable (3-term CD gives n(d)=1.93066 vs catalog 1.6968; not a Sellmeier fit) - archived, never evaluated",,2.8294673,0.017303551,-5.7800793e-05,-0.015198605,0.00071009695,3.3339142e-06,HOYA-AGF-NZHAGEN-MIRROR,".agf CD coefficients; verify with catalog. term(s) 1,3 carry a non-positive B or C (permitted in multi-pole fits; the n(d) check is authoritative).",,,,,
HOYA-LACL1,"Non-dispersable (3-term CD gives n(d)=1.89016 vs catalog 1.640851; not a Sellmeier fit) - archived, never evaluated",,2.6475841,0.015713584,-4.03019e-05,-0.012231817,0.00051271652,2.7476766e-06,HOYA-AGF-NZHAGEN-MIRROR,".agf CD coefficients; verify with catalog. term(s) 1,3 carry a non-positive B or C (permitted in multi-pole fits; the n(d) check is authoritative).",,,,,
HOYA-LACL2,"Non-dispersable (3-term CD gives n(d)=1.90153 vs catalog 1.650201; not a Sellmeier fit) - archived, never evaluated",,2.67367,0.01777524,2.08156e-05,-0.01005712,0.0001207239,-5.89403e-07,HOYA-AGF-NZHAGEN-MIRROR,".agf CD coefficients; verify with catalog. term(s) 1,3 carry a non-positive B or C (permitted in multi-pole fits; the n(d) check is authoritative).",,,,,
HOYA-LACL3,"Non-dispersable (3-term CD gives n(d)=1.91352 vs catalog 1.664798; not a Sellmeier fit) - archived, never evaluated",,2.7172727,0.019635177,3.8884585e-05,-0.0098550003,-9.8257969e-06,-8.0974912e-07,HOYA-AGF-NZHAGEN-MIRROR,".agf CD coefficients; verify with catalog. term(s) 1,2,3 carry a non-positive B or C (permitted in multi-pole fits; the n(d) check is authoritative).",,,,,
HOYA-LACL4,"Non-dispersable (3-term CD gives n(d)=1.92233 vs catalog 1.669603; not a Sellmeier fit) - archived, never evaluated",,2.7252781,0.023823214,0.00014557274,-0.0069589323,-0.00089041142,-5.3564293e-06,HOYA-AGF-NZHAGEN-MIRROR,".agf CD coefficients; verify with catalog. term(s) 1,2,3 carry a non-positive B or C (permitted in multi-pole fits; the n(d) check is authoritative).",,,,,
HOYA-LACL5,"Non-dispersable (3-term CD gives n(d)=1.93979 vs catalog 1.693503; not a Sellmeier fit) - archived, never evaluated",,2.805524,0.02207988,2.08856e-05,-0.008168394,8.941905e-05,4.52597e-07,HOYA-AGF-NZHAGEN-MIRROR,.agf CD coefficients; verify with catalog. term(s) 1 carry a non-positive B or C (permitted in multi-pole fits; the n(d) check is authoritative).,,,,,
HOYA-LACL6,"Non-dispersable (3-term CD gives n(d)=1.88927 vs catalog 1.640003; not a Sellmeier fit) - archived, never evaluated",,2.64796,0.014669895,-4.6413407e-05,-0.012602603,0.00053000747,2.6785061e-06,HOYA-AGF-NZHAGEN-MIRROR,".agf CD coefficients; verify with catalog. term(s) 1,3 carry a non-positive B or C (permitted in multi-pole fits; the n(d) check is authoritative).",,,,,
HOYA-LACL7,"Non-dispersable (3-term CD gives n(d)=1.91023 vs catalog 1.669996; not a Sellmeier fit) - archived, never evaluated",,2.7437044,0.015407235,-8.0273305e-05,-0.014434967,0.00085744117,4.1868055e-06,HOYA-AGF-NZHAGEN-MIRROR,".agf CD coefficients; verify with catalog. term(s) 1,3 carry a non-positive B or C (permitted in multi-pole fits; the n(d) check is authoritative).",,,,,
HOYA-LACL8,"Non-dispersable (3-term CD gives n(d)=1.92236 vs catalog 1.677896; not a Sellmeier fit) - archived, never evaluated",,2.7617603,0.018690425,-2.4698516e-06,-0.010965348,0.00038729932,4.6547653e-07,HOYA-AGF-NZHAGEN-MIRROR,".agf CD coefficients; verify with catalog. term(s) 1,3 carry a non-positive B or C (permitted in multi-pole fits; the n(d) check is authoritative).",,,,,
HOYA-LACL9,"Non-dispersable (3-term CD gives n(d)=1.92414 vs catalog 1.6779; not a Sellmeier fit) - archived, never evaluated",,2.757503,0.01999238,-1.18691e-06,-0.009680568,0.0003865987,8.60859e-07,HOYA-AGF-NZHAGEN-MIRROR,".agf CD coefficients; verify with catalog. term(s) 1,3 carry a non-positive B or C (permitted in multi-pole fits; the n(d) check is authoritative).",,,,,
HOYA-LAF7,"Non-dispersable (3-term CD gives n(d)=1.97901 vs catalog 1.749497; not a Sellmeier fit) - archived, never evaluated",,2.966011,0.0293198,-0.000220106,-0.009424267,0.002027705,1.97221e-05,HOYA-AGF-NZHAGEN-MIRROR,".agf CD coefficients; verify with catalog. term(s) 1,3 carry a non-positive B or C (permitted in multi-pole fits; the n(d) check is authoritative).",,,,,
HOYA-LAF20,"Non-dispersable (3-term CD gives n(d)=1.97330 vs catalog 1.744; not a Sellmeier fit) - archived, never evaluated",,2.9669687,0.0260588,4.5157874e-05,-0.011941474,0.00025771896,-7.6461721e-07,HOYA-AGF-NZHAGEN-MIRROR,".agf CD coefficients; verify with catalog. term(s) 1,3 carry a non-positive B or C (permitted in multi-pole fits; the n(d) check is authoritative).",,,,,
HOYA-LAF30,"Non-dispersable (3-term CD gives n(d)=1.95134 vs catalog 1.717; not a Sellmeier fit) - archived, never evaluated",,2.8839201,0.021889903,-1.7663297e-05,-0.012159745,0.00062764743,1.7363059e-06,HOYA-AGF-NZHAGEN-MIRROR,".agf CD coefficients; verify with catalog. term(s) 1,3 carry a non-positive B or C (permitted in multi-pole fits; the n(d) check is authoritative).",,,,,
HOYA-LAFL1,"Non-dispersable (3-term CD gives n(d)=1.92970 vs catalog 1.686004; not a Sellmeier fit) - archived, never evaluated",,2.7846243,0.019021911,-5.7427121e-05,-0.010197101,0.00090084507,3.4515046e-06,HOYA-AGF-NZHAGEN-MIRROR,".agf CD coefficients; verify with catalog. term(s) 1,3 carry a non-positive B or C (permitted in multi-pole fits; the n(d) check is authoritative).",,,,,
HOYA-LAFL2,"Non-dispersable (3-term CD gives n(d)=1.93869 vs catalog 1.697; not a Sellmeier fit) - archived, never evaluated",,2.817804,0.02098982,-2.1975e-05,-0.01012631,0.0006069232,2.01729e-06,HOYA-AGF-NZHAGEN-MIRROR,".agf CD coefficients; verify with catalog. term(s) 1,3 carry a non-positive B or C (permitted in multi-pole fits; the n(d) check is authoritative).",,,,,
HOYA-LAFL3,"Non-dispersable (3-term CD gives n(d)=1.93846 vs catalog 1.700301; not a Sellmeier fit) - archived, never evaluated",,2.8308269,0.019272361,-0.00010702641,-0.011654731,0.0012580736,6.2645405e-06,HOYA-AGF-NZHAGEN-MIRROR,".agf CD coefficients; verify with catalog. term(s) 1,3 carry a non-positive B or C (permitted in multi-pole fits; the n(d) check is authoritative).",,,,,
HOYA-LAFL4,"Non-dispersable (3-term CD gives n(d)=1.95134 vs catalog 1.712704; not a Sellmeier fit) - archived, never evaluated",,2.8554713,0.029421326,0.00023612388,-0.0096096763,-0.001076041,-1.0372073e-05,HOYA-AGF-NZHAGEN-MIRROR,".agf CD coefficients; verify with catalog. term(s) 1,2,3 carry a non-positive B or C (permitted in multi-pole fits; the n(d) check is authoritative).",,,,,
HOYA-LAFL5,"Non-dispersable (3-term CD gives n(d)=1.96361 vs catalog 1.719998; not a Sellmeier fit) - archived, never evaluated",,2.8781941,0.029361636,0.00014722759,-0.0063357213,-0.00070868859,-4.1903451e-06,HOYA-AGF-NZHAGEN-MIRROR,".agf CD coefficients; verify with catalog. term(s) 1,2,3 carry a non-positive B or C (permitted in multi-pole fits; the n(d) check is authoritative).",,,,,
HOYA-LAFL6,"Non-dispersable (3-term CD gives n(d)=1.95539 vs catalog 1.72; not a Sellmeier fit) - archived, never evaluated",,2.8831554,0.025463467,1.4430656e-05,-0.010505929,0.00055020974,2.0660893e-06,HOYA-AGF-NZHAGEN-MIRROR,.agf CD coefficients; verify with catalog. term(s) 1 carry a non-positive B or C (permitted in multi-pole fits; the n(d) check is authoritative).,,,,,
HOYA-LAFL20,"Non-dispersable (3-term CD gives n(d)=1.92929 vs catalog 1.68248; not a Sellmeier fit) - archived, never evaluated",,2.7678069,0.022123547,4.8228671e-05,-0.0086748988,9.1488553e-05,-1.3743503e-06,HOYA-AGF-NZHAGEN-MIRROR,".agf CD coefficients; verify with catalog. term(s) 1,3 carry a non-positive B or C (permitted in multi-pole fits; the n(d) check is authoritative).",,,,,
HOYA-LAFL23,"Non-dispersable (3-term CD gives n(d)=1.93265 vs catalog 1.689; not a Sellmeier fit) - archived, never evaluated",,2.7923452,0.020800864,-7.9239976e-07,-0.0099241826,0.00041652353,1.051168e-06,HOYA-AGF-NZHAGEN-MIRROR,".agf CD coefficients; verify with catalog. term(s) 1,3 carry a non-positive B or C (permitted in multi-pole fits; the n(d) check is authoritative).",,,,,
HOYA-M-BAF41,"Non-dispersable (3-term CD gives n(d)=1.86219 vs catalog 1.605777; not a Sellmeier fit) - archived, never evaluated",,2.527138,0.01577225,-0.000153107,-0.01056917,0.001452176,1.2498e-05,HOYA-AGF-NZHAGEN-MIRROR,".agf CD coefficients; verify with catalog. term(s) 1,3 carry a non-positive B or C (permitted in multi-pole fits; the n(d) check is authoritative).",,,,,
HOYA-M-NBFD13,"Non-dispersable (3-term CD gives n(d)=2.02337 vs catalog 1.8061; not a Sellmeier fit) - archived, never evaluated",,3.168998,0.03197667,5.37198e-05,-0.01206796,0.0003855226,-3.53563e-09,HOYA-AGF-NZHAGEN-MIRROR,".agf CD coefficients; verify with catalog. term(s) 1,3 carry a non-positive B or C (permitted in multi-pole fits; the n(d) check is authoritative).",,,,,
HOYA-M-NBFD82,"Non-dispersable (3-term CD gives n(d)=2.02898 vs catalog 1.814741; not a Sellmeier fit) - archived, never evaluated",,3.188026,0.03719308,0.000180448,-0.01217842,-0.0002817531,-4.18291e-06,HOYA-AGF-NZHAGEN-MIRROR,".agf CD coefficients; verify with catalog. term(s) 1,2,3 carry a non-positive B or C (permitted in multi-pole fits; the n(d) check is authoritative).",,,,,
HOYA-M-NBFD83,"Non-dispersable (3-term CD gives n(d)=2.02591 vs catalog 1.820268; not a Sellmeier fit) - archived, never evaluated",,3.190758,0.03803649,-0.000142447,-0.01402879,0.002311161,1.92207e-05,HOYA-AGF-NZHAGEN-MIRROR,".agf CD coefficients; verify with catalog. term(s) 1,3 carry a non-positive B or C (permitted in multi-pole fits; the n(d) check is authoritative).",,,,,
HOYA-NBF2,"Non-dispersable (3-term CD gives n(d)=1.98158 vs catalog 1.756999; not a Sellmeier fit) - archived, never evaluated",,3.017018,0.02414249,-1.21466e-05,-0.01362515,0.0005952069,1.44455e-06,HOYA-AGF-NZHAGEN-MIRROR,".agf CD coefficients; verify with catalog. term(s) 1,3 carry a non-positive B or C (permitted in multi-pole fits; the n(d) check is authoritative).",,,,,
HOYA-NBF3,"Non-dispersable (3-term CD gives n(d)=1.96185 vs catalog 1.735001; not a Sellmeier fit) - archived, never evaluated",,2.9479008,0.02114391,-7.328464e-05,-0.014675177,0.00090482377,4.7703148e-06,HOYA-AGF-NZHAGEN-MIRROR,".agf CD coefficients; verify with catalog. term(s) 1,3 carry a non-positive B or C (permitted in multi-pole fits; the n(d) check is authoritative).",,,,,
HOYA-NBFD1,"Non-dispersable (3-term CD gives n(d)=2.00748 vs catalog 1.789004; not a Sellmeier fit) - archived, never evaluated",,3.1163806,0.028648452,-7.2522372e-06,-0.013242646,0.0006823535,2.7432993e-06,HOYA-AGF-NZHAGEN-MIRROR,".agf CD coefficients; verify with catalog. term(s) 1,3 carry a non-positive B or C (permitted in multi-pole fits; the n(d) check is authoritative).",,,,,
HOYA-NBFD2,"Non-dispersable (3-term CD gives n(d)=2.01317 vs catalog 1.797199; not a Sellmeier fit) - archived, never evaluated",,3.1421397,0.029509811,-7.7250368e-07,-0.013576013,0.00081770149,2.1322255e-06,HOYA-AGF-NZHAGEN-MIRROR,".agf CD coefficients; verify with catalog. term(s) 1,3 carry a non-positive B or C (permitted in multi-pole fits; the n(d) check is authoritative).",,,,,
HOYA-NBFD5,"Non-dispersable (3-term CD gives n(d)=1.98745 vs catalog 1.762001; not a Sellmeier fit) - archived, never evaluated",,3.021769,0.026713839,-6.7665e-05,-0.011641743,0.0012766896,6.4036776e-06,HOYA-AGF-NZHAGEN-MIRROR,".agf CD coefficients; verify with catalog. term(s) 1,3 carry a non-positive B or C (permitted in multi-pole fits; the n(d) check is authoritative).",,,,,
HOYA-NBFD6,"Non-dispersable (3-term CD gives n(d)=1.99027 vs catalog 1.756702; not a Sellmeier fit) - archived, never evaluated",,2.9881998,0.033239024,9.2252594e-05,-0.0071192799,0.00020485311,2.4443305e-07,HOYA-AGF-NZHAGEN-MIRROR,.agf CD coefficients; verify with catalog. term(s) 1 carry a non-positive B or C (permitted in multi-pole fits; the n(d) check is authoritative).,,,,,
HOYA-NBFD7,"Non-dispersable (3-term CD gives n(d)=1.99221 vs catalog 1.782999; not a Sellmeier fit) - archived, never evaluated",,3.0898337,0.027124239,-0.00020558787,-0.017376844,0.0024438911,1.6661998e-05,HOYA-AGF-NZHAGEN-MIRROR,".agf CD coefficients; verify with catalog. term(s) 1,3 carry a non-positive B or C (permitted in multi-pole fits; the n(d) check is authoritative).",,,,,
HOYA-NBFD8,"Non-dispersable (3-term CD gives n(d)=2.00854 vs catalog 1.807401; not a Sellmeier fit) - archived, never evaluated",,3.1767161,0.024825098,-0.00038245779,-0.019184978,0.0038402007,2.5134594e-05,HOYA-AGF-NZHAGEN-MIRROR,".agf CD coefficients; verify with catalog. term(s) 1,3 carry a non-positive B or C (permitted in multi-pole fits; the n(d) check is authoritative).",,,,,
HOYA-NBFD9,"Non-dispersable (3-term CD gives n(d)=1.97971 vs catalog 1.756898; not a Sellmeier fit) - archived, never evaluated",,2.9828805,0.032835197,-7.3685794e-05,-0.011547679,0.00163548,1.070514e-05,HOYA-AGF-NZHAGEN-MIRROR,".agf CD coefficients; verify with catalog. term(s) 1,3 carry a non-positive B or C (permitted in multi-pole fits; the n(d) check is authoritative).",,,,,
HOYA-NBFD14,"Non-dispersable (3-term CD gives n(d)=2.01655 vs catalog 1.801699; not a Sellmeier fit) - archived, never evaluated",,3.1635382,0.028171078,-2.3570264e-05,-0.014237012,0.00074423713,3.169303e-06,HOYA-AGF-NZHAGEN-MIRROR,".agf CD coefficients; verify with catalog. term(s) 1,3 carry a non-positive B or C (permitted in multi-pole fits; the n(d) check is authoritative).",,,,,
HOYA-NBFD40,"Non-dispersable (3-term CD gives n(d)=2.03983 vs catalog 1.829; not a Sellmeier fit) - archived, never evaluated",,3.2417446,0.032963658,-8.6051379e-05,-0.012570508,0.0016399773,9.7089988e-06,HOYA-AGF-NZHAGEN-MIRROR,".agf CD coefficients; verify with catalog. term(s) 1,3 carry a non-positive B or C (permitted in multi-pole fits; the n(d) check is authoritative).",,,,,
HOYA-PC1,"Non-dispersable (3-term CD gives n(d)=1.78606 vs catalog 1.503779; not a Sellmeier fit) - archived, never evaluated",,2.2321311,0.011674475,6.5629152e-05,-0.0085356419,-0.00036007785,-3.1688707e-06,HOYA-AGF-NZHAGEN-MIRROR,".agf CD coefficients; verify with catalog. term(s) 1,2,3 carry a non-positive B or C (permitted in multi-pole fits; the n(d) check is authoritative).",,,,,
HOYA-PC2,"Non-dispersable (3-term CD gives n(d)=1.79492 vs catalog 1.51821; not a Sellmeier fit) - archived, never evaluated",,2.2766,0.010462473,-9.1675776e-06,-0.010201993,0.00020973694,5.6652443e-07,HOYA-AGF-NZHAGEN-MIRROR,".agf CD coefficients; verify with catalog. term(s) 1,3 carry a non-positive B or C (permitted in multi-pole fits; the n(d) check is authoritative).",,,,,
HOYA-PC3,"Non-dispersable (3-term CD gives n(d)=1.80009 vs catalog 1.52542; not a Sellmeier fit) - archived, never evaluated",,2.2982798,0.010358192,-2.298532e-05,-0.010575328,0.00032740673,1.2091861e-06,HOYA-AGF-NZHAGEN-MIRROR,".agf CD coefficients; verify with catalog. term(s) 1,3 carry a non-positive B or C (permitted in multi-pole fits; the n(d) check is authoritative).",,,,,
HOYA-PCD2,"Non-dispersable (3-term CD gives n(d)=1.83691 vs catalog 1.56873; not a Sellmeier fit) - archived, never evaluated",,2.4242636,0.014117315,5.3401199e-05,-0.0093926382,-0.00025474971,-2.2862527e-06,HOYA-AGF-NZHAGEN-MIRROR,".agf CD coefficients; verify with catalog. term(s) 1,2,3 carry a non-positive B or C (permitted in multi-pole fits; the n(d) check is authoritative).",,,,,
HOYA-PCD3,"Non-dispersable (3-term CD gives n(d)=1.82313 vs catalog 1.55232; not a Sellmeier fit) - archived, never evaluated",,2.3762734,0.012508633,2.7977527e-05,-0.0097138037,-3.6568562e-06,-1.4850112e-06,HOYA-AGF-NZHAGEN-MIRROR,".agf CD coefficients; verify with catalog. term(s) 1,2,3 carry a non-positive B or C (permitted in multi-pole fits; the n(d) check is authoritative).",,,,,
HOYA-PCD5,"Non-dispersable (3-term CD gives n(d)=1.87170 vs catalog 1.616998; not a Sellmeier fit) - archived, never evaluated",,2.5791203,0.01165777,-9.7879967e-05,-0.012116987,0.00095491991,4.8732647e-06,HOYA-AGF-NZHAGEN-MIRROR,".agf CD coefficients; verify with catalog. term(s) 1,3 carry a non-positive B or C (permitted in multi-pole fits; the n(d) check is authoritative).",,,,,
HOYA-PCD53,"Non-dispersable (3-term CD gives n(d)=1.87725 vs catalog 1.620139; not a Sellmeier fit) - archived, never evaluated",,2.5874309,0.012477304,-8.4671823e-05,-0.01042015,0.00078835344,4.4959679e-06,HOYA-AGF-NZHAGEN-MIRROR,".agf CD coefficients; verify with catalog. term(s) 1,3 carry a non-positive B or C (permitted in multi-pole fits; the n(d) check is authoritative).",,,,,
HOYA-PCS1,"Non-dispersable (3-term CD gives n(d)=1.79896 vs catalog 1.517284; not a Sellmeier fit) - archived, never evaluated",,2.27202,0.012003968,7.172672e-05,-0.0074231235,-0.00042581647,-3.5140186e-06,HOYA-AGF-NZHAGEN-MIRROR,".agf CD coefficients; verify with catalog. term(s) 1,2,3 carry a non-positive B or C (permitted in multi-pole fits; the n(d) check is authoritative).",,,,,
HOYA-SBF1,"Non-dispersable (3-term CD gives n(d)=1.82191 vs catalog 1.551151; not a Sellmeier fit) - archived, never evaluated",,2.361583,0.01629969,6.53375e-05,-0.008786192,-0.0001317,-2.53517e-06,HOYA-AGF-NZHAGEN-MIRROR,".agf CD coefficients; verify with catalog. term(s) 1,2,3 carry a non-positive B or C (permitted in multi-pole fits; the n(d) check is authoritative).",,,,,
HOYA-SBF2,"Non-dispersable (3-term CD gives n(d)=1.80158 vs catalog 1.52944; not a Sellmeier fit) - archived, never evaluated",,2.3022457,0.012895507,-1.6622236e-05,-0.010737695,0.00043069639,1.1994611e-06,HOYA-AGF-NZHAGEN-MIRROR,".agf CD coefficients; verify with catalog. term(s) 1,3 carry a non-positive B or C (permitted in multi-pole fits; the n(d) check is authoritative).",,,,,
HOYA-SBF5,"Non-dispersable (3-term CD gives n(d)=1.79582 vs catalog 1.521299; not a Sellmeier fit) - archived, never evaluated",,2.2785145,0.012629551,-1.9676487e-05,-0.010326966,0.00037951788,1.575384e-06,HOYA-AGF-NZHAGEN-MIRROR,".agf CD coefficients; verify with catalog. term(s) 1,3 carry a non-positive B or C (permitted in multi-pole fits; the n(d) check is authoritative).",,,,,
HOYA-TAC1,"Non-dispersable (3-term CD gives n(d)=1.96349 vs catalog 1.725999; not a Sellmeier fit) - archived, never evaluated",,2.9132791,0.025389613,0.00014849394,-0.010180964,-0.00088234983,-6.2613577e-06,HOYA-AGF-NZHAGEN-MIRROR,".agf CD coefficients; verify with catalog. term(s) 1,2,3 carry a non-positive B or C (permitted in multi-pole fits; the n(d) check is authoritative).",,,,,
HOYA-TAFD5,"Non-dispersable (3-term CD gives n(d)=2.04663 vs catalog 1.835; not a Sellmeier fit) - archived, never evaluated",,3.27291,0.03345136,0.000112154,-0.01288826,-6.822138e-05,-4.04857e-06,HOYA-AGF-NZHAGEN-MIRROR,".agf CD coefficients; verify with catalog. term(s) 1,2,3 carry a non-positive B or C (permitted in multi-pole fits; the n(d) check is authoritative).",,,,,
HOYA-TAFD6,"Non-dispersable (3-term CD gives n(d)=2.02913 vs catalog 1.847498; not a Sellmeier fit) - archived, never evaluated",,3.3485161,0.0096339899,-0.0012429001,-0.02663042,0.0084430193,7.6509084e-05,HOYA-AGF-NZHAGEN-MIRROR,".agf CD coefficients; verify with catalog. term(s) 1,3 carry a non-positive B or C (permitted in multi-pole fits; the n(d) check is authoritative).",,,,,
HOYA-TAFD9,"Non-dispersable (3-term CD gives n(d)=2.04899 vs catalog 1.850299; not a Sellmeier fit) - archived, never evaluated",,3.3053888,0.036707704,-0.00015581867,-0.015710133,0.0023658223,1.7722902e-05,HOYA-AGF-NZHAGEN-MIRROR,".agf CD coefficients; verify with catalog. term(s) 1,3 carry a non-positive B or C (permitted in multi-pole fits; the n(d) check is authoritative).",,,,,
HOYA-TAFD10,"Non-dispersable (3-term CD gives n(d)=2.02749 vs catalog 1.815502; not a Sellmeier fit) - archived, never evaluated",,3.211602,0.0291896,2.70253e-05,-0.01458119,0.0005105008,-1.84785e-07,HOYA-AGF-NZHAGEN-MIRROR,".agf CD coefficients; verify with catalog. term(s) 1,3 carry a non-positive B or C (permitted in multi-pole fits; the n(d) check is authoritative).",,,,,
HOYA-TAFD13,"Non-dispersable (3-term CD gives n(d)=2.04959 vs catalog 1.855396; not a Sellmeier fit) - archived, never evaluated",,3.3418389,0.029925773,-0.00029615072,-0.018611873,0.0031152211,2.0702978e-05,HOYA-AGF-NZHAGEN-MIRROR,".agf CD coefficients; verify with catalog. term(s) 1,3 carry a non-positive B or C (permitted in multi-pole fits; the n(d) check is authoritative).",,,,,
HOYA-TAFD17,"Non-dispersable (3-term CD gives n(d)=2.07254 vs catalog 1.877999; not a Sellmeier fit) - archived, never evaluated",,3.4225444,0.032868087,-0.00014315845,-0.016940489,0.0021092051,1.0815235e-05,HOYA-AGF-NZHAGEN-MIRROR,".agf CD coefficients; verify with catalog. term(s) 1,3 carry a non-positive B or C (permitted in multi-pole fits; the n(d) check is authoritative).",,,,,
HOYA-TAFD20,"Non-dispersable (3-term CD gives n(d)=2.08824 vs catalog 1.90315; not a Sellmeier fit) - archived, never evaluated",,3.4851409,0.040838495,-0.00028084367,-0.017200575,0.0034909158,2.8650905e-05,HOYA-AGF-NZHAGEN-MIRROR,".agf CD coefficients; verify with catalog. term(s) 1,3 carry a non-positive B or C (permitted in multi-pole fits; the n(d) check is authoritative).",,,,,
HOYA-TAFD21,"Non-dispersable (3-term CD gives n(d)=2.10301 vs catalog 1.9326; not a Sellmeier fit) - archived, never evaluated",,3.5865622,0.042681557,-0.00041200855,-0.021123005,0.0046837029,3.9134356e-05,HOYA-AGF-NZHAGEN-MIRROR,".agf CD coefficients; verify with catalog. term(s) 1,3 carry a non-positive B or C (permitted in multi-pole fits; the n(d) check is authoritative).",,,,,
HOYA-TAFD31,"Non-dispersable (3-term CD gives n(d)=2.11660 vs catalog 1.922501; not a Sellmeier fit) - archived, never evaluated",,3.5688967,0.04165243,-3.6862832e-05,-0.013123062,0.0013516113,7.795901e-06,HOYA-AGF-NZHAGEN-MIRROR,".agf CD coefficients; verify with catalog. term(s) 1,3 carry a non-positive B or C (permitted in multi-pole fits; the n(d) check is authoritative).",,,,,
HOYA-TAFD43,"Non-dispersable (3-term CD gives n(d)=2.18511 vs catalog 2.002944; not a Sellmeier fit) - archived, never evaluated",,3.7915991,0.069320638,1.0693987e-05,-0.0080816116,0.0024172533,2.323537e-05,HOYA-AGF-NZHAGEN-MIRROR,.agf CD coefficients; verify with catalog. term(s) 1 carry a non-positive B or C (permitted in multi-pole fits; the n(d) check is authoritative).,,,,,
HOYA-ZNC1,"Non-dispersable (3-term CD gives n(d)=1.80656 vs catalog 1.533149; not a Sellmeier fit) - archived, never evaluated",,2.3183336,0.010598834,-8.0517518e-05,-0.0099949226,0.00078929099,4.1882755e-06,HOYA-AGF-NZHAGEN-MIRROR,".agf CD coefficients; verify with catalog. term(s) 1,3 carry a non-positive B or C (permitted in multi-pole fits; the n(d) check is authoritative).",,,,,
HOYA-ZNC7,"Non-dispersable (3-term CD gives n(d)=1.78812 vs catalog 1.508471; not a Sellmeier fit) - archived, never evaluated",,2.2445768,0.011621875,2.0493539e-05,-0.0092967285,1.9896384e-06,-8.7870606e-07,HOYA-AGF-NZHAGEN-MIRROR,".agf CD coefficients; verify with catalog. term(s) 1,3 carry a non-positive B or C (permitted in multi-pole fits; the n(d) check is authoritative).",,,,,
LZOS-LZ_BF1,"Non-dispersable (3-term CD gives n(d)=1.79979 vs catalog 1.524779; not a Sellmeier fit) - archived, never evaluated",,2.29204125,0.00993599131,-0.000170602096,-0.00969577254,0.00129959077,1.01977907e-05,LZOS-AGF-NZHAGEN-MIRROR,".agf CD coefficients; verify with catalog. term(s) 1,3 carry a non-positive B or C (permitted in multi-pole fits; the n(d) check is authoritative).",,,,,
LZOS-LZ_BF7,"Non-dispersable (3-term CD gives n(d)=1.84523 vs catalog 1.579596; not a Sellmeier fit) - archived, never evaluated",,2.45333363,0.0140101066,-5.55612527e-05,-0.00901476781,0.000646259728,3.50414686e-06,LZOS-AGF-NZHAGEN-MIRROR,".agf CD coefficients; verify with catalog. term(s) 1,3 carry a non-positive B or C (permitted in multi-pole fits; the n(d) check is authoritative).",,,,,
LZOS-LZ_BF8,"Non-dispersable (3-term CD gives n(d)=1.84764 vs catalog 1.582703; not a Sellmeier fit) - archived, never evaluated",,2.45575926,0.0160627256,-5.9357522e-05,-0.00835756809,0.000794572904,4.56440502e-06,LZOS-AGF-NZHAGEN-MIRROR,".agf CD coefficients; verify with catalog. term(s) 1,3 carry a non-positive B or C (permitted in multi-pole fits; the n(d) check is authoritative).",,,,,
LZOS-LZ_BF11,"Non-dispersable (3-term CD gives n(d)=1.87971 vs catalog 1.622301; not a Sellmeier fit) - archived, never evaluated",,2.58452612,0.0158244594,-5.75329364e-05,-0.00918889928,0.00069190774,3.70190834e-06,LZOS-AGF-NZHAGEN-MIRROR,".agf CD coefficients; verify with catalog. term(s) 1,3 carry a non-positive B or C (permitted in multi-pole fits; the n(d) check is authoritative).",,,,,
LZOS-LZ_BF16,"Non-dispersable (3-term CD gives n(d)=1.91854 vs catalog 1.671024; not a Sellmeier fit) - archived, never evaluated",,2.73156011,0.0207033959,-6.64344655e-06,-0.00928065848,0.000478409191,2.01680308e-06,LZOS-AGF-NZHAGEN-MIRROR,".agf CD coefficients; verify with catalog. term(s) 1,3 carry a non-positive B or C (permitted in multi-pole fits; the n(d) check is authoritative).",,,,,
LZOS-LZ_BF21,"Non-dispersable (3-term CD gives n(d)=1.88579 vs catalog 1.614225; not a Sellmeier fit) - archived, never evaluated",,2.51357127,0.051708665,0.00201803154,-0.00129528868,-0.0117206736,-0.000112017691,LZOS-AGF-NZHAGEN-MIRROR,".agf CD coefficients; verify with catalog. term(s) 1,2,3 carry a non-positive B or C (permitted in multi-pole fits; the n(d) check is authoritative).",,,,,
LZOS-LZ_BF24,"Non-dispersable (3-term CD gives n(d)=1.88609 vs catalog 1.634551; not a Sellmeier fit) - archived, never evaluated",,2.60182854,0.022136924,-8.73795036e-05,-0.00907273896,0.00124712094,8.50139757e-06,LZOS-AGF-NZHAGEN-MIRROR,".agf CD coefficients; verify with catalog. term(s) 1,3 carry a non-positive B or C (permitted in multi-pole fits; the n(d) check is authoritative).",,,,,
LZOS-LZ_BF25,"Non-dispersable (3-term CD gives n(d)=1.86746 vs catalog 1.607717; not a Sellmeier fit) - archived, never evaluated",,2.53166932,0.0175227595,-4.9773669e-05,-0.00863383325,0.000741785351,4.16332303e-06,LZOS-AGF-NZHAGEN-MIRROR,".agf CD coefficients; verify with catalog. term(s) 1,3 carry a non-positive B or C (permitted in multi-pole fits; the n(d) check is authoritative).",,,,,
LZOS-LZ_BF28,"Non-dispersable (3-term CD gives n(d)=1.90958 vs catalog 1.664271; not a Sellmeier fit) - archived, never evaluated",,2.69158831,0.025246966,-3.80279398e-05,-0.00926805586,0.00104303726,6.40273561e-06,LZOS-AGF-NZHAGEN-MIRROR,".agf CD coefficients; verify with catalog. term(s) 1,3 carry a non-positive B or C (permitted in multi-pole fits; the n(d) check is authoritative).",,,,,
LZOS-LZ_BK4,"Non-dispersable (3-term CD gives n(d)=1.80600 vs catalog 1.530272; not a Sellmeier fit) - archived, never evaluated",,2.31024628,0.0102533493,-0.000102626485,-0.00901307991,0.000831871974,5.86726499e-06,LZOS-AGF-NZHAGEN-MIRROR,".agf CD coefficients; verify with catalog. term(s) 1,3 carry a non-positive B or C (permitted in multi-pole fits; the n(d) check is authoritative).",,,,,
LZOS-LZ_BK6,"Non-dispersable (3-term CD gives n(d)=1.81407 vs catalog 1.539978; not a Sellmeier fit) - archived, never evaluated",,2.33808859,0.0113124762,-5.8656147e-05,-0.00885971304,0.000587150772,3.32980279e-06,LZOS-AGF-NZHAGEN-MIRROR,".agf CD coefficients; verify with catalog. term(s) 1,3 carry a non-positive B or C (permitted in multi-pole fits; the n(d) check is authoritative).",,,,,
LZOS-LZ_BK8,"Non-dispersable (3-term CD gives n(d)=1.81652 vs catalog 1.546771; not a Sellmeier fit) - archived, never evaluated",,2.3626929,0.00927841163,-0.000163068347,-0.0108658239,0.00119101528,9.29084884e-06,LZOS-AGF-NZHAGEN-MIRROR,".agf CD coefficients; verify with catalog. term(s) 1,3 carry a non-positive B or C (permitted in multi-pole fits; the n(d) check is authoritative).",,,,,
LZOS-LZ_BK10,"Non-dispersable (3-term CD gives n(d)=1.83677 vs catalog 1.568883; not a Sellmeier fit) - archived, never evaluated",,2.42307849,0.0123563026,-0.00010872319,-0.00901143483,0.000933303938,6.35375981e-06,LZOS-AGF-NZHAGEN-MIRROR,".agf CD coefficients; verify with catalog. term(s) 1,3 carry a non-positive B or C (permitted in multi-pole fits; the n(d) check is authoritative).",,,,,
LZOS-LZ_CTK3,"Non-dispersable (3-term CD gives n(d)=1.90659 vs catalog 1.659494; not a Sellmeier fit) - archived, never evaluated",,2.70824988,0.0148353494,-0.000141122975,-0.0115853419,0.00113661318,8.3706103e-06,LZOS-AGF-NZHAGEN-MIRROR,".agf CD coefficients; verify with catalog. term(s) 1,3 carry a non-positive B or C (permitted in multi-pole fits; the n(d) check is authoritative).",,,,,
LZOS-LZ_CTK8,"Non-dispersable (3-term CD gives n(d)=1.93982 vs catalog 1.703085; not a Sellmeier fit) - archived, never evaluated",,2.84777546,0.0114858486,-0.000647076967,-0.0120274217,0.00437207651,3.76296896e-05,LZOS-AGF-NZHAGEN-MIRROR,".agf CD coefficients; verify with catalog. term(s) 1,3 carry a non-positive B or C (permitted in multi-pole fits; the n(d) check is authoritative).",,,,,
LZOS-LZ_CTK9,"Non-dispersable (3-term CD gives n(d)=1.96631 vs catalog 1.74251; not a Sellmeier fit) - archived, never evaluated",,2.97705454,0.0176170009,-0.000312943932,-0.0155247779,0.00237738072,1.80886898e-05,LZOS-AGF-NZHAGEN-MIRROR,".agf CD coefficients; verify with catalog. term(s) 1,3 carry a non-positive B or C (permitted in multi-pole fits; the n(d) check is authoritative).",,,,,
LZOS-LZ_CTK12,"Non-dispersable (3-term CD gives n(d)=1.92660 vs catalog 1.691998; not a Sellmeier fit) - archived, never evaluated",,2.81377959,0.0159416742,-0.000160742037,-0.0150907921,0.00135673219,9.00882071e-06,LZOS-AGF-NZHAGEN-MIRROR,".agf CD coefficients; verify with catalog. term(s) 1,3 carry a non-positive B or C (permitted in multi-pole fits; the n(d) check is authoritative).",,,,,
LZOS-LZ_CTK19,"Non-dispersable (3-term CD gives n(d)=1.96806 vs catalog 1.744126; not a Sellmeier fit) - archived, never evaluated",,2.98131778,0.0189979366,-0.000249275601,-0.0153512367,0.00189417121,1.55448991e-05,LZOS-AGF-NZHAGEN-MIRROR,".agf CD coefficients; verify with catalog. term(s) 1,3 carry a non-positive B or C (permitted in multi-pole fits; the n(d) check is authoritative).",,,,,
LZOS-LZ_F1,"Non-dispersable (3-term CD gives n(d)=1.86825 vs catalog 1.612939; not a Sellmeier fit) - archived, never evaluated",,2.53587365,0.0206589134,-9.64243985e-05,-0.00924623241,0.001286665,8.49321925e-06,LZOS-AGF-NZHAGEN-MIRROR,".agf CD coefficients; verify with catalog. term(s) 1,3 carry a non-positive B or C (permitted in multi-pole fits; the n(d) check is authoritative).",,,,,
LZOS-LZ_F4,"Non-dispersable (3-term CD gives n(d)=1.87725 vs catalog 1.62435; not a Sellmeier fit) - archived, never evaluated",,2.56910165,0.021753783,-9.9920825e-05,-0.00921235766,0.00135425186,9.17282594e-06,LZOS-AGF-NZHAGEN-MIRROR,".agf CD coefficients; verify with catalog. term(s) 1,3 carry a non-positive B or C (permitted in multi-pole fits; the n(d) check is authoritative).",,,,,
LZOS-LZ_F6,"Non-dispersable (3-term CD gives n(d)=1.86064 vs catalog 1.603235; not a Sellmeier fit) - archived, never evaluated",,2.5081748,0.0193963679,-0.000115340433,-0.00926664366,0.00135341288,9.24894161e-06,LZOS-AGF-NZHAGEN-MIRROR,".agf CD coefficients; verify with catalog. term(s) 1,3 carry a non-positive B or C (permitted in multi-pole fits; the n(d) check is authoritative).",,,,,
LZOS-LZ_F8,"Non-dispersable (3-term CD gives n(d)=1.87868 vs catalog 1.624962; not a Sellmeier fit) - archived, never evaluated",,2.56893067,0.0233836541,-1.94901062e-06,-0.00867019014,0.000788814438,3.65751489e-06,LZOS-AGF-NZHAGEN-MIRROR,".agf CD coefficients; verify with catalog. term(s) 1,3 carry a non-positive B or C (permitted in multi-pole fits; the n(d) check is authoritative).",,,,,
LZOS-LZ_F13,"Non-dispersable (3-term CD gives n(d)=1.87383 vs catalog 1.620043; not a Sellmeier fit) - archived, never evaluated",,2.55629034,0.0217634678,-6.42903226e-05,-0.00926674451,0.00113064757,6.86292105e-06,LZOS-AGF-NZHAGEN-MIRROR,".agf CD coefficients; verify with catalog. term(s) 1,3 carry a non-positive B or C (permitted in multi-pole fits; the n(d) check is authoritative).",,,,,
LZOS-LZ_K8,"Non-dispersable (3-term CD gives n(d)=1.79269 vs catalog 1.516367; not a Sellmeier fit) - archived, never evaluated",,2.27195305,0.00931690897,-8.17556553e-05,-0.0105662556,0.000684822441,4.49506989e-06,LZOS-AGF-NZHAGEN-MIRROR,".agf CD coefficients; verify with catalog. term(s) 1,3 carry a non-positive B or C (permitted in multi-pole fits; the n(d) check is authoritative).",,,,,
LZOS-LZ_K100,"Non-dispersable (3-term CD gives n(d)=1.79656 vs catalog 1.521628; not a Sellmeier fit) - archived, never evaluated",,2.28815478,0.000827843888,-0.00128813048,-0.00930968992,0.00630164765,9.15821978e-05,LZOS-AGF-NZHAGEN-MIRROR,".agf CD coefficients; verify with catalog. term(s) 1,3 carry a non-positive B or C (permitted in multi-pole fits; the n(d) check is authoritative).",,,,,
LZOS-LZ_KF6,"Non-dispersable (3-term CD gives n(d)=1.78149 vs catalog 1.50057; not a Sellmeier fit) - archived, never evaluated",,2.22150549,0.00968676984,-0.000111722492,-0.00915658236,0.000900839913,6.5783197e-06,LZOS-AGF-NZHAGEN-MIRROR,".agf CD coefficients; verify with catalog. term(s) 1,3 carry a non-positive B or C (permitted in multi-pole fits; the n(d) check is authoritative).",,,,,
LZOS-LZ_KF7,"Non-dispersable (3-term CD gives n(d)=1.79372 vs catalog 1.51759; not a Sellmeier fit) - archived, never evaluated",,2.2676046,0.0112639638,-0.000117978187,-0.00960405204,0.00101025094,7.84675481e-06,LZOS-AGF-NZHAGEN-MIRROR,".agf CD coefficients; verify with catalog. term(s) 1,3 carry a non-positive B or C (permitted in multi-pole fits; the n(d) check is authoritative).",,,,,
LZOS-LZ_LF5,"Non-dispersable (3-term CD gives n(d)=1.83895 vs catalog 1.575012; not a Sellmeier fit) - archived, never evaluated",,2.4276347,0.0165424679,-0.000121377375,-0.0091085506,0.00126121546,8.86788353e-06,LZOS-AGF-NZHAGEN-MIRROR,".agf CD coefficients; verify with catalog. term(s) 1,3 carry a non-positive B or C (permitted in multi-pole fits; the n(d) check is authoritative).",,,,,
LZOS-LZ_LF7,"Non-dispersable (3-term CD gives n(d)=1.84177 vs catalog 1.578416; not a Sellmeier fit) - archived, never evaluated",,2.43725266,0.0172292069,-8.85381819e-05,-0.00906327607,0.00107526924,7.03961058e-06,LZOS-AGF-NZHAGEN-MIRROR,".agf CD coefficients; verify with catalog. term(s) 1,3 carry a non-positive B or C (permitted in multi-pole fits; the n(d) check is authoritative).",,,,,
LZOS-LZ_LF9,"Non-dispersable (3-term CD gives n(d)=1.84063 vs catalog 1.580128; not a Sellmeier fit) - archived, never evaluated",,2.43971558,0.0175323123,-0.000153207988,-0.0100883571,0.00149801974,1.33947598e-05,LZOS-AGF-NZHAGEN-MIRROR,".agf CD coefficients; verify with catalog. term(s) 1,3 carry a non-positive B or C (permitted in multi-pole fits; the n(d) check is authoritative).",,,,,
LZOS-LZ_LK3,"Non-dispersable (3-term CD gives n(d)=1.77106 vs catalog 1.487453; not a Sellmeier fit) - archived, never evaluated",,2.19005351,0.0074413086,-0.000104983034,-0.00985036837,0.000767453298,5.99100257e-06,LZOS-AGF-NZHAGEN-MIRROR,".agf CD coefficients; verify with catalog. term(s) 1,3 carry a non-positive B or C (permitted in multi-pole fits; the n(d) check is authoritative).",,,,,
LZOS-LZ_LK5,"Non-dispersable (3-term CD gives n(d)=1.76201 vs catalog 1.478156; not a Sellmeier fit) - archived, never evaluated",,2.16172762,0.0078959556,-9.09783305e-05,-0.010680729,0.000701313828,5.12053096e-06,LZOS-AGF-NZHAGEN-MIRROR,".agf CD coefficients; verify with catalog. term(s) 1,3 carry a non-positive B or C (permitted in multi-pole fits; the n(d) check is authoritative).",,,,,
LZOS-LZ_LK6,"Non-dispersable (3-term CD gives n(d)=1.75742 vs catalog 1.470458; not a Sellmeier fit) - archived, never evaluated",,2.13954871,0.00776174717,-7.65186333e-05,-0.00974500629,0.000612372701,4.28387671e-06,LZOS-AGF-NZHAGEN-MIRROR,".agf CD coefficients; verify with catalog. term(s) 1,3 carry a non-positive B or C (permitted in multi-pole fits; the n(d) check is authoritative).",,,,,
LZOS-LZ_LK7,"Non-dispersable (3-term CD gives n(d)=1.76605 vs catalog 1.48286; not a Sellmeier fit) - archived, never evaluated",,2.17594904,0.00738823894,-0.000129026566,-0.0105105286,0.000926815589,7.28029068e-06,LZOS-AGF-NZHAGEN-MIRROR,".agf CD coefficients; verify with catalog. term(s) 1,3 carry a non-positive B or C (permitted in multi-pole fits; the n(d) check is authoritative).",,,,,
LZOS-LZ_NEWGLASS,"Non-dispersable (1-term CD gives n(d)=1.41421 vs catalog 1.55; not a Sellmeier fit) - archived, never evaluated",,1.0,,,0.0,,,LZOS-AGF-NZHAGEN-MIRROR,.agf CD coefficients; verify with catalog. term(s) 1 carry a non-positive B or C (permitted in multi-pole fits; the n(d) check is authoritative).,,,,,
LZOS-LZ_OF1,"Non-dispersable (3-term CD gives n(d)=1.80116 vs catalog 1.529483; not a Sellmeier fit) - archived, never evaluated",,2.30412369,0.0110535035,-0.000135754887,-0.0109592456,0.00115646445,7.91833375e-06,LZOS-AGF-NZHAGEN-MIRROR,".agf CD coefficients; verify with catalog. term(s) 1,3 carry a non-positive B or C (permitted in multi-pole fits; the n(d) check is authoritative).",,,,,
LZOS-LZ_OK4,"Non-dispersable (3-term CD gives n(d)=1.74458 vs catalog 1.447342; not a Sellmeier fit) - archived, never evaluated",,2.0797374,0.00540675811,-1.47913069e-05,-0.00704003138,0.0002583762,3.13686043e-07,LZOS-AGF-NZHAGEN-MIRROR,".agf CD coefficients; verify with catalog. term(s) 1,3 carry a non-positive B or C (permitted in multi-pole fits; the n(d) check is authoritative).",,,,,
LZOS-LZ_TBF10,"Non-dispersable (3-term CD gives n(d)=2.02383 vs catalog 1.814808; not a Sellmeier fit) - archived, never evaluated",,3.1854134,0.0336848842,-0.000168106118,-0.0138979489,0.00215987563,1.8527248e-05,LZOS-AGF-NZHAGEN-MIRROR,".agf CD coefficients; verify with catalog. term(s) 1,3 carry a non-positive B or C (permitted in multi-pole fits; the n(d) check is authoritative).",,,,,
LZOS-LZ_TF1,"Non-dispersable (3-term CD gives n(d)=1.89558 vs catalog 1.64766; not a Sellmeier fit) - archived, never evaluated",,2.63683784,0.0244839699,-7.89238359e-05,-0.00915649038,0.00136956866,8.68758585e-06,LZOS-AGF-NZHAGEN-MIRROR,".agf CD coefficients; verify with catalog. term(s) 1,3 carry a non-positive B or C (permitted in multi-pole fits; the n(d) check is authoritative).",,,,,
LZOS-LZ_TF2,"Non-dispersable (3-term CD gives n(d)=1.91496 vs catalog 1.672677; not a Sellmeier fit) - archived, never evaluated",,2.71155707,0.0266942397,-0.000115751993,-0.00931191991,0.00168606296,1.20753872e-05,LZOS-AGF-NZHAGEN-MIRROR,".agf CD coefficients; verify with catalog. term(s) 1,3 carry a non-positive B or C (permitted in multi-pole fits; the n(d) check is authoritative).",,,,,
LZOS-LZ_TF3,"Non-dispersable (3-term CD gives n(d)=1.94981 vs catalog 1.717412; not a Sellmeier fit) - archived, never evaluated",,2.84582216,0.0320009016,-0.000115848478,-0.00949073913,0.00191185788,1.47283242e-05,LZOS-AGF-NZHAGEN-MIRROR,".agf CD coefficients; verify with catalog. term(s) 1,3 carry a non-positive B or C (permitted in multi-pole fits; the n(d) check is authoritative).",,,,,
LZOS-LZ_TF4,"Non-dispersable (3-term CD gives n(d)=1.96779 vs catalog 1.740025; not a Sellmeier fit) - archived, never evaluated",,2.91369613,0.0355149621,-5.97294485e-05,-0.00939085434,0.0017804574,1.23859718e-05,LZOS-AGF-NZHAGEN-MIRROR,".agf CD coefficients; verify with catalog. term(s) 1,3 carry a non-positive B or C (permitted in multi-pole fits; the n(d) check is authoritative).",,,,,
LZOS-LZ_TF5,"Non-dispersable (3-term CD gives n(d)=1.97993 vs catalog 1.755234; not a Sellmeier fit) - archived, never evaluated",,2.96058035,0.0373866774,-6.3553719e-05,-0.0093389098,0.00188114598,1.35532965e-05,LZOS-AGF-NZHAGEN-MIRROR,".agf CD coefficients; verify with catalog. term(s) 1,3 carry a non-positive B or C (permitted in multi-pole fits; the n(d) check is authoritative).",,,,,
LZOS-LZ_TF7,"Non-dispersable (3-term CD gives n(d)=1.95881 vs catalog 1.728221; not a Sellmeier fit) - archived, never evaluated",,2.87556005,0.0346318645,-8.10904694e-05,-0.00903892068,0.0017867828,1.38166415e-05,LZOS-AGF-NZHAGEN-MIRROR,".agf CD coefficients; verify with catalog. term(s) 1,3 carry a non-positive B or C (permitted in multi-pole fits; the n(d) check is authoritative).",,,,,
LZOS-LZ_TF8,"Non-dispersable (3-term CD gives n(d)=1.92812 vs catalog 1.689493; not a Sellmeier fit) - archived, never evaluated",,2.76048757,0.0300701363,-1.70367903e-05,-0.00937618097,0.00118690238,6.94635155e-06,LZOS-AGF-NZHAGEN-MIRROR,".agf CD coefficients; verify with catalog. term(s) 1,3 carry a non-positive B or C (permitted in multi-pole fits; the n(d) check is authoritative).",,,,,
LZOS-LZ_TF10,"Non-dispersable (3-term CD gives n(d)=2.01968 vs catalog 1.806276; not a Sellmeier fit) - archived, never evaluated",,3.12158254,0.0417028532,-0.000251146907,-0.00958842044,0.00329045461,2.92306112e-05,LZOS-AGF-NZHAGEN-MIRROR,".agf CD coefficients; verify with catalog. term(s) 1,3 carry a non-positive B or C (permitted in multi-pole fits; the n(d) check is authoritative).",,,,,
LZOS-LZ_TK2,"Non-dispersable (3-term CD gives n(d)=1.83959 vs catalog 1.572482; not a Sellmeier fit) - archived, never evaluated",,2.43491314,0.0124374705,-8.9719479e-05,-0.00919944304,0.00080428226,5.20398686e-06,LZOS-AGF-NZHAGEN-MIRROR,".agf CD coefficients; verify with catalog. term(s) 1,3 carry a non-positive B or C (permitted in multi-pole fits; the n(d) check is authoritative).",,,,,
LZOS-LZ_TK9,"Non-dispersable (3-term CD gives n(d)=1.87495 vs catalog 1.617182; not a Sellmeier fit) - archived, never evaluated",,2.57082062,0.0128028917,-0.000293263324,-0.00937761655,0.00196440138,1.77969401e-05,LZOS-AGF-NZHAGEN-MIRROR,".agf CD coefficients; verify with catalog. term(s) 1,3 carry a non-positive B or C (permitted in multi-pole fits; the n(d) check is authoritative).",,,,,
LZOS-LZ_TK12,"Non-dispersable (3-term CD gives n(d)=1.83361 vs catalog 1.568875; not a Sellmeier fit) - archived, never evaluated",,2.42940597,0.0104342309,-0.000127587405,-0.011395594,0.000984738195,7.2645646e-06,LZOS-AGF-NZHAGEN-MIRROR,".agf CD coefficients; verify with catalog. term(s) 1,3 carry a non-positive B or C (permitted in multi-pole fits; the n(d) check is authoritative).",,,,,
LZOS-LZ_TK14,"Non-dispersable (3-term CD gives n(d)=1.86962 vs catalog 1.613087; not a Sellmeier fit) - archived, never evaluated",,2.56353018,0.0129306977,-9.19927254e-05,-0.0112558985,0.000811788179,5.30548328e-06,LZOS-AGF-NZHAGEN-MIRROR,".agf CD coefficients; verify with catalog. term(s) 1,3 carry a non-positive B or C (permitted in multi-pole fits; the n(d) check is authoritative).",,,,,
LZOS-LZ_TK16,"Non-dispersable (3-term CD gives n(d)=1.87108 vs catalog 1.612682; not a Sellmeier fit) - archived, never evaluated",,2.55981468,0.0134154165,-0.000110815289,-0.0100242005,0.000925376875,6.50410814e-06,LZOS-AGF-NZHAGEN-MIRROR,".agf CD coefficients; verify with catalog. term(s) 1,3 carry a non-positive B or C (permitted in multi-pole fits; the n(d) check is authoritative).",,,,,
LZOS-LZ_TK17,"Non-dispersable (3-term CD gives n(d)=1.88132 vs catalog 1.627983; not a Sellmeier fit) - archived, never evaluated",,2.61006508,0.0129266114,-0.000144652472,-0.0114126401,0.00115533766,8.27877187e-06,LZOS-AGF-NZHAGEN-MIRROR,".agf CD coefficients; verify with catalog. term(s) 1,3 carry a non-positive B or C (permitted in multi-pole fits; the n(d) check is authoritative).",,,,,
LZOS-LZ_TK20,"Non-dispersable (3-term CD gives n(d)=1.87924 vs catalog 1.622089; not a Sellmeier fit) - archived, never evaluated",,2.58703391,0.0149652848,-5.93845183e-05,-0.00966130656,0.000633005258,3.64506914e-06,LZOS-AGF-NZHAGEN-MIRROR,".agf CD coefficients; verify with catalog. term(s) 1,3 carry a non-positive B or C (permitted in multi-pole fits; the n(d) check is authoritative).",,,,,
LZOS-LZ_TK21,"Non-dispersable (3-term CD gives n(d)=1.90844 vs catalog 1.656907; not a Sellmeier fit) - archived, never evaluated",,2.69129136,0.0180045931,-5.4688791e-05,-0.00883561149,0.000716414509,3.7462472e-06,LZOS-AGF-NZHAGEN-MIRROR,".agf CD coefficients; verify with catalog. term(s) 1,3 carry a non-positive B or C (permitted in multi-pole fits; the n(d) check is authoritative).",,,,,
LZOS-LZ_TK23,"Non-dispersable (3-term CD gives n(d)=1.84989 vs catalog 1.589173; not a Sellmeier fit) - archived, never evaluated",,2.4913793,0.010280255,-0.00020427916,-0.0113678535,0.00147657981,1.15740924e-05,LZOS-AGF-NZHAGEN-MIRROR,".agf CD coefficients; verify with catalog. term(s) 1,3 carry a non-positive B or C (permitted in multi-pole fits; the n(d) check is authoritative).",,,,,
NIKON-J-FK5,"Non-dispersable (4-term CD gives n(d)=1.76960 vs catalog 1.48749; not a Sellmeier fit) - archived, never evaluated",,2.18826855,-0.000111621071,7.34900733e-05,-0.00919044724,0.00926372815,4.19724242e-06,NIKON-AGF-NZHAGEN-MIRROR,".agf CD coefficients; verify with catalog. term(s) 1,2,4 carry a non-positive B or C (permitted in multi-pole fits; the n(d) check is authoritative).",,-1.15412203e-07,0.0,,
NIKON-J-FK01A,"Non-dispersable (4-term CD gives n(d)=1.78408 vs catalog 1.497; not a Sellmeier fit) - archived, never evaluated",,2.21785004,-4.04219098e-05,8.8019088e-05,-0.00552619544,0.00839820345,1.15723877e-07,NIKON-AGF-NZHAGEN-MIRROR,".agf CD coefficients; verify with catalog. term(s) 1,2,4 carry a non-positive B or C (permitted in multi-pole fits; the n(d) check is authoritative).",,5.3817861e-08,0.0,,
NIKON-J-FK01,"Non-dispersable (4-term CD gives n(d)=1.78403 vs catalog 1.497; not a Sellmeier fit) - archived, never evaluated",,2.21789187,-3.28049024e-05,8.32133541e-05,-0.00556369762,0.00839632921,8.943616e-07,NIKON-AGF-NZHAGEN-MIRROR,".agf CD coefficients; verify with catalog. term(s) 1,2,4 carry a non-positive B or C (permitted in multi-pole fits; the n(d) check is authoritative).",,1.16808762e-08,0.0,,
NIKON-J-FKH1,"Non-dispersable (4-term CD gives n(d)=1.78563 vs catalog 1.49782; not a Sellmeier fit) - archived, never evaluated",,2.22016073,-3.55507111e-05,7.02327459e-05,-0.00500725473,0.00842088796,2.470079e-06,NIKON-AGF-NZHAGEN-MIRROR,".agf CD coefficients; verify with catalog. term(s) 1,2,4 carry a non-positive B or C (permitted in multi-pole fits; the n(d) check is authoritative).",,-6.50002003e-08,0.0,,
NIKON-J-FKH2,"Non-dispersable (4-term CD gives n(d)=1.75311 vs catalog 1.456; not a Sellmeier fit) - archived, never evaluated",,2.10149795,-1.34642385e-05,4.53499889e-05,-0.00468337833,0.00677542246,2.24209054e-06,NIKON-AGF-NZHAGEN-MIRROR,".agf CD coefficients; verify with catalog. term(s) 1,2,4 carry a non-positive B or C (permitted in multi-pole fits; the n(d) check is authoritative).",,-6.21790903e-08,0.0,,
NIKON-J-PKH1,"Non-dispersable (4-term CD gives n(d)=1.79464 vs catalog 1.5186; not a Sellmeier fit) - archived, never evaluated",,2.27892705,-0.000110679206,9.31149884e-05,-0.00904327622,0.0101870033,2.7225654e-06,NIKON-AGF-NZHAGEN-MIRROR,".agf CD coefficients; verify with catalog. term(s) 1,2,4 carry a non-positive B or C (permitted in multi-pole fits; the n(d) check is authoritative).",,-1.82952398e-08,0.0,,
NIKON-J-PSK02,"Non-dispersable (4-term CD gives n(d)=1.87293 vs catalog 1.618; not a Sellmeier fit) - archived, never evaluated",,2.57826227,-0.000107085207,0.000159222199,-0.00969723449,0.014348011,5.33085601e-06,NIKON-AGF-NZHAGEN-MIRROR,".agf CD coefficients; verify with catalog. term(s) 1,2,4 carry a non-positive B or C (permitted in multi-pole fits; the n(d) check is authoritative).",,-5.80638431e-08,0.0,,
NIKON-J-PSK03,"Non-dispersable (4-term CD gives n(d)=1.86141 vs catalog 1.603; not a Sellmeier fit) - archived, never evaluated",,2.53267453,-0.000106883723,0.000141770605,-0.00950416844,0.013439736,4.7304388e-06,NIKON-AGF-NZHAGEN-MIRROR,".agf CD coefficients; verify with catalog. term(s) 1,2,4 carry a non-positive B or C (permitted in multi-pole fits; the n(d) check is authoritative).",,-8.6200083e-08,0.0,,
NIKON-J-PSKH1,"Non-dispersable (4-term CD gives n(d)=1.85860 vs catalog 1.59319; not a Sellmeier fit) - archived, never evaluated",,2.50208083,-5.34313751e-05,0.000156205388,-0.00672143907,0.01282644,1.21593549e-06,NIKON-AGF-NZHAGEN-MIRROR,".agf CD coefficients; verify with catalog. term(s) 1,2,4 carry a non-positive B or C (permitted in multi-pole fits; the n(d) check is authoritative).",,9.59550869e-08,0.0,,
NIKON-J-PSKH4,"Non-dispersable (4-term CD gives n(d)=1.85283 vs catalog 1.59349; not a Sellmeier fit) - archived, never evaluated",,2.50453078,-0.000108653142,0.000133860625,-0.0101597822,0.0127723327,3.37285381e-06,NIKON-AGF-NZHAGEN-MIRROR,".agf CD coefficients; verify with catalog. term(s) 1,2,4 carry a non-positive B or C (permitted in multi-pole fits; the n(d) check is authoritative).",,-2.56491019e-08,0.0,,
NIKON-J-BK7A,"Non-dispersable (4-term CD gives n(d)=1.79193 vs catalog 1.5168; not a Sellmeier fit) - archived, never evaluated",,2.27110883,-0.000100277081,0.000120210067,-0.00938988354,0.0109572221,3.31079774e-06,NIKON-AGF-NZHAGEN-MIRROR,".agf CD coefficients; verify with catalog. term(s) 1,2,4 carry a non-positive B or C (permitted in multi-pole fits; the n(d) check is authoritative).",,-1.48235581e-08,0.0,,
NIKON-J-BK7,"Non-dispersable (4-term CD gives n(d)=1.79179 vs catalog 1.5168; not a Sellmeier fit) - archived, never evaluated",,2.27109726,-8.9187152e-05,0.000136527555,-0.00947304881,0.0109352525,1.68617824e-06,NIKON-AGF-NZHAGEN-MIRROR,".agf CD coefficients; verify with catalog. term(s) 1,2,4 carry a non-positive B or C (permitted in multi-pole fits; the n(d) check is authoritative).",,5.85391298e-08,0.0,,
NIKON-J-BAK1,"Non-dispersable (4-term CD gives n(d)=1.83741 vs catalog 1.5725; not a Sellmeier fit) - archived, never evaluated",,2.43258691,-9.21764324e-05,0.000159799832,-0.00822086723,0.0143187501,8.58344462e-06,NIKON-AGF-NZHAGEN-MIRROR,".agf CD coefficients; verify with catalog. term(s) 1,2,4 carry a non-positive B or C (permitted in multi-pole fits; the n(d) check is authoritative).",,-1.00538104e-07,0.0,,
NIKON-J-BAK2,"Non-dispersable (4-term CD gives n(d)=1.81166 vs catalog 1.53996; not a Sellmeier fit) - archived, never evaluated",,2.3361606,-9.82753897e-05,0.000122269251,-0.00818245071,0.0127499096,8.48994057e-06,NIKON-AGF-NZHAGEN-MIRROR,".agf CD coefficients; verify with catalog. term(s) 1,2,4 carry a non-positive B or C (permitted in multi-pole fits; the n(d) check is authoritative).",,-1.59525058e-07,0.0,,
NIKON-J-BAK4,"Non-dispersable (4-term CD gives n(d)=1.83296 vs catalog 1.56883; not a Sellmeier fit) - archived, never evaluated",,2.42114503,-9.30006854e-05,0.000189993274,-0.00899959341,0.014307112,6.09602388e-06,NIKON-AGF-NZHAGEN-MIRROR,".agf CD coefficients; verify with catalog. term(s) 1,2,4 carry a non-positive B or C (permitted in multi-pole fits; the n(d) check is authoritative).",,2.25737069e-07,0.0,,
NIKON-J-K3,"Non-dispersable (4-term CD gives n(d)=1.79427 vs catalog 1.51823; not a Sellmeier fit) - archived, never evaluated",,2.27169182,-6.46337623e-05,0.00017667373,-0.00815289465,0.0119516164,1.45062194e-06,NIKON-AGF-NZHAGEN-MIRROR,".agf CD coefficients; verify with catalog. term(s) 1,2,4 carry a non-positive B or C (permitted in multi-pole fits; the n(d) check is authoritative).",,2.2485209e-07,0.0,,
NIKON-J-K5,"Non-dispersable (4-term CD gives n(d)=1.79764 vs catalog 1.52249; not a Sellmeier fit) - archived, never evaluated",,2.28421062,-0.000105573054,0.000110833374,-0.00815537489,0.0122386101,9.05979458e-06,NIKON-AGF-NZHAGEN-MIRROR,".agf CD coefficients; verify with catalog. term(s) 1,2,4 carry a non-positive B or C (permitted in multi-pole fits; the n(d) check is authoritative).",,-1.07673777e-07,0.0,,
NIKON-J-KZFH1,"Non-dispersable (4-term CD gives n(d)=1.86004 vs catalog 1.61266; not a Sellmeier fit) - archived, never evaluated",,2.54674023,-0.00013427904,0.000522959966,-0.012265261,0.0185970683,-9.9314501e-06,NIKON-AGF-NZHAGEN-MIRROR,".agf CD coefficients; verify with catalog. term(s) 1,2,3,4 carry a non-positive B or C (permitted in multi-pole fits; the n(d) check is authoritative).",,2.37371768e-06,0.0,,
NIKON-J-KZFH4,"Non-dispersable (4-term CD gives n(d)=1.81725 vs catalog 1.552981; not a Sellmeier fit) - archived, never evaluated",,2.37404487,-0.000128642692,0.000255765647,-0.0107631771,0.0135709369,-2.23388334e-06,NIKON-AGF-NZHAGEN-MIRROR,".agf CD coefficients; verify with catalog. term(s) 1,2,3,4 carry a non-positive B or C (permitted in multi-pole fits; the n(d) check is authoritative).",,4.91067955e-07,0.0,,
NIKON-J-KZFH6,"Non-dispersable (5-term CD gives n(d)=1.91462 vs catalog 1.68376; not a Sellmeier fit) - archived, never evaluated",,2.76011543,0.0,0.00115656997,-0.0123775063,0.0244484473,-9.74000173e-05,NIKON-AGF-NZHAGEN-MIRROR,".agf CD coefficients; verify with catalog. term(s) 1,2,3,4,5 carry a non-positive B or C (permitted in multi-pole fits; the n(d) check is authoritative).",,1.85226731e-05,-1.41521524e-06,5.92951085e-08,0.0
NIKON-J-KZFH7,"Non-dispersable (4-term CD gives n(d)=1.95850 vs catalog 1.73211; not a Sellmeier fit) - archived, never evaluated",,2.92982429,-9.01320677e-05,0.00048433986,-0.0115064058,0.0242192502,3.92109984e-06,NIKON-AGF-NZHAGEN-MIRROR,".agf CD coefficients; verify with catalog. term(s) 1,2,4 carry a non-positive B or C (permitted in multi-pole fits; the n(d) check is authoritative).",,7.18628425e-07,0.0,,
NIKON-J-KF6,"Non-dispersable (4-term CD gives n(d)=1.79013 vs catalog 1.51742; not a Sellmeier fit) - archived, never evaluated",,2.26653222,-8.49115572e-05,0.000315395806,-0.00974283829,0.0127195343,-8.83703038e-06,NIKON-AGF-NZHAGEN-MIRROR,".agf CD coefficients; verify with catalog. term(s) 1,2,3,4 carry a non-positive B or C (permitted in multi-pole fits; the n(d) check is authoritative).",,1.84064027e-06,0.0,,
NIKON-J-BALF4,"Non-dispersable (4-term CD gives n(d)=1.84221 vs catalog 1.57957; not a Sellmeier fit) - archived, never evaluated",,2.45156936,-8.88499407e-05,0.00022451288,-0.00835914203,0.0153016408,5.89498036e-06,NIKON-AGF-NZHAGEN-MIRROR,".agf CD coefficients; verify with catalog. term(s) 1,2,4 carry a non-positive B or C (permitted in multi-pole fits; the n(d) check is authoritative).",,2.59209632e-07,0.0,,
NIKON-J-BAF3,"Non-dispersable (4-term CD gives n(d)=1.84239 vs catalog 1.58267; not a Sellmeier fit) - archived, never evaluated",,2.45448839,-0.00010471524,0.000154610243,-0.00867148963,0.0176039752,5.59918259e-05,NIKON-AGF-NZHAGEN-MIRROR,".agf CD coefficients; verify with catalog. term(s) 1,2,4 carry a non-positive B or C (permitted in multi-pole fits; the n(d) check is authoritative).",,-5.01297284e-06,3.1755799e-07,,
NIKON-J-BAF4,"Non-dispersable (4-term CD gives n(d)=1.85799 vs catalog 1.60562; not a Sellmeier fit) - archived, never evaluated",,2.5217584,-0.000134973275,7.13034071e-05,-0.00979498428,0.0197297837,0.000103716753,NIKON-AGF-NZHAGEN-MIRROR,".agf CD coefficients; verify with catalog. term(s) 1,2,4 carry a non-positive B or C (permitted in multi-pole fits; the n(d) check is authoritative).",,-1.06452623e-05,6.6389953e-07,,
NIKON-J-BAF8,"Non-dispersable (4-term CD gives n(d)=1.87365 vs catalog 1.62374; not a Sellmeier fit) - archived, never evaluated",,2.58219095,-0.000116286506,0.000219248923,-0.00986301021,0.0189733467,4.98624477e-05,NIKON-AGF-NZHAGEN-MIRROR,".agf CD coefficients; verify with catalog. term(s) 1,2,4 carry a non-positive B or C (permitted in multi-pole fits; the n(d) check is authoritative).",,-4.45223153e-06,3.07817299e-07,,
NIKON-J-BAF10,"Non-dispersable (4-term CD gives n(d)=1.91230 vs catalog 1.67003; not a Sellmeier fit) - archived, never evaluated",,2.72808119,-7.12221204e-05,0.000457311835,-0.00930210914,0.0208031569,-2.96273778e-06,NIKON-AGF-NZHAGEN-MIRROR,".agf CD coefficients; verify with catalog. term(s) 1,2,3,4 carry a non-positive B or C (permitted in multi-pole fits; the n(d) check is authoritative).",,1.6311403e-06,0.0,,
NIKON-J-BAF11,"Non-dispersable (4-term CD gives n(d)=1.91013 vs catalog 1.66672; not a Sellmeier fit) - archived, never evaluated",,2.71886836,-5.97080099e-05,0.000423467645,-0.00921086428,0.0202512558,-1.03717059e-06,NIKON-AGF-NZHAGEN-MIRROR,".agf CD coefficients; verify with catalog. term(s) 1,2,3,4 carry a non-positive B or C (permitted in multi-pole fits; the n(d) check is authoritative).",,1.22100678e-06,0.0,,
NIKON-J-BAF12,"Non-dispersable (4-term CD gives n(d)=1.88533 vs catalog 1.6393; not a Sellmeier fit) - archived, never evaluated",,2.62810335,-0.000144740792,0.000162531777,-0.00995087731,0.0206473464,7.85240289e-05,NIKON-AGF-NZHAGEN-MIRROR,".agf CD coefficients; verify with catalog. term(s) 1,2,4 carry a non-positive B or C (permitted in multi-pole fits; the n(d) check is authoritative).",,-7.45350927e-06,4.83617341e-07,,
NIKON-J-BASF2,"Non-dispersable (5-term CD gives n(d)=1.90115 vs catalog 1.66446; not a Sellmeier fit) - archived, never evaluated",,2.69527127,0.0,0.0019016356,-0.0109541476,0.0234490053,-0.000368276327,NIKON-AGF-NZHAGEN-MIRROR,".agf CD coefficients; verify with catalog. term(s) 1,2,3,4,5 carry a non-positive B or C (permitted in multi-pole fits; the n(d) check is authoritative).",,7.49770823e-05,-7.0943249e-06,3.01058679e-07,0.0
NIKON-J-BASF6,"Non-dispersable (4-term CD gives n(d)=1.90445 vs catalog 1.66755; not a Sellmeier fit) - archived, never evaluated",,2.71408053,-0.000185062065,0.000130291556,-0.011443869,0.0232439131,0.00011814346,NIKON-AGF-NZHAGEN-MIRROR,".agf CD coefficients; verify with catalog. term(s) 1,2,4 carry a non-positive B or C (permitted in multi-pole fits; the n(d) check is authoritative).",,-1.18586652e-05,7.68022789e-07,,
NIKON-J-BASF7,"Non-dispersable (4-term CD gives n(d)=1.93437 vs catalog 1.70154; not a Sellmeier fit) - archived, never evaluated",,2.82115391,-9.24350756e-05,0.000523468025,-0.0100514408,0.0249821665,3.70259835e-05,NIKON-AGF-NZHAGEN-MIRROR,".agf CD coefficients; verify with catalog. term(s) 1,2,4 carry a non-positive B or C (permitted in multi-pole fits; the n(d) check is authoritative).",,-2.14786963e-06,2.97698375e-07,,
NIKON-J-BASF8,"Non-dispersable (4-term CD gives n(d)=1.94977 vs catalog 1.72342; not a Sellmeier fit) - archived, never evaluated",,2.88696022,-0.000102521932,0.000399098561,-0.0105560202,0.0280905311,0.000115091109,NIKON-AGF-NZHAGEN-MIRROR,".agf CD coefficients; verify with catalog. term(s) 1,2,4 carry a non-positive B or C (permitted in multi-pole fits; the n(d) check is authoritative).",,-1.16375905e-05,8.75066077e-07,,
NIKON-J-SK2,"Non-dispersable (4-term CD gives n(d)=1.86443 vs catalog 1.60738; not a Sellmeier fit) - archived, never evaluated",,2.53980653,-8.4074007e-05,0.000221892881,-0.00890433248,0.0155288703,3.98552039e-06,NIKON-AGF-NZHAGEN-MIRROR,".agf CD coefficients; verify with catalog. term(s) 1,2,4 carry a non-positive B or C (permitted in multi-pole fits; the n(d) check is authoritative).",,1.13655993e-07,0.0,,
NIKON-J-SK4,"Non-dispersable (4-term CD gives n(d)=1.86785 vs catalog 1.61272; not a Sellmeier fit) - archived, never evaluated",,2.55820861,-0.000105056878,0.000188241434,-0.0096306219,0.0152842971,5.74199467e-06,NIKON-AGF-NZHAGEN-MIRROR,".agf CD coefficients; verify with catalog. term(s) 1,2,4 carry a non-positive B or C (permitted in multi-pole fits; the n(d) check is authoritative).",,3.67306869e-08,0.0,,
NIKON-J-SK5,"Non-dispersable (4-term CD gives n(d)=1.84848 vs catalog 1.58913; not a Sellmeier fit) - archived, never evaluated",,2.4874828,-9.5107548e-05,0.000182268499,-0.0101006793,0.0137290228,1.8798945e-06,NIKON-AGF-NZHAGEN-MIRROR,".agf CD coefficients; verify with catalog. term(s) 1,2,4 carry a non-positive B or C (permitted in multi-pole fits; the n(d) check is authoritative).",,9.76616911e-08,0.0,,
NIKON-J-SK10,"Non-dispersable (4-term CD gives n(d)=1.87592 vs catalog 1.6228; not a Sellmeier fit) - archived, never evaluated",,2.58848328,-9.90298068e-05,0.000207026667,-0.00952709742,0.0160216897,6.19900432e-06,NIKON-AGF-NZHAGEN-MIRROR,".agf CD coefficients; verify with catalog. term(s) 1,2,4 carry a non-positive B or C (permitted in multi-pole fits; the n(d) check is authoritative).",,1.17812844e-08,0.0,,
NIKON-J-SK11,"Non-dispersable (4-term CD gives n(d)=1.82930 vs catalog 1.56384; not a Sellmeier fit) - archived, never evaluated",,2.40941529,-9.6509289e-05,0.000153988355,-0.0092912299,0.0131170272,4.69136387e-06,NIKON-AGF-NZHAGEN-MIRROR,".agf CD coefficients; verify with catalog. term(s) 1,2,4 carry a non-positive B or C (permitted in multi-pole fits; the n(d) check is authoritative).",,-2.59660236e-08,0.0,,
NIKON-J-SK12,"Non-dispersable (4-term CD gives n(d)=1.84424 vs catalog 1.58313; not a Sellmeier fit) - archived, never evaluated",,2.46741191,-0.000102594923,0.000169265777,-0.00952788845,0.0140303006,5.39399652e-06,NIKON-AGF-NZHAGEN-MIRROR,".agf CD coefficients; verify with catalog. term(s) 1,2,4 carry a non-positive B or C (permitted in multi-pole fits; the n(d) check is authoritative).",,-2.33385875e-08,0.0,,
NIKON-J-SK14,"Non-dispersable (4-term CD gives n(d)=1.85945 vs catalog 1.60311; not a Sellmeier fit) - archived, never evaluated",,2.53043945,-9.7944083e-05,0.000200898558,-0.0102567827,0.014275253,1.18522803e-06,NIKON-AGF-NZHAGEN-MIRROR,".agf CD coefficients; verify with catalog. term(s) 1,2,4 carry a non-positive B or C (permitted in multi-pole fits; the n(d) check is authoritative).",,1.46555128e-07,0.0,,
NIKON-J-SK15,"Non-dispersable (4-term CD gives n(d)=1.87495 vs catalog 1.62299; not a Sellmeier fit) - archived, never evaluated",,2.59035665,-0.000119847148,0.000190519844,-0.0102907579,0.0157254882,6.52864472e-06,NIKON-AGF-NZHAGEN-MIRROR,".agf CD coefficients; verify with catalog. term(s) 1,2,4 carry a non-positive B or C (permitted in multi-pole fits; the n(d) check is authoritative).",,-1.78313721e-08,0.0,,
NIKON-J-SK16,"Non-dispersable (4-term CD gives n(d)=1.87188 vs catalog 1.62041; not a Sellmeier fit) - archived, never evaluated",,2.58448044,-0.000137540448,0.000188581834,-0.0111132665,0.0149921982,3.56240422e-06,NIKON-AGF-NZHAGEN-MIRROR,".agf CD coefficients; verify with catalog. term(s) 1,2,4 carry a non-positive B or C (permitted in multi-pole fits; the n(d) check is authoritative).",,7.76507396e-08,0.0,,
NIKON-J-SK18,"Non-dispersable (4-term CD gives n(d)=1.88705 vs catalog 1.63854; not a Sellmeier fit) - archived, never evaluated",,2.63738575,-0.000109091934,0.000303233685,-0.0103287558,0.0167282181,-2.03256494e-06,NIKON-AGF-NZHAGEN-MIRROR,".agf CD coefficients; verify with catalog. term(s) 1,2,3,4 carry a non-positive B or C (permitted in multi-pole fits; the n(d) check is authoritative).",,7.96743025e-07,0.0,,
NIKON-J-SSK1,"Non-dispersable (4-term CD gives n(d)=1.86902 vs catalog 1.6172; not a Sellmeier fit) - archived, never evaluated",,2.56917001,-0.00011482076,0.000266043325,-0.010534705,0.0163890732,2.86703318e-06,NIKON-AGF-NZHAGEN-MIRROR,".agf CD coefficients; verify with catalog. term(s) 1,2,4 carry a non-positive B or C (permitted in multi-pole fits; the n(d) check is authoritative).",,5.89038637e-07,0.0,,
NIKON-J-SSK5,"Non-dispersable (4-term CD gives n(d)=1.90361 vs catalog 1.65844; not a Sellmeier fit) - archived, never evaluated",,2.69546608,-0.000110686762,0.000349767067,-0.00946960473,0.0190535266,1.61235917e-06,NIKON-AGF-NZHAGEN-MIRROR,".agf CD coefficients; verify with catalog. term(s) 1,2,4 carry a non-positive B or C (permitted in multi-pole fits; the n(d) check is authoritative).",,1.06076791e-06,0.0,,
NIKON-J-SSK8,"Non-dispersable (4-term CD gives n(d)=1.86990 vs catalog 1.61772; not a Sellmeier fit) - archived, never evaluated",,2.56658096,-9.45439785e-05,0.00037143324,-0.00972847347,0.0174935076,-4.00752907e-06,NIKON-AGF-NZHAGEN-MIRROR,".agf CD coefficients; verify with catalog. term(s) 1,2,3,4 carry a non-positive B or C (permitted in multi-pole fits; the n(d) check is authoritative).",,1.64198401e-06,0.0,,
NIKON-J-LLF1,"Non-dispersable (4-term CD gives n(d)=1.81443 vs catalog 1.54814; not a Sellmeier fit) - archived, never evaluated",,2.35082049,-4.67960548e-05,0.000497642954,-0.00890815763,0.0155575823,-1.81687973e-05,NIKON-AGF-NZHAGEN-MIRROR,".agf CD coefficients; verify with catalog. term(s) 1,2,3,4 carry a non-positive B or C (permitted in multi-pole fits; the n(d) check is authoritative).",,2.83408723e-06,0.0,,
NIKON-J-LLF2,"Non-dispersable (4-term CD gives n(d)=1.80921 vs catalog 1.54072; not a Sellmeier fit) - archived, never evaluated",,2.32991556,-5.64810656e-05,0.000420176461,-0.00866190637,0.01502038,-1.21206332e-05,NIKON-AGF-NZHAGEN-MIRROR,".agf CD coefficients; verify with catalog. term(s) 1,2,3,4 carry a non-positive B or C (permitted in multi-pole fits; the n(d) check is authoritative).",,2.27699343e-06,0.0,,
NIKON-J-LLF6,"Non-dispersable (4-term CD gives n(d)=1.80278 vs catalog 1.53172; not a Sellmeier fit) - archived, never evaluated",,2.30465477,-8.53219261e-05,0.000330848944,-0.00842372028,0.0143763145,-4.10026783e-06,NIKON-AGF-NZHAGEN-MIRROR,".agf CD coefficients; verify with catalog. term(s) 1,2,3,4 carry a non-positive B or C (permitted in multi-pole fits; the n(d) check is authoritative).",,1.57001947e-06,0.0,,
NIKON-J-LF5,"Non-dispersable (4-term CD gives n(d)=1.83859 vs catalog 1.58144; not a Sellmeier fit) - archived, never evaluated",,2.44484793,-9.46881204e-05,0.000236834809,-0.00936437503,0.0193135291,7.55993911e-05,NIKON-AGF-NZHAGEN-MIRROR,".agf CD coefficients; verify with catalog. term(s) 1,2,4 carry a non-positive B or C (permitted in multi-pole fits; the n(d) check is authoritative).",,-7.53407578e-06,5.41756865e-07,,
NIKON-J-LF6,"Non-dispersable (4-term CD gives n(d)=1.82927 vs catalog 1.56732; not a Sellmeier fit) - archived, never evaluated",,2.40368894,-0.00012227067,9.28895588e-05,-0.00844989386,0.0183786358,9.23801901e-05,NIKON-AGF-NZHAGEN-MIRROR,".agf CD coefficients; verify with catalog. term(s) 1,2,4 carry a non-positive B or C (permitted in multi-pole fits; the n(d) check is authoritative).",,-9.1429577e-06,5.77555194e-07,,
NIKON-J-LF7,"Non-dispersable (4-term CD gives n(d)=1.83432 vs catalog 1.57501; not a Sellmeier fit) - archived, never evaluated",,2.42574282,-0.000108092631,0.000117245652,-0.00890909885,0.0190630501,9.74566345e-05,NIKON-AGF-NZHAGEN-MIRROR,".agf CD coefficients; verify with catalog. term(s) 1,2,4 carry a non-positive B or C (permitted in multi-pole fits; the n(d) check is authoritative).",,-9.93663901e-06,6.41905453e-07,,
NIKON-J-F1,"Non-dispersable (4-term CD gives n(d)=1.87026 vs catalog 1.62588; not a Sellmeier fit) - archived, never evaluated",,2.57291645,-0.000102025424,0.000442698668,-0.010421051,0.0237163029,9.19547318e-05,NIKON-AGF-NZHAGEN-MIRROR,".agf CD coefficients; verify with catalog. term(s) 1,2,4 carry a non-positive B or C (permitted in multi-pole fits; the n(d) check is authoritative).",,-8.93128864e-06,7.90992496e-07,,
NIKON-J-F2,"Non-dispersable (5-term CD gives n(d)=1.86557 vs catalog 1.62004; not a Sellmeier fit) - archived, never evaluated",,2.55848782,0.0,0.00204096825,-0.0111821288,0.0203054502,-0.000437338902,NIKON-AGF-NZHAGEN-MIRROR,".agf CD coefficients; verify with catalog. term(s) 1,2,3,4,5 carry a non-positive B or C (permitted in multi-pole fits; the n(d) check is authoritative).",,8.55288881e-05,-7.9676939e-06,3.26555576e-07,0.0
NIKON-J-F3,"Non-dispersable (4-term CD gives n(d)=1.86050 vs catalog 1.61293; not a Sellmeier fit) - archived, never evaluated",,2.5354736,-9.00763853e-05,0.000443442601,-0.010429899,0.0222719327,7.40581279e-05,NIKON-AGF-NZHAGEN-MIRROR,".agf CD coefficients; verify with catalog. term(s) 1,2,4 carry a non-positive B or C (permitted in multi-pole fits; the n(d) check is authoritative).",,-6.90525545e-06,6.52621989e-07,,
NIKON-J-F5,"Non-dispersable (4-term CD gives n(d)=1.85453 vs catalog 1.60342; not a Sellmeier fit) - archived, never evaluated",,2.50730433,-0.000108925344,0.0002157139,-0.0096392024,0.021773033,0.000115184205,NIKON-AGF-NZHAGEN-MIRROR,".agf CD coefficients; verify with catalog. term(s) 1,2,4 carry a non-positive B or C (permitted in multi-pole fits; the n(d) check is authoritative).",,-1.21949895e-05,8.47741632e-07,,
NIKON-J-F8,"Non-dispersable (4-term CD gives n(d)=1.84840 vs catalog 1.59551; not a Sellmeier fit) - archived, never evaluated",,2.48625113,-3.66798847e-05,0.000763732181,-0.0100589301,0.0196315837,-3.17124943e-05,NIKON-AGF-NZHAGEN-MIRROR,".agf CD coefficients; verify with catalog. term(s) 1,2,3,4 carry a non-positive B or C (permitted in multi-pole fits; the n(d) check is authoritative).",,5.33168997e-06,0.0,,
NIKON-J-F16,"Non-dispersable (5-term CD gives n(d)=1.84493 vs catalog 1.5927; not a Sellmeier fit) - archived, never evaluated",,2.47262695,0.0,0.00181579852,-0.0101687674,0.019743684,-0.00035896046,NIKON-AGF-NZHAGEN-MIRROR,".agf CD coefficients; verify with catalog. term(s) 1,2,3,4,5 carry a non-positive B or C (permitted in multi-pole fits; the n(d) check is authoritative).",,7.21398135e-05,-6.71121675e-06,2.80287467e-07,0.0
NIKON-J-SF1,"Non-dispersable (5-term CD gives n(d)=1.93888 vs catalog 1.71736; not a Sellmeier fit) - archived, never evaluated",,2.8477793,0.0,0.00254456183,-0.0114171302,0.0310426999,-0.000460296278,NIKON-AGF-NZHAGEN-MIRROR,".agf CD coefficients; verify with catalog. term(s) 1,2,3,4,5 carry a non-positive B or C (permitted in multi-pole fits; the n(d) check is authoritative).",,0.000102222014,-1.01220546e-05,4.62539051e-07,0.0
NIKON-J-SF2,"Non-dispersable (5-term CD gives n(d)=1.88733 vs catalog 1.64769; not a Sellmeier fit) - archived, never evaluated",,2.63768374,0.0,0.00192856512,-0.0104781511,0.0239749005,-0.000366733662,NIKON-AGF-NZHAGEN-MIRROR,".agf CD coefficients; verify with catalog. term(s) 1,2,3,4,5 carry a non-positive B or C (permitted in multi-pole fits; the n(d) check is authoritative).",,7.71499779e-05,-7.4649885e-06,3.25251898e-07,0.0
NIKON-J-SF4,"Non-dispersable (5-term CD gives n(d)=1.96601 vs catalog 1.7552; not a Sellmeier fit) - archived, never evaluated",,2.96384442,0.0,0.00272484712,-0.0122384397,0.0357090539,-0.000437315556,NIKON-AGF-NZHAGEN-MIRROR,".agf CD coefficients; verify with catalog. term(s) 1,2,3,4,5 carry a non-positive B or C (permitted in multi-pole fits; the n(d) check is authoritative).",,0.000103210102,-1.04209554e-05,5.02488681e-07,0.0
NIKON-J-SF5,"Non-dispersable (4-term CD gives n(d)=1.90611 vs catalog 1.6727; not a Sellmeier fit) - archived, never evaluated",,2.71072072,-9.06763794e-05,0.000557561753,-0.0102160186,0.0288337808,0.000133564048,NIKON-AGF-NZHAGEN-MIRROR,".agf CD coefficients; verify with catalog. term(s) 1,2,4 carry a non-positive B or C (permitted in multi-pole fits; the n(d) check is authoritative).",,-1.34358407e-05,1.19202152e-06,,
NIKON-J-SF6,"Non-dispersable (5-term CD gives n(d)=2.00317 vs catalog 1.80518; not a Sellmeier fit) - archived, never evaluated",,3.11993645,0.0,0.00304768926,-0.0126679163,0.0421698355,-0.000420720196,NIKON-AGF-NZHAGEN-MIRROR,".agf CD coefficients; verify with catalog. term(s) 1,2,3,4,5 carry a non-positive B or C (permitted in multi-pole fits; the n(d) check is authoritative).",,0.000106770582,-1.09382035e-05,5.57077794e-07,0.0
NIKON-J-SF6HS,"Non-dispersable (5-term CD gives n(d)=2.00317 vs catalog 1.80518; not a Sellmeier fit) - archived, never evaluated",,3.11993645,0.0,0.00304768926,-0.0126679163,0.0421698355,-0.000420720196,NIKON-AGF-NZHAGEN-MIRROR,".agf CD coefficients; verify with catalog. term(s) 1,2,3,4,5 carry a non-positive B or C (permitted in multi-pole fits; the n(d) check is authoritative).",,0.000106770582,-1.09382035e-05,5.57077794e-07,0.0
NIKON-J-SF7,"Non-dispersable (4-term CD gives n(d)=1.88168 vs catalog 1.6398; not a Sellmeier fit) - archived, never evaluated",,2.61297958,-0.000106186576,0.000392630585,-0.00985563637,0.0254765452,0.000121161036,NIKON-AGF-NZHAGEN-MIRROR,".agf CD coefficients; verify with catalog. term(s) 1,2,4 carry a non-positive B or C (permitted in multi-pole fits; the n(d) check is authoritative).",,-1.21702106e-05,9.86930857e-07,,
NIKON-J-SF8,"Non-dispersable (5-term CD gives n(d)=1.91816 vs catalog 1.68893; not a Sellmeier fit) - archived, never evaluated",,2.76136798,0.0,0.00232580023,-0.0108932344,0.0279459967,-0.000432657789,NIKON-AGF-NZHAGEN-MIRROR,".agf CD coefficients; verify with catalog. term(s) 1,2,3,4,5 carry a non-positive B or C (permitted in multi-pole fits; the n(d) check is authoritative).",,9.2814925e-05,-9.03546717e-06,4.01729395e-07,0.0
NIKON-J-SF10,"Non-dispersable (5-term CD gives n(d)=1.94577 vs catalog 1.72825; not a Sellmeier fit) - archived, never evaluated",,2.87916509,0.0,0.00270047713,-0.0119049122,0.0328054585,-0.000476826023,NIKON-AGF-NZHAGEN-MIRROR,".agf CD coefficients; verify with catalog. term(s) 1,2,3,4,5 carry a non-positive B or C (permitted in multi-pole fits; the n(d) check is authoritative).",,0.000107927203,-1.07672748e-05,5.00986227e-07,0.0
NIKON-J-SF11,"Non-dispersable (5-term CD gives n(d)=1.98689 vs catalog 1.78472; not a Sellmeier fit) - archived, never evaluated",,3.05304325,0.0,0.00316619134,-0.012733991,0.0399774262,-0.000502824259,NIKON-AGF-NZHAGEN-MIRROR,".agf CD coefficients; verify with catalog. term(s) 1,2,3,4,5 carry a non-positive B or C (permitted in multi-pole fits; the n(d) check is authoritative).",,0.000122491876,-1.25325941e-05,6.19354223e-07,0.0
NIKON-J-SF13,"Non-dispersable (5-term CD gives n(d)=1.95479 vs catalog 1.74077; not a Sellmeier fit) - archived, never evaluated",,2.9174225,0.0,0.00266756706,-0.0121278695,0.0344734103,-0.000432503622,NIKON-AGF-NZHAGEN-MIRROR,".agf CD coefficients; verify with catalog. term(s) 1,2,3,4,5 carry a non-positive B or C (permitted in multi-pole fits; the n(d) check is authoritative).",,0.000100646069,-1.00610625e-05,4.80261151e-07,0.0
NIKON-J-SF14,"Non-dispersable (5-term CD gives n(d)=1.96966 vs catalog 1.76182; not a Sellmeier fit) - archived, never evaluated",,2.98193445,0.0,0.00296054842,-0.012659384,0.0370386685,-0.000481643932,NIKON-AGF-NZHAGEN-MIRROR,".agf CD coefficients; verify with catalog. term(s) 1,2,3,4,5 carry a non-positive B or C (permitted in multi-pole fits; the n(d) check is authoritative).",,0.000114549779,-1.16507463e-05,5.68089035e-07,0.0
NIKON-J-SF15,"Non-dispersable (5-term CD gives n(d)=1.92501 vs catalog 1.69895; not a Sellmeier fit) - archived, never evaluated",,2.79018804,0.0,0.00219337541,-0.0110845992,0.0297256583,-0.000359769888,NIKON-AGF-NZHAGEN-MIRROR,".agf CD coefficients; verify with catalog. term(s) 1,2,3,4,5 carry a non-positive B or C (permitted in multi-pole fits; the n(d) check is authoritative).",,8.12762977e-05,-8.02301606e-06,3.73019506e-07,0.0
NIKON-J-SF03,"Non-dispersable (5-term CD gives n(d)=2.03310 vs catalog 1.84666; not a Sellmeier fit) - archived, never evaluated",,3.25089291,0.0,0.0032638368,-0.013324411,0.0484040988,-0.000401470701,NIKON-AGF-NZHAGEN-MIRROR,".agf CD coefficients; verify with catalog. term(s) 1,2,3,4,5 carry a non-positive B or C (permitted in multi-pole fits; the n(d) check is authoritative).",,0.000116583198,-1.27242455e-05,6.96171808e-07,0.0
NIKON-J-SF03HS,"Non-dispersable (5-term CD gives n(d)=2.03310 vs catalog 1.84666; not a Sellmeier fit) - archived, never evaluated",,3.25089291,0.0,0.0032638368,-0.013324411,0.0484040988,-0.000401470701,NIKON-AGF-NZHAGEN-MIRROR,".agf CD coefficients; verify with catalog. term(s) 1,2,3,4,5 carry a non-positive B or C (permitted in multi-pole fits; the n(d) check is authoritative).",,0.000116583198,-1.27242455e-05,6.96171808e-07,0.0
NIKON-J-SFS3,"Non-dispersable (5-term CD gives n(d)=1.98749 vs catalog 1.7847; not a Sellmeier fit) - archived, never evaluated",,3.05623339,0.0,0.00339109066,-0.0128486167,0.0387408706,-0.000605526065,NIKON-AGF-NZHAGEN-MIRROR,".agf CD coefficients; verify with catalog. term(s) 1,2,3,4,5 carry a non-positive B or C (permitted in multi-pole fits; the n(d) check is authoritative).",,0.000141221664,-1.44464234e-05,6.88155857e-07,0.0
NIKON-J-SFH1,"Non-dispersable (5-term CD gives n(d)=1.99970 vs catalog 1.80809; not a Sellmeier fit) - archived, never evaluated",,3.11637039,0.0,0.00379129507,-0.0140103252,0.0455295459,-0.000576203793,NIKON-AGF-NZHAGEN-MIRROR,".agf CD coefficients; verify with catalog. term(s) 1,2,3,4,5 carry a non-positive B or C (permitted in multi-pole fits; the n(d) check is authoritative).",,0.000153793977,-1.65780029e-05,8.814805e-07,0.0
NIKON-J-SFH2,"Non-dispersable (5-term CD gives n(d)=2.04009 vs catalog 1.86074; not a Sellmeier fit) - archived, never evaluated",,3.29659106,0.0,0.00387657158,-0.0151583913,0.0496966192,-0.000533127104,NIKON-AGF-NZHAGEN-MIRROR,".agf CD coefficients; verify with catalog. term(s) 1,2,3,4,5 carry a non-positive B or C (permitted in multi-pole fits; the n(d) check is authoritative).",,0.000143134944,-1.50873439e-05,8.02061962e-07,0.0
NIKON-J-LAK7,"Non-dispersable (4-term CD gives n(d)=1.89539 vs catalog 1.6516; not a Sellmeier fit) - archived, never evaluated",,2.6823272,-0.00014372436,0.000217295781,-0.0119713031,0.0164555463,4.69383509e-06,NIKON-AGF-NZHAGEN-MIRROR,".agf CD coefficients; verify with catalog. term(s) 1,2,4 carry a non-positive B or C (permitted in multi-pole fits; the n(d) check is authoritative).",,3.49394854e-08,0.0,,
NIKON-J-LAK7R,"Non-dispersable (4-term CD gives n(d)=1.89459 vs catalog 1.6516; not a Sellmeier fit) - archived, never evaluated",,2.68281356,-0.000136478256,0.000253121787,-0.012462194,0.0162751692,1.72812439e-07,NIKON-AGF-NZHAGEN-MIRROR,".agf CD coefficients; verify with catalog. term(s) 1,2,4 carry a non-positive B or C (permitted in multi-pole fits; the n(d) check is authoritative).",,2.34124836e-07,0.0,,
NIKON-J-LAK8,"Non-dispersable (4-term CD gives n(d)=1.94133 vs catalog 1.713; not a Sellmeier fit) - archived, never evaluated",,2.87779172,-0.000208866139,0.000244901642,-0.0135972618,0.0203518573,1.23070041e-05,NIKON-AGF-NZHAGEN-MIRROR,".agf CD coefficients; verify with catalog. term(s) 1,2,4 carry a non-positive B or C (permitted in multi-pole fits; the n(d) check is authoritative).",,-1.32629677e-07,0.0,,
NIKON-J-LAK9,"Non-dispersable (4-term CD gives n(d)=1.92375 vs catalog 1.691; not a Sellmeier fit) - archived, never evaluated",,2.80700795,-0.000153406686,0.000280739188,-0.0135938061,0.0188808096,5.33547368e-06,NIKON-AGF-NZHAGEN-MIRROR,".agf CD coefficients; verify with catalog. term(s) 1,2,4 carry a non-positive B or C (permitted in multi-pole fits; the n(d) check is authoritative).",,1.19947182e-07,0.0,,
NIKON-J-LAK10,"Non-dispersable (4-term CD gives n(d)=1.94901 vs catalog 1.71999; not a Sellmeier fit) - archived, never evaluated",,2.89571408,-0.000136916169,0.000357973143,-0.0120013315,0.0219522159,8.26304425e-06,NIKON-AGF-NZHAGEN-MIRROR,".agf CD coefficients; verify with catalog. term(s) 1,2,4 carry a non-positive B or C (permitted in multi-pole fits; the n(d) check is authoritative).",,2.7388172e-07,0.0,,
NIKON-J-LAK12,"Non-dispersable (4-term CD gives n(d)=1.91753 vs catalog 1.6779; not a Sellmeier fit) - archived, never evaluated",,2.76331704,-0.000129016401,0.000256863267,-0.0111612524,0.0184973677,6.55822525e-06,NIKON-AGF-NZHAGEN-MIRROR,".agf CD coefficients; verify with catalog. term(s) 1,2,4 carry a non-positive B or C (permitted in multi-pole fits; the n(d) check is authoritative).",,7.62548252e-08,0.0,,
NIKON-J-LAK13,"Non-dispersable (4-term CD gives n(d)=1.92762 vs catalog 1.6935; not a Sellmeier fit) - archived, never evaluated",,2.81256049,-0.000146274016,0.00031921638,-0.0123338559,0.0196331804,3.67504765e-06,NIKON-AGF-NZHAGEN-MIRROR,".agf CD coefficients; verify with catalog. term(s) 1,2,4 carry a non-positive B or C (permitted in multi-pole fits; the n(d) check is authoritative).",,2.77132755e-07,0.0,,
NIKON-J-LAK14,"Non-dispersable (4-term CD gives n(d)=1.92782 vs catalog 1.6968; not a Sellmeier fit) - archived, never evaluated",,2.8267987,-0.000170936348,0.00027593367,-0.0140346783,0.0189011366,5.15919094e-06,NIKON-AGF-NZHAGEN-MIRROR,".agf CD coefficients; verify with catalog. term(s) 1,2,4 carry a non-positive B or C (permitted in multi-pole fits; the n(d) check is authoritative).",,9.87059817e-08,0.0,,
NIKON-J-LAK18,"Non-dispersable (4-term CD gives n(d)=1.95357 vs catalog 1.72916; not a Sellmeier fit) - archived, never evaluated",,2.93263885,-0.000192506617,0.000293008969,-0.0142564324,0.0206017616,6.61918495e-06,NIKON-AGF-NZHAGEN-MIRROR,".agf CD coefficients; verify with catalog. term(s) 1,2,4 carry a non-positive B or C (permitted in multi-pole fits; the n(d) check is authoritative).",,7.33494598e-08,0.0,,
NIKON-J-LAK01,"Non-dispersable (4-term CD gives n(d)=1.88432 vs catalog 1.64; not a Sellmeier fit) - archived, never evaluated",,2.64746203,-0.000166347533,0.000192870468,-0.0131056736,0.0155169536,4.84379496e-06,NIKON-AGF-NZHAGEN-MIRROR,".agf CD coefficients; verify with catalog. term(s) 1,2,4 carry a non-positive B or C (permitted in multi-pole fits; the n(d) check is authoritative).",,-7.97499057e-09,0.0,,
NIKON-J-LAK02,"Non-dispersable (4-term CD gives n(d)=1.90990 vs catalog 1.67; not a Sellmeier fit) - archived, never evaluated",,2.74008995,-0.000175410927,0.00018931729,-0.0120461104,0.0176614454,1.04494737e-05,NIKON-AGF-NZHAGEN-MIRROR,".agf CD coefficients; verify with catalog. term(s) 1,2,4 carry a non-positive B or C (permitted in multi-pole fits; the n(d) check is authoritative).",,-1.62215193e-07,0.0,,
NIKON-J-LAK04,"Non-dispersable (4-term CD gives n(d)=1.89623 vs catalog 1.651; not a Sellmeier fit) - archived, never evaluated",,2.67775568,-0.000112368235,0.000257310134,-0.0109363526,0.0171233781,2.54752519e-06,NIKON-AGF-NZHAGEN-MIRROR,".agf CD coefficients; verify with catalog. term(s) 1,2,4 carry a non-positive B or C (permitted in multi-pole fits; the n(d) check is authoritative).",,1.89782794e-07,0.0,,
NIKON-J-LAK06,"Non-dispersable (4-term CD gives n(d)=1.91761 vs catalog 1.6779; not a Sellmeier fit) - archived, never evaluated",,2.75830673,-8.63280601e-05,0.000388736963,-0.0104979587,0.0198026568,-3.98876195e-07,NIKON-AGF-NZHAGEN-MIRROR,".agf CD coefficients; verify with catalog. term(s) 1,2,3,4 carry a non-positive B or C (permitted in multi-pole fits; the n(d) check is authoritative).",,8.98869177e-07,0.0,,
NIKON-J-LAK09,"Non-dispersable (4-term CD gives n(d)=1.95715 vs catalog 1.734; not a Sellmeier fit) - archived, never evaluated",,2.94471329,-0.000208989528,0.000296283761,-0.0139489672,0.0221246396,1.28986233e-05,NIKON-AGF-NZHAGEN-MIRROR,".agf CD coefficients; verify with catalog. term(s) 1,2,4 carry a non-positive B or C (permitted in multi-pole fits; the n(d) check is authoritative).",,-4.34524857e-08,0.0,,
NIKON-J-LAK011,"Non-dispersable (4-term CD gives n(d)=1.96356 vs catalog 1.741; not a Sellmeier fit) - archived, never evaluated",,2.96970289,-0.000188539623,0.000320709012,-0.0138160772,0.021844812,8.12772786e-06,NIKON-AGF-NZHAGEN-MIRROR,".agf CD coefficients; verify with catalog. term(s) 1,2,4 carry a non-positive B or C (permitted in multi-pole fits; the n(d) check is authoritative).",,7.94854532e-08,0.0,,
NIKON-J-LASKH2,"Non-dispersable (4-term CD gives n(d)=1.97467 vs catalog 1.755; not a Sellmeier fit) - archived, never evaluated",,3.01618042,-0.000204284446,0.000317846393,-0.0139280117,0.0227027519,1.01400049e-05,NIKON-AGF-NZHAGEN-MIRROR,".agf CD coefficients; verify with catalog. term(s) 1,2,4 carry a non-positive B or C (permitted in multi-pole fits; the n(d) check is authoritative).",,3.63521536e-08,0.0,,
NIKON-J-LAF2,"Non-dispersable (4-term CD gives n(d)=1.96702 vs catalog 1.744; not a Sellmeier fit) - archived, never evaluated",,2.96796358,-0.000121022641,0.00059199783,-0.0119454184,0.0250950364,-3.88364981e-06,NIKON-AGF-NZHAGEN-MIRROR,".agf CD coefficients; verify with catalog. term(s) 1,2,3,4 carry a non-positive B or C (permitted in multi-pole fits; the n(d) check is authoritative).",,2.08885425e-06,0.0,,
NIKON-J-LAF3,"Non-dispersable (4-term CD gives n(d)=1.94671 vs catalog 1.717; not a Sellmeier fit) - archived, never evaluated",,2.88297779,-0.000115749419,0.000475179381,-0.0115922463,0.0224704179,-1.9647181e-06,NIKON-AGF-NZHAGEN-MIRROR,".agf CD coefficients; verify with catalog. term(s) 1,2,3,4 carry a non-positive B or C (permitted in multi-pole fits; the n(d) check is authoritative).",,1.41116684e-06,0.0,,
NIKON-J-LAF7,"Non-dispersable (4-term CD gives n(d)=1.96716 vs catalog 1.7495; not a Sellmeier fit) - archived, never evaluated",,2.96739544,-0.000133628078,0.000654571893,-0.0118139418,0.0310749099,9.85567905e-05,NIKON-AGF-NZHAGEN-MIRROR,".agf CD coefficients; verify with catalog. term(s) 1,2,4 carry a non-positive B or C (permitted in multi-pole fits; the n(d) check is authoritative).",,-8.8311254e-06,8.38843732e-07,,
NIKON-J-LAF01,"Non-dispersable (4-term CD gives n(d)=1.93513 vs catalog 1.7; not a Sellmeier fit) - archived, never evaluated",,2.82684251,-7.59583803e-05,0.000472548975,-0.0103793494,0.021662046,-2.58637501e-06,NIKON-AGF-NZHAGEN-MIRROR,".agf CD coefficients; verify with catalog. term(s) 1,2,3,4 carry a non-positive B or C (permitted in multi-pole fits; the n(d) check is authoritative).",,1.43317138e-06,0.0,,
NIKON-J-LAF02,"Non-dispersable (4-term CD gives n(d)=1.95025 vs catalog 1.72; not a Sellmeier fit) - archived, never evaluated",,2.88586901,-5.7330265e-05,0.000671639978,-0.0102242298,0.0243594329,-1.38459487e-05,NIKON-AGF-NZHAGEN-MIRROR,".agf CD coefficients; verify with catalog. term(s) 1,2,3,4 carry a non-positive B or C (permitted in multi-pole fits; the n(d) check is authoritative).",,2.96139784e-06,0.0,,
NIKON-J-LAF04,"Non-dispersable (4-term CD gives n(d)=1.97412 vs catalog 1.757; not a Sellmeier fit) - archived, never evaluated",,3.01765567,-0.000173403131,0.00050291378,-0.0144029325,0.0241938931,-1.18295424e-07,NIKON-AGF-NZHAGEN-MIRROR,".agf CD coefficients; verify with catalog. term(s) 1,2,3,4 carry a non-positive B or C (permitted in multi-pole fits; the n(d) check is authoritative).",,1.26171561e-06,0.0,,
NIKON-J-LAF05,"Non-dispersable (4-term CD gives n(d)=1.98236 vs catalog 1.762; not a Sellmeier fit) - archived, never evaluated",,3.01897142,-3.56215294e-05,0.000843869366,-0.0106135241,0.0284177137,-1.12827377e-05,NIKON-AGF-NZHAGEN-MIRROR,".agf CD coefficients; verify with catalog. term(s) 1,2,3,4 carry a non-positive B or C (permitted in multi-pole fits; the n(d) check is authoritative).",,3.11337221e-06,0.0,,
NIKON-J-LAF09,"Non-dispersable (4-term CD gives n(d)=1.93237 vs catalog 1.697; not a Sellmeier fit) - archived, never evaluated",,2.81748246,-0.000100459117,0.000433668886,-0.0105788235,0.0214941409,3.1538635e-07,NIKON-AGF-NZHAGEN-MIRROR,".agf CD coefficients; verify with catalog. term(s) 1,2,4 carry a non-positive B or C (permitted in multi-pole fits; the n(d) check is authoritative).",,1.19012861e-06,0.0,,
NIKON-J-LAF010,"Non-dispersable (4-term CD gives n(d)=1.96539 vs catalog 1.7432; not a Sellmeier fit) - archived, never evaluated",,2.97218511,-0.000174821942,0.000384261692,-0.0132235298,0.0233639677,9.20777694e-06,NIKON-AGF-NZHAGEN-MIRROR,".agf CD coefficients; verify with catalog. term(s) 1,2,4 carry a non-positive B or C (permitted in multi-pole fits; the n(d) check is authoritative).",,3.19655312e-07,0.0,,
NIKON-J-LAF016,"Non-dispersable (4-term CD gives n(d)=2.00509 vs catalog 1.801; not a Sellmeier fit) - archived, never evaluated",,3.13977744,-0.000162026634,0.000587991861,-0.0136971027,0.0348771551,0.000135087453,NIKON-AGF-NZHAGEN-MIRROR,".agf CD coefficients; verify with catalog. term(s) 1,2,4 carry a non-positive B or C (permitted in multi-pole fits; the n(d) check is authoritative).",,-1.23042975e-05,9.55959268e-07,,
NIKON-J-LAF016HS,"Non-dispersable (4-term CD gives n(d)=2.00509 vs catalog 1.801; not a Sellmeier fit) - archived, never evaluated",,3.13977744,-0.000162026634,0.000587991861,-0.0136971027,0.0348771551,0.000135087453,NIKON-AGF-NZHAGEN-MIRROR,".agf CD coefficients; verify with catalog. term(s) 1,2,4 carry a non-positive B or C (permitted in multi-pole fits; the n(d) check is authoritative).",,-1.23042975e-05,9.55959268e-07,,
NIKON-J-LAFH3,"Non-dispersable (5-term CD gives n(d)=1.99739 vs catalog 1.79504; not a Sellmeier fit) - archived, never evaluated",,3.1015892,0.0,0.00326400857,-0.013347498,0.0364605893,-0.000624213023,NIKON-AGF-NZHAGEN-MIRROR,".agf CD coefficients; verify with catalog. term(s) 1,2,3,4,5 carry a non-positive B or C (permitted in multi-pole fits; the n(d) check is authoritative).",,0.000140210775,-1.42247779e-05,6.58468818e-07,0.0
NIKON-J-LAFH3HS,"Non-dispersable (5-term CD gives n(d)=1.99739 vs catalog 1.79504; not a Sellmeier fit) - archived, never evaluated",,3.1015892,0.0,0.00326400857,-0.013347498,0.0364605893,-0.000624213023,NIKON-AGF-NZHAGEN-MIRROR,".agf CD coefficients; verify with catalog. term(s) 1,2,3,4,5 carry a non-positive B or C (permitted in multi-pole fits; the n(d) check is authoritative).",,0.000140210775,-1.42247779e-05,6.58468818e-07,0.0
NIKON-J-LASF01,"Non-dispersable (4-term CD gives n(d)=1.99760 vs catalog 1.7859; not a Sellmeier fit) - archived, never evaluated",,3.10918831,-0.000130545613,0.000651189638,-0.0137763126,0.0274334291,-1.58159803e-06,NIKON-AGF-NZHAGEN-MIRROR,".agf CD coefficients; verify with catalog. term(s) 1,2,3,4 carry a non-positive B or C (permitted in multi-pole fits; the n(d) check is authoritative).",,1.87919051e-06,0.0,,
NIKON-J-LASF02,"Non-dispersable (4-term CD gives n(d)=2.00975 vs catalog 1.79952; not a Sellmeier fit) - archived, never evaluated",,3.15037829,-0.00018434208,0.000435495344,-0.0126701101,0.0301788791,5.91055881e-05,NIKON-AGF-NZHAGEN-MIRROR,".agf CD coefficients; verify with catalog. term(s) 1,2,4 carry a non-positive B or C (permitted in multi-pole fits; the n(d) check is authoritative).",,-3.81755339e-06,2.51546253e-07,,
NIKON-J-LASF03,"Non-dispersable (4-term CD gives n(d)=2.01132 vs catalog 1.8061; not a Sellmeier fit) - archived, never evaluated",,3.17262102,-0.000148050666,0.000795161351,-0.0144956612,0.0302384298,-3.21543048e-06,NIKON-AGF-NZHAGEN-MIRROR,".agf CD coefficients; verify with catalog. term(s) 1,2,3,4 carry a non-positive B or C (permitted in multi-pole fits; the n(d) check is authoritative).",,3.05533181e-06,0.0,,
NIKON-J-LASF05,"Non-dispersable (4-term CD gives n(d)=2.03811 vs catalog 1.83481; not a Sellmeier fit) - archived, never evaluated",,3.27458352,-0.000135438033,0.000711503841,-0.013275214,0.0311933067,3.51334559e-06,NIKON-AGF-NZHAGEN-MIRROR,".agf CD coefficients; verify with catalog. term(s) 1,2,4 carry a non-positive B or C (permitted in multi-pole fits; the n(d) check is authoritative).",,1.88560229e-06,0.0,,
NIKON-J-LASF05HS,"Non-dispersable (4-term CD gives n(d)=2.03811 vs catalog 1.83481; not a Sellmeier fit) - archived, never evaluated",,3.27458352,-0.000135438033,0.000711503841,-0.013275214,0.0311933067,3.51334559e-06,NIKON-AGF-NZHAGEN-MIRROR,".agf CD coefficients; verify with catalog. term(s) 1,2,4 carry a non-positive B or C (permitted in multi-pole fits; the n(d) check is authoritative).",,1.88560229e-06,0.0,,
NIKON-J-LASF08,"Non-dispersable (4-term CD gives n(d)=2.07579 vs catalog 1.883; not a Sellmeier fit) - archived, never evaluated",,3.44018604,-0.000115923849,0.000803698998,-0.0137727093,0.0355983882,1.22241789e-05,NIKON-AGF-NZHAGEN-MIRROR,".agf CD coefficients; verify with catalog. term(s) 1,2,4 carry a non-positive B or C (permitted in multi-pole fits; the n(d) check is authoritative).",,1.64455247e-06,0.0,,
NIKON-J-LASF08A,"Non-dispersable (4-term CD gives n(d)=2.07593 vs catalog 1.883; not a Sellmeier fit) - archived, never evaluated",,3.4408629,-5.63338044e-05,0.000960233781,-0.0138053657,0.035057073,-7.6596963e-06,NIKON-AGF-NZHAGEN-MIRROR,".agf CD coefficients; verify with catalog. term(s) 1,2,3,4 carry a non-positive B or C (permitted in multi-pole fits; the n(d) check is authoritative).",,2.57013206e-06,0.0,,
NIKON-J-LASF09,"Non-dispersable (4-term CD gives n(d)=2.02315 vs catalog 1.816; not a Sellmeier fit) - archived, never evaluated",,3.21640776,-0.000161434942,0.000509661263,-0.0137992658,0.0281939284,1.00848603e-05,NIKON-AGF-NZHAGEN-MIRROR,".agf CD coefficients; verify with catalog. term(s) 1,2,4 carry a non-positive B or C (permitted in multi-pole fits; the n(d) check is authoritative).",,6.06649264e-07,0.0,,
NIKON-J-LASF09A,"Non-dispersable (4-term CD gives n(d)=2.02296 vs catalog 1.816; not a Sellmeier fit) - archived, never evaluated",,3.21676146,-0.000118797124,0.000601395043,-0.013942445,0.0279205286,-4.6499054e-06,NIKON-AGF-NZHAGEN-MIRROR,".agf CD coefficients; verify with catalog. term(s) 1,2,3,4 carry a non-positive B or C (permitted in multi-pole fits; the n(d) check is authoritative).",,1.72221463e-06,-3.69002554e-08,,
NIKON-J-LASF010,"Non-dispersable (4-term CD gives n(d)=2.03178 vs catalog 1.834; not a Sellmeier fit) - archived, never evaluated",,3.25964047,-0.000171298494,0.000630621917,-0.0145636865,0.0351194196,9.80352299e-05,NIKON-AGF-NZHAGEN-MIRROR,".agf CD coefficients; verify with catalog. term(s) 1,2,4 carry a non-positive B or C (permitted in multi-pole fits; the n(d) check is authoritative).",,-8.0418207e-06,6.28587289e-07,,
NIKON-J-LASF013,"Non-dispersable (4-term CD gives n(d)=2.00888 vs catalog 1.8044; not a Sellmeier fit) - archived, never evaluated",,3.1635095,-0.000212587159,0.000585519102,-0.0145894059,0.0315033746,5.85508847e-05,NIKON-AGF-NZHAGEN-MIRROR,".agf CD coefficients; verify with catalog. term(s) 1,2,4 carry a non-positive B or C (permitted in multi-pole fits; the n(d) check is authoritative).",,-3.44096993e-06,3.17840715e-07,,
NIKON-J-LASF014,"Non-dispersable (4-term CD gives n(d)=2.00047 vs catalog 1.788; not a Sellmeier fit) - archived, never evaluated",,3.1211948,-0.000186592469,0.00045369866,-0.0137527216,0.0263764849,1.09722341e-05,NIKON-AGF-NZHAGEN-MIRROR,".agf CD coefficients; verify with catalog. term(s) 1,2,4 carry a non-positive B or C (permitted in multi-pole fits; the n(d) check is authoritative).",,6.11243363e-07,0.0,,
NIKON-J-LASF015,"Non-dispersable (4-term CD gives n(d)=2.01440 vs catalog 1.804; not a Sellmeier fit) - archived, never evaluated",,3.17452404,-0.000165919934,0.000483338934,-0.0132156517,0.0276472367,1.20380702e-05,NIKON-AGF-NZHAGEN-MIRROR,".agf CD coefficients; verify with catalog. term(s) 1,2,4 carry a non-positive B or C (permitted in multi-pole fits; the n(d) check is authoritative).",,6.02649728e-07,0.0,,
NIKON-J-LASF016,"Non-dispersable (4-term CD gives n(d)=1.98770 vs catalog 1.7725; not a Sellmeier fit) - archived, never evaluated",,3.07219058,-0.000167817254,0.000425680243,-0.0142144846,0.0244174902,6.77243763e-06,NIKON-AGF-NZHAGEN-MIRROR,".agf CD coefficients; verify with catalog. term(s) 1,2,4 carry a non-positive B or C (permitted in multi-pole fits; the n(d) check is authoritative).",,4.02219194e-07,0.0,,
NIKON-J-LASF017,"Non-dispersable (4-term CD gives n(d)=2.00417 vs catalog 1.795; not a Sellmeier fit) - archived, never evaluated",,3.14264424,-0.000159589924,0.00060806842,-0.0144687256,0.0273342436,1.8005447e-07,NIKON-AGF-NZHAGEN-MIRROR,".agf CD coefficients; verify with catalog. term(s) 1,2,4 carry a non-positive B or C (permitted in multi-pole fits; the n(d) check is authoritative).",,1.58176253e-06,0.0,,
NIKON-J-LASF021,"Non-dispersable (5-term CD gives n(d)=2.04314 vs catalog 1.85026; not a Sellmeier fit) - archived, never evaluated",,3.30477446,0.0,0.00349591839,-0.0145925795,0.0359916632,-0.000743189237,NIKON-AGF-NZHAGEN-MIRROR,".agf CD coefficients; verify with catalog. term(s) 1,2,3,4,5 carry a non-positive B or C (permitted in multi-pole fits; the n(d) check is authoritative).",,0.000155265866,-1.52961037e-05,6.59677491e-07,0.0
NIKON-J-LASF021HS,"Non-dispersable (5-term CD gives n(d)=2.04314 vs catalog 1.85026; not a Sellmeier fit) - archived, never evaluated",,3.30477446,0.0,0.00349591839,-0.0145925795,0.0359916632,-0.000743189237,NIKON-AGF-NZHAGEN-MIRROR,".agf CD coefficients; verify with catalog. term(s) 1,2,3,4,5 carry a non-positive B or C (permitted in multi-pole fits; the n(d) check is authoritative).",,0.000155265866,-1.52961037e-05,6.59677491e-07,0.0
NIKON-J-LASFH2,"Non-dispersable (4-term CD gives n(d)=1.98150 vs catalog 1.76684; not a Sellmeier fit) - archived, never evaluated",,3.04927657,-0.000168864692,0.000522534606,-0.0145487808,0.0251825857,2.91654231e-06,NIKON-AGF-NZHAGEN-MIRROR,".agf CD coefficients; verify with catalog. term(s) 1,2,4 carry a non-positive B or C (permitted in multi-pole fits; the n(d) check is authoritative).",,1.27935733e-06,0.0,,
NIKON-J-LASFH6,"Non-dispersable (5-term CD gives n(d)=2.00978 vs catalog 1.8061; not a Sellmeier fit) - archived, never evaluated",,3.15462091,0.0,0.00271221217,-0.0134426083,0.0331718297,-0.000503803783,NIKON-AGF-NZHAGEN-MIRROR,".agf CD coefficients; verify with catalog. term(s) 1,2,3,4,5 carry a non-positive B or C (permitted in multi-pole fits; the n(d) check is authoritative).",,0.000100437086,-9.19121981e-06,3.75808895e-07,0.0
NIKON-J-LASFH9,"Non-dispersable (4-term CD gives n(d)=2.08882 vs catalog 1.90265; not a Sellmeier fit) - archived, never evaluated",,3.49709032,-0.000132935974,0.000880758278,-0.0138248635,0.0409278939,8.93285504e-05,NIKON-AGF-NZHAGEN-MIRROR,".agf CD coefficients; verify with catalog. term(s) 1,2,4 carry a non-positive B or C (permitted in multi-pole fits; the n(d) check is authoritative).",,-6.6176262e-06,6.24399823e-07,,
NIKON-J-LASFH9A,"Non-dispersable (4-term CD gives n(d)=2.08893 vs catalog 1.90265; not a Sellmeier fit) - archived, never evaluated",,3.49725259,-0.000124635517,0.000721039098,-0.0137767486,0.0410568814,0.00013613414,NIKON-AGF-NZHAGEN-MIRROR,".agf CD coefficients; verify with catalog. term(s) 1,2,4 carry a non-positive B or C (permitted in multi-pole fits; the n(d) check is authoritative).",,-1.24733129e-05,9.2497468e-07,,
NIKON-J-LASFH13,"Non-dispersable (4-term CD gives n(d)=2.08689 vs catalog 1.90366; not a Sellmeier fit) - archived, never evaluated",,3.48496859,-8.98801936e-05,0.00110287376,-0.0134692969,0.0453620373,0.000148043312,NIKON-AGF-NZHAGEN-MIRROR,".agf CD coefficients; verify with catalog. term(s) 1,2,4 carry a non-positive B or C (permitted in multi-pole fits; the n(d) check is authoritative).",,-1.27401645e-05,1.28412516e-06,,
NIKON-J-LASFH15,"Non-dispersable (5-term CD gives n(d)=2.12066 vs catalog 1.95; not a Sellmeier fit) - archived, never evaluated",,3.64640666,0.0,0.00349072452,-0.0151039558,0.0480157444,-0.000573639028,NIKON-AGF-NZHAGEN-MIRROR,".agf CD coefficients; verify with catalog. term(s) 1,2,3,4,5 carry a non-positive B or C (permitted in multi-pole fits; the n(d) check is authoritative).",,0.000130249514,-1.29576789e-05,5.92144355e-07,0.0
NIKON-J-LASFH16,"Non-dispersable (5-term CD gives n(d)=2.16102 vs catalog 2.001; not a Sellmeier fit) - archived, never evaluated",,3.83294326,0.0,0.00350978963,-0.0156840611,0.0528843692,-0.000506491928,NIKON-AGF-NZHAGEN-MIRROR,".agf CD coefficients; verify with catalog. term(s) 1,2,3,4,5 carry a non-positive B or C (permitted in multi-pole fits; the n(d) check is authoritative).",,0.000115081798,-1.10388704e-05,5.01900181e-07,0.0
NIKON-J-LASFH17,"Non-dispersable (5-term CD gives n(d)=2.15463 vs catalog 2.00069; not a Sellmeier fit) - archived, never evaluated",,3.81071676,0.0,0.00412726108,-0.0163737936,0.0583672875,-0.000552229126,NIKON-AGF-NZHAGEN-MIRROR,".agf CD coefficients; verify with catalog. term(s) 1,2,3,4,5 carry a non-positive B or C (permitted in multi-pole fits; the n(d) check is authoritative).",,0.000141302816,-1.45517862e-05,7.444268e-07,0.0
NIKON-J-LASFH21,"Non-dispersable (4-term CD gives n(d)=2.12801 vs catalog 1.95375; not a Sellmeier fit) - archived, never evaluated",,3.67012303,-0.000136361252,0.000950687214,-0.0139442893,0.0484434485,0.000181807808,NIKON-AGF-NZHAGEN-MIRROR,".agf CD coefficients; verify with catalog. term(s) 1,2,4 carry a non-positive B or C (permitted in multi-pole fits; the n(d) check is authoritative).",,-1.62618274e-05,1.33939862e-06,,
NIKON-J-LASFH22,"Non-dispersable (4-term CD gives n(d)=2.05145 vs catalog 1.8485; not a Sellmeier fit) - archived, never evaluated",,3.32390176,-0.000116698235,0.000639837554,-0.0124810607,0.0316622125,8.855505e-06,NIKON-AGF-NZHAGEN-MIRROR,".agf CD coefficients; verify with catalog. term(s) 1,2,4 carry a non-positive B or C (permitted in multi-pole fits; the n(d) check is authoritative).",,1.07749628e-06,0.0,,
NIKON-J-LASFH23,"Non-dispersable (4-term CD gives n(d)=2.04143 vs catalog 1.85; not a Sellmeier fit) - archived, never evaluated",,3.27710657,-0.000105066933,0.00095791266,-0.0120480934,0.0470173769,0.000282409939,NIKON-AGF-NZHAGEN-MIRROR,".agf CD coefficients; verify with catalog. term(s) 1,2,4 carry a non-positive B or C (permitted in multi-pole fits; the n(d) check is authoritative).",,-2.89931135e-05,2.51862401e-06,,
NIKON-J-LASFH24,"Non-dispersable (5-term CD gives n(d)=2.07862 vs catalog 1.902; not a Sellmeier fit) - archived, never evaluated",,3.45215485,0.0,0.00357942817,-0.0140748042,0.0502420375,-0.000494644665,NIKON-AGF-NZHAGEN-MIRROR,".agf CD coefficients; verify with catalog. term(s) 1,2,3,4,5 carry a non-positive B or C (permitted in multi-pole fits; the n(d) check is authoritative).",,0.000129480898,-1.35467075e-05,6.96875364e-07,0.0
NIKON-J-LASFH13HS,"Non-dispersable (4-term CD gives n(d)=2.08689 vs catalog 1.90366; not a Sellmeier fit) - archived, never evaluated",,3.48496859,-8.98801936e-05,0.00110287376,-0.0134692969,0.0453620373,0.000148043312,NIKON-AGF-NZHAGEN-MIRROR,".agf CD coefficients; verify with catalog. term(s) 1,2,4 carry a non-positive B or C (permitted in multi-pole fits; the n(d) check is authoritative).",,-1.27401645e-05,1.28412516e-06,,
NIKON-J-LASFH17HS,"Non-dispersable (5-term CD gives n(d)=2.15463 vs catalog 2.00069; not a Sellmeier fit) - archived, never evaluated",,3.81071676,0.0,0.00412726108,-0.0163737936,0.0583672875,-0.000552229126,NIKON-AGF-NZHAGEN-MIRROR,".agf CD coefficients; verify with catalog. term(s) 1,2,3,4,5 carry a non-positive B or C (permitted in multi-pole fits; the n(d) check is authoritative).",,0.000141302816,-1.45517862e-05,7.444268e-07,0.0
NIKON-J-LASFH24HS,"Non-dispersable (5-term CD gives n(d)=2.07862 vs catalog 1.902; not a Sellmeier fit) - archived, never evaluated",,3.45215485,0.0,0.00357942817,-0.0140748042,0.0502420375,-0.000494644665,NIKON-AGF-NZHAGEN-MIRROR,".agf CD coefficients; verify with catalog. term(s) 1,2,3,4,5 carry a non-positive B or C (permitted in multi-pole fits; the n(d) check is authoritative).",,0.000129480898,-1.35467075e-05,6.96875364e-07,0.0
NIKON-Q-FK01AS,"Non-dispersable (4-term CD gives n(d)=1.78369 vs catalog 1.49653; not a Sellmeier fit) - archived, never evaluated",,2.21653488,-3.61726027e-05,0.000102472408,-0.00554625268,0.0083395125,-1.61216982e-06,NIKON-AGF-NZHAGEN-MIRROR,".agf CD coefficients; verify with catalog. term(s) 1,2,3,4 carry a non-positive B or C (permitted in multi-pole fits; the n(d) check is authoritative).",,1.29777392e-07,0.0,,
NIKON-Q-FKH1S,"Non-dispersable (4-term CD gives n(d)=1.78509 vs catalog 1.49731; not a Sellmeier fit) - archived, never evaluated",,2.21873981,-2.14995729e-05,7.95531396e-05,-0.00509428315,0.00837486232,1.3626937e-06,NIKON-AGF-NZHAGEN-MIRROR,".agf CD coefficients; verify with catalog. term(s) 1,2,4 carry a non-positive B or C (permitted in multi-pole fits; the n(d) check is authoritative).",,-1.10317618e-08,0.0,,
NIKON-Q-FKH2S,"Non-dispersable (4-term CD gives n(d)=1.75292 vs catalog 1.45562; not a Sellmeier fit) - archived, never evaluated",,2.10025148,-2.09903123e-05,2.32345667e-05,-0.00458689757,0.00685727645,4.89859472e-06,NIKON-AGF-NZHAGEN-MIRROR,".agf CD coefficients; verify with catalog. term(s) 1,2,4 carry a non-positive B or C (permitted in multi-pole fits; the n(d) check is authoritative).",,-1.82336191e-07,0.0,,
NIKON-Q-PSKH1S,"Non-dispersable (4-term CD gives n(d)=1.85808 vs catalog 1.59255; not a Sellmeier fit) - archived, never evaluated",,2.50007622,-5.1444284e-05,0.000158900364,-0.00671624527,0.0128098993,6.45646017e-07,NIKON-AGF-NZHAGEN-MIRROR,".agf CD coefficients; verify with catalog. term(s) 1,2,4 carry a non-positive B or C (permitted in multi-pole fits; the n(d) check is authoritative).",,1.36642151e-07,0.0,,
NIKON-Q-PSKH2S,"Non-dispersable (4-term CD gives n(d)=1.87403 vs catalog 1.61875; not a Sellmeier fit) - archived, never evaluated",,2.58079919,-8.88975012e-05,0.000181224951,-0.00946942822,0.0142435389,1.94681195e-06,NIKON-AGF-NZHAGEN-MIRROR,".agf CD coefficients; verify with catalog. term(s) 1,2,4 carry a non-positive B or C (permitted in multi-pole fits; the n(d) check is authoritative).",,8.51820873e-08,0.0,,
NIKON-Q-PSKH4S,"Non-dispersable (4-term CD gives n(d)=1.85217 vs catalog 1.59245; not a Sellmeier fit) - archived, never evaluated",,2.50116352,-0.000118900724,0.000128777777,-0.0100351892,0.0127884411,3.72070629e-06,NIKON-AGF-NZHAGEN-MIRROR,".agf CD coefficients; verify with catalog. term(s) 1,2,4 carry a non-positive B or C (permitted in multi-pole fits; the n(d) check is authoritative).",,-3.09763293e-08,0.0,,
NIKON-Q-SK15S,"Non-dispersable (4-term CD gives n(d)=1.87439 vs catalog 1.62291; not a Sellmeier fit) - archived, never evaluated",,2.59073686,-9.98472173e-05,0.000252371925,-0.0106523029,0.0154224112,-9.42642262e-07,NIKON-AGF-NZHAGEN-MIRROR,".agf CD coefficients; verify with catalog. term(s) 1,2,3,4 carry a non-positive B or C (permitted in multi-pole fits; the n(d) check is authoritative).",,3.09905553e-07,0.0,,
NIKON-Q-SK52S,"Non-dispersable (4-term CD gives n(d)=1.84308 vs catalog 1.58286; not a Sellmeier fit) - archived, never evaluated",,2.46682919,-0.000110027728,0.000136654094,-0.0100692159,0.0140726622,8.57488472e-06,NIKON-AGF-NZHAGEN-MIRROR,".agf CD coefficients; verify with catalog. term(s) 1,2,4 carry a non-positive B or C (permitted in multi-pole fits; the n(d) check is authoritative).",,-1.75474987e-07,0.0,,
NIKON-Q-SK55S,"Non-dispersable (4-term CD gives n(d)=1.84718 vs catalog 1.58887; not a Sellmeier fit) - archived, never evaluated",,2.48678163,-0.000121587496,0.000128599548,-0.0106945057,0.0138678388,8.04132494e-06,NIKON-AGF-NZHAGEN-MIRROR,".agf CD coefficients; verify with catalog. term(s) 1,2,4 carry a non-positive B or C (permitted in multi-pole fits; the n(d) check is authoritative).",,-1.64917822e-07,0.0,,
NIKON-Q-SF6S,"Non-dispersable (5-term CD gives n(d)=2.00158 vs catalog 1.80301; not a Sellmeier fit) - archived, never evaluated",,3.11291202,0.0,0.0028996124,-0.0125998729,0.0420929946,-0.000373431538,NIKON-AGF-NZHAGEN-MIRROR,".agf CD coefficients; verify with catalog. term(s) 1,2,3,4,5 carry a non-positive B or C (permitted in multi-pole fits; the n(d) check is authoritative).",,9.67592867e-05,-9.85184772e-06,5.06525233e-07,0.0
NIKON-Q-LAK52S,"Non-dispersable (4-term CD gives n(d)=1.91482 vs catalog 1.67798; not a Sellmeier fit) - archived, never evaluated",,2.76405609,-0.000160322951,0.000267778201,-0.0126400636,0.0184903089,5.29803264e-06,NIKON-AGF-NZHAGEN-MIRROR,".agf CD coefficients; verify with catalog. term(s) 1,2,4 carry a non-positive B or C (permitted in multi-pole fits; the n(d) check is authoritative).",,1.21335917e-07,0.0,,
NIKON-Q-LAK53S,"Non-dispersable (4-term CD gives n(d)=1.92827 vs catalog 1.69343; not a Sellmeier fit) - archived, never evaluated",,2.81181751,-0.000165919133,0.000237580562,-0.0118938304,0.0199255052,1.29438052e-05,NIKON-AGF-NZHAGEN-MIRROR,".agf CD coefficients; verify with catalog. term(s) 1,2,4 carry a non-positive B or C (permitted in multi-pole fits; the n(d) check is authoritative).",,-1.59492635e-07,0.0,,
NIKON-Q-LAF010S,"Non-dispersable (4-term CD gives n(d)=1.96775 vs catalog 1.743; not a Sellmeier fit) - archived, never evaluated",,2.9704824,-0.000166775197,0.000356836115,-0.0118584636,0.0236062466,1.2356508e-05,NIKON-AGF-NZHAGEN-MIRROR,".agf CD coefficients; verify with catalog. term(s) 1,2,4 carry a non-positive B or C (permitted in multi-pole fits; the n(d) check is authoritative).",,1.07206448e-07,0.0,,
NIKON-Q-LAFPH1S,"Non-dispersable (4-term CD gives n(d)=1.96646 vs catalog 1.743104; not a Sellmeier fit) - archived, never evaluated",,2.97184328,-0.000162723834,0.000403316269,-0.0126569714,0.0232616036,6.85871554e-06,NIKON-AGF-NZHAGEN-MIRROR,".agf CD coefficients; verify with catalog. term(s) 1,2,4 carry a non-positive B or C (permitted in multi-pole fits; the n(d) check is authoritative).",,3.74016912e-07,0.0,,
NIKON-Q-LASF03S,"Non-dispersable (4-term CD gives n(d)=2.01563 vs catalog 1.80604; not a Sellmeier fit) - archived, never evaluated",,3.1699583,-0.000127440597,0.000733513997,-0.012153683,0.0309253962,6.0190839e-06,NIKON-AGF-NZHAGEN-MIRROR,".agf CD coefficients; verify with catalog. term(s) 1,2,4 carry a non-positive B or C (permitted in multi-pole fits; the n(d) check is authoritative).",,2.17380961e-06,0.0,,
NIKON-Q-LASFH11S,"Non-dispersable (4-term CD gives n(d)=1.98997 vs catalog 1.77387; not a Sellmeier fit) - archived, never evaluated",,3.07264726,-0.000135807482,0.000499234278,-0.0131831327,0.0256144151,4.16805552e-06,NIKON-AGF-NZHAGEN-MIRROR,".agf CD coefficients; verify with catalog. term(s) 1,2,4 carry a non-positive B or C (permitted in multi-pole fits; the n(d) check is authoritative).",,7.01662918e-07,0.0,,
NIKON-Q-LASFH12S,"Non-dispersable (4-term CD gives n(d)=2.00296 vs catalog 1.79063; not a Sellmeier fit) - archived, never evaluated",,3.12617289,-5.65591169e-05,0.000635024687,-0.0131750117,0.027406042,-3.03984369e-06,NIKON-AGF-NZHAGEN-MIRROR,".agf CD coefficients; verify with catalog. term(s) 1,2,3,4 carry a non-positive B or C (permitted in multi-pole fits; the n(d) check is authoritative).",,1.4020084e-06,0.0,,
NIKON-Q-LASFH58S,"Non-dispersable (4-term CD gives n(d)=2.05014 vs catalog 1.85108; not a Sellmeier fit) - archived, never evaluated",,3.32552726,-0.000149120991,0.000811209445,-0.0132706113,0.0339899628,5.79662969e-06,NIKON-AGF-NZHAGEN-MIRROR,".agf CD coefficients; verify with catalog. term(s) 1,2,4 carry a non-positive B or C (permitted in multi-pole fits; the n(d) check is authoritative).",,2.35145894e-06,0.0,,
NIKON-Q-LASFH59S,"Non-dispersable (4-term CD gives n(d)=2.02753 vs catalog 1.82098; not a Sellmeier fit) - archived, never evaluated",,3.22581362,-9.26420505e-05,0.000747766899,-0.0128335027,0.0304553203,-1.21365984e-06,NIKON-AGF-NZHAGEN-MIRROR,".agf CD coefficients; verify with catalog. term(s) 1,2,3,4 carry a non-positive B or C (permitted in multi-pole fits; the n(d) check is authoritative).",,1.90023535e-06,0.0,,
NIKON-Q-LASFPH2S,"Non-dispersable (4-term CD gives n(d)=1.98312 vs catalog 1.765437; not a Sellmeier fit) - archived, never evaluated",,3.0430437,-0.000175012562,0.000448879136,-0.0130169861,0.025603733,1.131389e-05,NIKON-AGF-NZHAGEN-MIRROR,".agf CD coefficients; verify with catalog. term(s) 1,2,4 carry a non-positive B or C (permitted in multi-pole fits; the n(d) check is authoritative).",,4.69755261e-07,0.0,,
NIKON-Q-LASFPH3S,"Non-dispersable (4-term CD gives n(d)=2.00708 vs catalog 1.795256; not a Sellmeier fit) - archived, never evaluated",,3.14195165,-0.000159736617,0.000509887221,-0.0129889243,0.0279148154,1.32658761e-05,NIKON-AGF-NZHAGEN-MIRROR,".agf CD coefficients; verify with catalog. term(s) 1,2,4 carry a non-positive B or C (permitted in multi-pole fits; the n(d) check is authoritative).",,5.1483904e-07,0.0,,
NIKON-Q-FK01S,"Non-dispersable (4-term CD gives n(d)=1.78360 vs catalog 1.49649; not a Sellmeier fit) - archived, never evaluated",,2.21641522,-2.81150445e-05,8.86932152e-05,-0.00558178713,0.00836994471,2.35585693e-07,NIKON-AGF-NZHAGEN-MIRROR,".agf CD coefficients; verify with catalog. term(s) 1,2,4 carry a non-positive B or C (permitted in multi-pole fits; the n(d) check is authoritative).",,4.16602253e-08,0.0,,
NIKON-Q-LAK13S,"Non-dispersable (4-term CD gives n(d)=1.93191 vs catalog 1.6972; not a Sellmeier fit) - archived, never evaluated",,2.82409056,-0.000136188911,0.000284067118,-0.0116215301,0.0199712048,7.76179707e-06,NIKON-AGF-NZHAGEN-MIRROR,".agf CD coefficients; verify with catalog. term(s) 1,2,4 carry a non-positive B or C (permitted in multi-pole fits; the n(d) check is authoritative).",,6.22423374e-08,0.0,,
NIKON-Q-LASFH18S,"Non-dispersable (4-term CD gives n(d)=2.05046 vs catalog 1.85117; not a Sellmeier fit) - archived, never evaluated",,3.32568261,-0.000122888003,0.000806964071,-0.0131452099,0.0340195247,9.93603976e-06,NIKON-AGF-NZHAGEN-MIRROR,".agf CD coefficients; verify with catalog. term(s) 1,2,4 carry a non-positive B or C (permitted in multi-pole fits; the n(d) check is authoritative).",,2.07903061e-06,0.0,,
NIKON-Q-LASFH19S,"Non-dispersable (4-term CD gives n(d)=2.02780 vs catalog 1.82098; not a Sellmeier fit) - archived, never evaluated",,3.22566311,-0.000122584245,0.000649958511,-0.0126719158,0.0306900263,1.0629994e-05,NIKON-AGF-NZHAGEN-MIRROR,".agf CD coefficients; verify with catalog. term(s) 1,2,4 carry a non-positive B or C (permitted in multi-pole fits; the n(d) check is authoritative).",,1.20774149e-06,0.0,,
NIKON-Q-SK5S,"Non-dispersable (4-term CD gives n(d)=1.84705 vs catalog 1.58887; not a Sellmeier fit) - archived, never evaluated",,2.48684451,-0.000134578724,0.000124776891,-0.0107692547,0.013864428,8.35456207e-06,NIKON-AGF-NZHAGEN-MIRROR,".agf CD coefficients; verify with catalog. term(s) 1,2,4 carry a non-positive B or C (permitted in multi-pole fits; the n(d) check is authoritative).",,-1.81702443e-07,0.0,,
NIKON-Q-SK12S,"Non-dispersable (4-term CD gives n(d)=1.84524 vs catalog 1.58593; not a Sellmeier fit) - archived, never evaluated",,2.47648136,-0.000104525542,0.000147282182,-0.0102815826,0.0141032606,7.20217001e-06,NIKON-AGF-NZHAGEN-MIRROR,".agf CD coefficients; verify with catalog. term(s) 1,2,4 carry a non-positive B or C (permitted in multi-pole fits; the n(d) check is authoritative).",,-1.1548098e-07,0.0,,
NIKON-E-FK5,"Non-dispersable (3-term CD gives n(d)=1.77167 vs catalog 1.48749; not a Sellmeier fit) - archived, never evaluated",,2.1887621,0.0089915232,-5.2843067e-06,-0.0095572007,0.00014560516,3.458801e-07,NIKON-AGF-NZHAGEN-MIRROR,".agf CD coefficients; verify with catalog. term(s) 1,3 carry a non-positive B or C (permitted in multi-pole fits; the n(d) check is authoritative).",,,,,
NIKON-E-FK01,"Non-dispersable (3-term CD gives n(d)=1.78175 vs catalog 1.497; not a Sellmeier fit) - archived, never evaluated",,2.22250469,0.005666787,-9.804141e-05,-0.00850804282,0.00084184905,4.91868528e-06,NIKON-AGF-NZHAGEN-MIRROR,".agf CD coefficients; verify with catalog. term(s) 1,3 carry a non-positive B or C (permitted in multi-pole fits; the n(d) check is authoritative).",,,,,
NIKON-E-FKH1,"Non-dispersable (3-term CD gives n(d)=1.78778 vs catalog 1.49782; not a Sellmeier fit) - archived, never evaluated",,2.22025427,0.00841587708,7.61288219e-06,-0.00513496818,5.4263553e-05,-4.89857441e-07,NIKON-AGF-NZHAGEN-MIRROR,".agf CD coefficients; verify with catalog. term(s) 1,3 carry a non-positive B or C (permitted in multi-pole fits; the n(d) check is authoritative).",,,,,
NIKON-E-FKH2,"Non-dispersable (3-term CD gives n(d)=1.75493 vs catalog 1.456; not a Sellmeier fit) - archived, never evaluated",,2.10176037,0.00656506916,-6.14897591e-06,-0.00475364874,0.000110380259,3.33432784e-07,NIKON-AGF-NZHAGEN-MIRROR,".agf CD coefficients; verify with catalog. term(s) 1,3 carry a non-positive B or C (permitted in multi-pole fits; the n(d) check is authoritative).",,,,,
NIKON-E-BK7,"Non-dispersable (3-term CD gives n(d)=1.79455 vs catalog 1.5168; not a Sellmeier fit) - archived, never evaluated",,2.271192,0.0110306969,1.39658544e-05,-0.00966126763,7.00379964e-05,-7.62560454e-07,NIKON-AGF-NZHAGEN-MIRROR,".agf CD coefficients; verify with catalog. term(s) 1,3 carry a non-positive B or C (permitted in multi-pole fits; the n(d) check is authoritative).",,,,,
NIKON-E-BAK1,"Non-dispersable (3-term CD gives n(d)=1.82841 vs catalog 1.5725; not a Sellmeier fit) - archived, never evaluated",,2.44353274,0.00881927898,-0.000136331798,-0.0161455184,0.00144687542,6.03309808e-06,NIKON-AGF-NZHAGEN-MIRROR,".agf CD coefficients; verify with catalog. term(s) 1,3 carry a non-positive B or C (permitted in multi-pole fits; the n(d) check is authoritative).",,,,,
NIKON-E-BAK2,"Non-dispersable (3-term CD gives n(d)=1.81444 vs catalog 1.539956; not a Sellmeier fit) - archived, never evaluated",,2.33664322,0.0125079902,4.02268677e-06,-0.00862588382,0.000175550187,-3.58785019e-08,NIKON-AGF-NZHAGEN-MIRROR,".agf CD coefficients; verify with catalog. term(s) 1,3 carry a non-positive B or C (permitted in multi-pole fits; the n(d) check is authoritative).",,,,,
NIKON-E-BAK1-MOLD4,"Non-dispersable (3-term CD gives n(d)=1.82841 vs catalog 1.5725; not a Sellmeier fit) - archived, never evaluated",,2.44353274,0.00881927898,-0.000136331798,-0.0161455184,0.00144687542,6.03309808e-06,NIKON-AGF-NZHAGEN-MIRROR,".agf CD coefficients; verify with catalog. term(s) 1,3 carry a non-positive B or C (permitted in multi-pole fits; the n(d) check is authoritative).",,,,,
NIKON-E-BAK2-MOLD4,"Non-dispersable (3-term CD gives n(d)=1.81444 vs catalog 1.539956; not a Sellmeier fit) - archived, never evaluated",,2.33664322,0.0125079902,4.02268677e-06,-0.00862588382,0.000175550187,-3.58785019e-08,NIKON-AGF-NZHAGEN-MIRROR,".agf CD coefficients; verify with catalog. term(s) 1,3 carry a non-positive B or C (permitted in multi-pole fits; the n(d) check is authoritative).",,,,,
NIKON-E-BAK4,"Non-dispersable (3-term CD gives n(d)=1.83630 vs catalog 1.568832; not a Sellmeier fit) - archived, never evaluated",,2.4220474,0.0138282404,-5.77819731e-06,-0.00935286439,0.000292097262,7.05644888e-07,NIKON-AGF-NZHAGEN-MIRROR,".agf CD coefficients; verify with catalog. term(s) 1,3 carry a non-positive B or C (permitted in multi-pole fits; the n(d) check is authoritative).",,,,,
NIKON-E-BAK4-MOLD3,"Non-dispersable (3-term CD gives n(d)=1.83630 vs catalog 1.568832; not a Sellmeier fit) - archived, never evaluated",,2.4220474,0.0138282404,-5.77819731e-06,-0.00935286439,0.000292097262,7.05644888e-07,NIKON-AGF-NZHAGEN-MIRROR,".agf CD coefficients; verify with catalog. term(s) 1,3 carry a non-positive B or C (permitted in multi-pole fits; the n(d) check is authoritative).",,,,,
NIKON-E-K3,"Non-dispersable (3-term CD gives n(d)=1.79827 vs catalog 1.518229; not a Sellmeier fit) - archived, never evaluated",,2.2707833,0.0126286148,3.30622876e-05,-0.00772009861,-4.60005382e-05,-1.37462973e-06,NIKON-AGF-NZHAGEN-MIRROR,".agf CD coefficients; verify with catalog. term(s) 1,2,3 carry a non-positive B or C (permitted in multi-pole fits; the n(d) check is authoritative).",,,,,
NIKON-E-K5,"Non-dispersable (3-term CD gives n(d)=1.82949 vs catalog 1.52249; not a Sellmeier fit) - archived, never evaluated",,2.25937934,0.0263394215,0.000522870195,0.00909050374,-0.00377741843,-2.62918185e-05,NIKON-AGF-NZHAGEN-MIRROR,".agf CD coefficients; verify with catalog. term(s) 2,3 carry a non-positive B or C (permitted in multi-pole fits; the n(d) check is authoritative).",,,,,
NIKON-E-KZFH1,"Non-dispersable (4-term CD gives n(d)=1.86486 vs catalog 1.61266; not a Sellmeier fit) - archived, never evaluated",,2.54662904,0.0187464623,7.85351066e-07,-0.0122972332,0.000460296583,1.72720972e-06,NIKON-AGF-NZHAGEN-MIRROR,".agf CD coefficients; verify with catalog. term(s) 1,4 carry a non-positive B or C (permitted in multi-pole fits; the n(d) check is authoritative).",,-0.000133476806,0.0,,
NIKON-E-KF6,"Non-dispersable (3-term CD gives n(d)=1.81294 vs catalog 1.51742; not a Sellmeier fit) - archived, never evaluated",,2.24955402,0.0221746519,0.000344437297,0.00226224485,-0.00228248782,-1.73774146e-05,NIKON-AGF-NZHAGEN-MIRROR,".agf CD coefficients; verify with catalog. term(s) 2,3 carry a non-positive B or C (permitted in multi-pole fits; the n(d) check is authoritative).",,,,,
NIKON-E-BALF4,"Non-dispersable (3-term CD gives n(d)=1.83686 vs catalog 1.57957; not a Sellmeier fit) - archived, never evaluated",,2.45999845,0.0104962988,-0.000169174126,-0.0140695372,0.00154266669,9.43510859e-06,NIKON-AGF-NZHAGEN-MIRROR,".agf CD coefficients; verify with catalog. term(s) 1,3 carry a non-positive B or C (permitted in multi-pole fits; the n(d) check is authoritative).",,,,,
NIKON-E-BAF3,"Non-dispersable (3-term CD gives n(d)=1.86473 vs catalog 1.58267; not a Sellmeier fit) - archived, never evaluated",,2.43868193,0.0268882943,0.000396566086,0.00160996098,-0.00244657917,-1.9730459e-05,NIKON-AGF-NZHAGEN-MIRROR,".agf CD coefficients; verify with catalog. term(s) 2,3 carry a non-positive B or C (permitted in multi-pole fits; the n(d) check is authoritative).",,,,,
NIKON-E-BAF4,"Non-dispersable (3-term CD gives n(d)=1.88621 vs catalog 1.60562; not a Sellmeier fit) - archived, never evaluated",,2.50495857,0.0283142796,0.000334309924,0.00332474118,-0.00204413784,-1.53485779e-05,NIKON-AGF-NZHAGEN-MIRROR,".agf CD coefficients; verify with catalog. term(s) 2,3 carry a non-positive B or C (permitted in multi-pole fits; the n(d) check is authoritative).",,,,,
NIKON-E-BAF8,"Non-dispersable (3-term CD gives n(d)=1.88141 vs catalog 1.62374; not a Sellmeier fit) - archived, never evaluated",,2.58072694,0.0192773695,1.54399962e-05,-0.00826682499,0.000287391647,4.63747358e-07,NIKON-AGF-NZHAGEN-MIRROR,.agf CD coefficients; verify with catalog. term(s) 1 carry a non-positive B or C (permitted in multi-pole fits; the n(d) check is authoritative).,,,,,
NIKON-E-BAF10,"Non-dispersable (3-term CD gives n(d)=1.91532 vs catalog 1.670029; not a Sellmeier fit) - archived, never evaluated",,2.72932262,0.0204478583,-3.06411426e-06,-0.0106085219,0.000484576944,1.63981487e-06,NIKON-AGF-NZHAGEN-MIRROR,".agf CD coefficients; verify with catalog. term(s) 1,3 carry a non-positive B or C (permitted in multi-pole fits; the n(d) check is authoritative).",,,,,
NIKON-E-BAF11,"Non-dispersable (3-term CD gives n(d)=1.91382 vs catalog 1.666718; not a Sellmeier fit) - archived, never evaluated",,2.71954649,0.0200301385,-7.51633336e-06,-0.0100472501,0.000465868302,1.77544989e-06,NIKON-AGF-NZHAGEN-MIRROR,".agf CD coefficients; verify with catalog. term(s) 1,3 carry a non-positive B or C (permitted in multi-pole fits; the n(d) check is authoritative).",,,,,
NIKON-E-BAF12,"Non-dispersable (3-term CD gives n(d)=1.89051 vs catalog 1.6393; not a Sellmeier fit) - archived, never evaluated",,2.62833748,0.0203176439,1.45983254e-05,-0.0100974072,0.000375302287,1.37126433e-06,NIKON-AGF-NZHAGEN-MIRROR,.agf CD coefficients; verify with catalog. term(s) 1 carry a non-positive B or C (permitted in multi-pole fits; the n(d) check is authoritative).,,,,,
NIKON-E-BASF2,"Non-dispersable (3-term CD gives n(d)=1.93230 vs catalog 1.66446; not a Sellmeier fit) - archived, never evaluated",,2.67701358,0.033120376,0.000180536382,0.00301170374,-0.000925663558,-2.62215298e-06,NIKON-AGF-NZHAGEN-MIRROR,".agf CD coefficients; verify with catalog. term(s) 2,3 carry a non-positive B or C (permitted in multi-pole fits; the n(d) check is authoritative).",,,,,
NIKON-E-BASF6,"Non-dispersable (3-term CD gives n(d)=1.91416 vs catalog 1.667551; not a Sellmeier fit) - archived, never evaluated",,2.71377616,0.0221914885,-2.11522864e-05,-0.00941072521,0.000735180213,3.73099495e-06,NIKON-AGF-NZHAGEN-MIRROR,".agf CD coefficients; verify with catalog. term(s) 1,3 carry a non-positive B or C (permitted in multi-pole fits; the n(d) check is authoritative).",,,,,
NIKON-E-BASF7,"Non-dispersable (3-term CD gives n(d)=1.92636 vs catalog 1.70154; not a Sellmeier fit) - archived, never evaluated",,2.83515039,0.0153978598,-0.000488482182,-0.0178508143,0.00371905515,3.29017911e-05,NIKON-AGF-NZHAGEN-MIRROR,".agf CD coefficients; verify with catalog. term(s) 1,3 carry a non-positive B or C (permitted in multi-pole fits; the n(d) check is authoritative).",,,,,
NIKON-E-BASF8,"Non-dispersable (3-term CD gives n(d)=1.95463 vs catalog 1.72342; not a Sellmeier fit) - archived, never evaluated",,2.88848579,0.0269121453,-1.77180132e-05,-0.0117260382,0.000931846805,5.63107499e-06,NIKON-AGF-NZHAGEN-MIRROR,".agf CD coefficients; verify with catalog. term(s) 1,3 carry a non-positive B or C (permitted in multi-pole fits; the n(d) check is authoritative).",,,,,
NIKON-E-LLF1,"Non-dispersable (3-term CD gives n(d)=1.81842 vs catalog 1.548141; not a Sellmeier fit) - archived, never evaluated",,2.35111949,0.0155546832,-1.02073128e-05,-0.00904795254,0.000449505996,2.3449403e-06,NIKON-AGF-NZHAGEN-MIRROR,".agf CD coefficients; verify with catalog. term(s) 1,3 carry a non-positive B or C (permitted in multi-pole fits; the n(d) check is authoritative).",,,,,
NIKON-E-LLF2,"Non-dispersable (3-term CD gives n(d)=1.83356 vs catalog 1.54072; not a Sellmeier fit) - archived, never evaluated",,2.31105643,0.0263534925,0.000442961085,0.00359211226,-0.0028618174,-2.22792621e-05,NIKON-AGF-NZHAGEN-MIRROR,".agf CD coefficients; verify with catalog. term(s) 2,3 carry a non-positive B or C (permitted in multi-pole fits; the n(d) check is authoritative).",,,,,
NIKON-E-LLF6,"Non-dispersable (3-term CD gives n(d)=1.80638 vs catalog 1.531717; not a Sellmeier fit) - archived, never evaluated",,2.30466,0.0145944618,1.88931616e-05,-0.00864131348,0.000206597874,1.82626789e-07,NIKON-AGF-NZHAGEN-MIRROR,.agf CD coefficients; verify with catalog. term(s) 1 carry a non-positive B or C (permitted in multi-pole fits; the n(d) check is authoritative).,,,,,
NIKON-E-LF5,"Non-dispersable (3-term CD gives n(d)=1.84254 vs catalog 1.581439; not a Sellmeier fit) - archived, never evaluated",,2.44577168,0.0184371468,-1.74180822e-05,-0.0100665627,0.000644165105,3.77641526e-06,NIKON-AGF-NZHAGEN-MIRROR,".agf CD coefficients; verify with catalog. term(s) 1,3 carry a non-positive B or C (permitted in multi-pole fits; the n(d) check is authoritative).",,,,,
NIKON-E-LF6,"Non-dispersable (3-term CD gives n(d)=1.83935 vs catalog 1.56732; not a Sellmeier fit) - archived, never evaluated",,2.4026161,0.0170623068,-0.000110715814,-0.00531026402,0.000992586995,9.21295404e-06,NIKON-AGF-NZHAGEN-MIRROR,".agf CD coefficients; verify with catalog. term(s) 1,3 carry a non-positive B or C (permitted in multi-pole fits; the n(d) check is authoritative).",,,,,
NIKON-E-LF7,"Non-dispersable (3-term CD gives n(d)=1.83732 vs catalog 1.575006; not a Sellmeier fit) - archived, never evaluated",,2.42793483,0.01737719,-4.23035005e-05,-0.0101841542,0.000782340309,5.02350788e-06,NIKON-AGF-NZHAGEN-MIRROR,".agf CD coefficients; verify with catalog. term(s) 1,3 carry a non-positive B or C (permitted in multi-pole fits; the n(d) check is authoritative).",,,,,
NIKON-E-PKH1,"Non-dispersable (3-term CD gives n(d)=1.79649 vs catalog 1.518601; not a Sellmeier fit) - archived, never evaluated",,2.27969929,0.00983301659,-3.86343967e-06,-0.00967939699,0.000165890669,1.39369901e-07,NIKON-AGF-NZHAGEN-MIRROR,".agf CD coefficients; verify with catalog. term(s) 1,3 carry a non-positive B or C (permitted in multi-pole fits; the n(d) check is authoritative).",,,,,
NIKON-E-F1,"Non-dispersable (3-term CD gives n(d)=1.88910 vs catalog 1.625882; not a Sellmeier fit) - archived, never evaluated",,2.56251919,0.0291600242,0.000226533195,-0.00314623487,-0.000870730012,-8.61239946e-06,NIKON-AGF-NZHAGEN-MIRROR,".agf CD coefficients; verify with catalog. term(s) 1,2,3 carry a non-positive B or C (permitted in multi-pole fits; the n(d) check is authoritative).",,,,,
NIKON-E-F2,"Non-dispersable (3-term CD gives n(d)=1.87124 vs catalog 1.620041; not a Sellmeier fit) - archived, never evaluated",,2.557393,0.02168073,-5.363098e-05,-0.01079512,0.00105166,7.746633e-06,NIKON-AGF-NZHAGEN-MIRROR,".agf CD coefficients; verify with catalog. term(s) 1,3 carry a non-positive B or C (permitted in multi-pole fits; the n(d) check is authoritative).",,,,,
NIKON-E-F2-MOLD0,"Non-dispersable (3-term CD gives n(d)=1.87124 vs catalog 1.620041; not a Sellmeier fit) - archived, never evaluated",,2.55739282,0.0216807328,-5.36309816e-05,-0.0107951229,0.00105165979,7.7466326e-06,NIKON-AGF-NZHAGEN-MIRROR,".agf CD coefficients; verify with catalog. term(s) 1,3 carry a non-positive B or C (permitted in multi-pole fits; the n(d) check is authoritative).",,,,,
NIKON-E-F3,"Non-dispersable (3-term CD gives n(d)=1.88261 vs catalog 1.61293; not a Sellmeier fit) - archived, never evaluated",,2.52228312,0.029395765,0.000289680505,-0.00104823034,-0.00139163033,-1.26508887e-05,NIKON-AGF-NZHAGEN-MIRROR,".agf CD coefficients; verify with catalog. term(s) 1,2,3 carry a non-positive B or C (permitted in multi-pole fits; the n(d) check is authoritative).",,,,,
NIKON-E-F5,"Non-dispersable (3-term CD gives n(d)=1.85936 vs catalog 1.60342; not a Sellmeier fit) - archived, never evaluated",,2.50863619,0.0204516474,-3.63565381e-05,-0.0101869365,0.000841069518,5.99712664e-06,NIKON-AGF-NZHAGEN-MIRROR,".agf CD coefficients; verify with catalog. term(s) 1,3 carry a non-positive B or C (permitted in multi-pole fits; the n(d) check is authoritative).",,,,,
NIKON-E-F8,"Non-dispersable (3-term CD gives n(d)=1.86811 vs catalog 1.59551; not a Sellmeier fit) - archived, never evaluated",,2.47286461,0.0276004612,0.000290711488,-0.00151192688,-0.00152550371,-1.28484326e-05,NIKON-AGF-NZHAGEN-MIRROR,".agf CD coefficients; verify with catalog. term(s) 1,2,3 carry a non-positive B or C (permitted in multi-pole fits; the n(d) check is authoritative).",,,,,
NIKON-E-F16,"Non-dispersable (3-term CD gives n(d)=1.85006 vs catalog 1.592701; not a Sellmeier fit) - archived, never evaluated",,2.47196413,0.0208698749,-4.77932855e-05,-0.0100810083,0.000995620952,8.07129922e-06,NIKON-AGF-NZHAGEN-MIRROR,".agf CD coefficients; verify with catalog. term(s) 1,3 carry a non-positive B or C (permitted in multi-pole fits; the n(d) check is authoritative).",,,,,
NIKON-E-SF1,"Non-dispersable (3-term CD gives n(d)=1.94484 vs catalog 1.717362; not a Sellmeier fit) - archived, never evaluated",,2.84827856,0.0316736954,-7.33008941e-05,-0.0122548479,0.00170745362,1.41012815e-05,NIKON-AGF-NZHAGEN-MIRROR,".agf CD coefficients; verify with catalog. term(s) 1,3 carry a non-positive B or C (permitted in multi-pole fits; the n(d) check is authoritative).",,,,,
NIKON-E-SF2,"Non-dispersable (3-term CD gives n(d)=1.89563 vs catalog 1.647689; not a Sellmeier fit) - archived, never evaluated",,2.63429594,0.0274266023,9.97644221e-05,-0.00920840209,0.000225441472,1.76259116e-08,NIKON-AGF-NZHAGEN-MIRROR,.agf CD coefficients; verify with catalog. term(s) 1 carry a non-positive B or C (permitted in multi-pole fits; the n(d) check is authoritative).,,,,,
NIKON-E-SF03,"Non-dispersable (3-term CD gives n(d)=2.03968 vs catalog 1.84666; not a Sellmeier fit) - archived, never evaluated",,3.25492893,0.0458228209,-0.000238976694,-0.0156026034,0.0037273634,3.42745142e-05,NIKON-AGF-NZHAGEN-MIRROR,".agf CD coefficients; verify with catalog. term(s) 1,3 carry a non-positive B or C (permitted in multi-pole fits; the n(d) check is authoritative).",,,,,
NIKON-E-SFS3,"Non-dispersable (3-term CD gives n(d)=1.99587 vs catalog 1.784696; not a Sellmeier fit) - archived, never evaluated",,3.05701152,0.0390853018,-0.000131876542,-0.0132251945,0.0025148016,2.24898958e-05,NIKON-AGF-NZHAGEN-MIRROR,".agf CD coefficients; verify with catalog. term(s) 1,3 carry a non-positive B or C (permitted in multi-pole fits; the n(d) check is authoritative).",,,,,
NIKON-E-SFH1,"Non-dispersable (4-term CD gives n(d)=2.00964 vs catalog 1.80809; not a Sellmeier fit) - archived, never evaluated",,3.11728297,0.0450361555,-0.000265603903,-0.0142927167,0.00356204671,4.19369865e-05,NIKON-AGF-NZHAGEN-MIRROR,".agf CD coefficients; verify with catalog. term(s) 1,3,4 carry a non-positive B or C (permitted in multi-pole fits; the n(d) check is authoritative).",,2.98920058e-05,0.0,,
NIKON-E-SFH2,"Non-dispersable (4-term CD gives n(d)=2.05102 vs catalog 1.86074; not a Sellmeier fit) - archived, never evaluated",,3.29665964,0.0497296089,-0.000219810309,-0.0153164744,0.00351697046,3.92850479e-05,NIKON-AGF-NZHAGEN-MIRROR,".agf CD coefficients; verify with catalog. term(s) 1,3,4 carry a non-positive B or C (permitted in multi-pole fits; the n(d) check is authoritative).",,1.6648651e-05,0.0,,
NIKON-E-LAK7,"Non-dispersable (3-term CD gives n(d)=1.89992 vs catalog 1.651597; not a Sellmeier fit) - archived, never evaluated",,2.68241693,0.016242269,-8.32486246e-06,-0.0118445415,0.000303298585,7.74390846e-07,NIKON-AGF-NZHAGEN-MIRROR,".agf CD coefficients; verify with catalog. term(s) 1,3 carry a non-positive B or C (permitted in multi-pole fits; the n(d) check is authoritative).",,,,,
NIKON-E-LAK8,"Non-dispersable (3-term CD gives n(d)=1.94538 vs catalog 1.712995; not a Sellmeier fit) - archived, never evaluated",,2.87864541,0.0198025768,-6.68878586e-06,-0.0142314931,0.00040117957,7.86869747e-07,NIKON-AGF-NZHAGEN-MIRROR,".agf CD coefficients; verify with catalog. term(s) 1,3 carry a non-positive B or C (permitted in multi-pole fits; the n(d) check is authoritative).",,,,,
NIKON-E-LAK09,"Non-dispersable (3-term CD gives n(d)=1.95225 vs catalog 1.734; not a Sellmeier fit) - archived, never evaluated",,2.95310231,0.0174257922,-0.000137028672,-0.0196724731,0.00152866545,6.72353302e-06,NIKON-AGF-NZHAGEN-MIRROR,".agf CD coefficients; verify with catalog. term(s) 1,3 carry a non-positive B or C (permitted in multi-pole fits; the n(d) check is authoritative).",,,,,
NIKON-E-LAK9,"Non-dispersable (3-term CD gives n(d)=1.96115 vs catalog 1.691; not a Sellmeier fit) - archived, never evaluated",,2.78211953,0.0322993842,0.000435836848,0.00386988792,-0.00317915886,-2.06224134e-05,NIKON-AGF-NZHAGEN-MIRROR,".agf CD coefficients; verify with catalog. term(s) 2,3 carry a non-positive B or C (permitted in multi-pole fits; the n(d) check is authoritative).",,,,,
NIKON-E-LAK10,"Non-dispersable (3-term CD gives n(d)=1.95502 vs catalog 1.719995; not a Sellmeier fit) - archived, never evaluated",,2.89528358,0.0222295765,2.23005932e-05,-0.0117686807,0.000269351264,-4.3546434e-07,NIKON-AGF-NZHAGEN-MIRROR,".agf CD coefficients; verify with catalog. term(s) 1,3 carry a non-positive B or C (permitted in multi-pole fits; the n(d) check is authoritative).",,,,,
NIKON-E-LAK011,"Non-dispersable (3-term CD gives n(d)=1.96634 vs catalog 1.741; not a Sellmeier fit) - archived, never evaluated",,2.97199342,0.0202061158,-7.67180744e-05,-0.0152435249,0.000875252167,4.84807195e-06,NIKON-AGF-NZHAGEN-MIRROR,".agf CD coefficients; verify with catalog. term(s) 1,3 carry a non-positive B or C (permitted in multi-pole fits; the n(d) check is authoritative).",,,,,
NIKON-E-LAK12,"Non-dispersable (3-term CD gives n(d)=1.90026 vs catalog 1.6779; not a Sellmeier fit) - archived, never evaluated",,2.78094755,0.00867653717,-0.000351554137,-0.0236624998,0.00294181002,1.84406503e-05,NIKON-AGF-NZHAGEN-MIRROR,".agf CD coefficients; verify with catalog. term(s) 1,3 carry a non-positive B or C (permitted in multi-pole fits; the n(d) check is authoritative).",,,,,
NIKON-E-LAK13,"Non-dispersable (3-term CD gives n(d)=1.93056 vs catalog 1.693501; not a Sellmeier fit) - archived, never evaluated",,2.81365515,0.0191920754,-7.45390097e-06,-0.0134879998,0.000414986834,7.65453719e-07,NIKON-AGF-NZHAGEN-MIRROR,".agf CD coefficients; verify with catalog. term(s) 1,3 carry a non-positive B or C (permitted in multi-pole fits; the n(d) check is authoritative).",,,,,
NIKON-E-LAK14,"Non-dispersable (3-term CD gives n(d)=1.93160 vs catalog 1.696797; not a Sellmeier fit) - archived, never evaluated",,2.8276674,0.0183760559,-1.31827801e-05,-0.0146359226,0.000420548979,9.74806017e-07,NIKON-AGF-NZHAGEN-MIRROR,".agf CD coefficients; verify with catalog. term(s) 1,3 carry a non-positive B or C (permitted in multi-pole fits; the n(d) check is authoritative).",,,,,
NIKON-E-LAK18,"Non-dispersable (3-term CD gives n(d)=1.95737 vs catalog 1.729157; not a Sellmeier fit) - archived, never evaluated",,2.93385862,0.0198579837,-2.05752531e-05,-0.0150347642,0.000500310675,1.37499776e-06,NIKON-AGF-NZHAGEN-MIRROR,".agf CD coefficients; verify with catalog. term(s) 1,3 carry a non-positive B or C (permitted in multi-pole fits; the n(d) check is authoritative).",,,,,
NIKON-E-LAK01,"Non-dispersable (3-term CD gives n(d)=1.88687 vs catalog 1.639999; not a Sellmeier fit) - archived, never evaluated",,2.64816555,0.0152775593,4.86219531e-06,-0.0139955727,0.000227366594,-2.33276501e-07,NIKON-AGF-NZHAGEN-MIRROR,".agf CD coefficients; verify with catalog. term(s) 1,3 carry a non-positive B or C (permitted in multi-pole fits; the n(d) check is authoritative).",,,,,
NIKON-E-LAK02,"Non-dispersable (3-term CD gives n(d)=1.91277 vs catalog 1.67; not a Sellmeier fit) - archived, never evaluated",,2.74241958,0.0159689321,-6.08192466e-05,-0.0130203862,0.000709178831,3.51166538e-06,NIKON-AGF-NZHAGEN-MIRROR,".agf CD coefficients; verify with catalog. term(s) 1,3 carry a non-positive B or C (permitted in multi-pole fits; the n(d) check is authoritative).",,,,,
NIKON-E-LAK04,"Non-dispersable (3-term CD gives n(d)=1.90201 vs catalog 1.651; not a Sellmeier fit) - archived, never evaluated",,2.6768086,0.0177389501,4.32740016e-05,-0.0102173269,2.82247162e-05,-2.15847266e-06,NIKON-AGF-NZHAGEN-MIRROR,".agf CD coefficients; verify with catalog. term(s) 1,3 carry a non-positive B or C (permitted in multi-pole fits; the n(d) check is authoritative).",,,,,
NIKON-E-LAK06,"Non-dispersable (3-term CD gives n(d)=1.90987 vs catalog 1.6779; not a Sellmeier fit) - archived, never evaluated",,2.77078533,0.011803041,-0.000346617455,-0.0176502071,0.0027975002,2.01612172e-05,NIKON-AGF-NZHAGEN-MIRROR,".agf CD coefficients; verify with catalog. term(s) 1,3 carry a non-positive B or C (permitted in multi-pole fits; the n(d) check is authoritative).",,,,,
NIKON-E-LASKH2,"Non-dispersable (3-term CD gives n(d)=1.97831 vs catalog 1.754999; not a Sellmeier fit) - archived, never evaluated",,3.01740929,0.0220799937,-9.36464002e-06,-0.0150192115,0.000476675587,9.63541852e-07,NIKON-AGF-NZHAGEN-MIRROR,".agf CD coefficients; verify with catalog. term(s) 1,3 carry a non-positive B or C (permitted in multi-pole fits; the n(d) check is authoritative).",,,,,
NIKON-E-LAF2,"Non-dispersable (3-term CD gives n(d)=1.97395 vs catalog 1.743997; not a Sellmeier fit) - archived, never evaluated",,2.9684827,0.0244833672,-2.44342622e-05,-0.0116032701,0.000775976856,3.01832049e-06,NIKON-AGF-NZHAGEN-MIRROR,".agf CD coefficients; verify with catalog. term(s) 1,3 carry a non-positive B or C (permitted in multi-pole fits; the n(d) check is authoritative).",,,,,
NIKON-E-LAF3,"Non-dispersable (3-term CD gives n(d)=1.95419 vs catalog 1.717004; not a Sellmeier fit) - archived, never evaluated",,2.88218387,0.0227527853,1.25478223e-05,-0.0106317724,0.000397667212,5.87511175e-07,NIKON-AGF-NZHAGEN-MIRROR,.agf CD coefficients; verify with catalog. term(s) 1 carry a non-positive B or C (permitted in multi-pole fits; the n(d) check is authoritative).,,,,,
NIKON-E-LAF7,"Non-dispersable (3-term CD gives n(d)=1.97658 vs catalog 1.749497; not a Sellmeier fit) - archived, never evaluated",,2.96631279,0.0314277188,4.43317688e-05,-0.0109274208,0.000703288732,2.65190331e-06,NIKON-AGF-NZHAGEN-MIRROR,.agf CD coefficients; verify with catalog. term(s) 1 carry a non-positive B or C (permitted in multi-pole fits; the n(d) check is authoritative).,,,,,
NIKON-E-LAF01,"Non-dispersable (3-term CD gives n(d)=1.93906 vs catalog 1.699998; not a Sellmeier fit) - archived, never evaluated",,2.82762091,0.0213169098,-1.3357138e-05,-0.0112227553,0.000559325355,1.86385587e-06,NIKON-AGF-NZHAGEN-MIRROR,".agf CD coefficients; verify with catalog. term(s) 1,3 carry a non-positive B or C (permitted in multi-pole fits; the n(d) check is authoritative).",,,,,
NIKON-E-LAF02,"Non-dispersable (3-term CD gives n(d)=1.95433 vs catalog 1.72; not a Sellmeier fit) - archived, never evaluated",,2.88761613,0.0234620658,-3.93727241e-05,-0.0113224055,0.000879155778,4.43531743e-06,NIKON-AGF-NZHAGEN-MIRROR,".agf CD coefficients; verify with catalog. term(s) 1,3 carry a non-positive B or C (permitted in multi-pole fits; the n(d) check is authoritative).",,,,,
NIKON-E-LAF04,"Non-dispersable (3-term CD gives n(d)=1.98045 vs catalog 1.756998; not a Sellmeier fit) - archived, never evaluated",,3.01654365,0.0251223164,4.35063641e-05,-0.0142462083,0.000195992997,-7.85606637e-07,NIKON-AGF-NZHAGEN-MIRROR,".agf CD coefficients; verify with catalog. term(s) 1,3 carry a non-positive B or C (permitted in multi-pole fits; the n(d) check is authoritative).",,,,,
NIKON-E-LAF05,"Non-dispersable (3-term CD gives n(d)=1.98639 vs catalog 1.762001; not a Sellmeier fit) - archived, never evaluated",,3.02046444,0.028023846,-1.40486471e-05,-0.0121632364,0.000861441681,4.5613035e-06,NIKON-AGF-NZHAGEN-MIRROR,".agf CD coefficients; verify with catalog. term(s) 1,3 carry a non-positive B or C (permitted in multi-pole fits; the n(d) check is authoritative).",,,,,
NIKON-E-LAF09,"Non-dispersable (3-term CD gives n(d)=1.93380 vs catalog 1.697; not a Sellmeier fit) - archived, never evaluated",,2.82115249,0.0195742767,-3.82046776e-05,-0.0128420041,0.000851971209,2.42425127e-06,NIKON-AGF-NZHAGEN-MIRROR,".agf CD coefficients; verify with catalog. term(s) 1,3 carry a non-positive B or C (permitted in multi-pole fits; the n(d) check is authoritative).",,,,,
NIKON-E-LAF9,"Non-dispersable (3-term CD gives n(d)=2.00502 vs catalog 1.79504; not a Sellmeier fit) - archived, never evaluated",,3.100922,0.03780926,-9.162097e-05,-0.01374983,0.002077998,1.798297e-05,NIKON-AGF-NZHAGEN-MIRROR,".agf CD coefficients; verify with catalog. term(s) 1,3 carry a non-positive B or C (permitted in multi-pole fits; the n(d) check is authoritative).",,,,,
NIKON-E-LAF010,"Non-dispersable (3-term CD gives n(d)=1.98333 vs catalog 1.7432; not a Sellmeier fit) - archived, never evaluated",,2.96201742,0.0295340678,0.000252317172,-0.00690787335,-0.00139338248,-1.245434e-05,NIKON-AGF-NZHAGEN-MIRROR,".agf CD coefficients; verify with catalog. term(s) 1,2,3 carry a non-positive B or C (permitted in multi-pole fits; the n(d) check is authoritative).",,,,,
NIKON-E-LAF11,"Non-dispersable (3-term CD gives n(d)=1.97716 vs catalog 1.75692; not a Sellmeier fit) - archived, never evaluated",,2.98504551,0.0312839577,-0.000162580251,-0.012861773,0.00217089493,1.82003929e-05,NIKON-AGF-NZHAGEN-MIRROR,".agf CD coefficients; verify with catalog. term(s) 1,3 carry a non-positive B or C (permitted in multi-pole fits; the n(d) check is authoritative).",,,,,
NIKON-E-LAF016,"Non-dispersable (3-term CD gives n(d)=2.01153 vs catalog 1.800999; not a Sellmeier fit) - archived, never evaluated",,3.14158865,0.0334231042,-3.49277287e-05,-0.0147653343,0.00125430167,8.7589435e-06,NIKON-AGF-NZHAGEN-MIRROR,".agf CD coefficients; verify with catalog. term(s) 1,3 carry a non-positive B or C (permitted in multi-pole fits; the n(d) check is authoritative).",,,,,
NIKON-E-LAFH2,"Non-dispersable (3-term CD gives n(d)=2.01325 vs catalog 1.80384; not a Sellmeier fit) - archived, never evaluated",,3.1493362,0.0335324542,-7.06244061e-05,-0.0148382096,0.00159644183,1.15814159e-05,NIKON-AGF-NZHAGEN-MIRROR,".agf CD coefficients; verify with catalog. term(s) 1,3 carry a non-positive B or C (permitted in multi-pole fits; the n(d) check is authoritative).",,,,,
NIKON-E-LAFH3,"Non-dispersable (4-term CD gives n(d)=2.00614 vs catalog 1.795041; not a Sellmeier fit) - archived, never evaluated",,3.10091582,0.0377063856,-0.000117361655,-0.0131944552,0.00215246343,1.96473108e-05,NIKON-AGF-NZHAGEN-MIRROR,".agf CD coefficients; verify with catalog. term(s) 1,3,4 carry a non-positive B or C (permitted in multi-pole fits; the n(d) check is authoritative).",,-2.24111072e-05,0.0,,
NIKON-E-LASF01,"Non-dispersable (3-term CD gives n(d)=2.00586 vs catalog 1.7859; not a Sellmeier fit) - archived, never evaluated",,3.10625626,0.0300056853,0.000147953845,-0.0130242032,-0.000279459588,-6.92451309e-06,NIKON-AGF-NZHAGEN-MIRROR,".agf CD coefficients; verify with catalog. term(s) 1,2,3 carry a non-positive B or C (permitted in multi-pole fits; the n(d) check is authoritative).",,,,,
NIKON-E-LASF02,"Non-dispersable (3-term CD gives n(d)=2.00825 vs catalog 1.79952; not a Sellmeier fit) - archived, never evaluated",,3.15611691,0.0273336859,-6.25674387e-05,-0.0172799726,0.00119991815,5.65571879e-06,NIKON-AGF-NZHAGEN-MIRROR,".agf CD coefficients; verify with catalog. term(s) 1,3 carry a non-positive B or C (permitted in multi-pole fits; the n(d) check is authoritative).",,,,,
NIKON-E-LASF03,"Non-dispersable (3-term CD gives n(d)=1.98558 vs catalog 1.8061; not a Sellmeier fit) - archived, never evaluated",,3.19737166,0.0167812195,-0.000439299261,-0.032023626,0.00429709196,2.40669567e-05,NIKON-AGF-NZHAGEN-MIRROR,".agf CD coefficients; verify with catalog. term(s) 1,3 carry a non-positive B or C (permitted in multi-pole fits; the n(d) check is authoritative).",,,,,
NIKON-E-LASF04,"Non-dispersable (3-term CD gives n(d)=2.03900 vs catalog 1.81554; not a Sellmeier fit) - archived, never evaluated",,3.20360786,0.0332446054,0.000134715955,-0.00877554777,-0.000432887979,-4.716471e-06,NIKON-AGF-NZHAGEN-MIRROR,".agf CD coefficients; verify with catalog. term(s) 1,2,3 carry a non-positive B or C (permitted in multi-pole fits; the n(d) check is authoritative).",,,,,
NIKON-E-LASF05,"Non-dispersable (3-term CD gives n(d)=2.04223 vs catalog 1.834807; not a Sellmeier fit) - archived, never evaluated",,3.27555498,0.0310927229,9.41310743e-06,-0.0149587295,0.000682586922,1.5045853e-06,NIKON-AGF-NZHAGEN-MIRROR,.agf CD coefficients; verify with catalog. term(s) 1 carry a non-positive B or C (permitted in multi-pole fits; the n(d) check is authoritative).,,,,,
NIKON-E-LASF08,"Non-dispersable (3-term CD gives n(d)=2.08374 vs catalog 1.882997; not a Sellmeier fit) - archived, never evaluated",,3.44097798,0.0351597803,2.96132309e-06,-0.0140195736,0.000893152796,1.83226713e-06,NIKON-AGF-NZHAGEN-MIRROR,.agf CD coefficients; verify with catalog. term(s) 1 carry a non-positive B or C (permitted in multi-pole fits; the n(d) check is authoritative).,,,,,
NIKON-E-LASF09,"Non-dispersable (3-term CD gives n(d)=2.03086 vs catalog 1.816; not a Sellmeier fit) - archived, never evaluated",,3.21588388,0.0285023144,2.70180277e-05,-0.0133880786,0.000406364414,-4.64955706e-07,NIKON-AGF-NZHAGEN-MIRROR,".agf CD coefficients; verify with catalog. term(s) 1,3 carry a non-positive B or C (permitted in multi-pole fits; the n(d) check is authoritative).",,,,,
NIKON-E-LASF010,"Non-dispersable (3-term CD gives n(d)=2.03966 vs catalog 1.834; not a Sellmeier fit) - archived, never evaluated",,3.26060903,0.0340319193,-1.89155362e-05,-0.0148581563,0.00114204288,5.34279856e-06,NIKON-AGF-NZHAGEN-MIRROR,".agf CD coefficients; verify with catalog. term(s) 1,3 carry a non-positive B or C (permitted in multi-pole fits; the n(d) check is authoritative).",,,,,
NIKON-E-LASF013,"Non-dispersable (3-term CD gives n(d)=2.01644 vs catalog 1.804398; not a Sellmeier fit) - archived, never evaluated",,3.16454973,0.030386787,-2.54435589e-05,-0.0146684282,0.00102933823,4.67271608e-06,NIKON-AGF-NZHAGEN-MIRROR,".agf CD coefficients; verify with catalog. term(s) 1,3 carry a non-positive B or C (permitted in multi-pole fits; the n(d) check is authoritative).",,,,,
NIKON-E-LASF014,"Non-dispersable (3-term CD gives n(d)=2.00498 vs catalog 1.788001; not a Sellmeier fit) - archived, never evaluated",,3.12215038,0.0260452483,5.71446833e-06,-0.0147958367,0.000507811768,8.82357872e-07,NIKON-AGF-NZHAGEN-MIRROR,.agf CD coefficients; verify with catalog. term(s) 1 carry a non-positive B or C (permitted in multi-pole fits; the n(d) check is authoritative).,,,,,
NIKON-E-LASF015,"Non-dispersable (3-term CD gives n(d)=2.01700 vs catalog 1.804; not a Sellmeier fit) - archived, never evaluated",,3.17656194,0.0268472584,-5.1739717e-06,-0.0153426611,0.00064503193,1.3910812e-06,NIKON-AGF-NZHAGEN-MIRROR,".agf CD coefficients; verify with catalog. term(s) 1,3 carry a non-positive B or C (permitted in multi-pole fits; the n(d) check is authoritative).",,,,,
NIKON-E-LASF016,"Non-dispersable (3-term CD gives n(d)=1.99287 vs catalog 1.772499; not a Sellmeier fit) - archived, never evaluated",,3.07241378,0.0244285857,1.22802438e-05,-0.0146849804,0.000398183255,1.23709929e-07,NIKON-AGF-NZHAGEN-MIRROR,.agf CD coefficients; verify with catalog. term(s) 1 carry a non-positive B or C (permitted in multi-pole fits; the n(d) check is authoritative).,,,,,
NIKON-E-LASF017,"Non-dispersable (3-term CD gives n(d)=2.00856 vs catalog 1.794997; not a Sellmeier fit) - archived, never evaluated",,3.14429212,0.026364495,-3.51678468e-05,-0.0156560059,0.000879416097,3.33709709e-06,NIKON-AGF-NZHAGEN-MIRROR,".agf CD coefficients; verify with catalog. term(s) 1,3 carry a non-positive B or C (permitted in multi-pole fits; the n(d) check is authoritative).",,,,,
NIKON-E-LASF021,"Non-dispersable (4-term CD gives n(d)=2.05145 vs catalog 1.85026; not a Sellmeier fit) - archived, never evaluated",,3.30328439,0.0383186238,-9.04598096e-05,-0.0145196022,0.00182646612,1.51789935e-05,NIKON-AGF-NZHAGEN-MIRROR,".agf CD coefficients; verify with catalog. term(s) 1,3,4 carry a non-positive B or C (permitted in multi-pole fits; the n(d) check is authoritative).",,1.69313476e-05,0.0,,
NIKON-E-LASFH2,"Non-dispersable (3-term CD gives n(d)=1.98811 vs catalog 1.76684; not a Sellmeier fit) - archived, never evaluated",,3.04964021,0.0247919447,-1.05068423e-05,-0.0143753567,0.000638849518,1.83387657e-06,NIKON-AGF-NZHAGEN-MIRROR,".agf CD coefficients; verify with catalog. term(s) 1,3 carry a non-positive B or C (permitted in multi-pole fits; the n(d) check is authoritative).",,,,,
NIKON-E-LASFH6,"Non-dispersable (4-term CD gives n(d)=2.01804 vs catalog 1.8061; not a Sellmeier fit) - archived, never evaluated",,3.15292941,0.035267815,-3.80249631e-05,-0.013157791,0.00139578932,9.59672806e-06,NIKON-AGF-NZHAGEN-MIRROR,".agf CD coefficients; verify with catalog. term(s) 1,3,4 carry a non-positive B or C (permitted in multi-pole fits; the n(d) check is authoritative).",,-8.30173359e-05,0.0,,
NIKON-E-LASFH9,"Non-dispersable (3-term CD gives n(d)=2.09606 vs catalog 1.90265; not a Sellmeier fit) - archived, never evaluated",,3.49989132,0.0384731987,-9.49882953e-05,-0.014925507,0.00184372906,1.04373643e-05,NIKON-AGF-NZHAGEN-MIRROR,".agf CD coefficients; verify with catalog. term(s) 1,3 carry a non-positive B or C (permitted in multi-pole fits; the n(d) check is authoritative).",,,,,
NIKON-E-LASFH13,"Non-dispersable (4-term CD gives n(d)=2.09494 vs catalog 1.90366; not a Sellmeier fit) - archived, never evaluated",,3.48771563,0.0428753558,-0.000101404002,-0.0146590634,0.00219556229,1.5729252e-05,NIKON-AGF-NZHAGEN-MIRROR,".agf CD coefficients; verify with catalog. term(s) 1,3,4 carry a non-positive B or C (permitted in multi-pole fits; the n(d) check is authoritative).",,6.84367211e-05,0.0,,
NIKON-E-LASFH15,"Non-dispersable (4-term CD gives n(d)=2.13175 vs catalog 1.95; not a Sellmeier fit) - archived, never evaluated",,3.64564579,0.0493219809,-9.28226213e-05,-0.0149009227,0.00239217482,1.87217041e-05,NIKON-AGF-NZHAGEN-MIRROR,".agf CD coefficients; verify with catalog. term(s) 1,3,4 carry a non-positive B or C (permitted in multi-pole fits; the n(d) check is authoritative).",,-2.00969759e-05,0.0,,
NIKON-E-LASFH17,"Non-dispersable (4-term CD gives n(d)=2.16570 vs catalog 2.00069; not a Sellmeier fit) - archived, never evaluated",,3.81220648,0.0575348609,-0.000247712063,-0.0171101271,0.00395166224,3.77234212e-05,NIKON-AGF-NZHAGEN-MIRROR,".agf CD coefficients; verify with catalog. term(s) 1,3,4 carry a non-positive B or C (permitted in multi-pole fits; the n(d) check is authoritative).",,0.000103512503,0.0,,
NIKON-E-LAKH1,"Non-dispersable (4-term CD gives n(d)=1.99674 vs catalog 1.748099; not a Sellmeier fit) - archived, never evaluated",,2.98243942,0.0267906679,0.000110898621,-0.00202422946,-0.000632301437,-4.1584108e-06,NIKON-AGF-NZHAGEN-MIRROR,".agf CD coefficients; verify with catalog. term(s) 1,2,3,4 carry a non-positive B or C (permitted in multi-pole fits; the n(d) check is authoritative).",,-0.00495792836,0.0,,
NIKON-E-PSK02,"Non-dispersable (3-term CD gives n(d)=1.87943 vs catalog 1.618; not a Sellmeier fit) - archived, never evaluated",,2.57651436,0.0152706397,4.69952008e-05,-0.00817396399,-0.000117385023,-2.25968944e-06,NIKON-AGF-NZHAGEN-MIRROR,".agf CD coefficients; verify with catalog. term(s) 1,2,3 carry a non-positive B or C (permitted in multi-pole fits; the n(d) check is authoritative).",,,,,
NIKON-E-PSK03,"Non-dispersable (3-term CD gives n(d)=1.86648 vs catalog 1.603001; not a Sellmeier fit) - archived, never evaluated",,2.53132391,0.0142829487,4.15511576e-05,-0.00865579054,-0.000115110582,-1.9869836e-06,NIKON-AGF-NZHAGEN-MIRROR,".agf CD coefficients; verify with catalog. term(s) 1,2,3 carry a non-positive B or C (permitted in multi-pole fits; the n(d) check is authoritative).",,,,,
NIKON-E-PSKH1,"Non-dispersable (4-term CD gives n(d)=1.86201 vs catalog 1.59319; not a Sellmeier fit) - archived, never evaluated",,2.5020781,0.012827996,1.25895581e-06,-0.00671970823,0.000155814594,9.42857839e-08,NIKON-AGF-NZHAGEN-MIRROR,".agf CD coefficients; verify with catalog. term(s) 1,4 carry a non-positive B or C (permitted in multi-pole fits; the n(d) check is authoritative).",,-5.36411412e-05,0.0,,
NIKON-E-SF4,"Non-dispersable (3-term CD gives n(d)=1.97334 vs catalog 1.755199; not a Sellmeier fit) - archived, never evaluated",,2.96469762,0.0357299793,-0.000102243404,-0.0128650713,0.00216572877,1.82439835e-05,NIKON-AGF-NZHAGEN-MIRROR,".agf CD coefficients; verify with catalog. term(s) 1,3 carry a non-positive B or C (permitted in multi-pole fits; the n(d) check is authoritative).",,,,,
NIKON-E-SF5,"Non-dispersable (3-term CD gives n(d)=1.91184 vs catalog 1.6727; not a Sellmeier fit) - archived, never evaluated",,2.71201742,0.0276913413,-2.4225064e-05,-0.0111228641,0.00113193687,8.91515336e-06,NIKON-AGF-NZHAGEN-MIRROR,".agf CD coefficients; verify with catalog. term(s) 1,3 carry a non-positive B or C (permitted in multi-pole fits; the n(d) check is authoritative).",,,,,
NIKON-E-SF6,"Non-dispersable (3-term CD gives n(d)=2.01450 vs catalog 1.805181; not a Sellmeier fit) - archived, never evaluated",,3.117837,0.0443602265,4.69669929e-06,-0.0119410737,0.00181348056,1.61754136e-05,NIKON-AGF-NZHAGEN-MIRROR,.agf CD coefficients; verify with catalog. term(s) 1 carry a non-positive B or C (permitted in multi-pole fits; the n(d) check is authoritative).,,,,,
NIKON-E-SF7,"Non-dispersable (3-term CD gives n(d)=1.90175 vs catalog 1.6398; not a Sellmeier fit) - archived, never evaluated",,2.60224509,0.0313239043,0.00028447243,-0.00228272809,-0.00110981516,-1.2054467e-05,NIKON-AGF-NZHAGEN-MIRROR,".agf CD coefficients; verify with catalog. term(s) 1,2,3 carry a non-positive B or C (permitted in multi-pole fits; the n(d) check is authoritative).",,,,,
NIKON-E-SF8,"Non-dispersable (3-term CD gives n(d)=1.92359 vs catalog 1.688931; not a Sellmeier fit) - archived, never evaluated",,2.76155381,0.0286355735,-7.94510589e-05,-0.0116348386,0.00155293137,1.28609539e-05,NIKON-AGF-NZHAGEN-MIRROR,".agf CD coefficients; verify with catalog. term(s) 1,3 carry a non-positive B or C (permitted in multi-pole fits; the n(d) check is authoritative).",,,,,
NIKON-E-SF10,"Non-dispersable (3-term CD gives n(d)=1.95298 vs catalog 1.72825; not a Sellmeier fit) - archived, never evaluated",,2.87968193,0.033443025,-8.12508073e-05,-0.0123038115,0.00183471163,1.59440837e-05,NIKON-AGF-NZHAGEN-MIRROR,".agf CD coefficients; verify with catalog. term(s) 1,3 carry a non-positive B or C (permitted in multi-pole fits; the n(d) check is authoritative).",,,,,
NIKON-E-SF11,"Non-dispersable (3-term CD gives n(d)=1.99328 vs catalog 1.784723; not a Sellmeier fit) - archived, never evaluated",,3.05654935,0.0381593027,-0.000223523385,-0.0143159709,0.00315675913,2.90021069e-05,NIKON-AGF-NZHAGEN-MIRROR,".agf CD coefficients; verify with catalog. term(s) 1,3 carry a non-positive B or C (permitted in multi-pole fits; the n(d) check is authoritative).",,,,,
NIKON-E-SF13,"Non-dispersable (3-term CD gives n(d)=1.96063 vs catalog 1.740769; not a Sellmeier fit) - archived, never evaluated",,2.92006212,0.0333556844,-0.000160492168,-0.0134436038,0.00246092959,2.11511846e-05,NIKON-AGF-NZHAGEN-MIRROR,".agf CD coefficients; verify with catalog. term(s) 1,3 carry a non-positive B or C (permitted in multi-pole fits; the n(d) check is authoritative).",,,,,
NIKON-E-SF14,"Non-dispersable (3-term CD gives n(d)=1.97791 vs catalog 1.76182; not a Sellmeier fit) - archived, never evaluated",,2.98384614,0.035639664,-0.00022269905,-0.0128995609,0.00296907641,2.67423649e-05,NIKON-AGF-NZHAGEN-MIRROR,".agf CD coefficients; verify with catalog. term(s) 1,3 carry a non-positive B or C (permitted in multi-pole fits; the n(d) check is authoritative).",,,,,
NIKON-E-SF15,"Non-dispersable (3-term CD gives n(d)=1.93091 vs catalog 1.698947; not a Sellmeier fit) - archived, never evaluated",,2.7903158,0.0305751341,-4.15895631e-05,-0.0118464509,0.00141030608,1.14740935e-05,NIKON-AGF-NZHAGEN-MIRROR,".agf CD coefficients; verify with catalog. term(s) 1,3 carry a non-positive B or C (permitted in multi-pole fits; the n(d) check is authoritative).",,,,,
NIKON-E-SK2,"Non-dispersable (3-term CD gives n(d)=1.86662 vs catalog 1.60738; not a Sellmeier fit) - archived, never evaluated",,2.5423297,0.0136627069,-8.59026849e-05,-0.0100137205,0.000828586571,5.07949629e-06,NIKON-AGF-NZHAGEN-MIRROR,".agf CD coefficients; verify with catalog. term(s) 1,3 carry a non-positive B or C (permitted in multi-pole fits; the n(d) check is authoritative).",,,,,
NIKON-E-SK4,"Non-dispersable (3-term CD gives n(d)=1.87103 vs catalog 1.612716; not a Sellmeier fit) - archived, never evaluated",,2.55935739,0.01458787,-1.59151229e-05,-0.0101666557,0.00036544107,9.9861439e-07,NIKON-AGF-NZHAGEN-MIRROR,".agf CD coefficients; verify with catalog. term(s) 1,3 carry a non-positive B or C (permitted in multi-pole fits; the n(d) check is authoritative).",,,,,
NIKON-E-SK5,"Non-dispersable (3-term CD gives n(d)=1.85297 vs catalog 1.58913; not a Sellmeier fit) - archived, never evaluated",,2.48616859,0.0146866348,4.43876615e-05,-0.00962090414,-0.000117877135,-2.05228288e-06,NIKON-AGF-NZHAGEN-MIRROR,".agf CD coefficients; verify with catalog. term(s) 1,2,3 carry a non-positive B or C (permitted in multi-pole fits; the n(d) check is authoritative).",,,,,
NIKON-E-SK10,"Non-dispersable (3-term CD gives n(d)=1.87930 vs catalog 1.622799; not a Sellmeier fit) - archived, never evaluated",,2.58912326,0.0156165805,-9.84858579e-06,-0.0100115186,0.000328758605,7.82877169e-07,NIKON-AGF-NZHAGEN-MIRROR,".agf CD coefficients; verify with catalog. term(s) 1,3 carry a non-positive B or C (permitted in multi-pole fits; the n(d) check is authoritative).",,,,,
NIKON-E-SK11,"Non-dispersable (3-term CD gives n(d)=1.83148 vs catalog 1.563839; not a Sellmeier fit) - archived, never evaluated",,2.41034365,0.0126748412,-6.24279133e-06,-0.0101286559,0.000257347078,3.35932224e-07,NIKON-AGF-NZHAGEN-MIRROR,".agf CD coefficients; verify with catalog. term(s) 1,3 carry a non-positive B or C (permitted in multi-pole fits; the n(d) check is authoritative).",,,,,
NIKON-E-SK12,"Non-dispersable (3-term CD gives n(d)=1.84947 vs catalog 1.58313; not a Sellmeier fit) - archived, never evaluated",,2.46638796,0.0144628215,1.55773822e-05,-0.00865760981,7.9427451e-05,-5.24586883e-07,NIKON-AGF-NZHAGEN-MIRROR,".agf CD coefficients; verify with catalog. term(s) 1,3 carry a non-positive B or C (permitted in multi-pole fits; the n(d) check is authoritative).",,,,,
NIKON-E-SK14,"Non-dispersable (3-term CD gives n(d)=1.86238 vs catalog 1.603112; not a Sellmeier fit) - archived, never evaluated",,2.53104523,0.0140100006,-1.0881644e-06,-0.0107742896,0.000247886041,1.03415548e-07,NIKON-AGF-NZHAGEN-MIRROR,".agf CD coefficients; verify with catalog. term(s) 1,3 carry a non-positive B or C (permitted in multi-pole fits; the n(d) check is authoritative).",,,,,
NIKON-E-SK15,"Non-dispersable (3-term CD gives n(d)=1.87397 vs catalog 1.62299; not a Sellmeier fit) - archived, never evaluated",,2.59512882,0.0129505299,-9.28161846e-05,-0.0133017463,0.000946976976,5.07474225e-06,NIKON-AGF-NZHAGEN-MIRROR,".agf CD coefficients; verify with catalog. term(s) 1,3 carry a non-positive B or C (permitted in multi-pole fits; the n(d) check is authoritative).",,,,,
NIKON-E-SK16,"Non-dispersable (3-term CD gives n(d)=1.87530 vs catalog 1.620411; not a Sellmeier fit) - archived, never evaluated",,2.58572188,0.0140913669,-2.67679001e-05,-0.0114561541,0.000439966701,1.51331053e-06,NIKON-AGF-NZHAGEN-MIRROR,".agf CD coefficients; verify with catalog. term(s) 1,3 carry a non-positive B or C (permitted in multi-pole fits; the n(d) check is authoritative).",,,,,
NIKON-E-SK18,"Non-dispersable (3-term CD gives n(d)=1.87362 vs catalog 1.63854; not a Sellmeier fit) - archived, never evaluated",,2.65253732,0.00823565189,-0.00030272324,-0.0207076891,0.00259890034,1.591967e-05,NIKON-AGF-NZHAGEN-MIRROR,".agf CD coefficients; verify with catalog. term(s) 1,3 carry a non-positive B or C (permitted in multi-pole fits; the n(d) check is authoritative).",,,,,
NIKON-E-SSK1,"Non-dispersable (3-term CD gives n(d)=1.87375 vs catalog 1.6172; not a Sellmeier fit) - archived, never evaluated",,2.56935287,0.0161803173,-8.91235286e-08,-0.0103280973,0.000314456596,6.08967029e-07,NIKON-AGF-NZHAGEN-MIRROR,".agf CD coefficients; verify with catalog. term(s) 1,3 carry a non-positive B or C (permitted in multi-pole fits; the n(d) check is authoritative).",,,,,
NIKON-E-SSK5,"Non-dispersable (3-term CD gives n(d)=1.90749 vs catalog 1.658441; not a Sellmeier fit) - archived, never evaluated",,2.69603796,0.0188657945,4.06084448e-06,-0.0100729839,0.00036803849,4.57460676e-07,NIKON-AGF-NZHAGEN-MIRROR,.agf CD coefficients; verify with catalog. term(s) 1 carry a non-positive B or C (permitted in multi-pole fits; the n(d) check is authoritative).,,,,,
NIKON-E-SSK8,"Non-dispersable (3-term CD gives n(d)=1.87063 vs catalog 1.61772; not a Sellmeier fit) - archived, never evaluated",,2.57047824,0.0149712411,-0.000110413826,-0.0119686463,0.00112845548,7.39815032e-06,NIKON-AGF-NZHAGEN-MIRROR,".agf CD coefficients; verify with catalog. term(s) 1,3 carry a non-positive B or C (permitted in multi-pole fits; the n(d) check is authoritative).",,,,,
NIKON-P-FK01S,"Non-dispersable (3-term CD gives n(d)=1.78134 vs catalog 1.496488; not a Sellmeier fit) - archived, never evaluated",,2.2209843,0.00565991749,-9.83647071e-05,-0.00850617932,0.000843578948,4.93916644e-06,NIKON-AGF-NZHAGEN-MIRROR,".agf CD coefficients; verify with catalog. term(s) 1,3 carry a non-positive B or C (permitted in multi-pole fits; the n(d) check is authoritative).",,,,,
NIKON-P-FKH2S,"Non-dispersable (3-term CD gives n(d)=1.75464 vs catalog 1.45562; not a Sellmeier fit) - archived, never evaluated",,2.10062741,0.00658636025,-5.35155073e-06,-0.0047428655,0.00010373696,2.98151037e-07,NIKON-AGF-NZHAGEN-MIRROR,".agf CD coefficients; verify with catalog. term(s) 1,3 carry a non-positive B or C (permitted in multi-pole fits; the n(d) check is authoritative).",,,,,
NIKON-P-LAF010S,"Non-dispersable (4-term CD gives n(d)=1.97282 vs catalog 1.742999; not a Sellmeier fit) - archived, never evaluated",,2.97145551,0.0229406443,-1.48240363e-05,-0.0123084336,0.000555750122,1.43842628e-06,NIKON-AGF-NZHAGEN-MIRROR,".agf CD coefficients; verify with catalog. term(s) 1,3,4 carry a non-positive B or C (permitted in multi-pole fits; the n(d) check is authoritative).",,-0.00011444912,0.0,,
NIKON-P-LAK13S,"Non-dispersable (4-term CD gives n(d)=1.93666 vs catalog 1.6972; not a Sellmeier fit) - archived, never evaluated",,2.82447476,0.0196386835,-8.64448721e-06,-0.0118060586,0.00040080475,9.02906571e-07,NIKON-AGF-NZHAGEN-MIRROR,".agf CD coefficients; verify with catalog. term(s) 1,3,4 carry a non-positive B or C (permitted in multi-pole fits; the n(d) check is authoritative).",,-0.00010649054,0.0,,
NIKON-P-LASF03S,"Non-dispersable (4-term CD gives n(d)=2.02228 vs catalog 1.80604; not a Sellmeier fit) - archived, never evaluated",,3.17068141,0.030537023,-4.87613819e-06,-0.0126020903,0.000826049797,2.63470792e-06,NIKON-AGF-NZHAGEN-MIRROR,".agf CD coefficients; verify with catalog. term(s) 1,3,4 carry a non-positive B or C (permitted in multi-pole fits; the n(d) check is authoritative).",,-2.27507217e-05,0.0,,
NIKON-P-LASFH11S,"Non-dispersable (4-term CD gives n(d)=1.99646 vs catalog 1.77387; not a Sellmeier fit) - archived, never evaluated",,3.07248878,0.0257175166,8.26140166e-06,-0.0130910046,0.000468797447,4.96911029e-07,NIKON-AGF-NZHAGEN-MIRROR,".agf CD coefficients; verify with catalog. term(s) 1,4 carry a non-positive B or C (permitted in multi-pole fits; the n(d) check is authoritative).",,-0.000149735345,0.0,,
NIKON-P-LASFH12S,"Non-dispersable (4-term CD gives n(d)=2.00960 vs catalog 1.790628; not a Sellmeier fit) - archived, never evaluated",,3.12620771,0.0273755534,-4.45290808e-06,-0.0131941997,0.000644833441,1.47682971e-06,NIKON-AGF-NZHAGEN-MIRROR,".agf CD coefficients; verify with catalog. term(s) 1,3,4 carry a non-positive B or C (permitted in multi-pole fits; the n(d) check is authoritative).",,-5.38318514e-05,0.0,,
NIKON-P-LASFH18S,"Non-dispersable (4-term CD gives n(d)=2.05858 vs catalog 1.85117; not a Sellmeier fit) - archived, never evaluated",,3.32566886,0.0340298328,1.03681091e-05,-0.0131396072,0.000803745646,2.05840857e-06,NIKON-AGF-NZHAGEN-MIRROR,".agf CD coefficients; verify with catalog. term(s) 1,4 carry a non-positive B or C (permitted in multi-pole fits; the n(d) check is authoritative).",,-0.000123587896,0.0,,
NIKON-P-LASFH19S,"Non-dispersable (4-term CD gives n(d)=2.03518 vs catalog 1.82098; not a Sellmeier fit) - archived, never evaluated",,3.2257027,0.0306614932,9.44972029e-06,-0.0126902501,0.000658747108,1.26490053e-06,NIKON-AGF-NZHAGEN-MIRROR,".agf CD coefficients; verify with catalog. term(s) 1,4 carry a non-positive B or C (permitted in multi-pole fits; the n(d) check is authoritative).",,-0.000120031201,0.0,,
NIKON-P-PSKH1S,"Non-dispersable (4-term CD gives n(d)=1.86153 vs catalog 1.59255; not a Sellmeier fit) - archived, never evaluated",,2.50002967,0.0128441577,2.25228249e-06,-0.00669362188,0.000147794104,5.14209979e-08,NIKON-AGF-NZHAGEN-MIRROR,".agf CD coefficients; verify with catalog. term(s) 1,4 carry a non-positive B or C (permitted in multi-pole fits; the n(d) check is authoritative).",,-5.44106184e-05,0.0,,
NIKON-P-SK5S,"Non-dispersable (4-term CD gives n(d)=1.85049 vs catalog 1.58887; not a Sellmeier fit) - archived, never evaluated",,2.4871547,0.0136540989,1.26085644e-08,-0.0109451454,0.000187911865,2.3976508e-07,NIKON-AGF-NZHAGEN-MIRROR,".agf CD coefficients; verify with catalog. term(s) 1,4 carry a non-positive B or C (permitted in multi-pole fits; the n(d) check is authoritative).",,-9.97026157e-05,0.0,,
NIKON-P-SK12S,"Non-dispersable (4-term CD gives n(d)=1.84887 vs catalog 1.58593; not a Sellmeier fit) - archived, never evaluated",,2.4767282,0.013934653,4.37662846e-07,-0.0103779856,0.000196558619,2.28673729e-07,NIKON-AGF-NZHAGEN-MIRROR,".agf CD coefficients; verify with catalog. term(s) 1,4 carry a non-positive B or C (permitted in multi-pole fits; the n(d) check is authoritative).",,-9.02510603e-05,0.0,,
NIKON-PK1,"Non-dispersable (3-term CD gives n(d)=1.78473 vs catalog 1.50378; not a Sellmeier fit) - archived, never evaluated",,2.23377,0.01057538,2.380097e-05,-0.009387074,-3.481847e-05,-1.340308e-06,NIKON-AGF-NZHAGEN-MIRROR,".agf CD coefficients; verify with catalog. term(s) 1,2,3 carry a non-positive B or C (permitted in multi-pole fits; the n(d) check is authoritative).",,,,,
NIKON-PK2,"Non-dispersable (3-term CD gives n(d)=1.80191 vs catalog 1.51821; not a Sellmeier fit) - archived, never evaluated",,2.268721,0.01533408,0.0001697392,-0.005772466,-0.001159258,-8.270431e-06,NIKON-AGF-NZHAGEN-MIRROR,".agf CD coefficients; verify with catalog. term(s) 1,2,3 carry a non-positive B or C (permitted in multi-pole fits; the n(d) check is authoritative).",,,,,
NIKON-BAK2,"Non-dispersable (3-term CD gives n(d)=1.83305 vs catalog 1.53996; not a Sellmeier fit) - archived, never evaluated",,2.319725,0.02249807,0.0003926686,0.002602493,-0.002672041,-2.043303e-05,NIKON-AGF-NZHAGEN-MIRROR,".agf CD coefficients; verify with catalog. term(s) 2,3 carry a non-positive B or C (permitted in multi-pole fits; the n(d) check is authoritative).",,,,,
NIKON-BAK4,"Non-dispersable (3-term CD gives n(d)=1.84701 vs catalog 1.568829; not a Sellmeier fit) - archived, never evaluated",,2.414299,0.01680892,-1.350522e-05,-0.002829974,-8.945119e-05,4.145336e-06,NIKON-AGF-NZHAGEN-MIRROR,".agf CD coefficients; verify with catalog. term(s) 1,2,3 carry a non-positive B or C (permitted in multi-pole fits; the n(d) check is authoritative).",,,,,
NIKON-K3,"Non-dispersable (3-term CD gives n(d)=1.79730 vs catalog 1.51823; not a Sellmeier fit) - archived, never evaluated",,2.27187,0.0119425,8.303797e-06,-0.008333884,0.0001494434,-2.694974e-07,NIKON-AGF-NZHAGEN-MIRROR,".agf CD coefficients; verify with catalog. term(s) 1,3 carry a non-positive B or C (permitted in multi-pole fits; the n(d) check is authoritative).",,,,,
NIKON-K5,"Non-dispersable (3-term CD gives n(d)=1.82949 vs catalog 1.52249; not a Sellmeier fit) - archived, never evaluated",,2.259379,0.02633942,0.0005228702,0.009090504,-0.003777418,-2.629182e-05,NIKON-AGF-NZHAGEN-MIRROR,".agf CD coefficients; verify with catalog. term(s) 2,3 carry a non-positive B or C (permitted in multi-pole fits; the n(d) check is authoritative).",,,,,
NIKON-KZFH1,"Non-dispersable (3-term CD gives n(d)=1.86388 vs catalog 1.612658; not a Sellmeier fit) - archived, never evaluated",,2.547175,0.01838384,-1.624561e-05,-0.01287115,0.0005862006,2.266107e-06,NIKON-AGF-NZHAGEN-MIRROR,".agf CD coefficients; verify with catalog. term(s) 1,3 carry a non-positive B or C (permitted in multi-pole fits; the n(d) check is authoritative).",,,,,
NIKON-KZFH2,"Non-dispersable (3-term CD gives n(d)=1.90992 vs catalog 1.671629; not a Sellmeier fit) - archived, never evaluated",,2.723491,0.02374514,-1.290725e-05,-0.01309285,0.0007951295,3.339887e-06,NIKON-AGF-NZHAGEN-MIRROR,".agf CD coefficients; verify with catalog. term(s) 1,3 carry a non-positive B or C (permitted in multi-pole fits; the n(d) check is authoritative).",,,,,
NIKON-KZFS4,"Non-dispersable (3-term CD gives n(d)=1.85829 vs catalog 1.6134; not a Sellmeier fit) - archived, never evaluated",,2.554362,0.01560256,-0.0001318867,-0.0165228,0.001407955,8.507447e-06,NIKON-AGF-NZHAGEN-MIRROR,".agf CD coefficients; verify with catalog. term(s) 1,3 carry a non-positive B or C (permitted in multi-pole fits; the n(d) check is authoritative).",,,,,
NIKON-KF6,"Non-dispersable (3-term CD gives n(d)=1.81294 vs catalog 1.51742; not a Sellmeier fit) - archived, never evaluated",,2.249554,0.02217465,0.0003444373,0.002262245,-0.002282488,-1.737741e-05,NIKON-AGF-NZHAGEN-MIRROR,".agf CD coefficients; verify with catalog. term(s) 2,3 carry a non-positive B or C (permitted in multi-pole fits; the n(d) check is authoritative).",,,,,
NIKON-BAF3,"Non-dispersable (3-term CD gives n(d)=1.86473 vs catalog 1.58267; not a Sellmeier fit) - archived, never evaluated",,2.438682,0.02688829,0.0003965661,0.001609961,-0.002446579,-1.973046e-05,NIKON-AGF-NZHAGEN-MIRROR,".agf CD coefficients; verify with catalog. term(s) 2,3 carry a non-positive B or C (permitted in multi-pole fits; the n(d) check is authoritative).",,,,,
NIKON-BAF4,"Non-dispersable (3-term CD gives n(d)=1.88621 vs catalog 1.60562; not a Sellmeier fit) - archived, never evaluated",,2.504959,0.02831428,0.0003343099,0.003324741,-0.002044138,-1.534858e-05,NIKON-AGF-NZHAGEN-MIRROR,".agf CD coefficients; verify with catalog. term(s) 2,3 carry a non-positive B or C (permitted in multi-pole fits; the n(d) check is authoritative).",,,,,
NIKON-BAF8,"Non-dispersable (3-term CD gives n(d)=1.88717 vs catalog 1.623741; not a Sellmeier fit) - archived, never evaluated",,2.576356,0.02151531,7.507447e-05,-0.004964319,-0.0002533858,-1.820369e-06,NIKON-AGF-NZHAGEN-MIRROR,".agf CD coefficients; verify with catalog. term(s) 1,2,3 carry a non-positive B or C (permitted in multi-pole fits; the n(d) check is authoritative).",,,,,
NIKON-BAF10,"Non-dispersable (3-term CD gives n(d)=1.94391 vs catalog 1.67003; not a Sellmeier fit) - archived, never evaluated",,2.708194,0.03147874,0.0003414449,0.004899893,-0.002304342,-1.465281e-05,NIKON-AGF-NZHAGEN-MIRROR,".agf CD coefficients; verify with catalog. term(s) 2,3 carry a non-positive B or C (permitted in multi-pole fits; the n(d) check is authoritative).",,,,,
NIKON-BAF11,"Non-dispersable (3-term CD gives n(d)=1.91519 vs catalog 1.66672; not a Sellmeier fit) - archived, never evaluated",,2.718364,0.02090148,4.065932e-05,-0.009306715,0.0001588714,-8.563966e-07,NIKON-AGF-NZHAGEN-MIRROR,".agf CD coefficients; verify with catalog. term(s) 1,3 carry a non-positive B or C (permitted in multi-pole fits; the n(d) check is authoritative).",,,,,
NIKON-BASF2,"Non-dispersable (3-term CD gives n(d)=1.93230 vs catalog 1.66446; not a Sellmeier fit) - archived, never evaluated",,2.677014,0.03312038,0.0001805364,0.003011704,-0.0009256636,-2.622153e-06,NIKON-AGF-NZHAGEN-MIRROR,".agf CD coefficients; verify with catalog. term(s) 2,3 carry a non-positive B or C (permitted in multi-pole fits; the n(d) check is authoritative).",,,,,
NIKON-BASF4,"Non-dispersable (3-term CD gives n(d)=1.90476 vs catalog 1.65128; not a Sellmeier fit) - archived, never evaluated",,2.653252,0.02439776,2.48777e-05,-0.006578821,0.0005194976,1.560994e-06,NIKON-AGF-NZHAGEN-MIRROR,.agf CD coefficients; verify with catalog. term(s) 1 carry a non-positive B or C (permitted in multi-pole fits; the n(d) check is authoritative).,,,,,
NIKON-BASF6,"Non-dispersable (3-term CD gives n(d)=1.90726 vs catalog 1.667551; not a Sellmeier fit) - archived, never evaluated",,2.718163,0.02057831,-1.411159e-05,-0.01334622,0.0009283221,1.659476e-06,NIKON-AGF-NZHAGEN-MIRROR,".agf CD coefficients; verify with catalog. term(s) 1,3 carry a non-positive B or C (permitted in multi-pole fits; the n(d) check is authoritative).",,,,,
NIKON-BASF7,"Non-dispersable (3-term CD gives n(d)=1.92636 vs catalog 1.70154; not a Sellmeier fit) - archived, never evaluated",,2.83515,0.01539786,-0.0004884822,-0.01785081,0.003719055,3.290179e-05,NIKON-AGF-NZHAGEN-MIRROR,".agf CD coefficients; verify with catalog. term(s) 1,3 carry a non-positive B or C (permitted in multi-pole fits; the n(d) check is authoritative).",,,,,
NIKON-BASF8,"Non-dispersable (3-term CD gives n(d)=1.96456 vs catalog 1.723421; not a Sellmeier fit) - archived, never evaluated",,2.881495,0.03074684,0.0001314241,-0.006454381,-0.0001396031,-2.44494e-06,NIKON-AGF-NZHAGEN-MIRROR,".agf CD coefficients; verify with catalog. term(s) 1,2,3 carry a non-positive B or C (permitted in multi-pole fits; the n(d) check is authoritative).",,,,,
NIKON-BASF12,"Non-dispersable (3-term CD gives n(d)=1.89855 vs catalog 1.66998; not a Sellmeier fit) - archived, never evaluated",,2.729422,0.01735778,-0.000198277,-0.01897808,0.002340995,1.222741e-05,NIKON-AGF-NZHAGEN-MIRROR,".agf CD coefficients; verify with catalog. term(s) 1,3 carry a non-positive B or C (permitted in multi-pole fits; the n(d) check is authoritative).",,,,,
NIKON-SK2,"Non-dispersable (3-term CD gives n(d)=1.86662 vs catalog 1.60738; not a Sellmeier fit) - archived, never evaluated",,2.54233,0.01366271,-8.590268e-05,-0.01001372,0.0008285866,5.079496e-06,NIKON-AGF-NZHAGEN-MIRROR,".agf CD coefficients; verify with catalog. term(s) 1,3 carry a non-positive B or C (permitted in multi-pole fits; the n(d) check is authoritative).",,,,,
NIKON-SK4,"Non-dispersable (3-term CD gives n(d)=1.89405 vs catalog 1.61272; not a Sellmeier fit) - archived, never evaluated",,2.542124,0.02316274,0.0002235719,0.002965422,-0.001681083,-1.000551e-05,NIKON-AGF-NZHAGEN-MIRROR,".agf CD coefficients; verify with catalog. term(s) 2,3 carry a non-positive B or C (permitted in multi-pole fits; the n(d) check is authoritative).",,,,,
NIKON-SK9,"Non-dispersable (3-term CD gives n(d)=1.86618 vs catalog 1.61405; not a Sellmeier fit) - archived, never evaluated",,2.564248,0.01398205,-4.206054e-05,-0.01337038,0.0007030773,2.098576e-06,NIKON-AGF-NZHAGEN-MIRROR,".agf CD coefficients; verify with catalog. term(s) 1,3 carry a non-positive B or C (permitted in multi-pole fits; the n(d) check is authoritative).",,,,,
NIKON-SK15,"Non-dispersable (3-term CD gives n(d)=1.87397 vs catalog 1.62299; not a Sellmeier fit) - archived, never evaluated",,2.595129,0.01295053,-9.281618e-05,-0.01330175,0.000946977,5.074742e-06,NIKON-AGF-NZHAGEN-MIRROR,".agf CD coefficients; verify with catalog. term(s) 1,3 carry a non-positive B or C (permitted in multi-pole fits; the n(d) check is authoritative).",,,,,
NIKON-SK16,"Non-dispersable (3-term CD gives n(d)=1.86851 vs catalog 1.620409; not a Sellmeier fit) - archived, never evaluated",,2.592001,0.0102268,-0.0001877149,-0.01540969,0.001581559,1.012515e-05,NIKON-AGF-NZHAGEN-MIRROR,".agf CD coefficients; verify with catalog. term(s) 1,3 carry a non-positive B or C (permitted in multi-pole fits; the n(d) check is authoritative).",,,,,
NIKON-SK18,"Non-dispersable (3-term CD gives n(d)=1.87362 vs catalog 1.63854; not a Sellmeier fit) - archived, never evaluated",,2.652537,0.008235652,-0.0003027232,-0.02070769,0.0025989,1.591967e-05,NIKON-AGF-NZHAGEN-MIRROR,".agf CD coefficients; verify with catalog. term(s) 1,3 carry a non-positive B or C (permitted in multi-pole fits; the n(d) check is authoritative).",,,,,
NIKON-SSK1,"Non-dispersable (3-term CD gives n(d)=1.86500 vs catalog 1.6172; not a Sellmeier fit) - archived, never evaluated",,2.577488,0.01135863,-0.0001733264,-0.01546625,0.001651928,9.058966e-06,NIKON-AGF-NZHAGEN-MIRROR,".agf CD coefficients; verify with catalog. term(s) 1,3 carry a non-positive B or C (permitted in multi-pole fits; the n(d) check is authoritative).",,,,,
NIKON-SSK2,"Non-dispersable (3-term CD gives n(d)=1.87101 vs catalog 1.6223; not a Sellmeier fit) - archived, never evaluated",,2.591243,0.01239656,-0.0001592745,-0.01427206,0.00153774,8.552111e-06,NIKON-AGF-NZHAGEN-MIRROR,".agf CD coefficients; verify with catalog. term(s) 1,3 carry a non-positive B or C (permitted in multi-pole fits; the n(d) check is authoritative).",,,,,
NIKON-SSK8,"Non-dispersable (3-term CD gives n(d)=1.87063 vs catalog 1.61772; not a Sellmeier fit) - archived, never evaluated",,2.570478,0.01497124,-0.0001104138,-0.01196865,0.001128455,7.39815e-06,NIKON-AGF-NZHAGEN-MIRROR,".agf CD coefficients; verify with catalog. term(s) 1,3 carry a non-positive B or C (permitted in multi-pole fits; the n(d) check is authoritative).",,,,,
NIKON-LLF1,"Non-dispersable (3-term CD gives n(d)=1.80675 vs catalog 1.548139; not a Sellmeier fit) - archived, never evaluated",,2.362448,0.008894781,-0.000257494,-0.01634943,0.002311903,1.457859e-05,NIKON-AGF-NZHAGEN-MIRROR,".agf CD coefficients; verify with catalog. term(s) 1,3 carry a non-positive B or C (permitted in multi-pole fits; the n(d) check is authoritative).",,,,,
NIKON-LLF2,"Non-dispersable (3-term CD gives n(d)=1.83356 vs catalog 1.54072; not a Sellmeier fit) - archived, never evaluated",,2.311056,0.02635349,0.0004429611,0.003592112,-0.002861817,-2.227926e-05,NIKON-AGF-NZHAGEN-MIRROR,".agf CD coefficients; verify with catalog. term(s) 2,3 carry a non-positive B or C (permitted in multi-pole fits; the n(d) check is authoritative).",,,,,
NIKON-LLF6,"Non-dispersable (3-term CD gives n(d)=1.78119 vs catalog 1.531721; not a Sellmeier fit) - archived, never evaluated",,2.326858,0.002979231,-0.0003498773,-0.02496168,0.003164392,1.777229e-05,NIKON-AGF-NZHAGEN-MIRROR,".agf CD coefficients; verify with catalog. term(s) 1,3 carry a non-positive B or C (permitted in multi-pole fits; the n(d) check is authoritative).",,,,,
NIKON-LF5,"Non-dispersable (3-term CD gives n(d)=1.85085 vs catalog 1.58144; not a Sellmeier fit) - archived, never evaluated",,2.439252,0.02191912,0.0001181173,-0.005116676,-0.000308089,-4.409047e-06,NIKON-AGF-NZHAGEN-MIRROR,".agf CD coefficients; verify with catalog. term(s) 1,2,3 carry a non-positive B or C (permitted in multi-pole fits; the n(d) check is authoritative).",,,,,
NIKON-LF6,"Non-dispersable (3-term CD gives n(d)=1.83935 vs catalog 1.56732; not a Sellmeier fit) - archived, never evaluated",,2.402616,0.01706231,-0.0001107158,-0.005310264,0.000992587,9.212954e-06,NIKON-AGF-NZHAGEN-MIRROR,".agf CD coefficients; verify with catalog. term(s) 1,3 carry a non-positive B or C (permitted in multi-pole fits; the n(d) check is authoritative).",,,,,
NIKON-LF7,"Non-dispersable (3-term CD gives n(d)=1.82148 vs catalog 1.57501; not a Sellmeier fit) - archived, never evaluated",,2.440824,0.01089699,-0.0002198222,-0.02002119,0.002343396,1.221823e-05,NIKON-AGF-NZHAGEN-MIRROR,".agf CD coefficients; verify with catalog. term(s) 1,3 carry a non-positive B or C (permitted in multi-pole fits; the n(d) check is authoritative).",,,,,
NIKON-F1,"Non-dispersable (3-term CD gives n(d)=1.88910 vs catalog 1.625882; not a Sellmeier fit) - archived, never evaluated",,2.562519,0.02916002,0.0002265332,-0.003146235,-0.00087073,-8.612399e-06,NIKON-AGF-NZHAGEN-MIRROR,".agf CD coefficients; verify with catalog. term(s) 1,2,3 carry a non-positive B or C (permitted in multi-pole fits; the n(d) check is authoritative).",,,,,
NIKON-F2,"Non-dispersable (3-term CD gives n(d)=1.88767 vs catalog 1.62004; not a Sellmeier fit) - archived, never evaluated",,2.545002,0.02801151,0.0001501754,-0.001337396,-0.0005417021,-3.617071e-06,NIKON-AGF-NZHAGEN-MIRROR,".agf CD coefficients; verify with catalog. term(s) 1,2,3 carry a non-positive B or C (permitted in multi-pole fits; the n(d) check is authoritative).",,,,,
NIKON-F3,"Non-dispersable (3-term CD gives n(d)=1.88261 vs catalog 1.61293; not a Sellmeier fit) - archived, never evaluated",,2.522283,0.02939577,0.0002896805,-0.00104823,-0.00139163,-1.265089e-05,NIKON-AGF-NZHAGEN-MIRROR,".agf CD coefficients; verify with catalog. term(s) 1,2,3 carry a non-positive B or C (permitted in multi-pole fits; the n(d) check is authoritative).",,,,,
NIKON-F5,"Non-dispersable (3-term CD gives n(d)=1.83699 vs catalog 1.60342; not a Sellmeier fit) - archived, never evaluated",,2.527725,0.01020504,-0.0003603615,-0.02381908,0.003480576,2.057311e-05,NIKON-AGF-NZHAGEN-MIRROR,".agf CD coefficients; verify with catalog. term(s) 1,3 carry a non-positive B or C (permitted in multi-pole fits; the n(d) check is authoritative).",,,,,
NIKON-F8,"Non-dispersable (3-term CD gives n(d)=1.86811 vs catalog 1.59551; not a Sellmeier fit) - archived, never evaluated",,2.472865,0.02760046,0.0002907115,-0.001511927,-0.001525504,-1.284843e-05,NIKON-AGF-NZHAGEN-MIRROR,".agf CD coefficients; verify with catalog. term(s) 1,2,3 carry a non-positive B or C (permitted in multi-pole fits; the n(d) check is authoritative).",,,,,
NIKON-SF1,"Non-dispersable (3-term CD gives n(d)=1.95914 vs catalog 1.71736; not a Sellmeier fit) - archived, never evaluated",,2.839803,0.03464028,-5.451762e-05,-0.004469128,0.001334322,1.214724e-05,NIKON-AGF-NZHAGEN-MIRROR,".agf CD coefficients; verify with catalog. term(s) 1,3 carry a non-positive B or C (permitted in multi-pole fits; the n(d) check is authoritative).",,,,,
NIKON-SF2,"Non-dispersable (3-term CD gives n(d)=1.92548 vs catalog 1.64769; not a Sellmeier fit) - archived, never evaluated",,2.612482,0.03844929,0.0004247475,0.007294838,-0.002459877,-1.668865e-05,NIKON-AGF-NZHAGEN-MIRROR,".agf CD coefficients; verify with catalog. term(s) 2,3 carry a non-positive B or C (permitted in multi-pole fits; the n(d) check is authoritative).",,,,,
NIKON-SF03,"Non-dispersable (3-term CD gives n(d)=2.03438 vs catalog 1.84666; not a Sellmeier fit) - archived, never evaluated",,3.261335,0.0415517,-0.0003884548,-0.01832792,0.00494909,3.837014e-05,NIKON-AGF-NZHAGEN-MIRROR,".agf CD coefficients; verify with catalog. term(s) 1,3 carry a non-positive B or C (permitted in multi-pole fits; the n(d) check is authoritative).",,,,,
NIKON-SF4,"Non-dispersable (3-term CD gives n(d)=1.94158 vs catalog 1.7552; not a Sellmeier fit) - archived, never evaluated",,2.988119,0.0237723,-0.0004379463,-0.03043514,0.005097428,3.025835e-05,NIKON-AGF-NZHAGEN-MIRROR,".agf CD coefficients; verify with catalog. term(s) 1,3 carry a non-positive B or C (permitted in multi-pole fits; the n(d) check is authoritative).",,,,,
NIKON-SF5,"Non-dispersable (3-term CD gives n(d)=1.88403 vs catalog 1.6727; not a Sellmeier fit) - archived, never evaluated",,2.735991,0.01394696,-0.0004997414,-0.0272415,0.004883728,2.996089e-05,NIKON-AGF-NZHAGEN-MIRROR,".agf CD coefficients; verify with catalog. term(s) 1,3 carry a non-positive B or C (permitted in multi-pole fits; the n(d) check is authoritative).",,,,,
NIKON-SF6,"Non-dispersable (3-term CD gives n(d)=2.07056 vs catalog 1.805182; not a Sellmeier fit) - archived, never evaluated",,3.080799,0.06350134,0.0006026374,0.01530035,-0.002963535,-1.590891e-05,NIKON-AGF-NZHAGEN-MIRROR,".agf CD coefficients; verify with catalog. term(s) 2,3 carry a non-positive B or C (permitted in multi-pole fits; the n(d) check is authoritative).",,,,,
NIKON-SF7,"Non-dispersable (3-term CD gives n(d)=1.90175 vs catalog 1.6398; not a Sellmeier fit) - archived, never evaluated",,2.602245,0.0313239,0.0002844724,-0.002282728,-0.001109815,-1.205447e-05,NIKON-AGF-NZHAGEN-MIRROR,".agf CD coefficients; verify with catalog. term(s) 1,2,3 carry a non-positive B or C (permitted in multi-pole fits; the n(d) check is authoritative).",,,,,
NIKON-SF8,"Non-dispersable (3-term CD gives n(d)=1.87983 vs catalog 1.68893; not a Sellmeier fit) - archived, never evaluated",,2.798858,0.007630191,-0.0008073847,-0.03718093,0.007231691,4.696667e-05,NIKON-AGF-NZHAGEN-MIRROR,".agf CD coefficients; verify with catalog. term(s) 1,3 carry a non-positive B or C (permitted in multi-pole fits; the n(d) check is authoritative).",,,,,
NIKON-SF9,"Non-dispersable (3-term CD gives n(d)=1.89634 vs catalog 1.65446; not a Sellmeier fit) - archived, never evaluated",,2.661342,0.02328061,-0.0001298549,-0.01187903,0.001777729,1.138748e-05,NIKON-AGF-NZHAGEN-MIRROR,".agf CD coefficients; verify with catalog. term(s) 1,3 carry a non-positive B or C (permitted in multi-pole fits; the n(d) check is authoritative).",,,,,
NIKON-SF10,"Non-dispersable (3-term CD gives n(d)=2.00900 vs catalog 1.72825; not a Sellmeier fit) - archived, never evaluated",,2.842085,0.05206046,0.000446977,0.01641576,-0.002610463,-9.429829e-06,NIKON-AGF-NZHAGEN-MIRROR,".agf CD coefficients; verify with catalog. term(s) 2,3 carry a non-positive B or C (permitted in multi-pole fits; the n(d) check is authoritative).",,,,,
NIKON-SF11,"Non-dispersable (3-term CD gives n(d)=1.90721 vs catalog 1.784721; not a Sellmeier fit) - archived, never evaluated",,3.127487,-0.0009890957,-0.001588824,-0.0637466,0.01363913,9.646333e-05,NIKON-AGF-NZHAGEN-MIRROR,".agf CD coefficients; verify with catalog. term(s) 1,2,3 carry a non-positive B or C (permitted in multi-pole fits; the n(d) check is authoritative).",,,,,
NIKON-SF12,"Non-dispersable (3-term CD gives n(d)=1.91685 vs catalog 1.648311; not a Sellmeier fit) - archived, never evaluated",,2.620359,0.03560544,0.0003452771,0.002381459,-0.001773085,-1.282207e-05,NIKON-AGF-NZHAGEN-MIRROR,".agf CD coefficients; verify with catalog. term(s) 2,3 carry a non-positive B or C (permitted in multi-pole fits; the n(d) check is authoritative).",,,,,
NIKON-SF13,"Non-dispersable (3-term CD gives n(d)=1.96394 vs catalog 1.740771; not a Sellmeier fit) - archived, never evaluated",,2.92263,0.02875835,-0.0004973006,-0.01150018,0.004472855,4.089372e-05,NIKON-AGF-NZHAGEN-MIRROR,".agf CD coefficients; verify with catalog. term(s) 1,3 carry a non-positive B or C (permitted in multi-pole fits; the n(d) check is authoritative).",,,,,
NIKON-SF14,"Non-dispersable (3-term CD gives n(d)=1.97791 vs catalog 1.76182; not a Sellmeier fit) - archived, never evaluated",,2.983846,0.03563966,-0.000222699,-0.01289956,0.002969076,2.674236e-05,NIKON-AGF-NZHAGEN-MIRROR,".agf CD coefficients; verify with catalog. term(s) 1,3 carry a non-positive B or C (permitted in multi-pole fits; the n(d) check is authoritative).",,,,,
NIKON-SF15,"Non-dispersable (3-term CD gives n(d)=1.93966 vs catalog 1.69895; not a Sellmeier fit) - archived, never evaluated",,2.787118,0.03016016,-0.0001855962,-0.006950628,0.00207609,2.047325e-05,NIKON-AGF-NZHAGEN-MIRROR,".agf CD coefficients; verify with catalog. term(s) 1,3 carry a non-positive B or C (permitted in multi-pole fits; the n(d) check is authoritative).",,,,,
NIKON-SFS3,"Non-dispersable (3-term CD gives n(d)=1.97971 vs catalog 1.7847; not a Sellmeier fit) - archived, never evaluated",,3.071402,0.02943887,-0.0005380916,-0.02168875,0.005498532,4.131754e-05,NIKON-AGF-NZHAGEN-MIRROR,".agf CD coefficients; verify with catalog. term(s) 1,3 carry a non-positive B or C (permitted in multi-pole fits; the n(d) check is authoritative).",,,,,
NIKON-LAK04,"Non-dispersable (3-term CD gives n(d)=1.90201 vs catalog 1.651; not a Sellmeier fit) - archived, never evaluated",,2.676809,0.01773895,4.3274e-05,-0.01021733,2.822472e-05,-2.158473e-06,NIKON-AGF-NZHAGEN-MIRROR,".agf CD coefficients; verify with catalog. term(s) 1,3 carry a non-positive B or C (permitted in multi-pole fits; the n(d) check is authoritative).",,,,,
NIKON-LAK7,"Non-dispersable (3-term CD gives n(d)=1.89822 vs catalog 1.651599; not a Sellmeier fit) - archived, never evaluated",,2.684146,0.01520999,-4.197895e-05,-0.01282175,0.0005791021,2.32621e-06,NIKON-AGF-NZHAGEN-MIRROR,".agf CD coefficients; verify with catalog. term(s) 1,3 carry a non-positive B or C (permitted in multi-pole fits; the n(d) check is authoritative).",,,,,
NIKON-LAK09,"Non-dispersable (3-term CD gives n(d)=1.95225 vs catalog 1.734; not a Sellmeier fit) - archived, never evaluated",,2.953102,0.01742579,-0.0001370287,-0.01967247,0.001528665,6.723533e-06,NIKON-AGF-NZHAGEN-MIRROR,".agf CD coefficients; verify with catalog. term(s) 1,3 carry a non-positive B or C (permitted in multi-pole fits; the n(d) check is authoritative).",,,,,
NIKON-LAK9,"Non-dispersable (3-term CD gives n(d)=1.96115 vs catalog 1.691; not a Sellmeier fit) - archived, never evaluated",,2.78212,0.03229938,0.0004358368,0.003869888,-0.003179159,-2.062241e-05,NIKON-AGF-NZHAGEN-MIRROR,".agf CD coefficients; verify with catalog. term(s) 2,3 carry a non-positive B or C (permitted in multi-pole fits; the n(d) check is authoritative).",,,,,
NIKON-LAK011,"Non-dispersable (3-term CD gives n(d)=1.96634 vs catalog 1.741; not a Sellmeier fit) - archived, never evaluated",,2.971993,0.02020612,-7.671807e-05,-0.01524352,0.0008752522,4.848072e-06,NIKON-AGF-NZHAGEN-MIRROR,".agf CD coefficients; verify with catalog. term(s) 1,3 carry a non-positive B or C (permitted in multi-pole fits; the n(d) check is authoritative).",,,,,
NIKON-LAK12,"Non-dispersable (3-term CD gives n(d)=1.90026 vs catalog 1.6779; not a Sellmeier fit) - archived, never evaluated",,2.780948,0.008676537,-0.0003515541,-0.0236625,0.00294181,1.844065e-05,NIKON-AGF-NZHAGEN-MIRROR,".agf CD coefficients; verify with catalog. term(s) 1,3 carry a non-positive B or C (permitted in multi-pole fits; the n(d) check is authoritative).",,,,,
NIKON-LAF2,"Non-dispersable (3-term CD gives n(d)=1.97350 vs catalog 1.744; not a Sellmeier fit) - archived, never evaluated",,2.966463,0.02659597,6.759269e-05,-0.01184749,7.166823e-05,-1.704166e-06,NIKON-AGF-NZHAGEN-MIRROR,".agf CD coefficients; verify with catalog. term(s) 1,3 carry a non-positive B or C (permitted in multi-pole fits; the n(d) check is authoritative).",,,,,
NIKON-LAF3,"Non-dispersable (3-term CD gives n(d)=2.02672 vs catalog 1.717; not a Sellmeier fit) - archived, never evaluated",,2.830874,0.05044859,0.0008789224,0.02556412,-0.00670398,-4.052452e-05,NIKON-AGF-NZHAGEN-MIRROR,".agf CD coefficients; verify with catalog. term(s) 2,3 carry a non-positive B or C (permitted in multi-pole fits; the n(d) check is authoritative).",,,,,
NIKON-LAF7,"Non-dispersable (3-term CD gives n(d)=2.12305 vs catalog 1.749501; not a Sellmeier fit) - archived, never evaluated",,2.871638,0.08260113,0.00171414,0.05586319,-0.01257133,-7.977217e-05,NIKON-AGF-NZHAGEN-MIRROR,".agf CD coefficients; verify with catalog. term(s) 2,3 carry a non-positive B or C (permitted in multi-pole fits; the n(d) check is authoritative).",,,,,
NIKON-LAF09,"Non-dispersable (3-term CD gives n(d)=1.93380 vs catalog 1.697; not a Sellmeier fit) - archived, never evaluated",,2.821152,0.01957428,-3.820468e-05,-0.012842,0.0008519712,2.424251e-06,NIKON-AGF-NZHAGEN-MIRROR,".agf CD coefficients; verify with catalog. term(s) 1,3 carry a non-positive B or C (permitted in multi-pole fits; the n(d) check is authoritative).",,,,,
NIKON-LAF9,"Non-dispersable (3-term CD gives n(d)=2.01002 vs catalog 1.79504; not a Sellmeier fit) - archived, never evaluated",,3.097921,0.0388245,-6.840198e-05,-0.01112466,0.001949184,1.330305e-05,NIKON-AGF-NZHAGEN-MIRROR,".agf CD coefficients; verify with catalog. term(s) 1,3 carry a non-positive B or C (permitted in multi-pole fits; the n(d) check is authoritative).",,,,,
NIKON-LAF11,"Non-dispersable (3-term CD gives n(d)=2.30653 vs catalog 1.75692; not a Sellmeier fit) - archived, never evaluated",,2.809631,0.1251064,0.002916176,0.1142767,-0.0221709,-0.0001356855,NIKON-AGF-NZHAGEN-MIRROR,".agf CD coefficients; verify with catalog. term(s) 2,3 carry a non-positive B or C (permitted in multi-pole fits; the n(d) check is authoritative).",,,,,
NIKON-LASF01,"Non-dispersable (3-term CD gives n(d)=2.00586 vs catalog 1.7859; not a Sellmeier fit) - archived, never evaluated",,3.106256,0.03000569,0.0001479538,-0.0130242,-0.0002794596,-6.924513e-06,NIKON-AGF-NZHAGEN-MIRROR,".agf CD coefficients; verify with catalog. term(s) 1,2,3 carry a non-positive B or C (permitted in multi-pole fits; the n(d) check is authoritative).",,,,,
NIKON-LASF02,"Non-dispersable (3-term CD gives n(d)=2.00825 vs catalog 1.79952; not a Sellmeier fit) - archived, never evaluated",,3.156117,0.02733369,-6.256744e-05,-0.01727997,0.001199918,5.655719e-06,NIKON-AGF-NZHAGEN-MIRROR,".agf CD coefficients; verify with catalog. term(s) 1,3 carry a non-positive B or C (permitted in multi-pole fits; the n(d) check is authoritative).",,,,,
NIKON-LASF010,"Non-dispersable (3-term CD gives n(d)=2.17864 vs catalog 1.834; not a Sellmeier fit) - archived, never evaluated",,3.162451,0.09621568,0.002856517,0.04629811,-0.01807107,-0.0001616506,NIKON-AGF-NZHAGEN-MIRROR,".agf CD coefficients; verify with catalog. term(s) 2,3 carry a non-positive B or C (permitted in multi-pole fits; the n(d) check is authoritative).",,,,,
NIKON-LASFH6,"Non-dispersable (3-term CD gives n(d)=2.00057 vs catalog 1.8061; not a Sellmeier fit) - archived, never evaluated",,3.167451,0.02630248,-0.0004018775,-0.02220547,0.004028856,2.821967e-05,NIKON-AGF-NZHAGEN-MIRROR,".agf CD coefficients; verify with catalog. term(s) 1,3 carry a non-positive B or C (permitted in multi-pole fits; the n(d) check is authoritative).",,,,,
NIKON-4786,"Sellmeier-1 (3-term, Zemax CD record)",,0.795944286,0.356650937,0.98008113,0.00371401467,0.0125884185,190.314843,NIKON-AGF-NZHAGEN-MIRROR,.agf CD coefficients; verify with catalog.,3.0,,,,
NIKON-5165,"Sellmeier-1 (3-term, Zemax CD record)",,1.12790724,0.129745283,0.994872985,0.00673602593,0.0228274219,94.2587142,NIKON-AGF-NZHAGEN-MIRROR,.agf CD coefficients; verify with catalog.,3.0,,,,
NIKON-5742,"Sellmeier-1 (3-term, Zemax CD record)",,1.30326513,0.127313632,0.895143157,0.00977713845,0.0463756328,107.962139,NIKON-AGF-NZHAGEN-MIRROR,.agf CD coefficients; verify with catalog.,3.0,,,,
NIKON-5859,"Sellmeier-1 (3-term, Zemax CD record)",,1.06973916,0.422042806,0.897510953,0.00562417858,0.0188055076,71.2142596,NIKON-AGF-NZHAGEN-MIRROR,.agf CD coefficients; verify with catalog.,3.0,,,,
NIKON-7054,"Sellmeier-1 (3-term, Zemax CD record)",,1.18710503,0.669241576,1.10329256,0.00549101471,0.0196008925,83.1244339,NIKON-AGF-NZHAGEN-MIRROR,.agf CD coefficients; verify with catalog.,3.0,,,,
NIKON-NIFS-V,"Sellmeier (4-term, Zemax CD record)",,0.640349086,0.374308316,0.089750539,0.004253794,0.012779842,0.014004437,NIKON-AGF-NZHAGEN-MIRROR,.agf CD coefficients; verify with catalog.,4.0,0.908924481,99.3231891,,
NIKON-NIFS-A,"Sellmeier (4-term, Zemax CD record)",,0.565169763,0.422092787,0.11689465,0.003823156,0.011444418,0.015169704,NIKON-AGF-NZHAGEN-MIRROR,.agf CD coefficients; verify with catalog.,4.0,0.883720207,96.4254081,,
NIKON-NIFS-U,"Sellmeier (4-term, Zemax CD record)",,0.565169763,0.422092787,0.11689465,0.003823156,0.011444418,0.015169704,NIKON-AGF-NZHAGEN-MIRROR,.agf CD coefficients; verify with catalog.,4.0,0.883720207,96.4254081,,
NIKON-NIFS-S,"Sellmeier (4-term, Zemax CD record)",,0.565169763,0.422092787,0.11689465,0.003823156,0.011444418,0.015169704,NIKON-AGF-NZHAGEN-MIRROR,.agf CD coefficients; verify with catalog.,4.0,0.883720207,96.4254081,,
NIKON-NICF-V,"Sellmeier (4-term, Zemax CD record)",,0.581797965,0.373232342,0.083677196,0.002477442,0.01032026,0.010323473,NIKON-AGF-NZHAGEN-MIRROR,.agf CD coefficients; verify with catalog.,4.0,2.36293749,738.225998,,
NIKON-NICF-A,"Sellmeier (4-term, Zemax CD record)",,0.581797965,0.373232342,0.083677196,0.002477442,0.01032026,0.010323473,NIKON-AGF-NZHAGEN-MIRROR,.agf CD coefficients; verify with catalog.,4.0,2.36293749,738.225998,,
NIKON-NICF-U,"Sellmeier (4-term, Zemax CD record)",,0.581797965,0.373232342,0.083677196,0.002477442,0.01032026,0.010323473,NIKON-AGF-NZHAGEN-MIRROR,.agf CD coefficients; verify with catalog.,4.0,2.36293749,738.225998,,
SUMITA-K-CAFK95,"Non-dispersable (3-term CD gives n(d)=1.73786 vs catalog 1.43425; not a Sellmeier fit) - archived, never evaluated",,2.0408226,0.0058631038,-1.1902639e-05,-0.0045471403,0.00012966471,6.9279944e-07,SUMITA-AGF-NZHAGEN-MIRROR,".agf CD coefficients; verify with catalog. term(s) 1,3 carry a non-positive B or C (permitted in multi-pole fits; the n(d) check is authoritative).",,,,,
SUMITA-K-PFK80,"Non-dispersable (3-term CD gives n(d)=1.78629 vs catalog 1.497; not a Sellmeier fit) - archived, never evaluated",,2.2178347,0.0083703747,-3.3983937e-06,-0.0055966846,0.0001097485,2.5836351e-07,SUMITA-AGF-NZHAGEN-MIRROR,".agf CD coefficients; verify with catalog. term(s) 1,3 carry a non-positive B or C (permitted in multi-pole fits; the n(d) check is authoritative).",,,,,
SUMITA-K-PFK85,"Non-dispersable (3-term CD gives n(d)=1.77821 vs catalog 1.48563; not a Sellmeier fit) - archived, never evaluated",,2.1858326,0.0075107775,-1.2164148e-05,-0.0050155632,0.00017770562,6.1341005e-07,SUMITA-AGF-NZHAGEN-MIRROR,".agf CD coefficients; verify with catalog. term(s) 1,3 carry a non-positive B or C (permitted in multi-pole fits; the n(d) check is authoritative).",,,,,
SUMITA-K-PFK90,"Non-dispersable (3-term CD gives n(d)=1.75707 vs catalog 1.4588; not a Sellmeier fit) - archived, never evaluated",,2.1094643,0.0067645351,3.4196126e-07,-0.0048026812,8.3329962e-05,-8.4933854e-08,SUMITA-AGF-NZHAGEN-MIRROR,".agf CD coefficients; verify with catalog. term(s) 1,3 carry a non-positive B or C (permitted in multi-pole fits; the n(d) check is authoritative).",,,,,
SUMITA-K-GFK68,"Non-dispersable (3-term CD gives n(d)=1.86281 vs catalog 1.5924; not a Sellmeier fit) - archived, never evaluated",,2.4994867,0.012743526,3.9947612e-06,-0.0059285872,0.00015469636,-1.760356e-07,SUMITA-AGF-NZHAGEN-MIRROR,".agf CD coefficients; verify with catalog. term(s) 1,3 carry a non-positive B or C (permitted in multi-pole fits; the n(d) check is authoritative).",,,,,
SUMITA-K-GFK70,"Non-dispersable (3-term CD gives n(d)=1.84420 vs catalog 1.56907; not a Sellmeier fit) - archived, never evaluated",,2.4293935,0.011512013,7.3250033e-06,-0.0057591097,0.0001324924,-5.7195445e-07,SUMITA-AGF-NZHAGEN-MIRROR,".agf CD coefficients; verify with catalog. term(s) 1,3 carry a non-positive B or C (permitted in multi-pole fits; the n(d) check is authoritative).",,,,,
SUMITA-K-CD45,"Non-dispersable (3-term CD gives n(d)=1.92872 vs catalog 1.6932; not a Sellmeier fit) - archived, never evaluated",,2.780768,0.02823867,5.9615098e-06,-0.011432782,0.0009260712,5.5996227e-06,SUMITA-AGF-NZHAGEN-MIRROR,.agf CD coefficients; verify with catalog. term(s) 1 carry a non-positive B or C (permitted in multi-pole fits; the n(d) check is authoritative).,,,,,
SUMITA-K-CD120,"Non-dispersable (3-term CD gives n(d)=1.94932 vs catalog 1.7225; not a Sellmeier fit) - archived, never evaluated",,2.8630662,0.032706279,-7.4783483e-05,-0.011977981,0.0016821116,1.4696883e-05,SUMITA-AGF-NZHAGEN-MIRROR,".agf CD coefficients; verify with catalog. term(s) 1,3 carry a non-positive B or C (permitted in multi-pole fits; the n(d) check is authoritative).",,,,,
SUMITA-K-CSK120,"Non-dispersable (3-term CD gives n(d)=1.84914 vs catalog 1.587; not a Sellmeier fit) - archived, never evaluated",,2.4804566,0.0135632,-2.3041786e-05,-0.01071977,0.00034918608,1.5937217e-06,SUMITA-AGF-NZHAGEN-MIRROR,".agf CD coefficients; verify with catalog. term(s) 1,3 carry a non-positive B or C (permitted in multi-pole fits; the n(d) check is authoritative).",,,,,
SUMITA-K-LAFK50,"Non-dispersable (3-term CD gives n(d)=1.99768 vs catalog 1.772; not a Sellmeier fit) - archived, never evaluated",,3.070131,0.023978866,-1.0529871e-05,-0.012037535,0.00056153238,1.1710915e-06,SUMITA-AGF-NZHAGEN-MIRROR,".agf CD coefficients; verify with catalog. term(s) 1,3 carry a non-positive B or C (permitted in multi-pole fits; the n(d) check is authoritative).",,,,,
SUMITA-K-LAFK55,"Non-dispersable (3-term CD gives n(d)=1.93198 vs catalog 1.694; not a Sellmeier fit) - archived, never evaluated",,2.8185206,0.018037587,-2.131672e-05,-0.013230603,0.00045589602,1.5724724e-06,SUMITA-AGF-NZHAGEN-MIRROR,".agf CD coefficients; verify with catalog. term(s) 1,3 carry a non-positive B or C (permitted in multi-pole fits; the n(d) check is authoritative).",,,,,
SUMITA-K-LAFK60,"Non-dispersable (3-term CD gives n(d)=1.88773 vs catalog 1.63246; not a Sellmeier fit) - archived, never evaluated",,2.6248172,0.0143793,-1.041901e-06,-0.010251149,0.00024017461,1.0237991e-07,SUMITA-AGF-NZHAGEN-MIRROR,".agf CD coefficients; verify with catalog. term(s) 1,3 carry a non-positive B or C (permitted in multi-pole fits; the n(d) check is authoritative).",,,,,
SUMITA-K-PBK40,"Non-dispersable (3-term CD gives n(d)=1.79349 vs catalog 1.5176; not a Sellmeier fit) - archived, never evaluated",,2.2744024,0.010577306,-7.2914225e-06,-0.01070289,0.00022857431,2.4124054e-07,SUMITA-AGF-NZHAGEN-MIRROR,".agf CD coefficients; verify with catalog. term(s) 1,3 carry a non-positive B or C (permitted in multi-pole fits; the n(d) check is authoritative).",,,,,
SUMITA-K-PBK50,"Non-dispersable (3-term CD gives n(d)=1.79758 vs catalog 1.5225; not a Sellmeier fit) - archived, never evaluated",,2.2879519,0.010963175,-1.7054549e-05,-0.010513752,0.00027027054,1.0857039e-06,SUMITA-AGF-NZHAGEN-MIRROR,".agf CD coefficients; verify with catalog. term(s) 1,3 carry a non-positive B or C (permitted in multi-pole fits; the n(d) check is authoritative).",,,,,
SUMITA-K-PG325,"Non-dispersable (3-term CD gives n(d)=1.79111 vs catalog 1.5067; not a Sellmeier fit) - archived, never evaluated",,2.2433502,0.0095932746,-9.8585539e-06,-0.0070443238,0.00019364616,6.1088785e-07,SUMITA-AGF-NZHAGEN-MIRROR,".agf CD coefficients; verify with catalog. term(s) 1,3 carry a non-positive B or C (permitted in multi-pole fits; the n(d) check is authoritative).",,,,,
SUMITA-K-PG375,"Non-dispersable (3-term CD gives n(d)=1.81833 vs catalog 1.5425; not a Sellmeier fit) - archived, never evaluated",,2.345943,0.011783664,-1.2352344e-05,-0.0077317211,0.00025239185,8.7540057e-07,SUMITA-AGF-NZHAGEN-MIRROR,".agf CD coefficients; verify with catalog. term(s) 1,3 carry a non-positive B or C (permitted in multi-pole fits; the n(d) check is authoritative).",,,,,
SUMITA-K-PG395,"Non-dispersable (3-term CD gives n(d)=1.90419 vs catalog 1.658; not a Sellmeier fit) - archived, never evaluated",,2.6754764,0.023844634,-3.8466006e-05,-0.0097406258,0.00098091134,6.9920317e-06,SUMITA-AGF-NZHAGEN-MIRROR,".agf CD coefficients; verify with catalog. term(s) 1,3 carry a non-positive B or C (permitted in multi-pole fits; the n(d) check is authoritative).",,,,,
SUMITA-K-PMK30,"Non-dispersable (3-term CD gives n(d)=1.80135 vs catalog 1.525; not a Sellmeier fit) - archived, never evaluated",,2.2984199,0.010454435,2.220678e-05,-0.0098977917,-1.1762246e-05,-1.2212713e-06,SUMITA-AGF-NZHAGEN-MIRROR,".agf CD coefficients; verify with catalog. term(s) 1,2,3 carry a non-positive B or C (permitted in multi-pole fits; the n(d) check is authoritative).",,,,,
SUMITA-K-PSFN1,"Non-dispersable (3-term CD gives n(d)=2.08570 vs catalog 1.9068; not a Sellmeier fit) - archived, never evaluated",,3.4407637,0.059024249,-0.00012641103,-0.015750622,0.0035647556,4.0309245e-05,SUMITA-AGF-NZHAGEN-MIRROR,".agf CD coefficients; verify with catalog. term(s) 1,3 carry a non-positive B or C (permitted in multi-pole fits; the n(d) check is authoritative).",,,,,
SUMITA-K-PSFN2,"Non-dispersable (3-term CD gives n(d)=2.16937 vs catalog 2.0017; not a Sellmeier fit) - archived, never evaluated",,3.7699503,0.072310519,-1.0361594e-05,-0.013004151,0.0035123072,3.8615781e-05,SUMITA-AGF-NZHAGEN-MIRROR,".agf CD coefficients; verify with catalog. term(s) 1,3 carry a non-positive B or C (permitted in multi-pole fits; the n(d) check is authoritative).",,,,,
SUMITA-K-PSFN3,"Non-dispersable (3-term CD gives n(d)=2.03571 vs catalog 1.83917; not a Sellmeier fit) - archived, never evaluated",,3.2268914,0.047763869,-9.5689164e-05,-0.014590158,0.0027173637,2.7097845e-05,SUMITA-AGF-NZHAGEN-MIRROR,".agf CD coefficients; verify with catalog. term(s) 1,3 carry a non-positive B or C (permitted in multi-pole fits; the n(d) check is authoritative).",,,,,
SUMITA-K-PSFN4,"Non-dispersable (3-term CD gives n(d)=2.04695 vs catalog 1.844; not a Sellmeier fit) - archived, never evaluated",,3.2452002,0.048209487,-2.8034687e-05,-0.011397767,0.0022384274,1.8880187e-05,SUMITA-AGF-NZHAGEN-MIRROR,".agf CD coefficients; verify with catalog. term(s) 1,3 carry a non-positive B or C (permitted in multi-pole fits; the n(d) check is authoritative).",,,,,
SUMITA-K-PSFN5,"Non-dispersable (3-term CD gives n(d)=2.10822 vs catalog 1.9211; not a Sellmeier fit) - archived, never evaluated",,3.4965005,0.059139817,-9.7424772e-05,-0.011373234,0.0031967827,3.2744737e-05,SUMITA-AGF-NZHAGEN-MIRROR,".agf CD coefficients; verify with catalog. term(s) 1,3 carry a non-positive B or C (permitted in multi-pole fits; the n(d) check is authoritative).",,,,,
SUMITA-K-PSFN203,"Non-dispersable (3-term CD gives n(d)=2.17398 vs catalog 2.017; not a Sellmeier fit) - archived, never evaluated",,3.8348467,0.068052702,-0.00041721893,-0.016749417,0.0056319146,7.0964768e-05,SUMITA-AGF-NZHAGEN-MIRROR,".agf CD coefficients; verify with catalog. term(s) 1,3 carry a non-positive B or C (permitted in multi-pole fits; the n(d) check is authoritative).",,,,,
SUMITA-K-PSK11,"Non-dispersable (3-term CD gives n(d)=1.83479 vs catalog 1.5658; not a Sellmeier fit) - archived, never evaluated",,2.4158701,0.012869238,2.7958423e-06,-0.0091407676,0.0001991764,8.1672946e-08,SUMITA-AGF-NZHAGEN-MIRROR,.agf CD coefficients; verify with catalog. term(s) 1 carry a non-positive B or C (permitted in multi-pole fits; the n(d) check is authoritative).,,,,,
SUMITA-K-PSK100,"Non-dispersable (3-term CD gives n(d)=1.85589 vs catalog 1.5917; not a Sellmeier fit) - archived, never evaluated",,2.4948235,0.013721276,4.1915859e-06,-0.0091228463,0.00023830265,-3.8958137e-07,SUMITA-AGF-NZHAGEN-MIRROR,".agf CD coefficients; verify with catalog. term(s) 1,3 carry a non-positive B or C (permitted in multi-pole fits; the n(d) check is authoritative).",,,,,
SUMITA-K-PSK200,"Non-dispersable (3-term CD gives n(d)=1.87358 vs catalog 1.61305; not a Sellmeier fit) - archived, never evaluated",,2.5593395,0.015115397,7.5991137e-06,-0.0088787219,0.0002035651,-1.5375246e-07,SUMITA-AGF-NZHAGEN-MIRROR,".agf CD coefficients; verify with catalog. term(s) 1,3 carry a non-positive B or C (permitted in multi-pole fits; the n(d) check is authoritative).",,,,,
SUMITA-K-SKF6,"Non-dispersable (3-term CD gives n(d)=1.79065 vs catalog 1.512; not a Sellmeier fit) - archived, never evaluated",,2.2505164,0.012260534,-2.1095054e-05,-0.0088684142,0.00042234633,2.2440064e-06,SUMITA-AGF-NZHAGEN-MIRROR,".agf CD coefficients; verify with catalog. term(s) 1,3 carry a non-positive B or C (permitted in multi-pole fits; the n(d) check is authoritative).",,,,,
SUMITA-K-VC78,"Non-dispersable (3-term CD gives n(d)=1.91342 vs catalog 1.66955; not a Sellmeier fit) - archived, never evaluated",,2.7376882,0.017439403,-2.7150134e-05,-0.012269245,0.00047088707,1.8172045e-06,SUMITA-AGF-NZHAGEN-MIRROR,".agf CD coefficients; verify with catalog. term(s) 1,3 carry a non-positive B or C (permitted in multi-pole fits; the n(d) check is authoritative).",,,,,
SUMITA-K-VC79,"Non-dispersable (3-term CD gives n(d)=1.86710 vs catalog 1.61035; not a Sellmeier fit) - archived, never evaluated",,2.5520489,0.014455084,-3.6714004e-05,-0.011234947,0.00046725318,2.2810504e-06,SUMITA-AGF-NZHAGEN-MIRROR,".agf CD coefficients; verify with catalog. term(s) 1,3 carry a non-positive B or C (permitted in multi-pole fits; the n(d) check is authoritative).",,,,,
SUMITA-K-VC80,"Non-dispersable (3-term CD gives n(d)=1.93253 vs catalog 1.69384; not a Sellmeier fit) - archived, never evaluated",,2.8135722,0.019933465,4.0676176e-05,-0.012577591,0.00015711222,-2.4977604e-06,SUMITA-AGF-NZHAGEN-MIRROR,".agf CD coefficients; verify with catalog. term(s) 1,3 carry a non-positive B or C (permitted in multi-pole fits; the n(d) check is authoritative).",,,,,
SUMITA-K-VC82,"Non-dispersable (3-term CD gives n(d)=1.97826 vs catalog 1.7555; not a Sellmeier fit) - archived, never evaluated",,3.0092545,0.024950143,-1.7536585e-05,-0.014428442,0.0006532589,2.6440099e-06,SUMITA-AGF-NZHAGEN-MIRROR,".agf CD coefficients; verify with catalog. term(s) 1,3 carry a non-positive B or C (permitted in multi-pole fits; the n(d) check is authoritative).",,,,,
SUMITA-K-VC89,"Non-dispersable (3-term CD gives n(d)=2.02326 vs catalog 1.81; not a Sellmeier fit) - archived, never evaluated",,3.1860388,0.029614017,-8.0134175e-05,-0.013756822,0.0012383727,7.2330635e-06,SUMITA-AGF-NZHAGEN-MIRROR,".agf CD coefficients; verify with catalog. term(s) 1,3 carry a non-positive B or C (permitted in multi-pole fits; the n(d) check is authoritative).",,,,,
SUMITA-K-VC90,"Non-dispersable (3-term CD gives n(d)=2.05849 vs catalog 1.8528; not a Sellmeier fit) - archived, never evaluated",,3.3299316,0.034088332,-2.7983676e-05,-0.013661207,0.0010979548,5.172898e-06,SUMITA-AGF-NZHAGEN-MIRROR,".agf CD coefficients; verify with catalog. term(s) 1,3 carry a non-positive B or C (permitted in multi-pole fits; the n(d) check is authoritative).",,,,,
SUMITA-K-VC91,"Non-dispersable (3-term CD gives n(d)=2.08273 vs catalog 1.8866; not a Sellmeier fit) - archived, never evaluated",,3.4399333,0.037625197,-0.00016417982,-0.014633437,0.0021748752,1.5817576e-05,SUMITA-AGF-NZHAGEN-MIRROR,".agf CD coefficients; verify with catalog. term(s) 1,3 carry a non-positive B or C (permitted in multi-pole fits; the n(d) check is authoritative).",,,,,
SUMITA-K-VC99,"Non-dispersable (3-term CD gives n(d)=2.05426 vs catalog 1.8506; not a Sellmeier fit) - archived, never evaluated",,3.3294765,0.031941277,-2.8400554e-05,-0.015324675,0.0010078745,3.488686e-06,SUMITA-AGF-NZHAGEN-MIRROR,".agf CD coefficients; verify with catalog. term(s) 1,3 carry a non-positive B or C (permitted in multi-pole fits; the n(d) check is authoritative).",,,,,
SUMITA-K-VC100,"Non-dispersable (3-term CD gives n(d)=2.01701 vs catalog 1.804; not a Sellmeier fit) - archived, never evaluated",,3.1712708,0.028163952,-1.9276093e-05,-0.014897108,0.00083222761,2.7257034e-06,SUMITA-AGF-NZHAGEN-MIRROR,".agf CD coefficients; verify with catalog. term(s) 1,3 carry a non-positive B or C (permitted in multi-pole fits; the n(d) check is authoritative).",,,,,
SUMITA-K-ZNSF8,"Non-dispersable (3-term CD gives n(d)=1.94668 vs catalog 1.7143; not a Sellmeier fit) - archived, never evaluated",,2.8600337,0.026131306,-3.0467767e-05,-0.012073452,0.00091303268,4.891802e-06,SUMITA-AGF-NZHAGEN-MIRROR,".agf CD coefficients; verify with catalog. term(s) 1,3 carry a non-positive B or C (permitted in multi-pole fits; the n(d) check is authoritative).",,,,,
SUMITA-K-CAFK95(M),"Non-dispersable (3-term CD gives n(d)=1.73690 vs catalog 1.43312; not a Sellmeier fit) - archived, never evaluated",,2.0377918,0.0057460341,-1.2924899e-05,-0.0045854882,0.00014824175,6.7640906e-07,SUMITA-AGF-NZHAGEN-MIRROR,".agf CD coefficients; verify with catalog. term(s) 1,3 carry a non-positive B or C (permitted in multi-pole fits; the n(d) check is authoritative).",,,,,
SUMITA-K-PFK80(M),"Non-dispersable (3-term CD gives n(d)=1.78482 vs catalog 1.49533; not a Sellmeier fit) - archived, never evaluated",,2.212796,0.0083136801,-1.2884506e-05,-0.0056313014,0.00015790111,8.4786533e-07,SUMITA-AGF-NZHAGEN-MIRROR,".agf CD coefficients; verify with catalog. term(s) 1,3 carry a non-positive B or C (permitted in multi-pole fits; the n(d) check is authoritative).",,,,,
SUMITA-K-PFK85(M),"Non-dispersable (3-term CD gives n(d)=1.77665 vs catalog 1.48375; not a Sellmeier fit) - archived, never evaluated",,2.180434,0.007415342,-1.3017551e-05,-0.0050369414,0.000191031,6.1457339e-07,SUMITA-AGF-NZHAGEN-MIRROR,".agf CD coefficients; verify with catalog. term(s) 1,3 carry a non-positive B or C (permitted in multi-pole fits; the n(d) check is authoritative).",,,,,
SUMITA-K-PFK90(M),"Non-dispersable (3-term CD gives n(d)=1.75587 vs catalog 1.45733; not a Sellmeier fit) - archived, never evaluated",,2.1052634,0.0067206257,-3.9955764e-08,-0.0048076047,8.8399512e-05,-6.7493689e-08,SUMITA-AGF-NZHAGEN-MIRROR,".agf CD coefficients; verify with catalog. term(s) 1,3 carry a non-positive B or C (permitted in multi-pole fits; the n(d) check is authoritative).",,,,,
SUMITA-K-GFK68(M),"Non-dispersable (3-term CD gives n(d)=1.86081 vs catalog 1.58998; not a Sellmeier fit) - archived, never evaluated",,2.4921178,0.012541311,-3.7798198e-06,-0.0059252429,0.00020379328,2.5829936e-07,SUMITA-AGF-NZHAGEN-MIRROR,".agf CD coefficients; verify with catalog. term(s) 1,3 carry a non-positive B or C (permitted in multi-pole fits; the n(d) check is authoritative).",,,,,
SUMITA-K-GFK70(M),"Non-dispersable (3-term CD gives n(d)=1.84194 vs catalog 1.56627; not a Sellmeier fit) - archived, never evaluated",,2.4208616,0.011396384,3.8084377e-06,-0.0057307899,0.00014964607,-3.2734834e-07,SUMITA-AGF-NZHAGEN-MIRROR,".agf CD coefficients; verify with catalog. term(s) 1,3 carry a non-positive B or C (permitted in multi-pole fits; the n(d) check is authoritative).",,,,,
SUMITA-K-CD45(M),"Non-dispersable (3-term CD gives n(d)=1.92368 vs catalog 1.68673; not a Sellmeier fit) - archived, never evaluated",,2.7618542,0.02681912,-3.975188e-05,-0.011387611,0.0011728044,8.2439775e-06,SUMITA-AGF-NZHAGEN-MIRROR,".agf CD coefficients; verify with catalog. term(s) 1,3 carry a non-positive B or C (permitted in multi-pole fits; the n(d) check is authoritative).",,,,,
SUMITA-K-CD120(M),"Non-dispersable (3-term CD gives n(d)=1.94331 vs catalog 1.71466; not a Sellmeier fit) - archived, never evaluated",,2.8398034,0.03115793,-0.00010451266,-0.011893586,0.0018504658,1.6018658e-05,SUMITA-AGF-NZHAGEN-MIRROR,".agf CD coefficients; verify with catalog. term(s) 1,3 carry a non-positive B or C (permitted in multi-pole fits; the n(d) check is authoritative).",,,,,
SUMITA-K-CSK120(M),"Non-dispersable (3-term CD gives n(d)=1.84701 vs catalog 1.58445; not a Sellmeier fit) - archived, never evaluated",,2.4722418,0.013736108,-9.8995396e-06,-0.01073376,0.00027440551,8.2295122e-07,SUMITA-AGF-NZHAGEN-MIRROR,".agf CD coefficients; verify with catalog. term(s) 1,3 carry a non-positive B or C (permitted in multi-pole fits; the n(d) check is authoritative).",,,,,
SUMITA-K-LAFK50(M),"Non-dispersable (3-term CD gives n(d)=1.99460 vs catalog 1.76831; not a Sellmeier fit) - archived, never evaluated",,3.0568421,0.024194996,2.2084112e-06,-0.011998981,0.0004815051,4.3040075e-07,SUMITA-AGF-NZHAGEN-MIRROR,.agf CD coefficients; verify with catalog. term(s) 1 carry a non-positive B or C (permitted in multi-pole fits; the n(d) check is authoritative).,,,,,
SUMITA-K-LAFK55(M),"Non-dispersable (3-term CD gives n(d)=1.92766 vs catalog 1.68875; not a Sellmeier fit) - archived, never evaluated",,2.8008078,0.01809632,-1.2855113e-05,-0.013188685,0.00040852782,1.0513058e-06,SUMITA-AGF-NZHAGEN-MIRROR,".agf CD coefficients; verify with catalog. term(s) 1,3 carry a non-positive B or C (permitted in multi-pole fits; the n(d) check is authoritative).",,,,,
SUMITA-K-LAFK60(M),"Non-dispersable (3-term CD gives n(d)=1.88446 vs catalog 1.62848; not a Sellmeier fit) - archived, never evaluated",,2.6117274,0.014472638,2.8785693e-06,-0.01021392,0.00020938021,-9.063171e-08,SUMITA-AGF-NZHAGEN-MIRROR,".agf CD coefficients; verify with catalog. term(s) 1,3 carry a non-positive B or C (permitted in multi-pole fits; the n(d) check is authoritative).",,,,,
SUMITA-K-PBK40(M),"Non-dispersable (3-term CD gives n(d)=1.79137 vs catalog 1.51497; not a Sellmeier fit) - archived, never evaluated",,2.2666695,0.010455014,-9.4216199e-06,-0.010697246,0.00024731938,3.3360125e-07,SUMITA-AGF-NZHAGEN-MIRROR,".agf CD coefficients; verify with catalog. term(s) 1,3 carry a non-positive B or C (permitted in multi-pole fits; the n(d) check is authoritative).",,,,,
SUMITA-K-PBK50(M),"Non-dispersable (3-term CD gives n(d)=1.79584 vs catalog 1.52025; not a Sellmeier fit) - archived, never evaluated",,2.2812358,0.010938493,-1.2796276e-05,-0.010469171,0.00025045867,7.9827772e-07,SUMITA-AGF-NZHAGEN-MIRROR,".agf CD coefficients; verify with catalog. term(s) 1,3 carry a non-positive B or C (permitted in multi-pole fits; the n(d) check is authoritative).",,,,,
SUMITA-K-PG325(M),"Non-dispersable (3-term CD gives n(d)=1.78983 vs catalog 1.50506; not a Sellmeier fit) - archived, never evaluated",,2.2385136,0.0095692073,-8.4285475e-06,-0.0070158219,0.00018606584,5.3174439e-07,SUMITA-AGF-NZHAGEN-MIRROR,".agf CD coefficients; verify with catalog. term(s) 1,3 carry a non-positive B or C (permitted in multi-pole fits; the n(d) check is authoritative).",,,,,
SUMITA-K-PG375(M),"Non-dispersable (3-term CD gives n(d)=1.81571 vs catalog 1.53922; not a Sellmeier fit) - archived, never evaluated",,2.3359595,0.011800095,-3.5241725e-06,-0.0077028465,0.00020814746,3.1241519e-07,SUMITA-AGF-NZHAGEN-MIRROR,".agf CD coefficients; verify with catalog. term(s) 1,3 carry a non-positive B or C (permitted in multi-pole fits; the n(d) check is authoritative).",,,,,
SUMITA-K-PG395(M),"Non-dispersable (3-term CD gives n(d)=1.90008 vs catalog 1.65296; not a Sellmeier fit) - archived, never evaluated",,2.6598043,0.023341531,-4.9515252e-05,-0.0097241142,0.0010595162,7.5464331e-06,SUMITA-AGF-NZHAGEN-MIRROR,".agf CD coefficients; verify with catalog. term(s) 1,3 carry a non-positive B or C (permitted in multi-pole fits; the n(d) check is authoritative).",,,,,
SUMITA-K-PMK30(M),"Non-dispersable (3-term CD gives n(d)=1.79741 vs catalog 1.52002; not a Sellmeier fit) - archived, never evaluated",,2.2835931,0.010317986,2.1079335e-05,-0.0098380554,-3.5867157e-06,-1.145809e-06,SUMITA-AGF-NZHAGEN-MIRROR,".agf CD coefficients; verify with catalog. term(s) 1,2,3 carry a non-positive B or C (permitted in multi-pole fits; the n(d) check is authoritative).",,,,,
SUMITA-K-PSFN1(M),"Non-dispersable (3-term CD gives n(d)=2.07966 vs catalog 1.89945; not a Sellmeier fit) - archived, never evaluated",,3.418365,0.056024892,-0.00027089374,-0.015830577,0.0042907055,4.8560287e-05,SUMITA-AGF-NZHAGEN-MIRROR,".agf CD coefficients; verify with catalog. term(s) 1,3 carry a non-positive B or C (permitted in multi-pole fits; the n(d) check is authoritative).",,,,,
SUMITA-K-PSFN2(M),"Non-dispersable (3-term CD gives n(d)=2.16493 vs catalog 1.9967; not a Sellmeier fit) - archived, never evaluated",,3.7527514,0.07043447,-0.00012706916,-0.013079452,0.0041015753,4.6413732e-05,SUMITA-AGF-NZHAGEN-MIRROR,".agf CD coefficients; verify with catalog. term(s) 1,3 carry a non-positive B or C (permitted in multi-pole fits; the n(d) check is authoritative).",,,,,
SUMITA-K-PSFN3(M),"Non-dispersable (3-term CD gives n(d)=2.03126 vs catalog 1.83352; not a Sellmeier fit) - archived, never evaluated",,3.2096325,0.046141656,-0.00015107775,-0.014576663,0.0029954432,3.0074532e-05,SUMITA-AGF-NZHAGEN-MIRROR,".agf CD coefficients; verify with catalog. term(s) 1,3 carry a non-positive B or C (permitted in multi-pole fits; the n(d) check is authoritative).",,,,,
SUMITA-K-PSFN4(M),"Non-dispersable (3-term CD gives n(d)=2.04309 vs catalog 1.83932; not a Sellmeier fit) - archived, never evaluated",,3.2298971,0.047192351,-6.4886719e-05,-0.011389181,0.0024487094,2.1045135e-05,SUMITA-AGF-NZHAGEN-MIRROR,".agf CD coefficients; verify with catalog. term(s) 1,3 carry a non-positive B or C (permitted in multi-pole fits; the n(d) check is authoritative).",,,,,
SUMITA-K-PSFN5(M),"Non-dispersable (3-term CD gives n(d)=2.10426 vs catalog 1.91643; not a Sellmeier fit) - archived, never evaluated",,3.480338,0.05808586,-0.0001519768,-0.011368322,0.0034779702,3.6318702e-05,SUMITA-AGF-NZHAGEN-MIRROR,".agf CD coefficients; verify with catalog. term(s) 1,3 carry a non-positive B or C (permitted in multi-pole fits; the n(d) check is authoritative).",,,,,
SUMITA-K-PSFN203(M),"Non-dispersable (3-term CD gives n(d)=2.16915 vs catalog 2.01105; not a Sellmeier fit) - archived, never evaluated",,3.812992,0.067171636,-0.00042822929,-0.016672868,0.0057116528,7.1278944e-05,SUMITA-AGF-NZHAGEN-MIRROR,".agf CD coefficients; verify with catalog. term(s) 1,3 carry a non-positive B or C (permitted in multi-pole fits; the n(d) check is authoritative).",,,,,
SUMITA-K-PSK11(M),"Non-dispersable (3-term CD gives n(d)=1.83005 vs catalog 1.55985; not a Sellmeier fit) - archived, never evaluated",,2.3980346,0.012465635,-9.3436202e-06,-0.0090774696,0.00027492499,7.809668e-07,SUMITA-AGF-NZHAGEN-MIRROR,".agf CD coefficients; verify with catalog. term(s) 1,3 carry a non-positive B or C (permitted in multi-pole fits; the n(d) check is authoritative).",,,,,
SUMITA-K-PSK100(M),"Non-dispersable (3-term CD gives n(d)=1.85289 vs catalog 1.58792; not a Sellmeier fit) - archived, never evaluated",,2.4831321,0.013641591,8.6973883e-06,-0.0090721125,0.00021543576,-6.5012493e-07,SUMITA-AGF-NZHAGEN-MIRROR,".agf CD coefficients; verify with catalog. term(s) 1,3 carry a non-positive B or C (permitted in multi-pole fits; the n(d) check is authoritative).",,,,,
SUMITA-K-PSK200(M),"Non-dispersable (3-term CD gives n(d)=1.87176 vs catalog 1.61083; not a Sellmeier fit) - archived, never evaluated",,2.5524515,0.014923738,-2.7057207e-06,-0.0088629121,0.00026036731,4.8084913e-07,SUMITA-AGF-NZHAGEN-MIRROR,".agf CD coefficients; verify with catalog. term(s) 1,3 carry a non-positive B or C (permitted in multi-pole fits; the n(d) check is authoritative).",,,,,
SUMITA-K-SKF6(M),"Non-dispersable (3-term CD gives n(d)=1.78796 vs catalog 1.50847; not a Sellmeier fit) - archived, never evaluated",,2.2407767,0.011852627,-2.7146793e-05,-0.008821111,0.00046630703,2.5187584e-06,SUMITA-AGF-NZHAGEN-MIRROR,".agf CD coefficients; verify with catalog. term(s) 1,3 carry a non-positive B or C (permitted in multi-pole fits; the n(d) check is authoritative).",,,,,
SUMITA-K-VC78(M),"Non-dispersable (3-term CD gives n(d)=1.91074 vs catalog 1.66624; not a Sellmeier fit) - archived, never evaluated",,2.7266185,0.017519329,-2.0621869e-05,-0.012222673,0.00043056615,1.440444e-06,SUMITA-AGF-NZHAGEN-MIRROR,".agf CD coefficients; verify with catalog. term(s) 1,3 carry a non-positive B or C (permitted in multi-pole fits; the n(d) check is authoritative).",,,,,
SUMITA-K-VC79(M),"Non-dispersable (3-term CD gives n(d)=1.86453 vs catalog 1.60737; not a Sellmeier fit) - archived, never evaluated",,2.5419536,0.014723741,-3.3933216e-05,-0.011244659,0.00042825747,2.2129238e-06,SUMITA-AGF-NZHAGEN-MIRROR,".agf CD coefficients; verify with catalog. term(s) 1,3 carry a non-positive B or C (permitted in multi-pole fits; the n(d) check is authoritative).",,,,,
SUMITA-K-VC80(M),"Non-dispersable (3-term CD gives n(d)=1.92926 vs catalog 1.68983; not a Sellmeier fit) - archived, never evaluated",,2.800208,0.019904622,4.6545827e-05,-0.012536465,0.00012816526,-2.8784776e-06,SUMITA-AGF-NZHAGEN-MIRROR,".agf CD coefficients; verify with catalog. term(s) 1,3 carry a non-positive B or C (permitted in multi-pole fits; the n(d) check is authoritative).",,,,,
SUMITA-K-VC82(M),"Non-dispersable (3-term CD gives n(d)=1.97400 vs catalog 1.75028; not a Sellmeier fit) - archived, never evaluated",,2.9914895,0.024650584,-2.7938999e-05,-0.01436707,0.00071568019,3.2293973e-06,SUMITA-AGF-NZHAGEN-MIRROR,".agf CD coefficients; verify with catalog. term(s) 1,3 carry a non-positive B or C (permitted in multi-pole fits; the n(d) check is authoritative).",,,,,
SUMITA-K-VC89(M),"Non-dispersable (3-term CD gives n(d)=2.01997 vs catalog 1.8059; not a Sellmeier fit) - archived, never evaluated",,3.1717081,0.029629026,-5.5576606e-05,-0.013708448,0.0011150095,5.6941122e-06,SUMITA-AGF-NZHAGEN-MIRROR,".agf CD coefficients; verify with catalog. term(s) 1,3 carry a non-positive B or C (permitted in multi-pole fits; the n(d) check is authoritative).",,,,,
SUMITA-K-VC90(M),"Non-dispersable (3-term CD gives n(d)=2.05501 vs catalog 1.84859; not a Sellmeier fit) - archived, never evaluated",,3.3149515,0.033842693,-2.8110622e-05,-0.013619007,0.001108869,5.1120171e-06,SUMITA-AGF-NZHAGEN-MIRROR,".agf CD coefficients; verify with catalog. term(s) 1,3 carry a non-positive B or C (permitted in multi-pole fits; the n(d) check is authoritative).",,,,,
SUMITA-K-VC91(M),"Non-dispersable (3-term CD gives n(d)=2.07880 vs catalog 1.88175; not a Sellmeier fit) - archived, never evaluated",,3.4226561,0.037712137,-0.00011042813,-0.014620569,0.0019015089,1.2477487e-05,SUMITA-AGF-NZHAGEN-MIRROR,".agf CD coefficients; verify with catalog. term(s) 1,3 carry a non-positive B or C (permitted in multi-pole fits; the n(d) check is authoritative).",,,,,
SUMITA-K-VC99(M),"Non-dispersable (3-term CD gives n(d)=2.05054 vs catalog 1.84604; not a Sellmeier fit) - archived, never evaluated",,3.3130252,0.031799975,-2.7509191e-05,-0.01525551,0.0010027504,3.4290858e-06,SUMITA-AGF-NZHAGEN-MIRROR,".agf CD coefficients; verify with catalog. term(s) 1,3 carry a non-positive B or C (permitted in multi-pole fits; the n(d) check is authoritative).",,,,,
SUMITA-K-VC100(M),"Non-dispersable (3-term CD gives n(d)=2.01315 vs catalog 1.79916; not a Sellmeier fit) - archived, never evaluated",,3.1544352,0.027996766,-1.0802615e-05,-0.014806744,0.00079379644,2.172329e-06,SUMITA-AGF-NZHAGEN-MIRROR,".agf CD coefficients; verify with catalog. term(s) 1,3 carry a non-positive B or C (permitted in multi-pole fits; the n(d) check is authoritative).",,,,,
SUMITA-K-ZNSF8(M),"Non-dispersable (3-term CD gives n(d)=1.94447 vs catalog 1.71143; not a Sellmeier fit) - archived, never evaluated",,2.8508369,0.025904826,-2.8090015e-05,-0.012006057,0.0009056149,4.695922e-06,SUMITA-AGF-NZHAGEN-MIRROR,".agf CD coefficients; verify with catalog. term(s) 1,3 carry a non-positive B or C (permitted in multi-pole fits; the n(d) check is authoritative).",,,,,
SUMITA-K-SK14,"Non-dispersable (3-term CD gives n(d)=1.86208 vs catalog 1.60311; not a Sellmeier fit) - archived, never evaluated",,2.5313894,0.013803544,-6.2451964e-06,-0.010956275,0.00029803889,2.5686024e-07,SUMITA-AGF-NZHAGEN-MIRROR,".agf CD coefficients; verify with catalog. term(s) 1,3 carry a non-positive B or C (permitted in multi-pole fits; the n(d) check is authoritative).",,,,,
SUMITA-K-LAFN5,"Non-dispersable (3-term CD gives n(d)=1.96688 vs catalog 1.743; not a Sellmeier fit) - archived, never evaluated",,2.9746618,0.021676376,-3.5069226e-05,-0.015490396,0.0007907947,2.1235401e-06,SUMITA-AGF-NZHAGEN-MIRROR,".agf CD coefficients; verify with catalog. term(s) 1,3 carry a non-positive B or C (permitted in multi-pole fits; the n(d) check is authoritative).",,,,,
SUMITA-K-LASFN7,"Non-dispersable (3-term CD gives n(d)=1.99262 vs catalog 1.7725; not a Sellmeier fit) - archived, never evaluated",,3.0728806,0.024064142,1.2852807e-06,-0.014815338,0.00049961497,5.2262074e-07,SUMITA-AGF-NZHAGEN-MIRROR,.agf CD coefficients; verify with catalog. term(s) 1 carry a non-positive B or C (permitted in multi-pole fits; the n(d) check is authoritative).,,,,,
SUMITA-K-LASFN17,"Non-dispersable (3-term CD gives n(d)=2.08074 vs catalog 1.883; not a Sellmeier fit) - archived, never evaluated",,3.4434117,0.033695975,-4.547423e-05,-0.015474743,0.0012878574,3.867959e-06,SUMITA-AGF-NZHAGEN-MIRROR,".agf CD coefficients; verify with catalog. term(s) 1,3 carry a non-positive B or C (permitted in multi-pole fits; the n(d) check is authoritative).",,,,,
SUMITA-K-LAK8,"Non-dispersable (3-term CD gives n(d)=1.94399 vs catalog 1.713; not a Sellmeier fit) - archived, never evaluated",,2.8797142,0.01933782,-1.1367908e-05,-0.015009518,0.00048379963,7.0484275e-07,SUMITA-AGF-NZHAGEN-MIRROR,".agf CD coefficients; verify with catalog. term(s) 1,3 carry a non-positive B or C (permitted in multi-pole fits; the n(d) check is authoritative).",,,,,
SUMITA-K-LAK18,"Non-dispersable (3-term CD gives n(d)=1.95757 vs catalog 1.72916; not a Sellmeier fit) - archived, never evaluated",,2.9333796,0.020207432,-1.230332e-05,-0.014920134,0.00041238589,1.1436994e-06,SUMITA-AGF-NZHAGEN-MIRROR,".agf CD coefficients; verify with catalog. term(s) 1,3 carry a non-positive B or C (permitted in multi-pole fits; the n(d) check is authoritative).",,,,,
SUMITA-K-LASFN10,"Non-dispersable (3-term CD gives n(d)=2.02542 vs catalog 1.8155; not a Sellmeier fit) - archived, never evaluated",,3.2128137,0.028249299,-2.9175496e-05,-0.015587464,0.00086439607,2.9912535e-06,SUMITA-AGF-NZHAGEN-MIRROR,".agf CD coefficients; verify with catalog. term(s) 1,3 carry a non-positive B or C (permitted in multi-pole fits; the n(d) check is authoritative).",,,,,
SUMITA-K-LAK11,"Non-dispersable (3-term CD gives n(d)=1.90577 vs catalog 1.6583; not a Sellmeier fit) - archived, never evaluated",,2.703071,0.016440907,-2.1866961e-05,-0.011555097,0.00044044678,1.3531002e-06,SUMITA-AGF-NZHAGEN-MIRROR,".agf CD coefficients; verify with catalog. term(s) 1,3 carry a non-positive B or C (permitted in multi-pole fits; the n(d) check is authoritative).",,,,,
SUMITA-K-LASFN16,"Non-dispersable (3-term CD gives n(d)=2.00484 vs catalog 1.7883; not a Sellmeier fit) - archived, never evaluated",,3.124535,0.024795878,-6.4587038e-05,-0.014985014,0.00096271556,4.6162437e-06,SUMITA-AGF-NZHAGEN-MIRROR,".agf CD coefficients; verify with catalog. term(s) 1,3 carry a non-positive B or C (permitted in multi-pole fits; the n(d) check is authoritative).",,,,,
SUMITA-K-LASFN14,"Non-dispersable (3-term CD gives n(d)=2.03705 vs catalog 1.834; not a Sellmeier fit) - archived, never evaluated",,3.2643191,0.03202838,-4.7775544e-05,-0.016265121,0.0015271854,5.7345907e-06,SUMITA-AGF-NZHAGEN-MIRROR,".agf CD coefficients; verify with catalog. term(s) 1,3 carry a non-positive B or C (permitted in multi-pole fits; the n(d) check is authoritative).",,,,,
SUMITA-K-LASFN2,"Non-dispersable (3-term CD gives n(d)=2.01661 vs catalog 1.805; not a Sellmeier fit) - archived, never evaluated",,3.1666472,0.030366123,-4.2108569e-05,-0.014823032,0.0010942894,5.7186779e-06,SUMITA-AGF-NZHAGEN-MIRROR,".agf CD coefficients; verify with catalog. term(s) 1,3 carry a non-positive B or C (permitted in multi-pole fits; the n(d) check is authoritative).",,,,,
SUMITA-K-LAKN2,"Non-dispersable (3-term CD gives n(d)=1.88892 vs catalog 1.6405; not a Sellmeier fit) - archived, never evaluated",,2.6498456,0.014887079,-1.1506273e-05,-0.013078949,0.0003621869,6.1300945e-07,SUMITA-AGF-NZHAGEN-MIRROR,".agf CD coefficients; verify with catalog. term(s) 1,3 carry a non-positive B or C (permitted in multi-pole fits; the n(d) check is authoritative).",,,,,
SUMITA-K-LASFN8,"Non-dispersable (3-term CD gives n(d)=2.04209 vs catalog 1.835; not a Sellmeier fit) - archived, never evaluated",,3.2767321,0.030753445,-3.4594495e-06,-0.015115573,0.00078350578,2.0542573e-06,SUMITA-AGF-NZHAGEN-MIRROR,".agf CD coefficients; verify with catalog. term(s) 1,3 carry a non-positive B or C (permitted in multi-pole fits; the n(d) check is authoritative).",,,,,
SUMITA-K-LASFN21,"Non-dispersable (3-term CD gives n(d)=2.04822 vs catalog 1.85; not a Sellmeier fit) - archived, never evaluated",,3.3040338,0.037645989,-0.00020498123,-0.016019748,0.0021532464,2.7623217e-05,SUMITA-AGF-NZHAGEN-MIRROR,".agf CD coefficients; verify with catalog. term(s) 1,3 carry a non-positive B or C (permitted in multi-pole fits; the n(d) check is authoritative).",,,,,
SUMITA-K-LAKN7,"Non-dispersable (3-term CD gives n(d)=1.91460 vs catalog 1.67; not a Sellmeier fit) - archived, never evaluated",,2.735741,0.017975035,-5.1933951e-05,-0.011476747,0.00072020288,3.5980087e-06,SUMITA-AGF-NZHAGEN-MIRROR,".agf CD coefficients; verify with catalog. term(s) 1,3 carry a non-positive B or C (permitted in multi-pole fits; the n(d) check is authoritative).",,,,,
SUMITA-K-BAF9,"Non-dispersable (3-term CD gives n(d)=1.89286 vs catalog 1.64328; not a Sellmeier fit) - archived, never evaluated",,2.6455399,0.018955207,9.934634e-06,-0.010990833,0.00040800743,9.3197902e-07,SUMITA-AGF-NZHAGEN-MIRROR,.agf CD coefficients; verify with catalog. term(s) 1 carry a non-positive B or C (permitted in multi-pole fits; the n(d) check is authoritative).,,,,,
SUMITA-K-LAK9,"Non-dispersable (3-term CD gives n(d)=1.93135 vs catalog 1.691; not a Sellmeier fit) - archived, never evaluated",,2.8065086,0.018509723,-1.5275984e-05,-0.012084694,0.00045689652,1.0018509e-06,SUMITA-AGF-NZHAGEN-MIRROR,".agf CD coefficients; verify with catalog. term(s) 1,3 carry a non-positive B or C (permitted in multi-pole fits; the n(d) check is authoritative).",,,,,
SUMITA-K-LAK7,"Non-dispersable (3-term CD gives n(d)=1.89947 vs catalog 1.6516; not a Sellmeier fit) - archived, never evaluated",,2.6835737,0.015193489,-5.2423893e-05,-0.012086498,0.00064847987,2.8301452e-06,SUMITA-AGF-NZHAGEN-MIRROR,".agf CD coefficients; verify with catalog. term(s) 1,3 carry a non-positive B or C (permitted in multi-pole fits; the n(d) check is authoritative).",,,,,
SUMITA-K-SK16RH,"Non-dispersable (3-term CD gives n(d)=1.87478 vs catalog 1.62041; not a Sellmeier fit) - archived, never evaluated",,2.5853303,0.014496524,-1.5804639e-05,-0.011740187,0.0003287161,1.1016183e-06,SUMITA-AGF-NZHAGEN-MIRROR,".agf CD coefficients; verify with catalog. term(s) 1,3 carry a non-positive B or C (permitted in multi-pole fits; the n(d) check is authoritative).",,,,,
SUMITA-K-SK18RH,"Non-dispersable (3-term CD gives n(d)=1.89209 vs catalog 1.63854; not a Sellmeier fit) - archived, never evaluated",,2.6368942,0.017151413,3.4189945e-05,-0.00998234,0.00011644223,-1.8645959e-06,SUMITA-AGF-NZHAGEN-MIRROR,".agf CD coefficients; verify with catalog. term(s) 1,3 carry a non-positive B or C (permitted in multi-pole fits; the n(d) check is authoritative).",,,,,
SUMITA-K-SK18,"Non-dispersable (3-term CD gives n(d)=1.89061 vs catalog 1.63854; not a Sellmeier fit) - archived, never evaluated",,2.6383229,0.016153414,-2.5414619e-05,-0.010806956,0.00046673954,1.9703165e-06,SUMITA-AGF-NZHAGEN-MIRROR,".agf CD coefficients; verify with catalog. term(s) 1,3 carry a non-positive B or C (permitted in multi-pole fits; the n(d) check is authoritative).",,,,,
SUMITA-K-LAK12,"Non-dispersable (3-term CD gives n(d)=1.92124 vs catalog 1.6779; not a Sellmeier fit) - archived, never evaluated",,2.7644388,0.017957173,3.6439617e-06,-0.011785176,0.00034733134,-3.286378e-07,SUMITA-AGF-NZHAGEN-MIRROR,".agf CD coefficients; verify with catalog. term(s) 1,3 carry a non-positive B or C (permitted in multi-pole fits; the n(d) check is authoritative).",,,,,
SUMITA-K-SSK1,"Non-dispersable (3-term CD gives n(d)=1.87425 vs catalog 1.6172; not a Sellmeier fit) - archived, never evaluated",,2.5692173,0.016067095,-1.5698671e-05,-0.010022582,0.00039868115,1.1774033e-06,SUMITA-AGF-NZHAGEN-MIRROR,".agf CD coefficients; verify with catalog. term(s) 1,3 carry a non-positive B or C (permitted in multi-pole fits; the n(d) check is authoritative).",,,,,
SUMITA-K-SK7,"Non-dispersable (3-term CD gives n(d)=1.86642 vs catalog 1.60729; not a Sellmeier fit) - archived, never evaluated",,2.5429277,0.014356944,-1.0824341e-05,-0.01031719,0.00031433872,6.8100892e-07,SUMITA-AGF-NZHAGEN-MIRROR,".agf CD coefficients; verify with catalog. term(s) 1,3 carry a non-positive B or C (permitted in multi-pole fits; the n(d) check is authoritative).",,,,,
SUMITA-K-SFLD4,"Non-dispersable (3-term CD gives n(d)=1.97530 vs catalog 1.7552; not a Sellmeier fit) - archived, never evaluated",,2.9621759,0.037648353,-1.0776303e-05,-0.011836005,0.0015341601,1.378924e-05,SUMITA-AGF-NZHAGEN-MIRROR,".agf CD coefficients; verify with catalog. term(s) 1,3 carry a non-positive B or C (permitted in multi-pole fits; the n(d) check is authoritative).",,,,,
SUMITA-K-BASF4,"Non-dispersable (3-term CD gives n(d)=1.89526 vs catalog 1.65128; not a Sellmeier fit) - archived, never evaluated",,2.6590501,0.02185629,-7.8567029e-05,-0.011944106,0.0011761807,8.1413835e-06,SUMITA-AGF-NZHAGEN-MIRROR,".agf CD coefficients; verify with catalog. term(s) 1,3 carry a non-positive B or C (permitted in multi-pole fits; the n(d) check is authoritative).",,,,,
SUMITA-K-BASF5,"Non-dispersable (3-term CD gives n(d)=1.85762 vs catalog 1.60323; not a Sellmeier fit) - archived, never evaluated",,2.5165762,0.017631594,-6.7623905e-05,-0.01183779,0.00095834052,6.2543393e-06,SUMITA-AGF-NZHAGEN-MIRROR,".agf CD coefficients; verify with catalog. term(s) 1,3 carry a non-positive B or C (permitted in multi-pole fits; the n(d) check is authoritative).",,,,,
SUMITA-K-LAKN11,"Non-dispersable (3-term CD gives n(d)=1.90541 vs catalog 1.6583; not a Sellmeier fit) - archived, never evaluated",,2.6994624,0.017672891,-3.5739234e-06,-0.011441236,0.00039604649,7.0861608e-07,SUMITA-AGF-NZHAGEN-MIRROR,".agf CD coefficients; verify with catalog. term(s) 1,3 carry a non-positive B or C (permitted in multi-pole fits; the n(d) check is authoritative).",,,,,
SUMITA-K-LAKN5,"Non-dispersable (3-term CD gives n(d)=1.89779 vs catalog 1.65; not a Sellmeier fit) - archived, never evaluated",,2.6761221,0.016143507,-2.8395319e-05,-0.012108757,0.00051920927,1.8554978e-06,SUMITA-AGF-NZHAGEN-MIRROR,".agf CD coefficients; verify with catalog. term(s) 1,3 carry a non-positive B or C (permitted in multi-pole fits; the n(d) check is authoritative).",,,,,
SUMITA-K-LAKN4,"Non-dispersable (3-term CD gives n(d)=1.91359 vs catalog 1.671; not a Sellmeier fit) - archived, never evaluated",,2.744955,0.016661518,-2.5815825e-05,-0.013026744,0.00048278001,1.5241247e-06,SUMITA-AGF-NZHAGEN-MIRROR,".agf CD coefficients; verify with catalog. term(s) 1,3 carry a non-positive B or C (permitted in multi-pole fits; the n(d) check is authoritative).",,,,,
SUMITA-K-SK4,"Non-dispersable (3-term CD gives n(d)=1.87161 vs catalog 1.61272; not a Sellmeier fit) - archived, never evaluated",,2.5587726,0.014840563,-1.016436e-05,-0.0098095616,0.0003193166,6.6518794e-07,SUMITA-AGF-NZHAGEN-MIRROR,".agf CD coefficients; verify with catalog. term(s) 1,3 carry a non-positive B or C (permitted in multi-pole fits; the n(d) check is authoritative).",,,,,
SUMITA-K-LASFN4,"Non-dispersable (3-term CD gives n(d)=2.00425 vs catalog 1.785; not a Sellmeier fit) - archived, never evaluated",,3.1049984,0.027506526,-1.6565687e-05,-0.013342479,0.00075451621,2.780481e-06,SUMITA-AGF-NZHAGEN-MIRROR,".agf CD coefficients; verify with catalog. term(s) 1,3 carry a non-positive B or C (permitted in multi-pole fits; the n(d) check is authoritative).",,,,,
SUMITA-K-SK15,"Non-dispersable (3-term CD gives n(d)=1.87863 vs catalog 1.62299; not a Sellmeier fit) - archived, never evaluated",,2.5918508,0.014411695,-5.7927037e-05,-0.010567563,0.00063226961,3.4193172e-06,SUMITA-AGF-NZHAGEN-MIRROR,".agf CD coefficients; verify with catalog. term(s) 1,3 carry a non-positive B or C (permitted in multi-pole fits; the n(d) check is authoritative).",,,,,
SUMITA-K-LASFN9,"Non-dispersable (3-term CD gives n(d)=2.02786 vs catalog 1.816; not a Sellmeier fit) - archived, never evaluated",,3.2184433,0.02692619,-4.0331281e-05,-0.014906369,0.00087409748,3.1677745e-06,SUMITA-AGF-NZHAGEN-MIRROR,".agf CD coefficients; verify with catalog. term(s) 1,3 carry a non-positive B or C (permitted in multi-pole fits; the n(d) check is authoritative).",,,,,
SUMITA-K-LASFN1,"Non-dispersable (3-term CD gives n(d)=2.02169 vs catalog 1.8061; not a Sellmeier fit) - archived, never evaluated",,3.1704478,0.030711328,-4.2179151e-05,-0.012872124,0.00091467552,5.885503e-06,SUMITA-AGF-NZHAGEN-MIRROR,".agf CD coefficients; verify with catalog. term(s) 1,3 carry a non-positive B or C (permitted in multi-pole fits; the n(d) check is authoritative).",,,,,
SUMITA-K-LASFN3,"Non-dispersable (3-term CD gives n(d)=2.01766 vs catalog 1.7995; not a Sellmeier fit) - archived, never evaluated",,3.1507226,0.029910697,3.6278868e-05,-0.012460963,0.00050733106,-2.5019766e-08,SUMITA-AGF-NZHAGEN-MIRROR,".agf CD coefficients; verify with catalog. term(s) 1,3 carry a non-positive B or C (permitted in multi-pole fits; the n(d) check is authoritative).",,,,,
SUMITA-K-LASFN6,"Non-dispersable (3-term CD gives n(d)=2.01724 vs catalog 1.804; not a Sellmeier fit) - archived, never evaluated",,3.1766024,0.026674405,-2.63508e-05,-0.015214563,0.00074674513,2.7514981e-06,SUMITA-AGF-NZHAGEN-MIRROR,".agf CD coefficients; verify with catalog. term(s) 1,3 carry a non-positive B or C (permitted in multi-pole fits; the n(d) check is authoritative).",,,,,
SUMITA-K-LASFN22,"Non-dispersable (3-term CD gives n(d)=2.09122 vs catalog 1.898; not a Sellmeier fit) - archived, never evaluated",,3.477103,0.040192699,-0.00010009344,-0.01493764,0.0018404932,1.4346776e-05,SUMITA-AGF-NZHAGEN-MIRROR,".agf CD coefficients; verify with catalog. term(s) 1,3 carry a non-positive B or C (permitted in multi-pole fits; the n(d) check is authoritative).",,,,,
SUMITA-K-BAF8,"Non-dispersable (3-term CD gives n(d)=1.87614 vs catalog 1.62374; not a Sellmeier fit) - archived, never evaluated",,2.5830562,0.018817464,2.1527561e-05,-0.01131971,0.00027063309,7.7761941e-07,SUMITA-AGF-NZHAGEN-MIRROR,.agf CD coefficients; verify with catalog. term(s) 1 carry a non-positive B or C (permitted in multi-pole fits; the n(d) check is authoritative).,,,,,
SUMITA-K-BAFN3,"Non-dispersable (3-term CD gives n(d)=1.91092 vs catalog 1.66422; not a Sellmeier fit) - archived, never evaluated",,2.7128944,0.019653632,1.1626539e-06,-0.010619935,0.00040051165,1.1579589e-06,SUMITA-AGF-NZHAGEN-MIRROR,.agf CD coefficients; verify with catalog. term(s) 1 carry a non-positive B or C (permitted in multi-pole fits; the n(d) check is authoritative).,,,,,
SUMITA-K-BPG2,"Non-dispersable (3-term CD gives n(d)=1.82868 vs catalog 1.5592; not a Sellmeier fit) - archived, never evaluated",,2.3909284,0.014036614,-9.985229e-06,-0.0090241173,0.00033108428,1.1070906e-06,SUMITA-AGF-NZHAGEN-MIRROR,".agf CD coefficients; verify with catalog. term(s) 1,3 carry a non-positive B or C (permitted in multi-pole fits; the n(d) check is authoritative).",,,,,
SUMITA-K-FK5,"Non-dispersable (3-term CD gives n(d)=1.77135 vs catalog 1.48749; not a Sellmeier fit) - archived, never evaluated",,2.189197,0.0086917382,-1.7699987e-05,-0.0097642231,0.00023646623,9.6989631e-07,SUMITA-AGF-NZHAGEN-MIRROR,".agf CD coefficients; verify with catalog. term(s) 1,3 carry a non-positive B or C (permitted in multi-pole fits; the n(d) check is authoritative).",,,,,
SUMITA-K-SFLD11,"Non-dispersable (3-term CD gives n(d)=1.99744 vs catalog 1.78472; not a Sellmeier fit) - archived, never evaluated",,3.052913,0.041487837,-3.1653157e-05,-0.012276955,0.0019043764,1.7320425e-05,SUMITA-AGF-NZHAGEN-MIRROR,".agf CD coefficients; verify with catalog. term(s) 1,3 carry a non-positive B or C (permitted in multi-pole fits; the n(d) check is authoritative).",,,,,
SUMITA-K-SFLD1,"Non-dispersable (3-term CD gives n(d)=1.94561 vs catalog 1.71736; not a Sellmeier fit) - archived, never evaluated",,2.8465679,0.032766631,-4.8225155e-05,-0.01179579,0.0014514223,1.2981324e-05,SUMITA-AGF-NZHAGEN-MIRROR,".agf CD coefficients; verify with catalog. term(s) 1,3 carry a non-positive B or C (permitted in multi-pole fits; the n(d) check is authoritative).",,,,,
SUMITA-K-SFLD6,"Non-dispersable (3-term CD gives n(d)=2.01418 vs catalog 1.80518; not a Sellmeier fit) - archived, never evaluated",,3.1176009,0.044689743,4.1984442e-05,-0.012108189,0.0016574765,1.29135e-05,SUMITA-AGF-NZHAGEN-MIRROR,.agf CD coefficients; verify with catalog. term(s) 1 carry a non-positive B or C (permitted in multi-pole fits; the n(d) check is authoritative).,,,,,
SUMITA-K-LAK10,"Non-dispersable (3-term CD gives n(d)=1.95517 vs catalog 1.72; not a Sellmeier fit) - archived, never evaluated",,2.8960747,0.021599254,5.752903e-06,-0.011713123,0.00043811038,-1.7364157e-07,SUMITA-AGF-NZHAGEN-MIRROR,".agf CD coefficients; verify with catalog. term(s) 1,3 carry a non-positive B or C (permitted in multi-pole fits; the n(d) check is authoritative).",,,,,
SUMITA-K-SFLD8,"Non-dispersable (3-term CD gives n(d)=1.92368 vs catalog 1.68893; not a Sellmeier fit) - archived, never evaluated",,2.7609221,0.029309701,-3.6971081e-05,-0.011601354,0.0012957192,9.8723481e-06,SUMITA-AGF-NZHAGEN-MIRROR,".agf CD coefficients; verify with catalog. term(s) 1,3 carry a non-positive B or C (permitted in multi-pole fits; the n(d) check is authoritative).",,,,,
SUMITA-K-PSKN2,"Non-dispersable (3-term CD gives n(d)=1.87560 vs catalog 1.618; not a Sellmeier fit) - archived, never evaluated",,2.578886,0.014233563,1.7477672e-05,-0.010381408,0.00012483021,-9.6204805e-07,SUMITA-AGF-NZHAGEN-MIRROR,".agf CD coefficients; verify with catalog. term(s) 1,3 carry a non-positive B or C (permitted in multi-pole fits; the n(d) check is authoritative).",,,,,
SUMITA-K-LASKN1,"Non-dispersable (3-term CD gives n(d)=1.97812 vs catalog 1.755; not a Sellmeier fit) - archived, never evaluated",,3.0176028,0.021959514,-1.8693935e-05,-0.01512239,0.00052144528,1.6369365e-06,SUMITA-AGF-NZHAGEN-MIRROR,".agf CD coefficients; verify with catalog. term(s) 1,3 carry a non-positive B or C (permitted in multi-pole fits; the n(d) check is authoritative).",,,,,
SUMITA-K-LAFN11,"Non-dispersable (3-term CD gives n(d)=1.95391 vs catalog 1.72013; not a Sellmeier fit) - archived, never evaluated",,2.8917009,0.022558933,-4.0820426e-05,-0.011920903,0.00079204231,4.1373045e-06,SUMITA-AGF-NZHAGEN-MIRROR,".agf CD coefficients; verify with catalog. term(s) 1,3 carry a non-positive B or C (permitted in multi-pole fits; the n(d) check is authoritative).",,,,,
SUMITA-K-LAF2,"Non-dispersable (3-term CD gives n(d)=1.97250 vs catalog 1.744; not a Sellmeier fit) - archived, never evaluated",,2.969235,0.024178838,-4.4196612e-05,-0.01236657,0.00087063153,4.4742987e-06,SUMITA-AGF-NZHAGEN-MIRROR,".agf CD coefficients; verify with catalog. term(s) 1,3 carry a non-positive B or C (permitted in multi-pole fits; the n(d) check is authoritative).",,,,,
SUMITA-K-LAFN3,"Non-dispersable (3-term CD gives n(d)=1.94088 vs catalog 1.7; not a Sellmeier fit) - archived, never evaluated",,2.827081,0.021224097,-3.3316539e-05,-0.010220727,0.0006653956,3.16429e-06,SUMITA-AGF-NZHAGEN-MIRROR,".agf CD coefficients; verify with catalog. term(s) 1,3 carry a non-positive B or C (permitted in multi-pole fits; the n(d) check is authoritative).",,,,,
SUMITA-K-LAKN14,"Non-dispersable (3-term CD gives n(d)=1.96673 vs catalog 1.741; not a Sellmeier fit) - archived, never evaluated",,2.9713549,0.020748381,-4.5897244e-05,-0.015047149,0.00068239287,3.0151479e-06,SUMITA-AGF-NZHAGEN-MIRROR,".agf CD coefficients; verify with catalog. term(s) 1,3 carry a non-positive B or C (permitted in multi-pole fits; the n(d) check is authoritative).",,,,,
SUMITA-K-BAFN1,"Non-dispersable (3-term CD gives n(d)=1.92302 vs catalog 1.6825; not a Sellmeier fit) - archived, never evaluated",,2.7669297,0.02151984,-2.495822e-05,-0.011669996,0.00070810281,3.7747946e-06,SUMITA-AGF-NZHAGEN-MIRROR,".agf CD coefficients; verify with catalog. term(s) 1,3 carry a non-positive B or C (permitted in multi-pole fits; the n(d) check is authoritative).",,,,,
SUMITA-K-LAK6,"Non-dispersable (3-term CD gives n(d)=1.89294 vs catalog 1.6425; not a Sellmeier fit) - archived, never evaluated",,2.6532657,0.015955637,1.7165459e-05,-0.011570116,0.00023811283,-1.4129709e-06,SUMITA-AGF-NZHAGEN-MIRROR,".agf CD coefficients; verify with catalog. term(s) 1,3 carry a non-positive B or C (permitted in multi-pole fits; the n(d) check is authoritative).",,,,,
SUMITA-K-SSK9,"Non-dispersable (3-term CD gives n(d)=1.87713 vs catalog 1.62012; not a Sellmeier fit) - archived, never evaluated",,2.5737917,0.017645209,1.1614434e-06,-0.0093452955,0.00035765081,1.16034e-06,SUMITA-AGF-NZHAGEN-MIRROR,.agf CD coefficients; verify with catalog. term(s) 1 carry a non-positive B or C (permitted in multi-pole fits; the n(d) check is authoritative).,,,,,
SUMITA-K-SK5,"Non-dispersable (3-term CD gives n(d)=1.85004 vs catalog 1.58913; not a Sellmeier fit) - archived, never evaluated",,2.4895419,0.012448401,-5.0555753e-05,-0.011359477,0.00055781133,2.8679508e-06,SUMITA-AGF-NZHAGEN-MIRROR,".agf CD coefficients; verify with catalog. term(s) 1,3 carry a non-positive B or C (permitted in multi-pole fits; the n(d) check is authoritative).",,,,,
SUMITA-K-BK7,"Non-dispersable (3-term CD gives n(d)=1.79352 vs catalog 1.51633; not a Sellmeier fit) - archived, never evaluated",,2.2705778,0.010414999,-2.2214495e-05,-0.010059376,0.00028872517,1.4258559e-06,SUMITA-AGF-NZHAGEN-MIRROR,".agf CD coefficients; verify with catalog. term(s) 1,3 carry a non-positive B or C (permitted in multi-pole fits; the n(d) check is authoritative).",,,,,
SUMITA-K-LAK14,"Non-dispersable (3-term CD gives n(d)=1.93306 vs catalog 1.6968; not a Sellmeier fit) - archived, never evaluated",,2.8277206,0.0179847,-3.7712827e-05,-0.013838479,0.00057777884,2.2935918e-06,SUMITA-AGF-NZHAGEN-MIRROR,".agf CD coefficients; verify with catalog. term(s) 1,3 carry a non-positive B or C (permitted in multi-pole fits; the n(d) check is authoritative).",,,,,
SUMITA-K-SSK3,"Non-dispersable (3-term CD gives n(d)=1.87200 vs catalog 1.61484; not a Sellmeier fit) - archived, never evaluated",,2.5591851,0.016577727,-3.5329686e-05,-0.0099057522,0.00054738619,2.4596919e-06,SUMITA-AGF-NZHAGEN-MIRROR,".agf CD coefficients; verify with catalog. term(s) 1,3 carry a non-positive B or C (permitted in multi-pole fits; the n(d) check is authoritative).",,,,,
SUMITA-K-SSK4,"Non-dispersable (3-term CD gives n(d)=1.87386 vs catalog 1.61765; not a Sellmeier fit) - archived, never evaluated",,2.5720683,0.015625643,-1.3424134e-05,-0.010564186,0.00040593207,6.4355621e-07,SUMITA-AGF-NZHAGEN-MIRROR,".agf CD coefficients; verify with catalog. term(s) 1,3 carry a non-positive B or C (permitted in multi-pole fits; the n(d) check is authoritative).",,,,,
SUMITA-K-SFLD14,"Non-dispersable (3-term CD gives n(d)=1.97993 vs catalog 1.76182; not a Sellmeier fit) - archived, never evaluated",,2.9793916,0.03964328,1.9358213e-05,-0.011878549,0.0014928665,1.2712921e-05,SUMITA-AGF-NZHAGEN-MIRROR,.agf CD coefficients; verify with catalog. term(s) 1 carry a non-positive B or C (permitted in multi-pole fits; the n(d) check is authoritative).,,,,,
SUMITA-K-SFLDN3,"Non-dispersable (3-term CD gives n(d)=2.04471 vs catalog 1.84666; not a Sellmeier fit) - archived, never evaluated",,3.2503692,0.049790724,-7.7567761e-06,-0.013195714,0.0022430157,2.1169316e-05,SUMITA-AGF-NZHAGEN-MIRROR,".agf CD coefficients; verify with catalog. term(s) 1,3 carry a non-positive B or C (permitted in multi-pole fits; the n(d) check is authoritative).",,,,,
SUMITA-K-SFLD66,"Non-dispersable (3-term CD gives n(d)=2.00807 vs catalog 1.79925; not a Sellmeier fit) - archived, never evaluated",,3.09503,0.043740379,-9.9218754e-05,-0.012322111,0.0024511569,2.3715962e-05,SUMITA-AGF-NZHAGEN-MIRROR,".agf CD coefficients; verify with catalog. term(s) 1,3 carry a non-positive B or C (permitted in multi-pole fits; the n(d) check is authoritative).",,,,,
SUMITA-K-PSK300,"Non-dispersable (3-term CD gives n(d)=1.86231 vs catalog 1.5995; not a Sellmeier fit) - archived, never evaluated",,2.5225185,0.012753583,-8.905806e-06,-0.0094325814,0.00028565036,2.8110143e-07,SUMITA-AGF-NZHAGEN-MIRROR,".agf CD coefficients; verify with catalog. term(s) 1,3 carry a non-positive B or C (permitted in multi-pole fits; the n(d) check is authoritative).",,,,,
SUMITA-K-PSK300(M),"Non-dispersable (3-term CD gives n(d)=1.86022 vs catalog 1.5969; not a Sellmeier fit) - archived, never evaluated",,2.5141824,0.012823443,-3.928511e-06,-0.0093945858,0.00025005056,4.4650519e-08,SUMITA-AGF-NZHAGEN-MIRROR,".agf CD coefficients; verify with catalog. term(s) 1,3 carry a non-positive B or C (permitted in multi-pole fits; the n(d) check is authoritative).",,,,,
SUMITA-K-PSFN215,"Non-dispersable (3-term CD gives n(d)=2.28701 vs catalog 2.154; not a Sellmeier fit) - archived, never evaluated",,4.2994108,0.097855062,-0.00046786841,-0.014091413,0.0076857652,0.00012218724,SUMITA-AGF-NZHAGEN-MIRROR,".agf CD coefficients; verify with catalog. term(s) 1,3 carry a non-positive B or C (permitted in multi-pole fits; the n(d) check is authoritative).",,,,,
SUMITA-K-PSFN173,"Non-dispersable (3-term CD gives n(d)=2.28241 vs catalog 2.1478; not a Sellmeier fit) - archived, never evaluated",,4.2785429,0.096019323,-0.00051560398,-0.014012371,0.0077567166,0.00012285966,SUMITA-AGF-NZHAGEN-MIRROR,".agf CD coefficients; verify with catalog. term(s) 1,3 carry a non-positive B or C (permitted in multi-pole fits; the n(d) check is authoritative).",,,,,
SUMITA-K-PSFN173(M),"Non-dispersable (3-term CD gives n(d)=2.27871 vs catalog 2.14342; not a Sellmeier fit) - archived, never evaluated",,4.2616161,0.095197887,-0.00053525936,-0.013994195,0.0078651735,0.00012395474,SUMITA-AGF-NZHAGEN-MIRROR,".agf CD coefficients; verify with catalog. term(s) 1,3 carry a non-positive B or C (permitted in multi-pole fits; the n(d) check is authoritative).",,,,,
SUMITA-K-GIR79,"Non-dispersable (3-term CD gives n(d)=2.07155 vs catalog 1.8592; not a Sellmeier fit) - archived, never evaluated",,3.3309552,0.040332166,-1.9888108e-05,-0.0085102025,0.0014009819,7.117453e-06,SUMITA-AGF-NZHAGEN-MIRROR,".agf CD coefficients; verify with catalog. term(s) 1,3 carry a non-positive B or C (permitted in multi-pole fits; the n(d) check is authoritative).",,,,,
SUMITA-K-LASFN23,"Non-dispersable (3-term CD gives n(d)=2.10344 vs catalog 1.911; not a Sellmeier fit) - archived, never evaluated",,3.527437,0.040393831,-4.5667249e-05,-0.014640706,0.0015495078,9.0971269e-06,SUMITA-AGF-NZHAGEN-MIRROR,".agf CD coefficients; verify with catalog. term(s) 1,3 carry a non-positive B or C (permitted in multi-pole fits; the n(d) check is authoritative).",,,,,
SUMITA-K-LAFK50T,"Non-dispersable (3-term CD gives n(d)=1.99154 vs catalog 1.766; not a Sellmeier fit) - archived, never evaluated",,3.0499602,0.023782461,1.3668355e-05,-0.012620328,0.00047558583,-8.9484311e-07,SUMITA-AGF-NZHAGEN-MIRROR,".agf CD coefficients; verify with catalog. term(s) 1,3 carry a non-positive B or C (permitted in multi-pole fits; the n(d) check is authoritative).",,,,,
SUMITA-K-LAFK50T(M),"Non-dispersable (3-term CD gives n(d)=1.98818 vs catalog 1.76209; not a Sellmeier fit) - archived, never evaluated",,3.0365333,0.023542665,3.5952261e-06,-0.012640924,0.00054022154,-3.549746e-07,SUMITA-AGF-NZHAGEN-MIRROR,".agf CD coefficients; verify with catalog. term(s) 1,3 carry a non-positive B or C (permitted in multi-pole fits; the n(d) check is authoritative).",,,,,
SUMITA-K-GIR140,"Non-dispersable (3-term CD gives n(d)=1.98898 vs catalog 1.75106; not a Sellmeier fit) - archived, never evaluated",,2.9854628,0.026407911,-3.2505558e-05,-0.0065859032,0.00084695423,3.1878545e-06,SUMITA-AGF-NZHAGEN-MIRROR,".agf CD coefficients; verify with catalog. term(s) 1,3 carry a non-positive B or C (permitted in multi-pole fits; the n(d) check is authoritative).",,,,,
SUMITA-K-FIR98UV,"Non-dispersable (3-term CD gives n(d)=1.73192 vs catalog 1.42537; not a Sellmeier fit) - archived, never evaluated",,2.0158016,0.0058067887,7.6622455e-07,-0.0038179076,4.2558748e-05,1.6716816e-09,SUMITA-AGF-NZHAGEN-MIRROR,.agf CD coefficients; verify with catalog. term(s) 1 carry a non-positive B or C (permitted in multi-pole fits; the n(d) check is authoritative).,,,,,
SUMITA-K-BOC20,"Non-dispersable (3-term CD gives n(d)=2.17470 vs catalog 2.0054; not a Sellmeier fit) - archived, never evaluated",,3.8410887,0.055983447,-0.00016655999,-0.015801048,0.0030905124,2.7794823e-05,SUMITA-AGF-NZHAGEN-MIRROR,".agf CD coefficients; verify with catalog. term(s) 1,3 carry a non-positive B or C (permitted in multi-pole fits; the n(d) check is authoritative).",,,,,
SUMITA-K-LAFK58,"Non-dispersable (3-term CD gives n(d)=1.93458 vs catalog 1.6956; not a Sellmeier fit) - archived, never evaluated",,2.8262394,0.017254526,-1.9342271e-05,-0.012783119,0.00043487714,1.18082e-06,SUMITA-AGF-NZHAGEN-MIRROR,".agf CD coefficients; verify with catalog. term(s) 1,3 carry a non-positive B or C (permitted in multi-pole fits; the n(d) check is authoritative).",,,,,
SUMITA-K-LAFK58(M),"Non-dispersable (3-term CD gives n(d)=1.93075 vs catalog 1.69097; not a Sellmeier fit) - archived, never evaluated",,2.8101512,0.017535146,-8.8851874e-06,-0.012726602,0.00035913422,6.1852602e-07,SUMITA-AGF-NZHAGEN-MIRROR,".agf CD coefficients; verify with catalog. term(s) 1,3 carry a non-positive B or C (permitted in multi-pole fits; the n(d) check is authoritative).",,,,,
SUMITA-K-VC181,"Non-dispersable (3-term CD gives n(d)=2.02377 vs catalog 1.81055; not a Sellmeier fit) - archived, never evaluated",,3.1886895,0.029631617,-3.7795055e-05,-0.013820455,0.0010659501,4.3966629e-06,SUMITA-AGF-NZHAGEN-MIRROR,".agf CD coefficients; verify with catalog. term(s) 1,3 carry a non-positive B or C (permitted in multi-pole fits; the n(d) check is authoritative).",,,,,
SUMITA-K-VC181(M),"Non-dispersable (3-term CD gives n(d)=2.02008 vs catalog 1.80614; not a Sellmeier fit) - archived, never evaluated",,3.1735917,0.029219972,-4.4143284e-05,-0.01381902,0.0011233335,4.6335289e-06,SUMITA-AGF-NZHAGEN-MIRROR,".agf CD coefficients; verify with catalog. term(s) 1,3 carry a non-positive B or C (permitted in multi-pole fits; the n(d) check is authoritative).",,,,,
SUMITA-K-VC185,"Non-dispersable (3-term CD gives n(d)=2.05722 vs catalog 1.85375; not a Sellmeier fit) - archived, never evaluated",,3.3380677,0.032739414,-3.8597399e-05,-0.014969129,0.0011048947,4.5931893e-06,SUMITA-AGF-NZHAGEN-MIRROR,".agf CD coefficients; verify with catalog. term(s) 1,3 carry a non-positive B or C (permitted in multi-pole fits; the n(d) check is authoritative).",,,,,
SUMITA-K-VC185(M),"Non-dispersable (3-term CD gives n(d)=2.05333 vs catalog 1.84909; not a Sellmeier fit) - archived, never evaluated",,3.3218568,0.032206874,-5.072415e-05,-0.014962898,0.0011931823,5.1953408e-06,SUMITA-AGF-NZHAGEN-MIRROR,".agf CD coefficients; verify with catalog. term(s) 1,3 carry a non-positive B or C (permitted in multi-pole fits; the n(d) check is authoritative).",,,,,
SUMITA-K-SKLD120,"Non-dispersable (3-term CD gives n(d)=1.84729 vs catalog 1.5868; not a Sellmeier fit) - archived, never evaluated",,2.4809256,0.013309488,-9.9643058e-06,-0.011763845,0.00032545605,2.0790854e-07,SUMITA-AGF-NZHAGEN-MIRROR,".agf CD coefficients; verify with catalog. term(s) 1,3 carry a non-positive B or C (permitted in multi-pole fits; the n(d) check is authoritative).",,,,,
SUMITA-K-SKLD120(M),"Non-dispersable (3-term CD gives n(d)=1.84507 vs catalog 1.58401; not a Sellmeier fit) - archived, never evaluated",,2.47209,0.013292551,-1.3094931e-05,-0.011710437,0.00033538382,4.3086267e-07,SUMITA-AGF-NZHAGEN-MIRROR,".agf CD coefficients; verify with catalog. term(s) 1,3 carry a non-positive B or C (permitted in multi-pole fits; the n(d) check is authoritative).",,,,,
SUMITA-K-FIR97UV,"Non-dispersable (3-term CD gives n(d)=1.73224 vs catalog 1.4258; not a Sellmeier fit) - archived, never evaluated",,2.0169979,0.0058184635,6.6434463e-07,-0.0038361684,4.503131e-05,5.0922311e-09,SUMITA-AGF-NZHAGEN-MIRROR,.agf CD coefficients; verify with catalog. term(s) 1 carry a non-positive B or C (permitted in multi-pole fits; the n(d) check is authoritative).,,,,,
SUMITA-K-PSFN202,"Non-dispersable (3-term CD gives n(d)=2.17754 vs catalog 2.0196; not a Sellmeier fit) - archived, never evaluated",,3.8508789,0.066096066,-0.0005055984,-0.016529344,0.0058480521,7.6558669e-05,SUMITA-AGF-NZHAGEN-MIRROR,".agf CD coefficients; verify with catalog. term(s) 1,3 carry a non-positive B or C (permitted in multi-pole fits; the n(d) check is authoritative).",,,,,
SUMITA-K-PSFN202(M),"Non-dispersable (3-term CD gives n(d)=2.17266 vs catalog 2.01365; not a Sellmeier fit) - archived, never evaluated",,3.8290543,0.065112852,-0.00053116084,-0.016470594,0.0059865818,7.8076366e-05,SUMITA-AGF-NZHAGEN-MIRROR,".agf CD coefficients; verify with catalog. term(s) 1,3 carry a non-positive B or C (permitted in multi-pole fits; the n(d) check is authoritative).",,,,,
SUMITA-K-PSFN214,"Non-dispersable (3-term CD gives n(d)=2.27641 vs catalog 2.14355; not a Sellmeier fit) - archived, never evaluated",,4.2741747,0.086704477,-0.0013209006,-0.015216929,0.011238379,0.00017823575,SUMITA-AGF-NZHAGEN-MIRROR,".agf CD coefficients; verify with catalog. term(s) 1,3 carry a non-positive B or C (permitted in multi-pole fits; the n(d) check is authoritative).",,,,,
SUMITA-K-PSFN214(M),"Non-dispersable (3-term CD gives n(d)=2.27298 vs catalog 2.13909; not a Sellmeier fit) - archived, never evaluated",,4.2564848,0.086600358,-0.0012680564,-0.015091057,0.011001775,0.00017404024,SUMITA-AGF-NZHAGEN-MIRROR,".agf CD coefficients; verify with catalog. term(s) 1,3 carry a non-positive B or C (permitted in multi-pole fits; the n(d) check is authoritative).",,,,,
SUMITA-K-LCV93,"Non-dispersable (3-term CD gives n(d)=1.90828 vs catalog 1.6652; not a Sellmeier fit) - archived, never evaluated",,2.7157014,0.019299156,-4.4909824e-05,-0.012306139,0.00076108019,3.3413499e-06,SUMITA-AGF-NZHAGEN-MIRROR,".agf CD coefficients; verify with catalog. term(s) 1,3 carry a non-positive B or C (permitted in multi-pole fits; the n(d) check is authoritative).",,,,,
SUMITA-K-LCV93(M),"Non-dispersable (3-term CD gives n(d)=1.90688 vs catalog 1.66355; not a Sellmeier fit) - archived, never evaluated",,2.710346,0.019185803,-5.2048587e-05,-0.012314299,0.00080136306,3.7543007e-06,SUMITA-AGF-NZHAGEN-MIRROR,".agf CD coefficients; verify with catalog. term(s) 1,3 carry a non-positive B or C (permitted in multi-pole fits; the n(d) check is authoritative).",,,,,
SUMITA-K-PSK500,"Non-dispersable (3-term CD gives n(d)=1.82863 vs catalog 1.55215; not a Sellmeier fit) - archived, never evaluated",,2.3790067,0.01075028,-3.9024656e-06,-0.0067863375,0.00017281188,2.2878462e-07,SUMITA-AGF-NZHAGEN-MIRROR,".agf CD coefficients; verify with catalog. term(s) 1,3 carry a non-positive B or C (permitted in multi-pole fits; the n(d) check is authoritative).",,,,,
SUMITA-K-PSK500(M),"Non-dispersable (3-term CD gives n(d)=1.82689 vs catalog 1.55; not a Sellmeier fit) - archived, never evaluated",,2.3725199,0.01066551,-5.7674134e-06,-0.0067756972,0.00018548975,3.2946743e-07,SUMITA-AGF-NZHAGEN-MIRROR,".agf CD coefficients; verify with catalog. term(s) 1,3 carry a non-positive B or C (permitted in multi-pole fits; the n(d) check is authoritative).",,,,,
SUMITA-K-VC179,"Non-dispersable (3-term CD gives n(d)=2.01430 vs catalog 1.7989; not a Sellmeier fit) - archived, never evaluated",,3.1494851,0.029184533,-6.1706552e-06,-0.013835107,0.00080707995,2.3930989e-06,SUMITA-AGF-NZHAGEN-MIRROR,".agf CD coefficients; verify with catalog. term(s) 1,3 carry a non-positive B or C (permitted in multi-pole fits; the n(d) check is authoritative).",,,,,
SUMITA-K-VC179(M),"Non-dispersable (3-term CD gives n(d)=2.01073 vs catalog 1.79441; not a Sellmeier fit) - archived, never evaluated",,3.1342666,0.028817199,-5.3846865e-06,-0.013761215,0.00082006501,2.2272066e-06,SUMITA-AGF-NZHAGEN-MIRROR,".agf CD coefficients; verify with catalog. term(s) 1,3 carry a non-positive B or C (permitted in multi-pole fits; the n(d) check is authoritative).",,,,,
SUMITA-K-PSK400,"Non-dispersable (3-term CD gives n(d)=1.86244 vs catalog 1.595; not a Sellmeier fit) - archived, never evaluated",,2.5082353,0.012618342,-9.8397157e-06,-0.0073346094,0.00023225231,6.9870981e-07,SUMITA-AGF-NZHAGEN-MIRROR,".agf CD coefficients; verify with catalog. term(s) 1,3 carry a non-positive B or C (permitted in multi-pole fits; the n(d) check is authoritative).",,,,,
SUMITA-K-PSK400(M),"Non-dispersable (3-term CD gives n(d)=1.85977 vs catalog 1.59179; not a Sellmeier fit) - archived, never evaluated",,2.4983595,0.012430575,-1.3169766e-05,-0.0073445422,0.00026343152,8.1753544e-07,SUMITA-AGF-NZHAGEN-MIRROR,".agf CD coefficients; verify with catalog. term(s) 1,3 carry a non-positive B or C (permitted in multi-pole fits; the n(d) check is authoritative).",,,,,
SUMITA-K-BOC30,"Non-dispersable (3-term CD gives n(d)=2.17623 vs catalog 2.0068; not a Sellmeier fit) - archived, never evaluated",,3.8354813,0.060329996,1.7392287e-05,-0.015056123,0.002453809,1.7174222e-05,SUMITA-AGF-NZHAGEN-MIRROR,.agf CD coefficients; verify with catalog. term(s) 1 carry a non-positive B or C (permitted in multi-pole fits; the n(d) check is authoritative).,,,,,
SUMITA-K-LAFK65,"Non-dispersable (3-term CD gives n(d)=1.90508 vs catalog 1.6567; not a Sellmeier fit) - archived, never evaluated",,2.7016579,0.015597681,1.132323e-05,-0.011617767,0.00019111207,-5.9630893e-07,SUMITA-AGF-NZHAGEN-MIRROR,".agf CD coefficients; verify with catalog. term(s) 1,3 carry a non-positive B or C (permitted in multi-pole fits; the n(d) check is authoritative).",,,,,
SUMITA-K-LAFK65(M),"Non-dispersable (3-term CD gives n(d)=1.90144 vs catalog 1.65224; not a Sellmeier fit) - archived, never evaluated",,2.6875081,0.015290297,4.1061121e-06,-0.011599607,0.00024225647,-2.0740076e-07,SUMITA-AGF-NZHAGEN-MIRROR,".agf CD coefficients; verify with catalog. term(s) 1,3 carry a non-positive B or C (permitted in multi-pole fits; the n(d) check is authoritative).",,,,,
SUMITA-K-PSFN214P,"Non-dispersable (3-term CD gives n(d)=2.28062 vs catalog 2.144; not a Sellmeier fit) - archived, never evaluated",,4.2693046,0.095807981,-0.00026640098,-0.013919929,0.006478361,9.6846858e-05,SUMITA-AGF-NZHAGEN-MIRROR,".agf CD coefficients; verify with catalog. term(s) 1,3 carry a non-positive B or C (permitted in multi-pole fits; the n(d) check is authoritative).",,,,,
SUMITA-K-PSFN214P(M),"Non-dispersable (3-term CD gives n(d)=2.27664 vs catalog 2.13919; not a Sellmeier fit) - archived, never evaluated",,4.2510228,0.094742504,-0.0003078018,-0.013876543,0.0066642888,9.9882119e-05,SUMITA-AGF-NZHAGEN-MIRROR,".agf CD coefficients; verify with catalog. term(s) 1,3 carry a non-positive B or C (permitted in multi-pole fits; the n(d) check is authoritative).",,,,,
SUMITA-K-SKLD100,"Non-dispersable (3-term CD gives n(d)=1.85093 vs catalog 1.5911; not a Sellmeier fit) - archived, never evaluated",,2.494405,0.013616484,2.8081583e-09,-0.011746954,0.0002161756,1.1416106e-07,SUMITA-AGF-NZHAGEN-MIRROR,.agf CD coefficients; verify with catalog. term(s) 1 carry a non-positive B or C (permitted in multi-pole fits; the n(d) check is authoritative).,,,,,
SUMITA-K-SKLD100(M),"Non-dispersable (3-term CD gives n(d)=1.84825 vs catalog 1.58773; not a Sellmeier fit) - archived, never evaluated",,2.4837948,0.013610432,3.3634712e-06,-0.011697143,0.00019771684,-9.6769271e-08,SUMITA-AGF-NZHAGEN-MIRROR,".agf CD coefficients; verify with catalog. term(s) 1,3 carry a non-positive B or C (permitted in multi-pole fits; the n(d) check is authoritative).",,,,,
SUMITA-K-CD300,"Non-dispersable (3-term CD gives n(d)=1.92777 vs catalog 1.6922; not a Sellmeier fit) - archived, never evaluated",,2.7660677,0.030613337,-8.4195896e-05,-0.010340347,0.0016016102,1.4013337e-05,SUMITA-AGF-NZHAGEN-MIRROR,".agf CD coefficients; verify with catalog. term(s) 1,3 carry a non-positive B or C (permitted in multi-pole fits; the n(d) check is authoritative).",,,,,
SUMITA-K-CD300(M),"Non-dispersable (3-term CD gives n(d)=1.92277 vs catalog 1.68558; not a Sellmeier fit) - archived, never evaluated",,2.7464958,0.029529388,-9.3571639e-05,-0.010228165,0.0016631579,1.4137241e-05,SUMITA-AGF-NZHAGEN-MIRROR,".agf CD coefficients; verify with catalog. term(s) 1,3 carry a non-positive B or C (permitted in multi-pole fits; the n(d) check is authoritative).",,,,,
SUMITA-K-SKLD200,"Non-dispersable (3-term CD gives n(d)=1.84844 vs catalog 1.5866; not a Sellmeier fit) - archived, never evaluated",,2.4786913,0.014091525,1.1237389e-05,-0.010930947,0.00015841787,-4.9762281e-07,SUMITA-AGF-NZHAGEN-MIRROR,".agf CD coefficients; verify with catalog. term(s) 1,3 carry a non-positive B or C (permitted in multi-pole fits; the n(d) check is authoritative).",,,,,
SUMITA-K-SKLD200(M),"Non-dispersable (3-term CD gives n(d)=1.84596 vs catalog 1.58355; not a Sellmeier fit) - archived, never evaluated",,2.469288,0.013964277,9.1016177e-06,-0.01092027,0.00017615739,-3.9848031e-07,SUMITA-AGF-NZHAGEN-MIRROR,".agf CD coefficients; verify with catalog. term(s) 1,3 carry a non-positive B or C (permitted in multi-pole fits; the n(d) check is authoritative).",,,,,
SUMITA-K-FIR100UV,"Non-dispersable (3-term CD gives n(d)=1.72270 vs catalog 1.4139; not a Sellmeier fit) - archived, never evaluated",,1.9845467,0.0053331804,-4.9201283e-07,-0.0039034211,5.5561154e-05,2.6560523e-08,SUMITA-AGF-NZHAGEN-MIRROR,".agf CD coefficients; verify with catalog. term(s) 1,3 carry a non-positive B or C (permitted in multi-pole fits; the n(d) check is authoritative).",,,,,
SUMITA-K-FIR100UV(M),"Non-dispersable (3-term CD gives n(d)=1.72172 vs catalog 1.41268; not a Sellmeier fit) - archived, never evaluated",,1.9811049,0.0053315455,-4.5389011e-07,-0.0038988782,5.4992085e-05,2.55945e-08,SUMITA-AGF-NZHAGEN-MIRROR,".agf CD coefficients; verify with catalog. term(s) 1,3 carry a non-positive B or C (permitted in multi-pole fits; the n(d) check is authoritative).",,,,,
SUMITA-K-PSFN166,"Non-dispersable (3-term CD gives n(d)=1.90531 vs catalog 1.663; not a Sellmeier fit) - archived, never evaluated",,2.6866909,0.025577108,-3.4982936e-05,-0.010885879,0.001055506,7.7621619e-06,SUMITA-AGF-NZHAGEN-MIRROR,".agf CD coefficients; verify with catalog. term(s) 1,3 carry a non-positive B or C (permitted in multi-pole fits; the n(d) check is authoritative).",,,,,
SUMITA-K-PSFN166(M),"Non-dispersable (3-term CD gives n(d)=1.90181 vs catalog 1.65858; not a Sellmeier fit) - archived, never evaluated",,2.6728237,0.025305233,-2.9795524e-05,-0.010828457,0.0010393734,7.3652778e-06,SUMITA-AGF-NZHAGEN-MIRROR,".agf CD coefficients; verify with catalog. term(s) 1,3 carry a non-positive B or C (permitted in multi-pole fits; the n(d) check is authoritative).",,,,,
SUMITA-K-LAFK63,"Non-dispersable (3-term CD gives n(d)=1.89236 vs catalog 1.6386; not a Sellmeier fit) - archived, never evaluated",,2.6439247,0.014902611,1.4420391e-05,-0.010470502,0.00014632978,-7.1018709e-07,SUMITA-AGF-NZHAGEN-MIRROR,".agf CD coefficients; verify with catalog. term(s) 1,3 carry a non-positive B or C (permitted in multi-pole fits; the n(d) check is authoritative).",,,,,
SUMITA-K-PBK60,"Non-dispersable (3-term CD gives n(d)=1.80013 vs catalog 1.5274; not a Sellmeier fit) - archived, never evaluated",,2.3028721,0.011211786,-2.1720951e-06,-0.011405048,0.00018775344,1.9442391e-07,SUMITA-AGF-NZHAGEN-MIRROR,".agf CD coefficients; verify with catalog. term(s) 1,3 carry a non-positive B or C (permitted in multi-pole fits; the n(d) check is authoritative).",,,,,
SUMITA-K-LCV161,"Non-dispersable (3-term CD gives n(d)=1.87306 vs catalog 1.6182; not a Sellmeier fit) - archived, never evaluated",,2.5638437,0.018697574,-1.1639061e-08,-0.010293479,0.00047518247,1.9575973e-06,SUMITA-AGF-NZHAGEN-MIRROR,".agf CD coefficients; verify with catalog. term(s) 1,3 carry a non-positive B or C (permitted in multi-pole fits; the n(d) check is authoritative).",,,,,
SUMITA-K-PSFN190,"Non-dispersable (3-term CD gives n(d)=2.08316 vs catalog 1.9046; not a Sellmeier fit) - archived, never evaluated",,3.4367498,0.057221606,-0.00019708393,-0.016292511,0.0038478327,4.4461824e-05,SUMITA-AGF-NZHAGEN-MIRROR,".agf CD coefficients; verify with catalog. term(s) 1,3 carry a non-positive B or C (permitted in multi-pole fits; the n(d) check is authoritative).",,,,,
INFRARED-AGCL,"Non-dispersable (3-term CD gives n(d)=2.06684 vs catalog 2.0; not a Sellmeier fit) - archived, never evaluated",,2.062508,0.9461465,4.300785,0.0107963322,0.0594721379,5020.74704,INFRARED-AGF-NZHAGEN-MIRROR,.agf CD coefficients; verify with catalog.,,,,,
INFRARED-ALN,"Non-dispersable (3-term CD gives n(d)=15.02827 vs catalog 2.154291; not a Sellmeier fit) - archived, never evaluated",,3.1399,0.02941,225.9009,1.3786,3.861,0.0,INFRARED-AGF-NZHAGEN-MIRROR,.agf CD coefficients; verify with catalog. term(s) 3 carry a non-positive B or C (permitted in multi-pole fits; the n(d) check is authoritative).,,,,,
INFRARED-ALON,"Sellmeier (2-term, Zemax CD record)",,2.1375,4.582,,0.0105185536,356.001424,,INFRARED-AGF-NZHAGEN-MIRROR,.agf CD coefficients; verify with catalog.,2.0,,,,
INFRARED-AMTIR1,"Non-dispersable (3-term CD with no catalog n(d) to verify against) - archived, never evaluated",,2.51253618,0.0211563734,-4.35296121e-08,0.0686942636,-0.000155048679,1.99858193e-10,INFRARED-AGF-NZHAGEN-MIRROR,".agf CD coefficients; verify with catalog. term(s) 2,3 carry a non-positive B or C (permitted in multi-pole fits; the n(d) check is authoritative).",,,,,
INFRARED-AMTIR3,"Non-dispersable (3-term CD with no catalog n(d) to verify against) - archived, never evaluated",,2.61445159,-0.287509165,-5.10891622e-07,0.14913534,-9.57306751e-05,9.89417441e-10,INFRARED-AGF-NZHAGEN-MIRROR,".agf CD coefficients; verify with catalog. term(s) 2,3 carry a non-positive B or C (permitted in multi-pole fits; the n(d) check is authoritative).",,,,,
INFRARED-BAF2,"Sellmeier-1 (3-term, Zemax CD record)",,0.643356,0.506762,3.8261,0.00334,0.01203,2151.6981,INFRARED-AGF-NZHAGEN-MIRROR,.agf CD coefficients; verify with catalog.,3.0,,,,
INFRARED-BEO,"Sellmeier (2-term, Zemax CD record)",,1.92274,1.24209,,0.0062536464,94.3443116,,INFRARED-AGF-NZHAGEN-MIRROR,.agf CD coefficients; verify with catalog.,2.0,,,,
INFRARED-CAF2,"Sellmeier-1 (3-term, Zemax CD record)",,0.5675888,0.4710914,3.8484723,0.00252643,0.010078333,1200.556,INFRARED-AGF-NZHAGEN-MIRROR,.agf CD coefficients; verify with catalog.,3.0,,,,
INFRARED-CALCITE,"Sellmeier (4-term, Zemax CD record)",,0.8559,0.8391,0.0009,0.00345744,0.019881,0.038809,INFRARED-AGF-NZHAGEN-MIRROR,.agf CD coefficients; verify with catalog.,4.0,0.6845,49.070025,,
INFRARED-CDSE,"Non-dispersable (3-term CD with no catalog n(d) to verify against) - archived, never evaluated",,4.2243,0.227,3380.0,1.768,3.12,0.0,INFRARED-AGF-NZHAGEN-MIRROR,.agf CD coefficients; verify with catalog. term(s) 3 carry a non-positive B or C (permitted in multi-pole fits; the n(d) check is authoritative).,,,,,
INFRARED-CDTE,"Non-dispersable (2-term CD gives n(d)=3.12145 vs catalog 2.0; not a Sellmeier fit) - archived, never evaluated",,6.1977889,3.2243821,,0.100532751,5193.5516,,INFRARED-AGF-NZHAGEN-MIRROR,.agf CD coefficients; verify with catalog.,,,,,
INFRARED-CLEARTRAN,"Sellmeier-1 (3-term, Zemax CD record)",,0.563722377,3.53825518,2.77421886,0.0868376965,0.0283234119,1168.10941,INFRARED-AGF-NZHAGEN-MIRROR,.agf CD coefficients; verify with catalog.,3.0,,,,
INFRARED-CLRTR_OLD,"Non-dispersable (3-term CD gives n(d)=1.86666 vs catalog 2.367678; not a Sellmeier fit) - archived, never evaluated",,2.2596285,0.0010251756,4.49796618e-07,0.0311097853,-0.000594355286,-4.12852834e-09,INFRARED-AGF-NZHAGEN-MIRROR,".agf CD coefficients; verify with catalog. term(s) 2,3 carry a non-positive B or C (permitted in multi-pole fits; the n(d) check is authoritative).",,,,,
INFRARED-CSBR,"Sellmeier-1 (3-term, Zemax CD record)",,0.9533786,0.8303809,2.847172,0.00820189243,0.0279396908,14164.6892,INFRARED-AGF-NZHAGEN-MIRROR,.agf CD coefficients; verify with catalog.,3.0,,,,
INFRARED-F_SILICA,"Sellmeier-1 (3-term, Zemax CD record)",,0.6961663,0.4079426,0.8974794,0.004679148,0.013512063,97.9340025,INFRARED-AGF-NZHAGEN-MIRROR,.agf CD coefficients; verify with catalog.,3.0,,,,
INFRARED-GAAS,"Non-dispersable (3-term CD with no catalog n(d) to verify against) - archived, never evaluated",,3.30027731,-0.0147539997,1.49822668e-07,0.169509791,-0.000242819823,-1.12068202e-09,INFRARED-AGF-NZHAGEN-MIRROR,".agf CD coefficients; verify with catalog. term(s) 2,3 carry a non-positive B or C (permitted in multi-pole fits; the n(d) check is authoritative).",,,,,
INFRARED-GEO2,"Sellmeier-1 (3-term, Zemax CD record)",,0.80686642,0.71815848,0.85416831,0.00475722093,0.02370556,140.23133,INFRARED-AGF-NZHAGEN-MIRROR,.agf CD coefficients; verify with catalog.,3.0,,,,
INFRARED-GERMANIUM,"Non-dispersable (3-term CD with no catalog n(d) to verify against) - archived, never evaluated",,9.280654,0.44183692,3870.35255,6.73018925,0.213136565,0.0,INFRARED-AGF-NZHAGEN-MIRROR,.agf CD coefficients; verify with catalog. term(s) 3 carry a non-positive B or C (permitted in multi-pole fits; the n(d) check is authoritative).,,,,,
INFRARED-GE_LONG,"Non-dispersable (3-term CD with no catalog n(d) to verify against) - archived, never evaluated",,4.10394779,77.8489771,5.51258845e-06,-4.31523858,-0.00110046901,-1.04612042e-08,INFRARED-AGF-NZHAGEN-MIRROR,".agf CD coefficients; verify with catalog. term(s) 1,2,3 carry a non-positive B or C (permitted in multi-pole fits; the n(d) check is authoritative).",,,,,
INFRARED-GE_OLD,"Non-dispersable (3-term CD with no catalog n(d) to verify against) - archived, never evaluated",,4.00227267,0.26127293,6.25410641e-07,0.357828773,-7.43656644e-05,-1.57100682e-09,INFRARED-AGF-NZHAGEN-MIRROR,".agf CD coefficients; verify with catalog. term(s) 2,3 carry a non-positive B or C (permitted in multi-pole fits; the n(d) check is authoritative).",,,,,
INFRARED-IRG2,"Non-dispersable (3-term CD gives n(d)=1.70921 vs catalog 1.891717; not a Sellmeier fit) - archived, never evaluated",,1.85362871,6.64999251e-05,-1.29306852e-07,0.0121652879,-0.00266759682,-2.88756685e-07,INFRARED-AGF-NZHAGEN-MIRROR,".agf CD coefficients; verify with catalog. term(s) 2,3 carry a non-positive B or C (permitted in multi-pole fits; the n(d) check is authoritative).",,,,,
INFRARED-IRG3,"Non-dispersable (3-term CD gives n(d)=1.69399 vs catalog 1.844836; not a Sellmeier fit) - archived, never evaluated",,1.81184032,4.81119505e-05,-1.34328122e-05,0.0106621309,-0.00316136547,-2.62059709e-07,INFRARED-AGF-NZHAGEN-MIRROR,".agf CD coefficients; verify with catalog. term(s) 2,3 carry a non-positive B or C (permitted in multi-pole fits; the n(d) check is authoritative).",,,,,
INFRARED-IRG7,"Non-dispersable (3-term CD gives n(d)=1.60412 vs catalog 1.564424; not a Sellmeier fit) - archived, never evaluated",,1.54828111,-1.89907326e-05,-1.22679238e-05,0.00547927828,-0.00272088985,-9.56555185e-07,INFRARED-AGF-NZHAGEN-MIRROR,".agf CD coefficients; verify with catalog. term(s) 2,3 carry a non-positive B or C (permitted in multi-pole fits; the n(d) check is authoritative).",,,,,
INFRARED-IRG9,"Non-dispersable (3-term CD gives n(d)=1.57804 vs catalog 1.486056; not a Sellmeier fit) - archived, never evaluated",,1.47846793,-4.05081178e-05,-5.70474685e-06,0.00272848051,-0.00176595173,-3.6422507e-07,INFRARED-AGF-NZHAGEN-MIRROR,".agf CD coefficients; verify with catalog. term(s) 2,3 carry a non-positive B or C (permitted in multi-pole fits; the n(d) check is authoritative).",,,,,
INFRARED-IRG11,"Non-dispersable (3-term CD gives n(d)=1.64154 vs catalog 1.680932; not a Sellmeier fit) - archived, never evaluated",,1.66048973,-7.60243563e-05,-1.13504608e-05,0.00697542956,-0.00228659497,-4.3863678e-09,INFRARED-AGF-NZHAGEN-MIRROR,".agf CD coefficients; verify with catalog. term(s) 2,3 carry a non-positive B or C (permitted in multi-pole fits; the n(d) check is authoritative).",,,,,
INFRARED-IRG15,"Non-dispersable (3-term CD gives n(d)=1.59411 vs catalog 1.534275; not a Sellmeier fit) - archived, never evaluated",,1.52229817,-4.45081715e-05,2.80677977e-05,0.00423702119,-0.0027249843,-2.99845263e-06,INFRARED-AGF-NZHAGEN-MIRROR,".agf CD coefficients; verify with catalog. term(s) 2,3 carry a non-positive B or C (permitted in multi-pole fits; the n(d) check is authoritative).",,,,,
INFRARED-IRG100,"Non-dispersable (3-term CD with no catalog n(d) to verify against) - archived, never evaluated",,6.84745985,0.508596481,-0.679989166,-0.000903779393,0.142844163,0.599444573,INFRARED-AGF-NZHAGEN-MIRROR,".agf CD coefficients; verify with catalog. term(s) 1,3 carry a non-positive B or C (permitted in multi-pole fits; the n(d) check is authoritative).",,,,,
INFRARED-IRGN6,"Non-dispersable (3-term CD gives n(d)=1.61162 vs catalog 1.589096; not a Sellmeier fit) - archived, never evaluated",,1.57574696,-5.25501605e-05,-2.84832471e-05,0.00468056186,-0.00254947513,8.10936671e-08,INFRARED-AGF-NZHAGEN-MIRROR,".agf CD coefficients; verify with catalog. term(s) 2,3 carry a non-positive B or C (permitted in multi-pole fits; the n(d) check is authoritative).",,,,,
INFRARED-KBR,"Non-dispersable (3-term CD gives n(d)=1.60336 vs catalog 1.559967; not a Sellmeier fit) - archived, never evaluated",,1.53607929,-1.03487129e-05,5.21830686e-08,0.00762349321,-0.000118770682,-6.33528443e-11,INFRARED-AGF-NZHAGEN-MIRROR,".agf CD coefficients; verify with catalog. term(s) 2,3 carry a non-positive B or C (permitted in multi-pole fits; the n(d) check is authoritative).",,,,,
INFRARED-KCL,"Non-dispersable (3-term CD gives n(d)=1.58002 vs catalog 1.490213; not a Sellmeier fit) - archived, never evaluated",,1.47459644,-2.57480693e-05,-4.49595045e-08,0.00505460085,-0.000178283009,-2.07572994e-11,INFRARED-AGF-NZHAGEN-MIRROR,".agf CD coefficients; verify with catalog. term(s) 2,3 carry a non-positive B or C (permitted in multi-pole fits; the n(d) check is authoritative).",,,,,
INFRARED-KRS5,"Non-dispersable (5-term CD with no catalog n(d) to verify against) - archived, never evaluated",,1.8293958,1.6675593,1.1210424,0.0225,0.0625,0.1225,INFRARED-AGF-NZHAGEN-MIRROR,.agf CD coefficients; verify with catalog.,,0.04513366,0.2025,12.380234,27089.8681
INFRARED-LIF,"Sellmeier (2-term, Zemax CD record)",,0.92549,6.96747,,0.0054405376,1075.1841,,INFRARED-AGF-NZHAGEN-MIRROR,.agf CD coefficients; verify with catalog.,2.0,,,,
INFRARED-MGF2,"Sellmeier-1 (3-term, Zemax CD record)",,0.48755108,0.39875031,2.3120353,0.0018821784,0.00895188847,566.135591,INFRARED-AGF-NZHAGEN-MIRROR,.agf CD coefficients; verify with catalog.,3.0,,,,
INFRARED-MGO,"Sellmeier-1 (3-term, Zemax CD record)",,1.111033,0.8460085,7.808527,0.00507606376,0.0189118604,723.234525,INFRARED-AGF-NZHAGEN-MIRROR,.agf CD coefficients; verify with catalog.,3.0,,,,
INFRARED-NACL,"Non-dispersable (3-term CD with no catalog n(d) to verify against) - archived, never evaluated",,1.52622845,-0.000120091689,-1.13982878e-07,0.00603188287,-0.000303390814,-6.99966217e-11,INFRARED-AGF-NZHAGEN-MIRROR,".agf CD coefficients; verify with catalog. term(s) 2,3 carry a non-positive B or C (permitted in multi-pole fits; the n(d) check is authoritative).",,,,,
INFRARED-PBF2,"Non-dispersable (3-term CD gives n(d)=1.67045 vs catalog 1.766591; not a Sellmeier fit) - archived, never evaluated",,1.73040656,9.1242913e-07,-8.8211947e-07,0.0115730841,-0.000887446174,3.63237169e-09,INFRARED-AGF-NZHAGEN-MIRROR,".agf CD coefficients; verify with catalog. term(s) 2,3 carry a non-positive B or C (permitted in multi-pole fits; the n(d) check is authoritative).",,,,,
INFRARED-SAPPHIRE,"Sellmeier-1 (3-term, Zemax CD record)",,1.023798,1.058264,5.280792,0.00377588,0.0122544,321.3616,INFRARED-AGF-NZHAGEN-MIRROR,.agf CD coefficients; verify with catalog.,3.0,,,,
INFRARED-SILICON,"Non-dispersable (3-term CD gives n(d)=3.93451 vs catalog 2.0; not a Sellmeier fit) - archived, never evaluated",,10.6684293,0.003043475,1.54133408,0.0909121907,1.28766017,1218816.0,INFRARED-AGF-NZHAGEN-MIRROR,.agf CD coefficients; verify with catalog.,,,,,
INFRARED-SPINEL,"Sellmeier (2-term, Zemax CD record)",,1.8938,3.0755,,0.0098943364,250.462276,,INFRARED-AGF-NZHAGEN-MIRROR,.agf CD coefficients; verify with catalog.,2.0,,,,
INFRARED-SRF2,"Sellmeier-1 (3-term, Zemax CD record)",,0.67805894,0.37140533,3.8484723,0.00316855172,0.011666218,1200.55597,INFRARED-AGF-NZHAGEN-MIRROR,.agf CD coefficients; verify with catalog.,3.0,,,,
INFRARED-SRTIO3,"Sellmeier-1 (3-term, Zemax CD record)",,3.042143,1.170065,30.83326,0.0217828671,0.0872071692,1101.31458,INFRARED-AGF-NZHAGEN-MIRROR,.agf CD coefficients; verify with catalog.,3.0,,,,
INFRARED-TI_1173,"Non-dispersable (3-term CD with no catalog n(d) to verify against) - archived, never evaluated",,6.87439512,-0.0953359112,-37.0505225,-0.000959875026,8.52271054,-8.78154363,INFRARED-AGF-NZHAGEN-MIRROR,".agf CD coefficients; verify with catalog. term(s) 1,2,3 carry a non-positive B or C (permitted in multi-pole fits; the n(d) check is authoritative).",,,,,
INFRARED-ZBLA,"Non-dispersable (2-term CD gives n(d)=1.52498 vs catalog 2.0; not a Sellmeier fit) - archived, never evaluated",,1.291,2.76,,0.00938961,626.0,,INFRARED-AGF-NZHAGEN-MIRROR,.agf CD coefficients; verify with catalog.,,,,,
INFRARED-ZBLAN,"Non-dispersable (2-term CD gives n(d)=1.48260 vs catalog 2.0; not a Sellmeier fit) - archived, never evaluated",,1.168,2.77,,0.00910116,625.0,,INFRARED-AGF-NZHAGEN-MIRROR,.agf CD coefficients; verify with catalog.,,,,,
INFRARED-ZNSE,"Non-dispersable (3-term CD gives n(d)=2.62408 vs catalog 2.0; not a Sellmeier fit) - archived, never evaluated",,4.2980149,0.62776557,2.8955633,0.036888196,0.143476258,2208.49196,INFRARED-AGF-NZHAGEN-MIRROR,.agf CD coefficients; verify with catalog.,,,,,
INFRARED-ZNS_BROAD,"Non-dispersable (3-term CD gives n(d)=1.86621 vs catalog 2.367247; not a Sellmeier fit) - archived, never evaluated",,2.25967042,0.00104615832,-1.7888889e-07,0.0308908108,-0.000567944951,-1.48598858e-09,INFRARED-AGF-NZHAGEN-MIRROR,".agf CD coefficients; verify with catalog. term(s) 2,3 carry a non-positive B or C (permitted in multi-pole fits; the n(d) check is authoritative).",,,,,
INFRARED-ZNS_IR,"Non-dispersable (3-term CD with no catalog n(d) to verify against) - archived, never evaluated",,2.25782977,-0.00254894212,-7.67494675e-07,0.0363264418,-0.000504871979,2.15389204e-10,INFRARED-AGF-NZHAGEN-MIRROR,".agf CD coefficients; verify with catalog. term(s) 2,3 carry a non-positive B or C (permitted in multi-pole fits; the n(d) check is authoritative).",,,,,
INFRARED-ZNS_VIS,"Non-dispersable (3-term CD gives n(d)=2.49277 vs catalog 2.367356; not a Sellmeier fit) - archived, never evaluated",,5.10214513,0.144900943,-0.000638706932,-0.00251680615,0.0101951975,0.000189682803,INFRARED-AGF-NZHAGEN-MIRROR,".agf CD coefficients; verify with catalog. term(s) 1,3 carry a non-positive B or C (permitted in multi-pole fits; the n(d) check is authoritative).",,,,,
LIGHTPATH-BD1,"Non-dispersable (3-term CD with no catalog n(d) to verify against) - archived, never evaluated",,2.51253618,0.0211563734,-4.35296121e-08,0.0686942636,-0.000155048679,1.99858193e-10,LIGHTPATH-AGF-NZHAGEN-MIRROR,".agf CD coefficients; verify with catalog. term(s) 2,3 carry a non-positive B or C (permitted in multi-pole fits; the n(d) check is authoritative).",,,,,
LIGHTPATH-BD2,"Non-dispersable (3-term CD with no catalog n(d) to verify against) - archived, never evaluated",,2.61445159,-0.287509165,-5.10891622e-07,0.14913534,-9.57306751e-05,9.89417441e-10,LIGHTPATH-AGF-NZHAGEN-MIRROR,".agf CD coefficients; verify with catalog. term(s) 2,3 carry a non-positive B or C (permitted in multi-pole fits; the n(d) check is authoritative).",,,,,
LIGHTPATH-C0550,"Non-dispersable (3-term CD gives n(d)=1.86672 vs catalog 1.605004; not a Sellmeier fit) - archived, never evaluated",,2.5275,0.0161384,-7.35332e-05,-0.00824759,0.000710762,6.55454e-06,LIGHTPATH-AGF-NZHAGEN-MIRROR,".agf CD coefficients; verify with catalog. term(s) 1,3 carry a non-positive B or C (permitted in multi-pole fits; the n(d) check is authoritative).",,,,,
LIGHTPATH-D-ZK3M,"Non-dispersable (3-term CD gives n(d)=1.84644 vs catalog 1.58642; not a Sellmeier fit) - archived, never evaluated",,2.481845,0.01179439,-9.005814e-05,-0.01213254,0.000804573,4.898641e-06,LIGHTPATH-AGF-NZHAGEN-MIRROR,".agf CD coefficients; verify with catalog. term(s) 1,3 carry a non-positive B or C (permitted in multi-pole fits; the n(d) check is authoritative).",,,,,
LIGHTPATH-D-ZLAF52LAM,"Non-dispersable (3-term CD gives n(d)=2.03033 vs catalog 1.805885; not a Sellmeier fit) - archived, never evaluated",,3.1607213,0.037044808,0.000243631811,-0.0084677629,-0.0010934271,-8.9247355e-06,LIGHTPATH-AGF-NZHAGEN-MIRROR,".agf CD coefficients; verify with catalog. term(s) 1,2,3 carry a non-positive B or C (permitted in multi-pole fits; the n(d) check is authoritative).",,,,,
LIGHTPATH-D-ZLAF52LA_M,"Non-dispersable (3-term CD gives n(d)=2.01997 vs catalog 1.805881; not a Sellmeier fit) - archived, never evaluated",,3.1717081,0.029629026,-5.5576606e-05,-0.013708448,0.0011150095,5.6941122e-06,LIGHTPATH-AGF-NZHAGEN-MIRROR,".agf CD coefficients; verify with catalog. term(s) 1,3 carry a non-positive B or C (permitted in multi-pole fits; the n(d) check is authoritative).",,,,,
LIGHTPATH-ECO550,"Non-dispersable (3-term CD gives n(d)=1.86788 vs catalog 1.605503; not a Sellmeier fit) - archived, never evaluated",,2.52780621,0.0171870201,8.66557318e-06,-0.00782886154,0.000300693162,2.58488712e-07,LIGHTPATH-AGF-NZHAGEN-MIRROR,.agf CD coefficients; verify with catalog. term(s) 1 carry a non-positive B or C (permitted in multi-pole fits; the n(d) check is authoritative).,,,,,
LIGHTPATH-ECO550M,"Non-dispersable (3-term CD gives n(d)=1.86497 vs catalog 1.602897; not a Sellmeier fit) - archived, never evaluated",,2.52035773,0.0165830522,-1.50343126e-05,-0.00825366386,0.000476837067,1.4015069e-06,LIGHTPATH-AGF-NZHAGEN-MIRROR,".agf CD coefficients; verify with catalog. term(s) 1,3 carry a non-positive B or C (permitted in multi-pole fits; the n(d) check is authoritative).",,,,,
LIGHTPATH-ECO550_E,"Non-dispersable (3-term CD gives n(d)=1.87742 vs catalog 1.600348; not a Sellmeier fit) - archived, never evaluated",,2.50983687,0.0148303868,3.23688017e-06,1.51635542e-06,0.000981490801,7.98861178e-08,LIGHTPATH-AGF-NZHAGEN-MIRROR,.agf CD coefficients; verify with catalog.,,,,,
LIGHTPATH-NICHIA_MELT1,"Non-dispersable (2-term CD gives n(d)=1.58749 vs catalog 1.493724; not a Sellmeier fit) - archived, never evaluated",,1.47444837,0.00026742387,,0.0103147698,0.0,,LIGHTPATH-AGF-NZHAGEN-MIRROR,.agf CD coefficients; verify with catalog. term(s) 2 carry a non-positive B or C (permitted in multi-pole fits; the n(d) check is authoritative).,,,,,
LIGHTPATH-PBH71,"Sellmeier-1 (3-term, Zemax CD record)",,1.97039844,0.520330498,1.30696186,0.0155780448,0.0632642123,142.045097,LIGHTPATH-AGF-NZHAGEN-MIRROR,.agf CD coefficients; verify with catalog.,3.0,,,,
RPO-BACD14_MOLD,"Non-dispersable (3-term CD gives n(d)=1.85671 vs catalog 1.598511; not a Sellmeier fit) - archived, never evaluated",,2.51890371,0.0122214182,-7.71764413e-05,-0.0118689364,0.000789633586,3.98293393e-06,RPO-AGF-NZHAGEN-MIRROR,".agf CD coefficients; verify with catalog. term(s) 1,3 carry a non-positive B or C (permitted in multi-pole fits; the n(d) check is authoritative).",,,,,
RPO-BSM16C_MOLD,"Non-dispersable (3-term CD gives n(d)=1.87076 vs catalog 1.61481; not a Sellmeier fit) - archived, never evaluated",,2.56787068,0.01387681972,-3.592774947e-05,-0.01138582621,0.0005015765279,1.983667247e-06,RPO-AGF-NZHAGEN-MIRROR,".agf CD coefficients; verify with catalog. term(s) 1,3 carry a non-positive B or C (permitted in multi-pole fits; the n(d) check is authoritative).",,,,,
RPO-D-K59_MOLD,"Non-dispersable (3-term CD gives n(d)=1.79212 vs catalog 1.514796; not a Sellmeier fit) - archived, never evaluated",,2.26619651,0.00963297006,-0.000102309298,-0.0100434033,0.000714825442,6.58788276e-06,RPO-AGF-NZHAGEN-MIRROR,".agf CD coefficients; verify with catalog. term(s) 1,3 carry a non-positive B or C (permitted in multi-pole fits; the n(d) check is authoritative).",,,,,
RPO-D-LAK6_MOLD,"Non-dispersable (3-term CD gives n(d)=1.91957 vs catalog 1.689442; not a Sellmeier fit) - archived, never evaluated",,2.80532992,0.0169077957,-2.23253554e-05,-0.0177972005,0.000786545091,-5.36623399e-08,RPO-AGF-NZHAGEN-MIRROR,".agf CD coefficients; verify with catalog. term(s) 1,3 carry a non-positive B or C (permitted in multi-pole fits; the n(d) check is authoritative).",,,,,
RPO-D-LAK70,"Non-dispersable (3-term CD gives n(d)=1.94749 vs catalog 1.669104; not a Sellmeier fit) - archived, never evaluated",,2.70892374,0.0325213777,0.000453015557,0.00639831933,-0.00345719463,-2.02829394e-05,RPO-AGF-NZHAGEN-MIRROR,".agf CD coefficients; verify with catalog. term(s) 2,3 carry a non-positive B or C (permitted in multi-pole fits; the n(d) check is authoritative).",,,,,
RPO-D-LAK70_MOLD,"Non-dispersable (3-term CD gives n(d)=1.94413 vs catalog 1.665254; not a Sellmeier fit) - archived, never evaluated",,2.6962639,0.0324462812,0.000451981089,0.00638424925,-0.00344923153,-2.02364943e-05,RPO-AGF-NZHAGEN-MIRROR,".agf CD coefficients; verify with catalog. term(s) 2,3 carry a non-positive B or C (permitted in multi-pole fits; the n(d) check is authoritative).",,,,,
RPO-D-ZLAF52A_MOLD,"Non-dispersable (3-term CD gives n(d)=1.98404 vs catalog 1.801201; not a Sellmeier fit) - archived, never evaluated",,3.18012111,0.0150556955,-0.000615002878,-0.0305336243,0.00519177551,3.57892588e-05,RPO-AGF-NZHAGEN-MIRROR,".agf CD coefficients; verify with catalog. term(s) 1,3 carry a non-positive B or C (permitted in multi-pole fits; the n(d) check is authoritative).",,,,,
RPO-E-FDS1_MOLD,"Non-dispersable (3-term CD gives n(d)=2.08042 vs catalog 1.912658; not a Sellmeier fit) - archived, never evaluated",,3.46650745,0.0533843287,-0.000572117101,-0.0202617699,0.00629834765,7.34747837e-05,RPO-AGF-NZHAGEN-MIRROR,".agf CD coefficients; verify with catalog. term(s) 1,3 carry a non-positive B or C (permitted in multi-pole fits; the n(d) check is authoritative).",,,,,
RPO-EKPC,"Non-dispersable (3-term CD gives n(d)=2.10716 vs catalog 1.585936; not a Sellmeier fit) - archived, never evaluated",,2.1665838,0.25033244,0.015632264,0.11325275,-0.085983038,-0.0010525329,RPO-AGF-NZHAGEN-MIRROR,".agf CD coefficients; verify with catalog. term(s) 2,3 carry a non-positive B or C (permitted in multi-pole fits; the n(d) check is authoritative).",,,,,
RPO-FDS9_MOLD,"Non-dispersable (3-term CD gives n(d)=2.03960 vs catalog 1.845058; not a Sellmeier fit) - archived, never evaluated",,3.25298133,0.0413434,-0.000490511259,-0.01489599,0.00540956,4.51034874e-05,RPO-AGF-NZHAGEN-MIRROR,".agf CD coefficients; verify with catalog. term(s) 1,3 carry a non-positive B or C (permitted in multi-pole fits; the n(d) check is authoritative).",,,,,
RPO-H-LAK54_MOLD,"Non-dispersable (3-term CD gives n(d)=1.95662 vs catalog 1.728497; not a Sellmeier fit) - archived, never evaluated",,2.9277611,0.0206867604,-4.16441993e-05,-0.0147660748,0.000708735021,2.58153901e-06,RPO-AGF-NZHAGEN-MIRROR,".agf CD coefficients; verify with catalog. term(s) 1,3 carry a non-positive B or C (permitted in multi-pole fits; the n(d) check is authoritative).",,,,,
RPO-H-ZLAF50B_MOLD,"Non-dispersable (3-term CD gives n(d)=2.01257 vs catalog 1.7987; not a Sellmeier fit) - archived, never evaluated",,3.15783794,0.0266112335,-1.54365564e-05,-0.0153043586,0.000705929142,1.94771335e-06,RPO-AGF-NZHAGEN-MIRROR,".agf CD coefficients; verify with catalog. term(s) 1,3 carry a non-positive B or C (permitted in multi-pole fits; the n(d) check is authoritative).",,,,,
RPO-H-ZLAF52_MOLD,"Non-dispersable (3-term CD gives n(d)=2.01397 vs catalog 1.801298; not a Sellmeier fit) - archived, never evaluated",,3.15651187,0.0294604452,-2.29185364e-05,-0.0148252255,0.000981264712,3.79523742e-06,RPO-AGF-NZHAGEN-MIRROR,".agf CD coefficients; verify with catalog. term(s) 1,3 carry a non-positive B or C (permitted in multi-pole fits; the n(d) check is authoritative).",,,,,
RPO-H-ZLAF53_MOLD,"Non-dispersable (3-term CD gives n(d)=2.03463 vs catalog 1.8292; not a Sellmeier fit) - archived, never evaluated",,3.24453775,0.0330644118,-5.51574923e-05,-0.0153351622,0.0014056192,7.11912475e-06,RPO-AGF-NZHAGEN-MIRROR,".agf CD coefficients; verify with catalog. term(s) 1,3 carry a non-positive B or C (permitted in multi-pole fits; the n(d) check is authoritative).",,,,,
RPO-H-ZLAF55_MOLD,"Non-dispersable (3-term CD gives n(d)=2.04242 vs catalog 1.83; not a Sellmeier fit) - archived, never evaluated",,3.25484318,0.0333590798,0.000111853849,-0.0128524549,-6.78562065e-05,-4.03704375e-06,RPO-AGF-NZHAGEN-MIRROR,".agf CD coefficients; verify with catalog. term(s) 1,2,3 carry a non-positive B or C (permitted in multi-pole fits; the n(d) check is authoritative).",,,,,
RPO-H-ZLAF56_MOLD,"Non-dispersable (3-term CD gives n(d)=2.01271 vs catalog 1.799999; not a Sellmeier fit) - archived, never evaluated",,3.13237288,0.0339851496,-0.000107740182,-0.0132119823,0.00184155673,1.29364847e-05,RPO-AGF-NZHAGEN-MIRROR,".agf CD coefficients; verify with catalog. term(s) 1,3 carry a non-positive B or C (permitted in multi-pole fits; the n(d) check is authoritative).",,,,,
RPO-IG2,"Non-dispersable (3-term CD with no catalog n(d) to verify against) - archived, never evaluated",,6.37933507,-4.78062765,-1731.6457,-0.00111513063,144.905769,7119.30411,RPO-AGF-NZHAGEN-MIRROR,".agf CD coefficients; verify with catalog. term(s) 1,2,3 carry a non-positive B or C (permitted in multi-pole fits; the n(d) check is authoritative).",,,,,
RPO-IG4,"Non-dispersable (3-term CD with no catalog n(d) to verify against) - archived, never evaluated",,6.91189161,-4.22296071,-1812.32748,-0.000787956404,142.900646,7766.33028,RPO-AGF-NZHAGEN-MIRROR,".agf CD coefficients; verify with catalog. term(s) 1,2,3 carry a non-positive B or C (permitted in multi-pole fits; the n(d) check is authoritative).",,,,,
RPO-IG5,"Non-dispersable (3-term CD with no catalog n(d) to verify against) - archived, never evaluated",,6.92709255,-3.58858859,-1124.75323,-0.00120658749,103.314022,4295.46144,RPO-AGF-NZHAGEN-MIRROR,".agf CD coefficients; verify with catalog. term(s) 1,2,3 carry a non-positive B or C (permitted in multi-pole fits; the n(d) check is authoritative).",,,,,
RPO-IG6,"Non-dispersable (3-term CD with no catalog n(d) to verify against) - archived, never evaluated",,7.74508077,3.2517883,988.437047,-0.000557064219,-78.7663982,-4179.30731,RPO-AGF-NZHAGEN-MIRROR,".agf CD coefficients; verify with catalog. term(s) 1,2,3 carry a non-positive B or C (permitted in multi-pole fits; the n(d) check is authoritative).",,,,,
RPO-K-CSK120_MOLD,"Non-dispersable (3-term CD gives n(d)=1.85167 vs catalog 1.5833; not a Sellmeier fit) - archived, never evaluated",,2.462205306,0.01806043171,0.0001624358258,-0.007402005673,-0.001017272649,-7.641622271e-06,RPO-AGF-NZHAGEN-MIRROR,".agf CD coefficients; verify with catalog. term(s) 1,2,3 carry a non-positive B or C (permitted in multi-pole fits; the n(d) check is authoritative).",,,,,
RPO-K-VC79_MOLD,"Non-dispersable (3-term CD gives n(d)=1.86330 vs catalog 1.605145; not a Sellmeier fit) - archived, never evaluated",,2.534883491,0.01483039411,-9.025669048e-06,-0.01093481644,0.0003095841104,6.707866289e-07,RPO-AGF-NZHAGEN-MIRROR,".agf CD coefficients; verify with catalog. term(s) 1,3 carry a non-positive B or C (permitted in multi-pole fits; the n(d) check is authoritative).",,,,,
RPO-K-VC89_MOLD,"Non-dispersable (3-term CD gives n(d)=2.02897 vs catalog 1.804597; not a Sellmeier fit) - archived, never evaluated",,3.156483328,0.03656210778,0.0002065655345,-0.008569421184,-0.0008804961946,-7.019901337e-06,RPO-AGF-NZHAGEN-MIRROR,".agf CD coefficients; verify with catalog. term(s) 1,2,3 carry a non-positive B or C (permitted in multi-pole fits; the n(d) check is authoritative).",,,,,
RPO-L-LAM60_MOLD,"Sellmeier-1 (3-term, Zemax CD record)",,1.108755708,0.8475056475,1.354896422,0.01936029572,0.002000002086,106.7885088,RPO-AGF-NZHAGEN-MIRROR,.agf CD coefficients; verify with catalog.,3.0,,,,
RPO-L-TIM28_MOLD,"Sellmeier-1 (3-term, Zemax CD record)",,1.56554809,0.176885637,1.14661648,0.0126346935,0.0603406048,116.334311,RPO-AGF-NZHAGEN-MIRROR,.agf CD coefficients; verify with catalog.,3.0,,,,
RPO-N-BK7_MOLD,"Sellmeier-1 (3-term, Zemax CD record)",,0.780178416,0.478659702,1.04547946,0.0133285338,0.000830413318,107.124175,RPO-AGF-NZHAGEN-MIRROR,.agf CD coefficients; verify with catalog.,3.0,,,,
RPO-N-FK5_MOLD,"Sellmeier-1 (3-term, Zemax CD record)",,0.339383535,0.839911284,0.909090481,0.0150237221,0.00482102014,97.8824387,RPO-AGF-NZHAGEN-MIRROR,.agf CD coefficients; verify with catalog.,3.0,,,,
RPO-N-FK51_MOLD,"Sellmeier-1 (3-term, Zemax CD record)",,0.402845603,0.779722736,0.953460338,0.000358331487,0.00992579562,177.526238,RPO-AGF-NZHAGEN-MIRROR,.agf CD coefficients; verify with catalog.,3.0,,,,
RPO-N-LAF2_MOLD,"Sellmeier-1 (3-term, Zemax CD record)",,1.79419393,0.155056926,1.09019471,0.0102626245,0.044352647,100.731467,RPO-AGF-NZHAGEN-MIRROR,.agf CD coefficients; verify with catalog.,3.0,,,,
RPO-N-LAK22_MOLD,"Sellmeier-1 (3-term, Zemax CD record)",,0.629412843,1.03372876,1.0775735,0.00132678736,0.0158399692,104.339117,RPO-AGF-NZHAGEN-MIRROR,.agf CD coefficients; verify with catalog.,3.0,,,,
RPO-N-SK5_MOLD,"Sellmeier-1 (3-term, Zemax CD record)",,0.982325914,0.488744522,0.984484296,0.00533315206,0.0173212991,98.3938446,RPO-AGF-NZHAGEN-MIRROR,.agf CD coefficients; verify with catalog.,3.0,,,,
RPO-P-SK57_MOLD,"Non-dispersable (3-term CD gives n(d)=1.84596 vs catalog 1.584061; not a Sellmeier fit) - archived, never evaluated",,2.473063668,0.01209876935,-7.12908019e-05,-0.01117810562,0.0007748745456,3.290007747e-06,RPO-AGF-NZHAGEN-MIRROR,".agf CD coefficients; verify with catalog. term(s) 1,3 carry a non-positive B or C (permitted in multi-pole fits; the n(d) check is authoritative).",,,,,
RPO-S-LAH60_MOLD,"Sellmeier-1 (3-term, Zemax CD record)",,1.08334791,1.1529996,2.47494795,2.38405685e-11,0.0294633109,170.254264,RPO-AGF-NZHAGEN-MIRROR,.agf CD coefficients; verify with catalog.,3.0,,,,
RPO-S-LAL12_MOLD,"Sellmeier-1 (3-term, Zemax CD record)",,0.609918184,1.13827825,1.20182489,0.000533113491,0.015815259,107.73823,RPO-AGF-NZHAGEN-MIRROR,.agf CD coefficients; verify with catalog.,3.0,,,,
RPO-S-LAL13_MOLD,"Sellmeier-1 (3-term, Zemax CD record)",,1.15067264,0.646991168,1.32830643,0.0167483199,0.000278647233,102.511518,RPO-AGF-NZHAGEN-MIRROR,.agf CD coefficients; verify with catalog.,3.0,,,,
RPO-S-LAL18_MOLD,"Sellmeier-1 (3-term, Zemax CD record)",,0.66506272,1.24938061,1.31025811,0.00101735308,0.0157988109,91.274655,RPO-AGF-NZHAGEN-MIRROR,.agf CD coefficients; verify with catalog.,3.0,,,,
RPO-S-NPH1_MOLD,"Sellmeier-1 (3-term, Zemax CD record)",,1.72039395,0.35905958,1.95245396,0.0137918186,0.0669088725,136.641902,RPO-AGF-NZHAGEN-MIRROR,.agf CD coefficients; verify with catalog.,3.0,,,,
RPO-SF57_MOLD,"Non-dispersable (3-term CD gives n(d)=2.04984 vs catalog 1.84457; not a Sellmeier fit) - archived, never evaluated",,3.240155287,0.04883185889,-0.0001774970599,-0.009571992651,0.003148947643,2.889640871e-05,RPO-AGF-NZHAGEN-MIRROR,".agf CD coefficients; verify with catalog. term(s) 1,3 carry a non-positive B or C (permitted in multi-pole fits; the n(d) check is authoritative).",,,,,
RPO-TAC4_MOLD,"Non-dispersable (3-term CD gives n(d)=1.95986 vs catalog 1.728999; not a Sellmeier fit) - archived, never evaluated",,2.9254352,0.0234911825,9.21331502e-05,-0.0132275531,-0.000163595621,-4.84866833e-06,RPO-AGF-NZHAGEN-MIRROR,".agf CD coefficients; verify with catalog. term(s) 1,2,3 carry a non-positive B or C (permitted in multi-pole fits; the n(d) check is authoritative).",,,,,
RPO-TAF1_MOLD,"Non-dispersable (3-term CD gives n(d)=1.98673 vs catalog 1.767; not a Sellmeier fit) - archived, never evaluated",,3.05438324,0.0235532812,-2.8277377e-05,-0.0154525436,0.0006611972,2.20316121e-06,RPO-AGF-NZHAGEN-MIRROR,".agf CD coefficients; verify with catalog. term(s) 1,3 carry a non-positive B or C (permitted in multi-pole fits; the n(d) check is authoritative).",,,,,
RPO-TAF3_MOLD,"Non-dispersable (3-term CD gives n(d)=2.01590 vs catalog 1.7998; not a Sellmeier fit) - archived, never evaluated",,3.15871089,0.0287918139,8.0245017e-05,-0.0140753606,3.34879169e-05,-2.88900113e-06,RPO-AGF-NZHAGEN-MIRROR,".agf CD coefficients; verify with catalog. term(s) 1,3 carry a non-positive B or C (permitted in multi-pole fits; the n(d) check is authoritative).",,,,,
RPO-VC78,"Non-dispersable (3-term CD gives n(d)=1.91387 vs catalog 1.669096; not a Sellmeier fit) - archived, never evaluated",,2.735136,0.01827911,1.677301e-05,-0.01182207,0.0001798584,-5.307061e-07,RPO-AGF-NZHAGEN-MIRROR,".agf CD coefficients; verify with catalog. term(s) 1,3 carry a non-positive B or C (permitted in multi-pole fits; the n(d) check is authoritative).",,,,,
RPO-VC78_MOLD,"Non-dispersable (3-term CD gives n(d)=1.91088 vs catalog 1.66547; not a Sellmeier fit) - archived, never evaluated",,2.72315491,0.0182393739,1.67443241e-05,-0.011795786,0.000179456538,-5.29694392e-07,RPO-AGF-NZHAGEN-MIRROR,".agf CD coefficients; verify with catalog. term(s) 1,3 carry a non-positive B or C (permitted in multi-pole fits; the n(d) check is authoritative).",,,,,
UMICORE-GASIR2,"Non-dispersable (3-term CD gives n(d)=2.13420 vs catalog 2.0; not a Sellmeier fit) - archived, never evaluated",,2.60073644,0.0122684939,-7.8013525e-08,0.0917946407,-0.000165642849,-1.51225803e-10,UMICORE-AGF-NZHAGEN-MIRROR,".agf CD coefficients; verify with catalog. term(s) 2,3 carry a non-positive B or C (permitted in multi-pole fits; the n(d) check is authoritative).",,,,,
UMICORE-GASIR1,"Non-dispersable (3-term CD with no catalog n(d) to verify against) - archived, never evaluated",,2.50730798,0.0116256625,-6.01958096e-08,0.0761612483,-0.000129196515,-1.78603241e-10,UMICORE-AGF-NZHAGEN-MIRROR,".agf CD coefficients; verify with catalog. term(s) 2,3 carry a non-positive B or C (permitted in multi-pole fits; the n(d) check is authoritative).",,,,,
ZEON-330R,"Non-dispersable (3-term CD gives n(d)=1.80042 vs catalog 1.50942; not a Sellmeier fit) - archived, never evaluated",,2.24171666,0.011152331,-7.9413741e-05,-0.00174741324,0.000782763713,3.93670794e-06,ZEON-AGF-NZHAGEN-MIRROR,".agf CD coefficients; verify with catalog. term(s) 1,3 carry a non-positive B or C (permitted in multi-pole fits; the n(d) check is authoritative).",,,,,
ZEON-480R,"Non-dispersable (3-term CD gives n(d)=1.81308 vs catalog 1.5253; not a Sellmeier fit) - archived, never evaluated",,2.28919759,0.0107336897,-0.000142408784,-0.00190608244,0.00116337387,7.73782254e-06,ZEON-AGF-NZHAGEN-MIRROR,".agf CD coefficients; verify with catalog. term(s) 1,3 carry a non-positive B or C (permitted in multi-pole fits; the n(d) check is authoritative).",,,,,
ZEON-E48R,"Non-dispersable (3-term CD gives n(d)=1.81919 vs catalog 1.53117; not a Sellmeier fit) - archived, never evaluated",,2.30319693,0.0140597151,3.28913151e-05,-0.00117825616,2.97687093e-05,-1.61443145e-06,ZEON-AGF-NZHAGEN-MIRROR,".agf CD coefficients; verify with catalog. term(s) 1,3 carry a non-positive B or C (permitted in multi-pole fits; the n(d) check is authoritative).",,,,,
ARTON-DX4900,"Non-dispersable (3-term CD gives n(d)=2.04463 vs catalog 1.530803; not a Sellmeier fit) - archived, never evaluated",,5.07103027,-1.87102309,-0.0974376947,-1.57389549,0.618161672,0.00592061276,ARTON-AGF-NZHAGEN-MIRROR,".agf CD coefficients; verify with catalog. term(s) 1,2,3 carry a non-positive B or C (permitted in multi-pole fits; the n(d) check is authoritative).",,,,,
ARTON-F5023,"Non-dispersable (3-term CD gives n(d)=2.24211 vs catalog 1.512262; not a Sellmeier fit) - archived, never evaluated",,4.4210635,-1.51543743,-0.0824061926,-1.17973758,0.513533675,0.00506867714,ARTON-AGF-NZHAGEN-MIRROR,".agf CD coefficients; verify with catalog. term(s) 1,2,3 carry a non-positive B or C (permitted in multi-pole fits; the n(d) check is authoritative).",,,,,
ARTON-F4520,"Non-dispersable (3-term CD gives n(d)=2.24211 vs catalog 1.512262; not a Sellmeier fit) - archived, never evaluated",,4.4210635,-1.51543743,-0.0824061926,-1.17973758,0.513533675,0.00506867714,ARTON-AGF-NZHAGEN-MIRROR,".agf CD coefficients; verify with catalog. term(s) 1,2,3 carry a non-positive B or C (permitted in multi-pole fits; the n(d) check is authoritative).",,,,,
ARTON-D4532,"Non-dispersable (3-term CD gives n(d)=2.13124 vs catalog 1.513792; not a Sellmeier fit) - archived, never evaluated",,4.651451,-1.66513951,-0.0897115254,-1.30962758,0.561178589,0.00550194449,ARTON-AGF-NZHAGEN-MIRROR,".agf CD coefficients; verify with catalog. term(s) 1,2,3 carry a non-positive B or C (permitted in multi-pole fits; the n(d) check is authoritative).",,,,,
ARTON-D4531F,"Non-dispersable (3-term CD gives n(d)=2.13447 vs catalog 1.514872; not a Sellmeier fit) - archived, never evaluated",,4.64595347,-1.65953894,-0.0894759545,-1.30462137,0.55950693,0.00548941782,ARTON-AGF-NZHAGEN-MIRROR,".agf CD coefficients; verify with catalog. term(s) 1,2,3 carry a non-positive B or C (permitted in multi-pole fits; the n(d) check is authoritative).",,,,,
ARTON-D4540,"Non-dispersable (3-term CD gives n(d)=2.13447 vs catalog 1.514872; not a Sellmeier fit) - archived, never evaluated",,4.64595347,-1.65953894,-0.0894759545,-1.30462137,0.55950693,0.00548941782,ARTON-AGF-NZHAGEN-MIRROR,".agf CD coefficients; verify with catalog. term(s) 1,2,3 carry a non-positive B or C (permitted in multi-pole fits; the n(d) check is authoritative).",,,,,
TOPAS-5013LS-01,"Non-dispersable (3-term CD gives n(d)=2.01640 vs catalog 1.533202; not a Sellmeier fit) - archived, never evaluated",,2.12785831,0.14488717,0.007401338,0.094547938,-0.044888007,-0.000464875,TOPAS-AGF-NZHAGEN-MIRROR,".agf CD coefficients; verify with catalog. term(s) 2,3 carry a non-positive B or C (permitted in multi-pole fits; the n(d) check is authoritative).",,,,,
TOPAS-5013X16,"Non-dispersable (3-term CD gives n(d)=3.85186 vs catalog 1.533102; not a Sellmeier fit) - archived, never evaluated",,1.7607057,0.396393537,0.0205062,0.300332361,-0.127731385,-0.001262104,TOPAS-AGF-NZHAGEN-MIRROR,".agf CD coefficients; verify with catalog. term(s) 2,3 carry a non-positive B or C (permitted in multi-pole fits; the n(d) check is authoritative).",,,,,
TOPAS-6015S-04,"Non-dispersable (3-term CD gives n(d)=0.91720 vs catalog 1.533002; not a Sellmeier fit) - archived, never evaluated",,0.918248132,0.948682804,0.046922024,0.79083987,-0.301710833,-0.00281335,TOPAS-AGF-NZHAGEN-MIRROR,".agf CD coefficients; verify with catalog. term(s) 2,3 carry a non-positive B or C (permitted in multi-pole fits; the n(d) check is authoritative).",,,,,
ARCHER-S-BAL3M,"Non-dispersable (3-term CD gives n(d)=1.83633 vs catalog 1.568151; not a Sellmeier fit) - archived, never evaluated",,2.417473,0.01396835,-5.274288e-05,-0.008685888,0.0006180845,3.679696e-06,ARCHER-AGF-NZHAGEN-MIRROR,".agf CD coefficients; verify with catalog. term(s) 1,3 carry a non-positive B or C (permitted in multi-pole fits; the n(d) check is authoritative).",,,,,
ARCHER-L-BAL35M,"Non-dispersable (3-term CD gives n(d)=1.84644 vs catalog 1.58642; not a Sellmeier fit) - archived, never evaluated",,2.481845,0.01179439,-9.005814e-05,-0.01213254,0.000804573,4.898641e-06,ARCHER-AGF-NZHAGEN-MIRROR,".agf CD coefficients; verify with catalog. term(s) 1,3 carry a non-positive B or C (permitted in multi-pole fits; the n(d) check is authoritative).",,,,,
ARCHER-S-BAL41M,"Non-dispersable (3-term CD gives n(d)=1.82860 vs catalog 1.560983; not a Sellmeier fit) - archived, never evaluated",,2.402809,0.01136728,-8.517315e-05,-0.01041283,0.0007464327,4.764139e-06,ARCHER-AGF-NZHAGEN-MIRROR,".agf CD coefficients; verify with catalog. term(s) 1,3 carry a non-positive B or C (permitted in multi-pole fits; the n(d) check is authoritative).",,,,,
ARCHER-S-BAL42M,"Non-dispersable (3-term CD gives n(d)=1.84488 vs catalog 1.580467; not a Sellmeier fit) - archived, never evaluated",,2.460903,0.01237562,-7.773189e-05,-0.01005747,0.0007373934,4.239549e-06,ARCHER-AGF-NZHAGEN-MIRROR,".agf CD coefficients; verify with catalog. term(s) 1,3 carry a non-positive B or C (permitted in multi-pole fits; the n(d) check is authoritative).",,,,,
ARCHER-S-BSL7M,"Non-dispersable (3-term CD gives n(d)=1.79046 vs catalog 1.513232; not a Sellmeier fit) - archived, never evaluated",,2.262505,0.009341724,-7.463858e-05,-0.01037921,0.0006453071,4.096215e-06,ARCHER-AGF-NZHAGEN-MIRROR,".agf CD coefficients; verify with catalog. term(s) 1,3 carry a non-positive B or C (permitted in multi-pole fits; the n(d) check is authoritative).",,,,,
ARCHER-S-FSL5M,"Non-dispersable (3-term CD gives n(d)=1.76884 vs catalog 1.484524; not a Sellmeier fit) - archived, never evaluated",,2.181284,0.007745517,-7.340057e-05,-0.009793636,0.0005928784,4.012184e-06,ARCHER-AGF-NZHAGEN-MIRROR,".agf CD coefficients; verify with catalog. term(s) 1,3 carry a non-positive B or C (permitted in multi-pole fits; the n(d) check is authoritative).",,,,,
ARCHER-S-LAH53M,"Non-dispersable (3-term CD gives n(d)=2.01372 vs catalog 1.801019; not a Sellmeier fit) - archived, never evaluated",,3.156971,0.02790549,-0.00012293,-0.01480577,0.00158408,9.591655e-06,ARCHER-AGF-NZHAGEN-MIRROR,".agf CD coefficients; verify with catalog. term(s) 1,3 carry a non-positive B or C (permitted in multi-pole fits; the n(d) check is authoritative).",,,,,
ARCHER-S-LAH60M,"Non-dispersable (3-term CD gives n(d)=2.03445 vs catalog 1.828944; not a Sellmeier fit) - archived, never evaluated",,3.244481,0.03201574,-0.000141547,-0.01528454,0.001865793,1.246734e-05,ARCHER-AGF-NZHAGEN-MIRROR,".agf CD coefficients; verify with catalog. term(s) 1,3 carry a non-positive B or C (permitted in multi-pole fits; the n(d) check is authoritative).",,,,,
ARCHER-S-LAL12M,"Non-dispersable (3-term CD gives n(d)=1.91738 vs catalog 1.674061; not a Sellmeier fit) - archived, never evaluated",,2.753166,0.01625163,-0.0001156154,-0.01207074,0.001041721,6.773623e-06,ARCHER-AGF-NZHAGEN-MIRROR,".agf CD coefficients; verify with catalog. term(s) 1,3 carry a non-positive B or C (permitted in multi-pole fits; the n(d) check is authoritative).",,,,,
ARCHER-S-LAL13M,"Non-dispersable (3-term CD gives n(d)=1.92572 vs catalog 1.689007; not a Sellmeier fit) - archived, never evaluated",,2.800915,0.01703856,-0.0001225957,-0.0140473,0.001170426,6.868454e-06,ARCHER-AGF-NZHAGEN-MIRROR,".agf CD coefficients; verify with catalog. term(s) 1,3 carry a non-positive B or C (permitted in multi-pole fits; the n(d) check is authoritative).",,,,,
ARCHER-S-NSL3M,"Non-dispersable (3-term CD gives n(d)=1.79539 vs catalog 1.516509; not a Sellmeier fit) - archived, never evaluated",,2.267846,0.01087772,-5.529385e-05,-0.008623029,0.0005394286,3.416585e-06,ARCHER-AGF-NZHAGEN-MIRROR,".agf CD coefficients; verify with catalog. term(s) 1,3 carry a non-positive B or C (permitted in multi-pole fits; the n(d) check is authoritative).",,,,,
ARCHER-S-TIM2M,"Non-dispersable (3-term CD gives n(d)=1.86636 vs catalog 1.613318; not a Sellmeier fit) - archived, never evaluated",,2.535373,0.02209869,-6.499788e-05,-0.01040568,0.0009396727,9.894408e-06,ARCHER-AGF-NZHAGEN-MIRROR,".agf CD coefficients; verify with catalog. term(s) 1,3 carry a non-positive B or C (permitted in multi-pole fits; the n(d) check is authoritative).",,,,,
ARCHER-K-VC79M,"Non-dispersable (3-term CD gives n(d)=1.86602 vs catalog 1.606477; not a Sellmeier fit) - archived, never evaluated",,2.537275,0.01614788,4.332545e-05,-0.01000404,-8.966925e-05,-1.820481e-06,ARCHER-AGF-NZHAGEN-MIRROR,".agf CD coefficients; verify with catalog. term(s) 1,2,3 carry a non-positive B or C (permitted in multi-pole fits; the n(d) check is authoritative).",,,,,
ARCHER-S-LAM60M,"Non-dispersable (3-term CD gives n(d)=1.96271 vs catalog 1.737928; not a Sellmeier fit) - archived, never evaluated",,2.958448,0.02030973,-0.0001238708,-0.01542036,0.001302646,7.401598e-06,ARCHER-AGF-NZHAGEN-MIRROR,".agf CD coefficients; verify with catalog. term(s) 1,3 carry a non-positive B or C (permitted in multi-pole fits; the n(d) check is authoritative).",,,,,
ARCHER-L-LAM69M,"Non-dispersable (3-term CD gives n(d)=1.95520 vs catalog 1.727801; not a Sellmeier fit) - archived, never evaluated",,2.909506,0.02464585,-9.119209e-05,-0.01373872,0.001285182,8.193186e-06,ARCHER-AGF-NZHAGEN-MIRROR,".agf CD coefficients; verify with catalog. term(s) 1,3 carry a non-positive B or C (permitted in multi-pole fits; the n(d) check is authoritative).",,,,,
