source_id,manufacturer,source_name,source_url,source_document,publication_date,access_date,license,notes
ARCHER-AGF-NZHAGEN-MIRROR,ARCHER,ARCHER Zemax catalog (ARCHER-AGF-NZHAGEN-MIRROR),https://github.com/nzhagen/zemaxglass/tree/master/src/ZemaxGlass/AGF_files,ARCHER-AGF-NZHAGEN-MIRROR,,2026-09-21,mirror-vintage-unknown; verify vs manufacturer catalog,Third-party mirror via nzhagen/zemaxglass; vintage unknown.
ARTON-AGF-NZHAGEN-MIRROR,ARTON,ARTON Zemax catalog (ARTON-AGF-NZHAGEN-MIRROR),https://github.com/nzhagen/zemaxglass/tree/master/src/ZemaxGlass/AGF_files,ARTON-AGF-NZHAGEN-MIRROR,,2026-09-21,mirror-vintage-unknown; verify vs manufacturer catalog,Third-party mirror via nzhagen/zemaxglass; vintage unknown.
CDGM-AGF-NZHAGEN-MIRROR,CDGM,CDGM Zemax catalog (CDGM-AGF-NZHAGEN-MIRROR),https://github.com/nzhagen/zemaxglass/tree/master/src/ZemaxGlass/AGF_files,CDGM-AGF-NZHAGEN-MIRROR,,2026-09-21,mirror-vintage-unknown; verify vs manufacturer catalog,Third-party mirror via nzhagen/zemaxglass; vintage unknown.
CDGM-CAT,CDGM,CDGM optical glass catalog,http://www.cdgmgd.com/,CDGM glass catalog (H-K9L / H-ZF series),,2026-09-21,redistribution-prohibited; use manufacturer source,H-K9L and H-ZF52 nd/vd per CDGM catalog listings.
CORNING-AGF-NZHAGEN-MIRROR,CORNING,CORNING Zemax catalog (CORNING-AGF-NZHAGEN-MIRROR),https://github.com/nzhagen/zemaxglass/tree/master/src/ZemaxGlass/AGF_files,CORNING-AGF-NZHAGEN-MIRROR,,2026-09-21,mirror-vintage-unknown; verify vs manufacturer catalog,Third-party mirror via nzhagen/zemaxglass; vintage unknown.
GLASSMATCH-CALC,VARIOUS,GlassMatch calculated value,,GlassMatch computed/calculated value (Fresnel estimate or Sellmeier evaluation),,2026-09-21,MIT (GlassMatch code),Marks values computed by GlassMatch — never manufacturer-reported.
HIKARI-AGF-NZHAGEN-MIRROR,HIKARI,HIKARI Zemax catalog (HIKARI-AGF-NZHAGEN-MIRROR),https://github.com/nzhagen/zemaxglass/tree/master/src/ZemaxGlass/AGF_files,HIKARI-AGF-NZHAGEN-MIRROR,,2026-09-21,mirror-vintage-unknown; verify vs manufacturer catalog,Third-party mirror via nzhagen/zemaxglass; vintage unknown.
HOYA-AGF-NZHAGEN-MIRROR,HOYA,HOYA Zemax catalog (HOYA-AGF-NZHAGEN-MIRROR),https://github.com/nzhagen/zemaxglass/tree/master/src/ZemaxGlass/AGF_files,HOYA-AGF-NZHAGEN-MIRROR,,2026-09-21,mirror-vintage-unknown; verify vs manufacturer catalog,Third-party mirror via nzhagen/zemaxglass; vintage unknown.
HOYA-CAT,HOYA,HOYA optical glass catalog,https://www.hoya.co.jp/english/,HOYA glass catalog (FC5/FCD series),,2026-09-21,redistribution-prohibited; use manufacturer source,FC5 and FCD100 nd/vd per HOYA catalog listings.
INFRARED-AGF-NZHAGEN-MIRROR,INFRARED,INFRARED Zemax catalog (INFRARED-AGF-NZHAGEN-MIRROR),https://github.com/nzhagen/zemaxglass/tree/master/src/ZemaxGlass/AGF_files,INFRARED-AGF-NZHAGEN-MIRROR,,2026-09-21,mirror-vintage-unknown; verify vs manufacturer catalog,Third-party mirror via nzhagen/zemaxglass; vintage unknown.
LIGHTPATH-AGF-NZHAGEN-MIRROR,LIGHTPATH,LIGHTPATH Zemax catalog (LIGHTPATH-AGF-NZHAGEN-MIRROR),https://github.com/nzhagen/zemaxglass/tree/master/src/ZemaxGlass/AGF_files,LIGHTPATH-AGF-NZHAGEN-MIRROR,,2026-09-21,mirror-vintage-unknown; verify vs manufacturer catalog,Third-party mirror via nzhagen/zemaxglass; vintage unknown.
LZOS-AGF-NZHAGEN-MIRROR,LZOS,LZOS Zemax catalog (LZOS-AGF-NZHAGEN-MIRROR),https://github.com/nzhagen/zemaxglass/tree/master/src/ZemaxGlass/AGF_files,LZOS-AGF-NZHAGEN-MIRROR,,2026-09-21,mirror-vintage-unknown; verify vs manufacturer catalog,Third-party mirror via nzhagen/zemaxglass; vintage unknown.
NIKON-AGF-NZHAGEN-MIRROR,NIKON,NIKON Zemax catalog (NIKON-AGF-NZHAGEN-MIRROR),https://github.com/nzhagen/zemaxglass/tree/master/src/ZemaxGlass/AGF_files,NIKON-AGF-NZHAGEN-MIRROR,,2026-09-21,mirror-vintage-unknown; verify vs manufacturer catalog,Third-party mirror via nzhagen/zemaxglass; vintage unknown.
OHARA-AGF-2026-05-29,OHARA,OHARA Zemax catalog (OHARA-AGF-2026-05-29),https://www.ohara-gmbh.com/fileadmin/Dialog_Downloads/Zemax/OHARA_260529.AGF,OHARA-AGF-2026-05-29,,2026-09-21,"redistribution-limited; .agf stays local, only normalized rows committed",OHARA catalog 2026-05-29; UTF-16 read; Herzberger-style rows flagged non-Sellmeier.
OHARA-CAT,OHARA,OHARA optical glass catalog,https://oharacorp.com/catalog/,OHARA glass catalog / datasheets,,2026-09-21,redistribution-prohibited; use manufacturer source,S-BSL7 and S-TIH53 nd/vd values per OHARA catalog.
RII-AL2O3-BOIDIN,refractiveindex.info,Aluminium oxide (sapphire): Boidin (nk data),https://refractiveindex.info/?shelf=main&book=Al2O3&page=Boidin,"R. Boidin, T. Halenkovič, V. Nazabal, L. Beneš, P. Němec.",,2026-09-28,CC0-1.0 (refractiveindex.info public domain),"Optical constants for Aluminium oxide (sapphire) via the refractiveindex.info database (public domain, CC0 1.0). Primary reference: R. Boidin, T. Halenkovič, V. Nazabal, L. Beneš, P. Němec. DOI: https://doi.org/10.1016/j.ceramint.2015.09.048 | page note: Thin films of amorphous alumina were fabricated using pulsed laser deposition in vacuum.<br>Influence of deposition parameters, specifically deposition time under vacuum and partial pressure of argon, is discussed in the original publication."
RII-AL2O3-FRANTA,refractiveindex.info,Aluminium oxide (sapphire): Franta (nk data),https://refractiveindex.info/?shelf=main&book=Al2O3&page=Franta,"D. Franta, D. Nečas, I. Ohlídal, A. Giglia.",,2026-09-28,CC0-1.0 (refractiveindex.info public domain),"Optical constants for Aluminium oxide (sapphire) via the refractiveindex.info database (public domain, CC0 1.0). Primary reference: D. Franta, D. Nečas, I. Ohlídal, A. Giglia. DOI: https://doi.org/10.1117/12.2190104 | page note: Film Al<sub>2</sub>O<sub>3</sub>;
Deposited by e-beam evaporation on c-Si; 121.5 nm thick film with an amorphous (very fine polycrystalline) structure;
Heterogenous data processing combining ellipsometric and spectrophotometric measurements;
Room temperature."
RII-AL2O3-HAGEMANN,refractiveindex.info,Aluminium oxide (sapphire): Hagemann (nk data),https://refractiveindex.info/?shelf=main&book=Al2O3&page=Hagemann,"1) H.-J. Hagemann, W. Gudat, C. Kunz.",,2026-09-28,CC0-1.0 (refractiveindex.info public domain),"Optical constants for Aluminium oxide (sapphire) via the refractiveindex.info database (public domain, CC0 1.0). Primary reference: 1) H.-J. Hagemann, W. Gudat, C. Kunz. DOI: https://doi.org/10.1364/JOSA.65.000742"
RII-AL2O3-KISCHKAT,refractiveindex.info,Aluminium oxide (sapphire): Kischkat (nk data),https://refractiveindex.info/?shelf=main&book=Al2O3&page=Kischkat,"J. Kischkat, S. Peters, B. Gruska, M. Semtsiv, M. Chashnikova, M. Klinkmüller, O. Fedosenko, S. Machulik, A. Aleksandrova, G. Monastyrskyi, Y. Flores, W. T. Masselink.",,2026-09-28,CC0-1.0 (refractiveindex.info public domain),"Optical constants for Aluminium oxide (sapphire) via the refractiveindex.info database (public domain, CC0 1.0). Primary reference: J. Kischkat, S. Peters, B. Gruska, M. Semtsiv, M. Chashnikova, M. Klinkmüller, O. Fedosenko, S. Machulik, A. Aleksandrova, G. Monastyrskyi, Y. Flores, W. T. Masselink. DOI: https://doi.org/10.1364/AO.51.006789 | page note: 497-nm single layer on Si substrate. Prepared by room temperature reactive sputter deposition using Al target and 2.0 SCCM O<sub>2</sub> flux.<br>Data on the influence of deposition conditions on the optical properties of the film can be found in the original publication.<br>Data on the refractive index (n) in the visible can be found in the original publication."
RII-AL2O3-MALITSON,refractiveindex.info,Aluminium oxide (sapphire): Malitson (nk data),https://refractiveindex.info/?shelf=main&book=Al2O3&page=Malitson,I. H. Malitson.,,2026-09-28,CC0-1.0 (refractiveindex.info public domain),"Optical constants for Aluminium oxide (sapphire) via the refractiveindex.info database (public domain, CC0 1.0). Primary reference: I. H. Malitson. DOI: https://doi.org/10.1364/JOSA.52.001377 | page note: Synthetic sapphire, Ordinary ray (o), 24 °C"
RII-AL2O3-MALITSON-E,refractiveindex.info,Aluminium oxide (sapphire): Malitson-e (nk data),https://refractiveindex.info/?shelf=main&book=Al2O3&page=Malitson-e,1) I. H. Malitson and M. J. Dodge.,,2026-09-28,CC0-1.0 (refractiveindex.info public domain),"Optical constants for Aluminium oxide (sapphire) via the refractiveindex.info database (public domain, CC0 1.0). Primary reference: 1) I. H. Malitson and M. J. Dodge. | page note: Synthetic sapphire, Extraordinary ray (e), 20 °C"
RII-AL2O3-MALITSON-O,refractiveindex.info,Aluminium oxide (sapphire): Malitson-o (nk data),https://refractiveindex.info/?shelf=main&book=Al2O3&page=Malitson-o,1) I. H. Malitson and M. J. Dodge.,,2026-09-28,CC0-1.0 (refractiveindex.info public domain),"Optical constants for Aluminium oxide (sapphire) via the refractiveindex.info database (public domain, CC0 1.0). Primary reference: 1) I. H. Malitson and M. J. Dodge. | page note: Synthetic sapphire, Ordinary ray (o), 20 °C"
RII-AL2O3-QUERRY,refractiveindex.info,Aluminium oxide (sapphire): Querry (nk data),https://refractiveindex.info/?shelf=main&book=Al2O3&page=Querry,"M. R. Querry. Optical constants, Contractor Report CRDC-CR-85034 (1985)",,2026-09-28,CC0-1.0 (refractiveindex.info public domain),"Optical constants for Aluminium oxide (sapphire) via the refractiveindex.info database (public domain, CC0 1.0). Primary reference: M. R. Querry. Optical constants, Contractor Report CRDC-CR-85034 (1985) | page note: Oxidized Al mirror."
RII-AL2O3-QUERRY-E,refractiveindex.info,Aluminium oxide (sapphire): Querry-e (nk data),https://refractiveindex.info/?shelf=main&book=Al2O3&page=Querry-e,"M. R. Querry. Optical constants, Contractor Report CRDC-CR-85034 (1985)",,2026-09-28,CC0-1.0 (refractiveindex.info public domain),"Optical constants for Aluminium oxide (sapphire) via the refractiveindex.info database (public domain, CC0 1.0). Primary reference: M. R. Querry. Optical constants, Contractor Report CRDC-CR-85034 (1985) | page note: α-Al<sub>2</sub>O<sub>3</sub> (Sapphire). Extraordinary ray (e)."
RII-AL2O3-QUERRY-O,refractiveindex.info,Aluminium oxide (sapphire): Querry-o (nk data),https://refractiveindex.info/?shelf=main&book=Al2O3&page=Querry-o,"M. R. Querry. Optical constants, Contractor Report CRDC-CR-85034 (1985)",,2026-09-28,CC0-1.0 (refractiveindex.info public domain),"Optical constants for Aluminium oxide (sapphire) via the refractiveindex.info database (public domain, CC0 1.0). Primary reference: M. R. Querry. Optical constants, Contractor Report CRDC-CR-85034 (1985) | page note: α-Al<sub>2</sub>O<sub>3</sub> (Sapphire). Ordinary ray (o)."
RII-AL2O3-RODRIGUEZDEMARCOS,refractiveindex.info,Aluminium oxide (sapphire): Rodriguez de Marcos (nk data),https://refractiveindex.info/?shelf=main&book=Al2O3&page=Rodriguez de Marcos,"L. V. Rodriguez de Marcos, M. Christophersen, M. F. Batkis, J. G. del Hoyo, J. Patel, E. J. Wollack, J. A. Christodoulides, J. I. Larruquert, M. A. Quijada.",,2026-09-28,CC0-1.0 (refractiveindex.info public domain),"Optical constants for Aluminium oxide (sapphire) via the refractiveindex.info database (public domain, CC0 1.0). Primary reference: L. V. Rodriguez de Marcos, M. Christophersen, M. F. Batkis, J. G. del Hoyo, J. Patel, E. J. Wollack, J. A. Christodoulides, J. I. Larruquert, M. A. Quijada. DOI: https://doi.org/10.1364/OME.562660 | page note: The aluminum oxide films were deposited by plasma-enhanced atomic layer deposition (PEALD) onto Si and MgF<sub>2</sub> substrates heated at 300 °C. Optical measurements (transmittance, reflectance, and ellipsometry) were performed over a very broad spectral range jointly covering from 58.4 nm to 43 μm. Using these measurements, along with suitable extrapolations, a Kramers-Kronig analysis procedure was applied to obtain a self-consistent set of optical properties that successfully reproduces the experimental data. Global and local self-consistency of the derived properties were satisfactorily evaluated through the application of sum rules."
RII-AL2O3-ZHUKOVSKY,refractiveindex.info,Aluminium oxide (sapphire): Zhukovsky (nk data),https://refractiveindex.info/?shelf=main&book=Al2O3&page=Zhukovsky,"S. V. Zhukovsky, A. Andryieuski, O. Takayama, E. Shkondin, R. Malureanu, F. Jensen, A. V. Lavrinenko.",,2026-09-28,CC0-1.0 (refractiveindex.info public domain),"Optical constants for Aluminium oxide (sapphire) via the refractiveindex.info database (public domain, CC0 1.0). Primary reference: S. V. Zhukovsky, A. Andryieuski, O. Takayama, E. Shkondin, R. Malureanu, F. Jensen, A. V. Lavrinenko. DOI: https://doi.org/10.1103/PhysRevLett.115.177402 | page note: 20 nm thick films on Si substrate deposited by atomic layer deposition (ALD) at 120 °C deposition temperature."
RII-BAF2-BOSOMWORTH-200K,refractiveindex.info,Barium fluoride: Bosomworth-200K (nk data),https://refractiveindex.info/?shelf=main&book=BaF2&page=Bosomworth-200K,D. R. Bosomworth.,,2026-09-28,CC0-1.0 (refractiveindex.info public domain),"Optical constants for Barium fluoride via the refractiveindex.info database (public domain, CC0 1.0). Primary reference: D. R. Bosomworth. DOI: https://doi.org/10.1103/PhysRev.157.709 | page note: 200 K"
RII-BAF2-BOSOMWORTH-300K,refractiveindex.info,Barium fluoride: Bosomworth-300K (nk data),https://refractiveindex.info/?shelf=main&book=BaF2&page=Bosomworth-300K,D. R. Bosomworth.,,2026-09-28,CC0-1.0 (refractiveindex.info public domain),"Optical constants for Barium fluoride via the refractiveindex.info database (public domain, CC0 1.0). Primary reference: D. R. Bosomworth. DOI: https://doi.org/10.1103/PhysRev.157.709 | page note: 300 K"
RII-BAF2-BOSOMWORTH-5K,refractiveindex.info,Barium fluoride: Bosomworth-5K (nk data),https://refractiveindex.info/?shelf=main&book=BaF2&page=Bosomworth-5K,D. R. Bosomworth.,,2026-09-28,CC0-1.0 (refractiveindex.info public domain),"Optical constants for Barium fluoride via the refractiveindex.info database (public domain, CC0 1.0). Primary reference: D. R. Bosomworth. DOI: https://doi.org/10.1103/PhysRev.157.709 | page note: 5 K"
RII-BAF2-BOSOMWORTH-80K,refractiveindex.info,Barium fluoride: Bosomworth-80K (nk data),https://refractiveindex.info/?shelf=main&book=BaF2&page=Bosomworth-80K,D. R. Bosomworth.,,2026-09-28,CC0-1.0 (refractiveindex.info public domain),"Optical constants for Barium fluoride via the refractiveindex.info database (public domain, CC0 1.0). Primary reference: D. R. Bosomworth. DOI: https://doi.org/10.1103/PhysRev.157.709 | page note: 80 K"
RII-BAF2-KAISER,refractiveindex.info,Barium fluoride: Kaiser (nk data),https://refractiveindex.info/?shelf=main&book=BaF2&page=Kaiser,"W. Kaiser, W. G. Spitzer, R. H. Kaiser, L. E. Howarth.",,2026-09-28,CC0-1.0 (refractiveindex.info public domain),"Optical constants for Barium fluoride via the refractiveindex.info database (public domain, CC0 1.0). Primary reference: W. Kaiser, W. G. Spitzer, R. H. Kaiser, L. E. Howarth. DOI: https://doi.org/10.1103/PhysRev.127.1950 | page note: Single crystal; Room temperature; Lorentz oscillator model parameters provided."
RII-BAF2-LI,refractiveindex.info,Barium fluoride: Li (nk data),https://refractiveindex.info/?shelf=main&book=BaF2&page=Li,H. H. Li.,,2026-09-28,CC0-1.0 (refractiveindex.info public domain),"Optical constants for Barium fluoride via the refractiveindex.info database (public domain, CC0 1.0). Primary reference: H. H. Li. DOI: https://doi.org/10.1063/1.555616 | page note: 293 K (20 °C)."
RII-BAF2-MALITSON,refractiveindex.info,Barium fluoride: Malitson (nk data),https://refractiveindex.info/?shelf=main&book=BaF2&page=Malitson,I. H. Malitson.,,2026-09-28,CC0-1.0 (refractiveindex.info public domain),"Optical constants for Barium fluoride via the refractiveindex.info database (public domain, CC0 1.0). Primary reference: I. H. Malitson. DOI: https://doi.org/10.1364/JOSA.54.000628 | page note: 25 °C"
RII-BAF2-QUERRY,refractiveindex.info,Barium fluoride: Querry (nk data),https://refractiveindex.info/?shelf=main&book=BaF2&page=Querry,"M. R. Querry. Optical constants of minerals and other materials from the millimeter to the ultraviolet, Contractor Report CRDEC-CR-88009 (1987)",,2026-09-28,CC0-1.0 (refractiveindex.info public domain),"Optical constants for Barium fluoride via the refractiveindex.info database (public domain, CC0 1.0). Primary reference: M. R. Querry. Optical constants of minerals and other materials from the millimeter to the ultraviolet, Contractor Report CRDEC-CR-88009 (1987)"
RII-BAF2-ZHENG-186C,refractiveindex.info,Barium fluoride: Zheng-186C (nk data),https://refractiveindex.info/?shelf=main&book=BaF2&page=Zheng-186C,"Q. Zheng, X. Wang, D. Thompson.",,2026-09-28,CC0-1.0 (refractiveindex.info public domain),"Optical constants for Barium fluoride via the refractiveindex.info database (public domain, CC0 1.0). Primary reference: Q. Zheng, X. Wang, D. Thompson. DOI: https://doi.org/10.1364/OME.496246 | page note: 186.4 °C. The supplementary materials of the original publication contain coefficients of the Sellmeier formula for multiple temperatures in the range of 21 °C to 368 °C."
RII-BAF2-ZHENG-21C,refractiveindex.info,Barium fluoride: Zheng-21C (nk data),https://refractiveindex.info/?shelf=main&book=BaF2&page=Zheng-21C,"Q. Zheng, X. Wang, D. Thompson.",,2026-09-28,CC0-1.0 (refractiveindex.info public domain),"Optical constants for Barium fluoride via the refractiveindex.info database (public domain, CC0 1.0). Primary reference: Q. Zheng, X. Wang, D. Thompson. DOI: https://doi.org/10.1364/OME.496246 | page note: 21.1 °C. The supplementary materials of the original publication contain coefficients of the Sellmeier formula for multiple temperatures in the range of 21 °C to 368 °C."
RII-BAF2-ZHENG-368C,refractiveindex.info,Barium fluoride: Zheng-368C (nk data),https://refractiveindex.info/?shelf=main&book=BaF2&page=Zheng-368C,"Q. Zheng, X. Wang, D. Thompson.",,2026-09-28,CC0-1.0 (refractiveindex.info public domain),"Optical constants for Barium fluoride via the refractiveindex.info database (public domain, CC0 1.0). Primary reference: Q. Zheng, X. Wang, D. Thompson. DOI: https://doi.org/10.1364/OME.496246 | page note: 367.9 °C. The supplementary materials of the original publication contain coefficients of the Sellmeier formula for multiple temperatures in the range of 21 °C to 368 °C."
RII-CAF2-BOSOMWORTH-200K,refractiveindex.info,Calcium fluoride (fluorite): Bosomworth-200K (nk data),https://refractiveindex.info/?shelf=main&book=CaF2&page=Bosomworth-200K,D. R. Bosomworth.,,2026-09-28,CC0-1.0 (refractiveindex.info public domain),"Optical constants for Calcium fluoride (fluorite) via the refractiveindex.info database (public domain, CC0 1.0). Primary reference: D. R. Bosomworth. DOI: https://doi.org/10.1103/PhysRev.157.709 | page note: 200 K"
RII-CAF2-BOSOMWORTH-300K,refractiveindex.info,Calcium fluoride (fluorite): Bosomworth-300K (nk data),https://refractiveindex.info/?shelf=main&book=CaF2&page=Bosomworth-300K,D. R. Bosomworth.,,2026-09-28,CC0-1.0 (refractiveindex.info public domain),"Optical constants for Calcium fluoride (fluorite) via the refractiveindex.info database (public domain, CC0 1.0). Primary reference: D. R. Bosomworth. DOI: https://doi.org/10.1103/PhysRev.157.709 | page note: 300 K"
RII-CAF2-BOSOMWORTH-5K,refractiveindex.info,Calcium fluoride (fluorite): Bosomworth-5K (nk data),https://refractiveindex.info/?shelf=main&book=CaF2&page=Bosomworth-5K,D. R. Bosomworth.,,2026-09-28,CC0-1.0 (refractiveindex.info public domain),"Optical constants for Calcium fluoride (fluorite) via the refractiveindex.info database (public domain, CC0 1.0). Primary reference: D. R. Bosomworth. DOI: https://doi.org/10.1103/PhysRev.157.709 | page note: 5 K"
RII-CAF2-BOSOMWORTH-80K,refractiveindex.info,Calcium fluoride (fluorite): Bosomworth-80K (nk data),https://refractiveindex.info/?shelf=main&book=CaF2&page=Bosomworth-80K,D. R. Bosomworth.,,2026-09-28,CC0-1.0 (refractiveindex.info public domain),"Optical constants for Calcium fluoride (fluorite) via the refractiveindex.info database (public domain, CC0 1.0). Primary reference: D. R. Bosomworth. DOI: https://doi.org/10.1103/PhysRev.157.709 | page note: 80 K"
RII-CAF2-DAIMON-20,refractiveindex.info,Calcium fluoride (fluorite): Daimon-20 (nk data),https://refractiveindex.info/?shelf=main&book=CaF2&page=Daimon-20,M. Daimon and A. Masumura.,,2026-09-28,CC0-1.0 (refractiveindex.info public domain),"Optical constants for Calcium fluoride (fluorite) via the refractiveindex.info database (public domain, CC0 1.0). Primary reference: M. Daimon and A. Masumura. DOI: https://doi.org/10.1364/AO.41.005275 | page note: 20 °C, Nitrogen atmosphere"
RII-CAF2-DAIMON-25,refractiveindex.info,Calcium fluoride (fluorite): Daimon-25 (nk data),https://refractiveindex.info/?shelf=main&book=CaF2&page=Daimon-25,M. Daimon and A. Masumura.,,2026-09-28,CC0-1.0 (refractiveindex.info public domain),"Optical constants for Calcium fluoride (fluorite) via the refractiveindex.info database (public domain, CC0 1.0). Primary reference: M. Daimon and A. Masumura. DOI: https://doi.org/10.1364/AO.41.005275 | page note: 25 °C, Nitrogen atmosphere"
RII-CAF2-KAISER,refractiveindex.info,Calcium fluoride (fluorite): Kaiser (nk data),https://refractiveindex.info/?shelf=main&book=CaF2&page=Kaiser,"W. Kaiser, W. G. Spitzer, R. H. Kaiser, L. E. Howarth.",,2026-09-28,CC0-1.0 (refractiveindex.info public domain),"Optical constants for Calcium fluoride (fluorite) via the refractiveindex.info database (public domain, CC0 1.0). Primary reference: W. Kaiser, W. G. Spitzer, R. H. Kaiser, L. E. Howarth. DOI: https://doi.org/10.1103/PhysRev.127.1950 | page note: Single crystal; Room temperature; Lorentz oscillator model parameters provided."
RII-CAF2-LI,refractiveindex.info,Calcium fluoride (fluorite): Li (nk data),https://refractiveindex.info/?shelf=main&book=CaF2&page=Li,H. H. Li.,,2026-09-28,CC0-1.0 (refractiveindex.info public domain),"Optical constants for Calcium fluoride (fluorite) via the refractiveindex.info database (public domain, CC0 1.0). Primary reference: H. H. Li. DOI: https://doi.org/10.1063/1.555616 | page note: 293 K (20 °C)."
RII-CAF2-MALITSON,refractiveindex.info,Calcium fluoride (fluorite): Malitson (nk data),https://refractiveindex.info/?shelf=main&book=CaF2&page=Malitson,I. H. Malitson.,,2026-09-28,CC0-1.0 (refractiveindex.info public domain),"Optical constants for Calcium fluoride (fluorite) via the refractiveindex.info database (public domain, CC0 1.0). Primary reference: I. H. Malitson. DOI: https://doi.org/10.1364/AO.2.001103 | page note: 24 °C"
RII-CAF2-ZHENG-186C,refractiveindex.info,Calcium fluoride (fluorite): Zheng-186C (nk data),https://refractiveindex.info/?shelf=main&book=CaF2&page=Zheng-186C,"Q. Zheng, X. Wang, D. Thompson.",,2026-09-28,CC0-1.0 (refractiveindex.info public domain),"Optical constants for Calcium fluoride (fluorite) via the refractiveindex.info database (public domain, CC0 1.0). Primary reference: Q. Zheng, X. Wang, D. Thompson. DOI: https://doi.org/10.1364/OME.496246 | page note: 186.4 °C. The supplementary materials of the original publication contain coefficients of the Sellmeier formula for multiple temperatures in the range of 21 °C to 368 °C."
RII-CAF2-ZHENG-21C,refractiveindex.info,Calcium fluoride (fluorite): Zheng-21C (nk data),https://refractiveindex.info/?shelf=main&book=CaF2&page=Zheng-21C,"Q. Zheng, X. Wang, D. Thompson.",,2026-09-28,CC0-1.0 (refractiveindex.info public domain),"Optical constants for Calcium fluoride (fluorite) via the refractiveindex.info database (public domain, CC0 1.0). Primary reference: Q. Zheng, X. Wang, D. Thompson. DOI: https://doi.org/10.1364/OME.496246 | page note: 21.1 °C. The supplementary materials of the original publication contain coefficients of the Sellmeier formula for multiple temperatures in the range of 21 °C to 368 °C."
RII-CAF2-ZHENG-368C,refractiveindex.info,Calcium fluoride (fluorite): Zheng-368C (nk data),https://refractiveindex.info/?shelf=main&book=CaF2&page=Zheng-368C,"Q. Zheng, X. Wang, D. Thompson.",,2026-09-28,CC0-1.0 (refractiveindex.info public domain),"Optical constants for Calcium fluoride (fluorite) via the refractiveindex.info database (public domain, CC0 1.0). Primary reference: Q. Zheng, X. Wang, D. Thompson. DOI: https://doi.org/10.1364/OME.496246 | page note: 367.9 °C. The supplementary materials of the original publication contain coefficients of the Sellmeier formula for multiple temperatures in the range of 21 °C to 368 °C."
RII-CDTE-ADACHI,refractiveindex.info,Cadmium telluride: Adachi (nk data),https://refractiveindex.info/?shelf=main&book=CdTe&page=Adachi,"S. Adachi, T. Kimura, N. Suzuki.",,2026-09-28,CC0-1.0 (refractiveindex.info public domain),"Optical constants for Cadmium telluride via the refractiveindex.info database (public domain, CC0 1.0). Primary reference: S. Adachi, T. Kimura, N. Suzuki. DOI: https://doi.org/10.1063/1.354543"
RII-CDTE-DEBELL-20K,refractiveindex.info,Cadmium telluride: DeBell-20K (nk data),https://refractiveindex.info/?shelf=main&book=CdTe&page=DeBell-20K,"A. G. DeBell, E. L. Dereniak, J. Harvey, J. Nissley, J. Palmer, A. Selvarajan, W. L. Wolfe.",,2026-09-28,CC0-1.0 (refractiveindex.info public domain),"Optical constants for Cadmium telluride via the refractiveindex.info database (public domain, CC0 1.0). Primary reference: A. G. DeBell, E. L. Dereniak, J. Harvey, J. Nissley, J. Palmer, A. Selvarajan, W. L. Wolfe. DOI: https://doi.org/10.1364/AO.18.003114 | page note: 20 K (-253.1 °C)"
RII-CDTE-DEBELL-300K,refractiveindex.info,Cadmium telluride: DeBell-300K (nk data),https://refractiveindex.info/?shelf=main&book=CdTe&page=DeBell-300K,"A. G. DeBell, E. L. Dereniak, J. Harvey, J. Nissley, J. Palmer, A. Selvarajan, W. L. Wolfe.",,2026-09-28,CC0-1.0 (refractiveindex.info public domain),"Optical constants for Cadmium telluride via the refractiveindex.info database (public domain, CC0 1.0). Primary reference: A. G. DeBell, E. L. Dereniak, J. Harvey, J. Nissley, J. Palmer, A. Selvarajan, W. L. Wolfe. DOI: https://doi.org/10.1364/AO.18.003114 | page note: 300 K (26.85 °C)"
RII-CDTE-DEBELL-80K,refractiveindex.info,Cadmium telluride: DeBell-80K (nk data),https://refractiveindex.info/?shelf=main&book=CdTe&page=DeBell-80K,"A. G. DeBell, E. L. Dereniak, J. Harvey, J. Nissley, J. Palmer, A. Selvarajan, W. L. Wolfe.",,2026-09-28,CC0-1.0 (refractiveindex.info public domain),"Optical constants for Cadmium telluride via the refractiveindex.info database (public domain, CC0 1.0). Primary reference: A. G. DeBell, E. L. Dereniak, J. Harvey, J. Nissley, J. Palmer, A. Selvarajan, W. L. Wolfe. DOI: https://doi.org/10.1364/AO.18.003114 | page note: 80 K (-193.1 °C)"
RII-CDTE-MARPLE,refractiveindex.info,Cadmium telluride: Marple (nk data),https://refractiveindex.info/?shelf=main&book=CdTe&page=Marple,D. T. F. Marple.,,2026-09-28,CC0-1.0 (refractiveindex.info public domain),"Optical constants for Cadmium telluride via the refractiveindex.info database (public domain, CC0 1.0). Primary reference: D. T. F. Marple. DOI: https://doi.org/10.1063/1.1713411 | page note: Room temperature"
RII-CDTE-TREHARNE,refractiveindex.info,Cadmium telluride: Treharne (nk data),https://refractiveindex.info/?shelf=main&book=CdTe&page=Treharne,"R. E. Treharne, A. Seymour-Pierce, K. Durose, K. Hutchings, S. Roncallo, D. Lane,",,2026-09-28,CC0-1.0 (refractiveindex.info public domain),"Optical constants for Cadmium telluride via the refractiveindex.info database (public domain, CC0 1.0). Primary reference: R. E. Treharne, A. Seymour-Pierce, K. Durose, K. Hutchings, S. Roncallo, D. Lane, DOI: https://doi.org/10.1088/1742-6596/286/1/012038 | page note: A CdTe film was deposited on to a soda-lime glass substrate using RF magnetron sputtering. A variable-angle ellipsometer was used to take amplitude and phase change measurements. The refractive index and extinction coefficient was extracted from a multi-oscillator model fit to the ellipsometry data, as a function of wavelength, from 300 to 1500 nm"
RII-GAAS-ADACHI,refractiveindex.info,Gallium arsenide: Adachi (nk data),https://refractiveindex.info/?shelf=main&book=GaAs&page=Adachi,S. Adachi.,,2026-09-28,CC0-1.0 (refractiveindex.info public domain),"Optical constants for Gallium arsenide via the refractiveindex.info database (public domain, CC0 1.0). Primary reference: S. Adachi. DOI: https://doi.org/10.1063/1.343580"
RII-GAAS-ASPNES,refractiveindex.info,Gallium arsenide: Aspnes (nk data),https://refractiveindex.info/?shelf=main&book=GaAs&page=Aspnes,"D. E. Aspnes, S. M. Kelso, R. A. Logan, R. Bhat.",,2026-09-28,CC0-1.0 (refractiveindex.info public domain),"Optical constants for Gallium arsenide via the refractiveindex.info database (public domain, CC0 1.0). Primary reference: D. E. Aspnes, S. M. Kelso, R. A. Logan, R. Bhat. DOI: https://doi.org/10.1063/1.337426 | page note: Crysal orientation: <100>; Doping: 1.7×10<sup>17</sup> cm<sup>-3</sup>, n; Room temperature"
RII-GAAS-FRANTA-300K,refractiveindex.info,Gallium arsenide: Franta-300K (nk data),https://refractiveindex.info/?shelf=main&book=GaAs&page=Franta-300K,"D. Franta, B. Hroncová, M. Muresan, S. Zollner.",,2026-09-28,CC0-1.0 (refractiveindex.info public domain),"Optical constants for Gallium arsenide via the refractiveindex.info database (public domain, CC0 1.0). Primary reference: D. Franta, B. Hroncová, M. Muresan, S. Zollner. DOI: https://doi.org/10.1063/5.0314388 | page note: Undoped GaAs.
Heterogenous data processing combining ellipsometric and spectrophotometric measurements with previously published refractive index.
Temperature 300 K."
RII-GAAS-FRANTA-370K,refractiveindex.info,Gallium arsenide: Franta-370K (nk data),https://refractiveindex.info/?shelf=main&book=GaAs&page=Franta-370K,"D. Franta, B. Hroncová, M. Muresan, S. Zollner.",,2026-09-28,CC0-1.0 (refractiveindex.info public domain),"Optical constants for Gallium arsenide via the refractiveindex.info database (public domain, CC0 1.0). Primary reference: D. Franta, B. Hroncová, M. Muresan, S. Zollner. DOI: https://doi.org/10.1063/5.0314388 | page note: Undoped GaAs.
Heterogenous data processing combining ellipsometric and spectrophotometric measurements with previously published refractive index.
Temperature 370 K."
RII-GAAS-FRANTA-440K,refractiveindex.info,Gallium arsenide: Franta-440K (nk data),https://refractiveindex.info/?shelf=main&book=GaAs&page=Franta-440K,"D. Franta, B. Hroncová, M. Muresan, S. Zollner.",,2026-09-28,CC0-1.0 (refractiveindex.info public domain),"Optical constants for Gallium arsenide via the refractiveindex.info database (public domain, CC0 1.0). Primary reference: D. Franta, B. Hroncová, M. Muresan, S. Zollner. DOI: https://doi.org/10.1063/5.0314388 | page note: Undoped GaAs.
Heterogenous data processing combining ellipsometric and spectrophotometric measurements with previously published refractive index.
Temperature 440 K."
RII-GAAS-GADRAS,refractiveindex.info,Gallium arsenide: Gadras (nk data),https://refractiveindex.info/?shelf=main&book=GaAs&page=Gadras,"P. Gadras, L. Bourdon, A. Fées, K. Ben Saddik, A. Guilhem, A. Arnoult.",,2026-09-28,CC0-1.0 (refractiveindex.info public domain),"Optical constants for Gallium arsenide via the refractiveindex.info database (public domain, CC0 1.0). Primary reference: P. Gadras, L. Bourdon, A. Fées, K. Ben Saddik, A. Guilhem, A. Arnoult. DOI: https://doi.org/10.1088/1361-6463/ae172c | page note: Al<sub>x</sub>Ga<sub>1-x</sub>As; x=0.0; 600 °C"
RII-GAAS-JELLISON,refractiveindex.info,Gallium arsenide: Jellison (nk data),https://refractiveindex.info/?shelf=main&book=GaAs&page=Jellison,G.E. Jellison Jr.,,2026-09-28,CC0-1.0 (refractiveindex.info public domain),"Optical constants for Gallium arsenide via the refractiveindex.info database (public domain, CC0 1.0). Primary reference: G.E. Jellison Jr. DOI: https://doi.org/10.1016/0925-3467(92)90022-F | page note: Crysal orientation: <100>; Room temperature"
RII-GAAS-KACHARE,refractiveindex.info,Gallium arsenide: Kachare (nk data),https://refractiveindex.info/?shelf=main&book=GaAs&page=Kachare,"A. H. Kachare, W. G. Spitzer, J. E. Fredrickson.",,2026-09-28,CC0-1.0 (refractiveindex.info public domain),"Optical constants for Gallium arsenide via the refractiveindex.info database (public domain, CC0 1.0). Primary reference: A. H. Kachare, W. G. Spitzer, J. E. Fredrickson. DOI: https://doi.org/10.1063/1.323292 | page note: Room temperature"
RII-GAAS-OZAKI,refractiveindex.info,Gallium arsenide: Ozaki (nk data),https://refractiveindex.info/?shelf=main&book=GaAs&page=Ozaki,S. Ozaki and S. Adachi.,,2026-09-28,CC0-1.0 (refractiveindex.info public domain),"Optical constants for Gallium arsenide via the refractiveindex.info database (public domain, CC0 1.0). Primary reference: S. Ozaki and S. Adachi. DOI: https://doi.org/10.1063/1.359966 | page note: Fit of author's experimental data to a simplified model of the interband transitions (MDF). Room Temperature."
RII-GAAS-PAPATRYFONOS,refractiveindex.info,Gallium arsenide: Papatryfonos (nk data),https://refractiveindex.info/?shelf=main&book=GaAs&page=Papatryfonos,"K. Papatryfonos, T. Angelova, A. Brimont, B. Reid, S. Guldin, P. R. Smith, M. Tang, K. Li, A. J. Seeds, H. Liu, D. R. Selviah.",,2026-09-28,CC0-1.0 (refractiveindex.info public domain),"Optical constants for Gallium arsenide via the refractiveindex.info database (public domain, CC0 1.0). Primary reference: K. Papatryfonos, T. Angelova, A. Brimont, B. Reid, S. Guldin, P. R. Smith, M. Tang, K. Li, A. J. Seeds, H. Liu, D. R. Selviah. DOI: https://doi.org/10.1063/5.0039631"
RII-GAAS-PERNER,refractiveindex.info,Gallium arsenide: Perner (nk data),https://refractiveindex.info/?shelf=main&book=GaAs&page=Perner,"L. W. Perner, G.-W. Truong, D. Follman, M. Prinz, G. Winkler, S. Puchegger, G. D. Cole, O. H. Heckl.",,2026-09-28,CC0-1.0 (refractiveindex.info public domain),"Optical constants for Gallium arsenide via the refractiveindex.info database (public domain, CC0 1.0). Primary reference: L. W. Perner, G.-W. Truong, D. Follman, M. Prinz, G. Winkler, S. Puchegger, G. D. Cole, O. H. Heckl. DOI: https://doi.org/10.1103/PhysRevResearch.5.033048 | page note: Relative standard uncertainty ≤3.3×10<sup>-4</sup> over whole range. Optical measurements at 2.21 mbar and 22 °C."
RII-GAAS-RAKIC,refractiveindex.info,Gallium arsenide: Rakic (nk data),https://refractiveindex.info/?shelf=main&book=GaAs&page=Rakic,A. D. Rakić and M. L. Majewski.,,2026-09-28,CC0-1.0 (refractiveindex.info public domain),"Optical constants for Gallium arsenide via the refractiveindex.info database (public domain, CC0 1.0). Primary reference: A. D. Rakić and M. L. Majewski. DOI: https://doi.org/10.1063/1.363586"
RII-GAAS-SKAULI,refractiveindex.info,Gallium arsenide: Skauli (nk data),https://refractiveindex.info/?shelf=main&book=GaAs&page=Skauli,"T. Skauli, P. S. Kuo, K. L. Vodopyanov, T. J. Pinguet, O. Levi, L. A. Eyres, J. S. Harris, M. M. Fejer, B. Gerard, L. Becouarn, E. Lallier.",,2026-09-28,CC0-1.0 (refractiveindex.info public domain),"Optical constants for Gallium arsenide via the refractiveindex.info database (public domain, CC0 1.0). Primary reference: T. Skauli, P. S. Kuo, K. L. Vodopyanov, T. J. Pinguet, O. Levi, L. A. Eyres, J. S. Harris, M. M. Fejer, B. Gerard, L. Becouarn, E. Lallier. DOI: https://doi.org/10.1063/1.1621740 | page note: 22 °C. See the original publication for temperature dependence of refractive index."
RII-GE-AMOTCHKINA,refractiveindex.info,Germanium: Amotchkina (nk data),https://refractiveindex.info/?shelf=main&book=Ge&page=Amotchkina,"T. Amotchkina, M. Trubetskov, D. Hahner, V. Pervak.",,2026-09-28,CC0-1.0 (refractiveindex.info public domain),"Optical constants for Germanium via the refractiveindex.info database (public domain, CC0 1.0). Primary reference: T. Amotchkina, M. Trubetskov, D. Hahner, V. Pervak. DOI: https://doi.org/10.1364/AO.59.000A40"
RII-GE-AMOTCHKINA-FILM,refractiveindex.info,Germanium: Amotchkina-film (nk data),https://refractiveindex.info/?shelf=main&book=Ge&page=Amotchkina-film,"T. Amotchkina, M. Trubetskov, D. Hahner, V. Pervak.",,2026-09-28,CC0-1.0 (refractiveindex.info public domain),"Optical constants for Germanium via the refractiveindex.info database (public domain, CC0 1.0). Primary reference: T. Amotchkina, M. Trubetskov, D. Hahner, V. Pervak. DOI: https://doi.org/10.1364/AO.59.000A40 | page note: 0.42 µm Ge<sub>3</sub> film deposited on 1 mm thick ZnSe substratee by e-beam evaporation at 120 °C substrate temperature."
RII-GE-ASPNES,refractiveindex.info,Germanium: Aspnes (nk data),https://refractiveindex.info/?shelf=main&book=Ge&page=Aspnes,D. E. Aspnes and A. A. Studna.,,2026-09-28,CC0-1.0 (refractiveindex.info public domain),"Optical constants for Germanium via the refractiveindex.info database (public domain, CC0 1.0). Primary reference: D. E. Aspnes and A. A. Studna. DOI: https://doi.org/10.1103/PhysRevB.27.985 | page note: Crysal orientation: <111>; Doping: 2.5×10<sup>14</sup> cm<sup>-3</sup>, n; Room temperature"
RII-GE-BURNETT,refractiveindex.info,Germanium: Burnett (nk data),https://refractiveindex.info/?shelf=main&book=Ge&page=Burnett,"J. H. Burnett, S. G. Kaplan, E. Stover, A. Phenis.",,2026-09-28,CC0-1.0 (refractiveindex.info public domain),"Optical constants for Germanium via the refractiveindex.info database (public domain, CC0 1.0). Primary reference: J. H. Burnett, S. G. Kaplan, E. Stover, A. Phenis. DOI: https://doi.org/10.1117/12.2237978 | page note: Standard uncertainties ranging from 2×10<sup>-5</sup> near 2 µm to 8×10<sup>-5</sup> near 14 µm"
RII-GE-CIESIELSKI-20NM,refractiveindex.info,Germanium: Ciesielski-20nm (nk data),https://refractiveindex.info/?shelf=main&book=Ge&page=Ciesielski-20nm,"A. Ciesielski, L. Skowronski, W.Pacuski, T. Szoplik.",,2026-09-28,CC0-1.0 (refractiveindex.info public domain),"Optical constants for Germanium via the refractiveindex.info database (public domain, CC0 1.0). Primary reference: A. Ciesielski, L. Skowronski, W.Pacuski, T. Szoplik. DOI: https://doi.org/10.1016/j.mssp.2018.03.003 | page note: 20 nm-thick germanium film deposited directly on SiO<sub>2</sub> substrate"
RII-GE-CIESIELSKI-2NM,refractiveindex.info,Germanium: Ciesielski-2nm (nk data),https://refractiveindex.info/?shelf=main&book=Ge&page=Ciesielski-2nm,"A. Ciesielski, L. Skowronski, W.Pacuski, T. Szoplik.",,2026-09-28,CC0-1.0 (refractiveindex.info public domain),"Optical constants for Germanium via the refractiveindex.info database (public domain, CC0 1.0). Primary reference: A. Ciesielski, L. Skowronski, W.Pacuski, T. Szoplik. DOI: https://doi.org/10.1016/j.mssp.2018.03.003 | page note: 2 nm-thick germanium film deposited directly on SiO<sub>2</sub> substrate"
RII-GE-ICENOGLE,refractiveindex.info,Germanium: Icenogle (nk data),https://refractiveindex.info/?shelf=main&book=Ge&page=Icenogle,"1) Icenogle, B. C. Platt, W. L. Wolfe",,2026-09-28,CC0-1.0 (refractiveindex.info public domain),"Optical constants for Germanium via the refractiveindex.info database (public domain, CC0 1.0). Primary reference: 1) Icenogle, B. C. Platt, W. L. Wolfe DOI: https://doi.org/10.1364/AO.15.002348 | page note: 293 K (20 °C)"
RII-GE-JELLISON,refractiveindex.info,Germanium: Jellison (nk data),https://refractiveindex.info/?shelf=main&book=Ge&page=Jellison,G.E. Jellison Jr.,,2026-09-28,CC0-1.0 (refractiveindex.info public domain),"Optical constants for Germanium via the refractiveindex.info database (public domain, CC0 1.0). Primary reference: G.E. Jellison Jr. DOI: https://doi.org/10.1016/0925-3467(92)90022-F | page note: Crysal orientation: <100>; Room temperature"
RII-GE-LI-100K,refractiveindex.info,Germanium: Li-100K (nk data),https://refractiveindex.info/?shelf=main&book=Ge&page=Li-100K,H. H. Li.,,2026-09-28,CC0-1.0 (refractiveindex.info public domain),"Optical constants for Germanium via the refractiveindex.info database (public domain, CC0 1.0). Primary reference: H. H. Li. DOI: https://doi.org/10.1063/1.555624 | page note: 100 K (-173 °C)"
RII-GE-LI-150K,refractiveindex.info,Germanium: Li-150K (nk data),https://refractiveindex.info/?shelf=main&book=Ge&page=Li-150K,H. H. Li.,,2026-09-28,CC0-1.0 (refractiveindex.info public domain),"Optical constants for Germanium via the refractiveindex.info database (public domain, CC0 1.0). Primary reference: H. H. Li. DOI: https://doi.org/10.1063/1.555624 | page note: 150 K (-123 °C)"
RII-GE-LI-200K,refractiveindex.info,Germanium: Li-200K (nk data),https://refractiveindex.info/?shelf=main&book=Ge&page=Li-200K,H. H. Li.,,2026-09-28,CC0-1.0 (refractiveindex.info public domain),"Optical constants for Germanium via the refractiveindex.info database (public domain, CC0 1.0). Primary reference: H. H. Li. DOI: https://doi.org/10.1063/1.555624 | page note: 200 K (-73 °C)"
RII-GE-LI-250K,refractiveindex.info,Germanium: Li-250K (nk data),https://refractiveindex.info/?shelf=main&book=Ge&page=Li-250K,H. H. Li.,,2026-09-28,CC0-1.0 (refractiveindex.info public domain),"Optical constants for Germanium via the refractiveindex.info database (public domain, CC0 1.0). Primary reference: H. H. Li. DOI: https://doi.org/10.1063/1.555624 | page note: 250 K (-23 °C)"
RII-GE-LI-293K,refractiveindex.info,Germanium: Li-293K (nk data),https://refractiveindex.info/?shelf=main&book=Ge&page=Li-293K,H. H. Li.,,2026-09-28,CC0-1.0 (refractiveindex.info public domain),"Optical constants for Germanium via the refractiveindex.info database (public domain, CC0 1.0). Primary reference: H. H. Li. DOI: https://doi.org/10.1063/1.555624 | page note: 293 K (20 °C)"
RII-GE-LI-350K,refractiveindex.info,Germanium: Li-350K (nk data),https://refractiveindex.info/?shelf=main&book=Ge&page=Li-350K,H. H. Li.,,2026-09-28,CC0-1.0 (refractiveindex.info public domain),"Optical constants for Germanium via the refractiveindex.info database (public domain, CC0 1.0). Primary reference: H. H. Li. DOI: https://doi.org/10.1063/1.555624 | page note: 350 K (77 °C)"
RII-GE-LI-400K,refractiveindex.info,Germanium: Li-400K (nk data),https://refractiveindex.info/?shelf=main&book=Ge&page=Li-400K,H. H. Li.,,2026-09-28,CC0-1.0 (refractiveindex.info public domain),"Optical constants for Germanium via the refractiveindex.info database (public domain, CC0 1.0). Primary reference: H. H. Li. DOI: https://doi.org/10.1063/1.555624 | page note: 400 K (127 °C)"
RII-GE-LI-450K,refractiveindex.info,Germanium: Li-450K (nk data),https://refractiveindex.info/?shelf=main&book=Ge&page=Li-450K,H. H. Li.,,2026-09-28,CC0-1.0 (refractiveindex.info public domain),"Optical constants for Germanium via the refractiveindex.info database (public domain, CC0 1.0). Primary reference: H. H. Li. DOI: https://doi.org/10.1063/1.555624 | page note: 450 K (177 °C)"
RII-GE-LI-500K,refractiveindex.info,Germanium: Li-500K (nk data),https://refractiveindex.info/?shelf=main&book=Ge&page=Li-500K,H. H. Li.,,2026-09-28,CC0-1.0 (refractiveindex.info public domain),"Optical constants for Germanium via the refractiveindex.info database (public domain, CC0 1.0). Primary reference: H. H. Li. DOI: https://doi.org/10.1063/1.555624 | page note: 500 K (227 °C)"
RII-GE-LI-550K,refractiveindex.info,Germanium: Li-550K (nk data),https://refractiveindex.info/?shelf=main&book=Ge&page=Li-550K,H. H. Li.,,2026-09-28,CC0-1.0 (refractiveindex.info public domain),"Optical constants for Germanium via the refractiveindex.info database (public domain, CC0 1.0). Primary reference: H. H. Li. DOI: https://doi.org/10.1063/1.555624 | page note: 550 K (277 °C)"
RII-GE-NUNLEY,refractiveindex.info,Germanium: Nunley (nk data),https://refractiveindex.info/?shelf=main&book=Ge&page=Nunley,"T. N. Nunley, N. S. Fernando, N. Samarasingha, J. M. Moya, C. M. Nelson, A. A. Medina, S. Zollner.",,2026-09-28,CC0-1.0 (refractiveindex.info public domain),"Optical constants for Germanium via the refractiveindex.info database (public domain, CC0 1.0). Primary reference: T. N. Nunley, N. S. Fernando, N. Samarasingha, J. M. Moya, C. M. Nelson, A. A. Medina, S. Zollner. DOI: https://doi.org/10.1116/1.4963075 | page note: 300 K"
RII-LAF3-AMOTCHKINA,refractiveindex.info,Lanthanum fluoride: Amotchkina (nk data),https://refractiveindex.info/?shelf=main&book=LaF3&page=Amotchkina,"T. Amotchkina, M. Trubetskov, D. Hahner, V. Pervak.",,2026-09-28,CC0-1.0 (refractiveindex.info public domain),"Optical constants for Lanthanum fluoride via the refractiveindex.info database (public domain, CC0 1.0). Primary reference: T. Amotchkina, M. Trubetskov, D. Hahner, V. Pervak. DOI: https://doi.org/10.1364/AO.59.000A40 | page note: 1.368 µm LaF<sub>3</sub> film deposited on 1 mm thick ZnSe substratee by e-beam evaporation at 120 °C substrate temperature."
RII-LAF3-LAIHOA-E,refractiveindex.info,Lanthanum fluoride: Laihoa-e (nk data),https://refractiveindex.info/?shelf=main&book=LaF3&page=Laihoa-e,R. Laihoa and M. Lakkistoa.,,2026-09-28,CC0-1.0 (refractiveindex.info public domain),"Optical constants for Lanthanum fluoride via the refractiveindex.info database (public domain, CC0 1.0). Primary reference: R. Laihoa and M. Lakkistoa. DOI: https://doi.org/10.1080/13642818308226470 | page note: Extraordinary ray (e)"
RII-LAF3-LAIHOA-O,refractiveindex.info,Lanthanum fluoride: Laihoa-o (nk data),https://refractiveindex.info/?shelf=main&book=LaF3&page=Laihoa-o,R. Laihoa and M. Lakkistoa.,,2026-09-28,CC0-1.0 (refractiveindex.info public domain),"Optical constants for Lanthanum fluoride via the refractiveindex.info database (public domain, CC0 1.0). Primary reference: R. Laihoa and M. Lakkistoa. DOI: https://doi.org/10.1080/13642818308226470 | page note: Ordinary ray (o)"
RII-LAF3-RODRIGUEZ-DEMARCOS,refractiveindex.info,Lanthanum fluoride: Rodriguez-de Marcos (nk data),https://refractiveindex.info/?shelf=main&book=LaF3&page=Rodriguez-de Marcos,"L. V. Rodríguez-de Marcos, J. I. Larruquert, J. A. Méndez, J. A. Aznárez.",,2026-09-28,CC0-1.0 (refractiveindex.info public domain),"Optical constants for Lanthanum fluoride via the refractiveindex.info database (public domain, CC0 1.0). Primary reference: L. V. Rodríguez-de Marcos, J. I. Larruquert, J. A. Méndez, J. A. Aznárez. DOI: https://doi.org/10.1364/OME.7.000989 | page note: 48 nm film prepared by evaporation from tungsten boat at 250 °C"
RII-LIF-LI,refractiveindex.info,Lithium fluoride: Li (nk data),https://refractiveindex.info/?shelf=main&book=LiF&page=Li,H. H. Li.,,2026-09-28,CC0-1.0 (refractiveindex.info public domain),"Optical constants for Lithium fluoride via the refractiveindex.info database (public domain, CC0 1.0). Primary reference: H. H. Li. DOI: https://doi.org/10.1063/1.555536 | page note: 297 K (24 °C)."
RII-MGAL2O4-CHERNOVA,refractiveindex.info,Magnesium aluminate (spinel): Chernova (nk data),https://refractiveindex.info/?shelf=main&book=MgAl2O4&page=Chernova,"E. Chernova, C. Brooks, D. Chvostova, Z. Bryknar, A. Dejneka, M. Tyunina.",,2026-09-28,CC0-1.0 (refractiveindex.info public domain),"Optical constants for Magnesium aluminate (spinel) via the refractiveindex.info database (public domain, CC0 1.0). Primary reference: E. Chernova, C. Brooks, D. Chvostova, Z. Bryknar, A. Dejneka, M. Tyunina. DOI: https://doi.org/10.1364/OME.7.003844 | page note: MgAl2O4, magnesium aluminate spinel (MAS)"
RII-MGAL2O4-TROPF,refractiveindex.info,Magnesium aluminate (spinel): Tropf (nk data),https://refractiveindex.info/?shelf=main&book=MgAl2O4&page=Tropf,"1) W. J. Tropf and M. E. Thomas, Magnesium aluminum spinel (MgAlO4), in E. D. Palik (ed.), Handbook of Optical Constants of Solids II, Academic Press, Orlando, 1991, pp. 881-8952) Handbook of Optics, 3rd edition, Vol. 4. McGraw-Hill 2009* Ref. 2 provides improved Sellmeier equation based on data from Ref. 1",,2026-09-28,CC0-1.0 (refractiveindex.info public domain),"Optical constants for Magnesium aluminate (spinel) via the refractiveindex.info database (public domain, CC0 1.0). Primary reference: 1) W. J. Tropf and M. E. Thomas, Magnesium aluminum spinel (MgAlO4), in E. D. Palik (ed.), Handbook of Optical Constants of Solids II, Academic Press, Orlando, 1991, pp. 881-8952) Handbook of Optics, 3rd edition, Vol. 4. McGraw-Hill 2009* Ref. 2 provides improved Sellmeier equation based on data from Ref. 1 | page note: Room temperature"
RII-MGF2-DODGE-E,refractiveindex.info,Magnesium fluoride (magnesite): Dodge-e (nk data),https://refractiveindex.info/?shelf=main&book=MgF2&page=Dodge-e,M. J. Dodge.,,2026-09-28,CC0-1.0 (refractiveindex.info public domain),"Optical constants for Magnesium fluoride (magnesite) via the refractiveindex.info database (public domain, CC0 1.0). Primary reference: M. J. Dodge. DOI: https://doi.org/10.1364/AO.23.001980 | page note: 19 °C. Extraordinary ray (e)."
RII-MGF2-DODGE-O,refractiveindex.info,Magnesium fluoride (magnesite): Dodge-o (nk data),https://refractiveindex.info/?shelf=main&book=MgF2&page=Dodge-o,M. J. Dodge.,,2026-09-28,CC0-1.0 (refractiveindex.info public domain),"Optical constants for Magnesium fluoride (magnesite) via the refractiveindex.info database (public domain, CC0 1.0). Primary reference: M. J. Dodge. DOI: https://doi.org/10.1364/AO.23.001980 | page note: 19 °C. Ordinary ray (o)."
RII-MGF2-FRANTA,refractiveindex.info,Magnesium fluoride (magnesite): Franta (nk data),https://refractiveindex.info/?shelf=main&book=MgF2&page=Franta,"D. Franta, D. Nečas, A. Giglia, P. Franta, I. Ohlídal.",,2026-09-28,CC0-1.0 (refractiveindex.info public domain),"Optical constants for Magnesium fluoride (magnesite) via the refractiveindex.info database (public domain, CC0 1.0). Primary reference: D. Franta, D. Nečas, A. Giglia, P. Franta, I. Ohlídal. DOI: https://doi.org/10.1016/j.apsusc.2016.09.149 | page note: Film MgF<sub>2</sub>; Deposited by e-beam evaporation on c-Si; 134.2 nm thick film with an polycrystalline structure; Heterogenous data processing combining ellipsometric and spectrophotometric measurements; Room temperature."
RII-MGF2-LI-E,refractiveindex.info,Magnesium fluoride (magnesite): Li-e (nk data),https://refractiveindex.info/?shelf=main&book=MgF2&page=Li-e,H. H. Li.,,2026-09-28,CC0-1.0 (refractiveindex.info public domain),"Optical constants for Magnesium fluoride (magnesite) via the refractiveindex.info database (public domain, CC0 1.0). Primary reference: H. H. Li. DOI: https://doi.org/10.1063/1.555616 | page note: 293 K (20 °C). Extraordinary ray (e)."
RII-MGF2-LI-O,refractiveindex.info,Magnesium fluoride (magnesite): Li-o (nk data),https://refractiveindex.info/?shelf=main&book=MgF2&page=Li-o,H. H. Li.,,2026-09-28,CC0-1.0 (refractiveindex.info public domain),"Optical constants for Magnesium fluoride (magnesite) via the refractiveindex.info database (public domain, CC0 1.0). Primary reference: H. H. Li. DOI: https://doi.org/10.1063/1.555616 | page note: 293 K (20 °C). Ordinary ray (o)."
RII-MGF2-RODRIGUEZ-DEMARCOS,refractiveindex.info,Magnesium fluoride (magnesite): Rodriguez-de Marcos (nk data),https://refractiveindex.info/?shelf=main&book=MgF2&page=Rodriguez-de Marcos,"L. V. Rodríguez-de Marcos, J. I. Larruquert, J. A. Méndez, J. A. Aznárez.",,2026-09-28,CC0-1.0 (refractiveindex.info public domain),"Optical constants for Magnesium fluoride (magnesite) via the refractiveindex.info database (public domain, CC0 1.0). Primary reference: L. V. Rodríguez-de Marcos, J. I. Larruquert, J. A. Méndez, J. A. Aznárez. DOI: https://doi.org/10.1364/OME.7.000989 | page note: 44 nm film prepared by evaporation from tungsten boat at 250 °C"
RII-MGF2-ZHENG-E-186C,refractiveindex.info,Magnesium fluoride (magnesite): Zheng-e-186C (nk data),https://refractiveindex.info/?shelf=main&book=MgF2&page=Zheng-e-186C,"Q. Zheng, X. Wang, D. Thompson.",,2026-09-28,CC0-1.0 (refractiveindex.info public domain),"Optical constants for Magnesium fluoride (magnesite) via the refractiveindex.info database (public domain, CC0 1.0). Primary reference: Q. Zheng, X. Wang, D. Thompson. DOI: https://doi.org/10.1364/OME.496246 | page note: Extraordinary ray (e).
186.4 °C.
The supplementary materials of the original publication contain coefficients of the Sellmeier formula for multiple temperatures in the range of 21 °C to 368 °C."
RII-MGF2-ZHENG-E-21C,refractiveindex.info,Magnesium fluoride (magnesite): Zheng-e-21C (nk data),https://refractiveindex.info/?shelf=main&book=MgF2&page=Zheng-e-21C,"Q. Zheng, X. Wang, D. Thompson.",,2026-09-28,CC0-1.0 (refractiveindex.info public domain),"Optical constants for Magnesium fluoride (magnesite) via the refractiveindex.info database (public domain, CC0 1.0). Primary reference: Q. Zheng, X. Wang, D. Thompson. DOI: https://doi.org/10.1364/OME.496246 | page note: Extraordinary ray (e).
21.1 °C.
The supplementary materials of the original publication contain coefficients of the Sellmeier formula for multiple temperatures in the range of 21 °C to 368 °C."
RII-MGF2-ZHENG-E-368C,refractiveindex.info,Magnesium fluoride (magnesite): Zheng-e-368C (nk data),https://refractiveindex.info/?shelf=main&book=MgF2&page=Zheng-e-368C,"Q. Zheng, X. Wang, D. Thompson.",,2026-09-28,CC0-1.0 (refractiveindex.info public domain),"Optical constants for Magnesium fluoride (magnesite) via the refractiveindex.info database (public domain, CC0 1.0). Primary reference: Q. Zheng, X. Wang, D. Thompson. DOI: https://doi.org/10.1364/OME.496246 | page note: Extraordinary ray (e).
367.9 °C.
The supplementary materials of the original publication contain coefficients of the Sellmeier formula for multiple temperatures in the range of 21 °C to 368 °C."
RII-MGF2-ZHENG-O-186C,refractiveindex.info,Magnesium fluoride (magnesite): Zheng-o-186C (nk data),https://refractiveindex.info/?shelf=main&book=MgF2&page=Zheng-o-186C,"Q. Zheng, X. Wang, D. Thompson.",,2026-09-28,CC0-1.0 (refractiveindex.info public domain),"Optical constants for Magnesium fluoride (magnesite) via the refractiveindex.info database (public domain, CC0 1.0). Primary reference: Q. Zheng, X. Wang, D. Thompson. DOI: https://doi.org/10.1364/OME.496246 | page note: Ordinary ray (o). 186.4 °C. The supplementary materials of the original publication contain coefficients of the Sellmeier formula for multiple temperatures in the range of 21 °C to 368 °C."
RII-MGF2-ZHENG-O-21C,refractiveindex.info,Magnesium fluoride (magnesite): Zheng-o-21C (nk data),https://refractiveindex.info/?shelf=main&book=MgF2&page=Zheng-o-21C,"Q. Zheng, X. Wang, D. Thompson.",,2026-09-28,CC0-1.0 (refractiveindex.info public domain),"Optical constants for Magnesium fluoride (magnesite) via the refractiveindex.info database (public domain, CC0 1.0). Primary reference: Q. Zheng, X. Wang, D. Thompson. DOI: https://doi.org/10.1364/OME.496246 | page note: Ordinary ray (o). 21.1 °C. The supplementary materials of the original publication contain coefficients of the Sellmeier formula for multiple temperatures in the range of 21 °C to 368 °C."
RII-MGF2-ZHENG-O-368C,refractiveindex.info,Magnesium fluoride (magnesite): Zheng-o-368C (nk data),https://refractiveindex.info/?shelf=main&book=MgF2&page=Zheng-o-368C,"Q. Zheng, X. Wang, D. Thompson.",,2026-09-28,CC0-1.0 (refractiveindex.info public domain),"Optical constants for Magnesium fluoride (magnesite) via the refractiveindex.info database (public domain, CC0 1.0). Primary reference: Q. Zheng, X. Wang, D. Thompson. DOI: https://doi.org/10.1364/OME.496246 | page note: Ordinary ray (o). 367.9 °C. The supplementary materials of the original publication contain coefficients of the Sellmeier formula for multiple temperatures in the range of 21 °C to 368 °C."
RII-SI-ASPNES,refractiveindex.info,Silicon: Aspnes (nk data),https://refractiveindex.info/?shelf=main&book=Si&page=Aspnes,D. E. Aspnes and A. A. Studna.,,2026-09-28,CC0-1.0 (refractiveindex.info public domain),"Optical constants for Silicon via the refractiveindex.info database (public domain, CC0 1.0). Primary reference: D. E. Aspnes and A. A. Studna. DOI: https://doi.org/10.1103/PhysRevB.27.985 | page note: Crystal  orientation: <111>; Doping: 2.3×10<sup>14</sup> cm<sup>-3</sup>, n; Room temperature"
RII-SI-CHANDLER-HOROWITZ,refractiveindex.info,Silicon: Chandler-Horowitz (nk data),https://refractiveindex.info/?shelf=main&book=Si&page=Chandler-Horowitz,D. Chandler-Horowitz and P. M. Amirtharaj.,,2026-09-28,CC0-1.0 (refractiveindex.info public domain),"Optical constants for Silicon via the refractiveindex.info database (public domain, CC0 1.0). Primary reference: D. Chandler-Horowitz and P. M. Amirtharaj. DOI: https://doi.org/10.1063/1.1923612 | page note: Room temperatue."
RII-SI-DAUB,refractiveindex.info,Silicon: Daub (nk data),https://refractiveindex.info/?shelf=main&book=Si&page=Daub,E. Daub.,,2026-09-28,CC0-1.0 (refractiveindex.info public domain),"Optical constants for Silicon via the refractiveindex.info database (public domain, CC0 1.0). Primary reference: E. Daub. DOI: https://doi.org/10.1109/JPHOTOV.2013.2263985 | page note: Band-to-band absorption coefficient. Temperature: 295 K."
RII-SI-FRANTA,refractiveindex.info,Silicon: Franta (nk data),https://refractiveindex.info/?shelf=main&book=Si&page=Franta,"D. Franta, D. Nečas, L. Zajíčková, I. Ohlídal, J, Stuchlík.",,2026-09-28,CC0-1.0 (refractiveindex.info public domain),"Optical constants for Silicon via the refractiveindex.info database (public domain, CC0 1.0). Primary reference: D. Franta, D. Nečas, L. Zajíčková, I. Ohlídal, J, Stuchlík. DOI: https://doi.org/10.1016/j.tsf.2013.04.129 | page note: Film a-Si:H; Multi-sample method; Heterogenous data processing combining ellipsometric and spectrophotometric measurements on films deposited on c-Si and glass; Experimental data of the films deposited on c=Si are taken from
D. Franta, D. Nečas, L. Zajíčková, I. Ohlídal, J, Stuchlík, D. Chvostová.
Application of sum rule to the dispersion model of hydrogenated amorphous silicon,
<a href=\https://doi.org/10.1016/j.tsf.2013.04.012""><i>Thin Solid Films</i> <b>539</b>, 233-244 (2013)</a>.
Room temperature."""
RII-SI-FRANTA-100K,refractiveindex.info,Silicon: Franta-100K (nk data),https://refractiveindex.info/?shelf=main&book=Si&page=Franta-100K,"D. Franta, A. Dubroka, C. Wang, A. Giglia, J. Vohánka, P. Franta, I. Ohlídal.",,2026-09-28,CC0-1.0 (refractiveindex.info public domain),"Optical constants for Silicon via the refractiveindex.info database (public domain, CC0 1.0). Primary reference: D. Franta, A. Dubroka, C. Wang, A. Giglia, J. Vohánka, P. Franta, I. Ohlídal. DOI: https://doi.org/j.apsusc.2017.02.021 | page note: Float zone c-Si; Heterogenous data processing combining ellipsometric and spectrophotometric measurements with refractive index determined in 
B. J. Frey, D. B. Leviton, T. J. Madison.
Temperature-dependent refractive index of silicon and germanium,
<a href=\https://doi.org/10.1117/12.672850""><i>Proc. SPIE</i> <b>6273</b>, 62732J (2006)</a>.
Numerical procedures updated in
D. Franta, P. Franta, J. Vohánka, M. Čermák, I. Ohlídal.
Determination of thicknesses and temperatures of crystalline silicon wafers from optical measurements in the far infrared region,
<a href=""https://doi.org/10.1063/1.5026195""><i>J. Appl. Phys.</i> <b>123</b>, 185707 (2018)</a>.
Temperature 100 K."""
RII-SI-FRANTA-10K,refractiveindex.info,Silicon: Franta-10K (nk data),https://refractiveindex.info/?shelf=main&book=Si&page=Franta-10K,"D. Franta, A. Dubroka, C. Wang, A. Giglia, J. Vohánka, P. Franta, I. Ohlídal.",,2026-09-28,CC0-1.0 (refractiveindex.info public domain),"Optical constants for Silicon via the refractiveindex.info database (public domain, CC0 1.0). Primary reference: D. Franta, A. Dubroka, C. Wang, A. Giglia, J. Vohánka, P. Franta, I. Ohlídal. DOI: https://doi.org/j.apsusc.2017.02.021 | page note: Float zone c-Si; Heterogenous data processing combining ellipsometric and spectrophotometric measurements with refractive index determined in 
B. J. Frey, D. B. Leviton, T. J. Madison.
Temperature-dependent refractive index of silicon and germanium,
<a href=\https://doi.org/10.1117/12.672850""><i>Proc. SPIE</i> <b>6273</b>, 62732J (2006)</a>.
Numerical procedures updated in
D. Franta, P. Franta, J. Vohánka, M. Čermák, I. Ohlídal.
Determination of thicknesses and temperatures of crystalline silicon wafers from optical measurements in the far infrared region,
<a href=""https://doi.org/10.1063/1.5026195""><i>J. Appl. Phys.</i> <b>123</b>, 185707 (2018)</a>.
Temperature 10 K."""
RII-SI-FRANTA-150K,refractiveindex.info,Silicon: Franta-150K (nk data),https://refractiveindex.info/?shelf=main&book=Si&page=Franta-150K,"D. Franta, A. Dubroka, C. Wang, A. Giglia, J. Vohánka, P. Franta, I. Ohlídal.",,2026-09-28,CC0-1.0 (refractiveindex.info public domain),"Optical constants for Silicon via the refractiveindex.info database (public domain, CC0 1.0). Primary reference: D. Franta, A. Dubroka, C. Wang, A. Giglia, J. Vohánka, P. Franta, I. Ohlídal. DOI: https://doi.org/j.apsusc.2017.02.021 | page note: Float zone c-Si; Heterogenous data processing combining ellipsometric and spectrophotometric measurements with refractive index determined in 
B. J. Frey, D. B. Leviton, T. J. Madison.
Temperature-dependent refractive index of silicon and germanium,
<a href=\https://doi.org/10.1117/12.672850""><i>Proc. SPIE</i> <b>6273</b>, 62732J (2006)</a>.
Numerical procedures updated in
D. Franta, P. Franta, J. Vohánka, M. Čermák, I. Ohlídal.
Determination of thicknesses and temperatures of crystalline silicon wafers from optical measurements in the far infrared region,
<a href=""https://doi.org/10.1063/1.5026195""><i>J. Appl. Phys.</i> <b>123</b>, 185707 (2018)</a>.
Temperature 150 K."""
RII-SI-FRANTA-200K,refractiveindex.info,Silicon: Franta-200K (nk data),https://refractiveindex.info/?shelf=main&book=Si&page=Franta-200K,"D. Franta, A. Dubroka, C. Wang, A. Giglia, J. Vohánka, P. Franta, I. Ohlídal.",,2026-09-28,CC0-1.0 (refractiveindex.info public domain),"Optical constants for Silicon via the refractiveindex.info database (public domain, CC0 1.0). Primary reference: D. Franta, A. Dubroka, C. Wang, A. Giglia, J. Vohánka, P. Franta, I. Ohlídal. DOI: https://doi.org/j.apsusc.2017.02.021 | page note: Float zone c-Si; Heterogenous data processing combining ellipsometric and spectrophotometric measurements with refractive index determined in 
B. J. Frey, D. B. Leviton, T. J. Madison.
Temperature-dependent refractive index of silicon and germanium,
<a href=\https://doi.org/10.1117/12.672850""><i>Proc. SPIE</i> <b>6273</b>, 62732J (2006)</a>.
Numerical procedures updated in
D. Franta, P. Franta, J. Vohánka, M. Čermák, I. Ohlídal.
Determination of thicknesses and temperatures of crystalline silicon wafers from optical measurements in the far infrared region,
<a href=""https://doi.org/10.1063/1.5026195""><i>J. Appl. Phys.</i> <b>123</b>, 185707 (2018)</a>.
Temperature 200 K."""
RII-SI-FRANTA-20C,refractiveindex.info,Silicon: Franta-20C (nk data),https://refractiveindex.info/?shelf=main&book=Si&page=Franta-20C,"D. Franta, A. Dubroka, C. Wang, A. Giglia, J. Vohánka, P. Franta, I. Ohlídal.",,2026-09-28,CC0-1.0 (refractiveindex.info public domain),"Optical constants for Silicon via the refractiveindex.info database (public domain, CC0 1.0). Primary reference: D. Franta, A. Dubroka, C. Wang, A. Giglia, J. Vohánka, P. Franta, I. Ohlídal. DOI: https://doi.org/j.apsusc.2017.02.021 | page note: Float zone c-Si; Heterogenous data processing combining ellipsometric and spectrophotometric measurements with refractive index determined in 
B. J. Frey, D. B. Leviton, T. J. Madison.
Temperature-dependent refractive index of silicon and germanium,
<a href=\https://doi.org/10.1117/12.672850""><i>Proc. SPIE</i> <b>6273</b>, 62732J (2006)</a>.
Numerical procedures updated in
D. Franta, P. Franta, J. Vohánka, M. Čermák, I. Ohlídal.
Determination of thicknesses and temperatures of crystalline silicon wafers from optical measurements in the far infrared region,
<a href=""https://doi.org/10.1063/1.5026195""><i>J. Appl. Phys.</i> <b>123</b>, 185707 (2018)</a>.
Temperature 20 °C."""
RII-SI-FRANTA-250K,refractiveindex.info,Silicon: Franta-250K (nk data),https://refractiveindex.info/?shelf=main&book=Si&page=Franta-250K,"D. Franta, A. Dubroka, C. Wang, A. Giglia, J. Vohánka, P. Franta, I. Ohlídal.",,2026-09-28,CC0-1.0 (refractiveindex.info public domain),"Optical constants for Silicon via the refractiveindex.info database (public domain, CC0 1.0). Primary reference: D. Franta, A. Dubroka, C. Wang, A. Giglia, J. Vohánka, P. Franta, I. Ohlídal. DOI: https://doi.org/j.apsusc.2017.02.021 | page note: Float zone c-Si; Heterogenous data processing combining ellipsometric and spectrophotometric measurements with refractive index determined in 
B. J. Frey, D. B. Leviton, T. J. Madison.
Temperature-dependent refractive index of silicon and germanium,
<a href=\https://doi.org/10.1117/12.672850""><i>Proc. SPIE</i> <b>6273</b>, 62732J (2006)</a>.
Numerical procedures updated in
D. Franta, P. Franta, J. Vohánka, M. Čermák, I. Ohlídal.
Determination of thicknesses and temperatures of crystalline silicon wafers from optical measurements in the far infrared region,
<a href=""https://doi.org/10.1063/1.5026195""><i>J. Appl. Phys.</i> <b>123</b>, 185707 (2018)</a>.
Temperature 250 K."""
RII-SI-FRANTA-25C,refractiveindex.info,Silicon: Franta-25C (nk data),https://refractiveindex.info/?shelf=main&book=Si&page=Franta-25C,"D. Franta, A. Dubroka, C. Wang, A. Giglia, J. Vohánka, P. Franta, I. Ohlídal.",,2026-09-28,CC0-1.0 (refractiveindex.info public domain),"Optical constants for Silicon via the refractiveindex.info database (public domain, CC0 1.0). Primary reference: D. Franta, A. Dubroka, C. Wang, A. Giglia, J. Vohánka, P. Franta, I. Ohlídal. DOI: https://doi.org/j.apsusc.2017.02.021 | page note: Float zone c-Si; Heterogenous data processing combining ellipsometric and spectrophotometric measurements with refractive index determined in 
B. J. Frey, D. B. Leviton, T. J. Madison.
Temperature-dependent refractive index of silicon and germanium,
<a href=\https://doi.org/10.1117/12.672850""><i>Proc. SPIE</i> <b>6273</b>, 62732J (2006)</a>.
Numerical procedures updated in
D. Franta, P. Franta, J. Vohánka, M. Čermák, I. Ohlídal.
Determination of thicknesses and temperatures of crystalline silicon wafers from optical measurements in the far infrared region,
<a href=""https://doi.org/10.1063/1.5026195""><i>J. Appl. Phys.</i> <b>123</b>, 185707 (2018)</a>.
Temperature 25 °C."""
RII-SI-FRANTA-300K,refractiveindex.info,Silicon: Franta-300K (nk data),https://refractiveindex.info/?shelf=main&book=Si&page=Franta-300K,"D. Franta, A. Dubroka, C. Wang, A. Giglia, J. Vohánka, P. Franta, I. Ohlídal.",,2026-09-28,CC0-1.0 (refractiveindex.info public domain),"Optical constants for Silicon via the refractiveindex.info database (public domain, CC0 1.0). Primary reference: D. Franta, A. Dubroka, C. Wang, A. Giglia, J. Vohánka, P. Franta, I. Ohlídal. DOI: https://doi.org/j.apsusc.2017.02.021 | page note: Float zone c-Si; Heterogenous data processing combining ellipsometric and spectrophotometric measurements with refractive index determined in 
B. J. Frey, D. B. Leviton, T. J. Madison.
Temperature-dependent refractive index of silicon and germanium,
<a href=\https://doi.org/10.1117/12.672850""><i>Proc. SPIE</i> <b>6273</b>, 62732J (2006)</a>.
Numerical procedures updated in
D. Franta, P. Franta, J. Vohánka, M. Čermák, I. Ohlídal.
Determination of thicknesses and temperatures of crystalline silicon wafers from optical measurements in the far infrared region,
<a href=""https://doi.org/10.1063/1.5026195""><i>J. Appl. Phys.</i> <b>123</b>, 185707 (2018)</a>.
Temperature 300 K."""
RII-SI-FRANTA-350K,refractiveindex.info,Silicon: Franta-350K (nk data),https://refractiveindex.info/?shelf=main&book=Si&page=Franta-350K,"D. Franta, A. Dubroka, C. Wang, A. Giglia, J. Vohánka, P. Franta, I. Ohlídal.",,2026-09-28,CC0-1.0 (refractiveindex.info public domain),"Optical constants for Silicon via the refractiveindex.info database (public domain, CC0 1.0). Primary reference: D. Franta, A. Dubroka, C. Wang, A. Giglia, J. Vohánka, P. Franta, I. Ohlídal. DOI: https://doi.org/j.apsusc.2017.02.021 | page note: Float zone c-Si; Heterogenous data processing combining ellipsometric and spectrophotometric measurements with refractive index determined in 
B. J. Frey, D. B. Leviton, T. J. Madison.
Temperature-dependent refractive index of silicon and germanium,
<a href=\https://doi.org/10.1117/12.672850""><i>Proc. SPIE</i> <b>6273</b>, 62732J (2006)</a>.
Numerical procedures updated in
D. Franta, P. Franta, J. Vohánka, M. Čermák, I. Ohlídal.
Determination of thicknesses and temperatures of crystalline silicon wafers from optical measurements in the far infrared region,
<a href=""https://doi.org/10.1063/1.5026195""><i>J. Appl. Phys.</i> <b>123</b>, 185707 (2018)</a>.
Temperature 350 K."""
RII-SI-FRANTA-400K,refractiveindex.info,Silicon: Franta-400K (nk data),https://refractiveindex.info/?shelf=main&book=Si&page=Franta-400K,"D. Franta, A. Dubroka, C. Wang, A. Giglia, J. Vohánka, P. Franta, I. Ohlídal.",,2026-09-28,CC0-1.0 (refractiveindex.info public domain),"Optical constants for Silicon via the refractiveindex.info database (public domain, CC0 1.0). Primary reference: D. Franta, A. Dubroka, C. Wang, A. Giglia, J. Vohánka, P. Franta, I. Ohlídal. DOI: https://doi.org/j.apsusc.2017.02.021 | page note: Float zone c-Si; Heterogenous data processing combining ellipsometric and spectrophotometric measurements with refractive index determined in 
B. J. Frey, D. B. Leviton, T. J. Madison.
Temperature-dependent refractive index of silicon and germanium,
<a href=\https://doi.org/10.1117/12.672850""><i>Proc. SPIE</i> <b>6273</b>, 62732J (2006)</a>.
Numerical procedures updated in
D. Franta, P. Franta, J. Vohánka, M. Čermák, I. Ohlídal.
Determination of thicknesses and temperatures of crystalline silicon wafers from optical measurements in the far infrared region,
<a href=""https://doi.org/10.1063/1.5026195""><i>J. Appl. Phys.</i> <b>123</b>, 185707 (2018)</a>.
Temperature 400 K."""
RII-SI-FRANTA-450K,refractiveindex.info,Silicon: Franta-450K (nk data),https://refractiveindex.info/?shelf=main&book=Si&page=Franta-450K,"D. Franta, A. Dubroka, C. Wang, A. Giglia, J. Vohánka, P. Franta, I. Ohlídal.",,2026-09-28,CC0-1.0 (refractiveindex.info public domain),"Optical constants for Silicon via the refractiveindex.info database (public domain, CC0 1.0). Primary reference: D. Franta, A. Dubroka, C. Wang, A. Giglia, J. Vohánka, P. Franta, I. Ohlídal. DOI: https://doi.org/j.apsusc.2017.02.021 | page note: Float zone c-Si; Heterogenous data processing combining ellipsometric and spectrophotometric measurements with refractive index determined in 
B. J. Frey, D. B. Leviton, T. J. Madison.
Temperature-dependent refractive index of silicon and germanium,
<a href=\https://doi.org/10.1117/12.672850""><i>Proc. SPIE</i> <b>6273</b>, 62732J (2006)</a>.
Numerical procedures updated in
D. Franta, P. Franta, J. Vohánka, M. Čermák, I. Ohlídal.
Determination of thicknesses and temperatures of crystalline silicon wafers from optical measurements in the far infrared region,
<a href=""https://doi.org/10.1063/1.5026195""><i>J. Appl. Phys.</i> <b>123</b>, 185707 (2018)</a>.
Temperature 450 K."""
RII-SI-FRANTA-500K,refractiveindex.info,Silicon: Franta-500K (nk data),https://refractiveindex.info/?shelf=main&book=Si&page=Franta-500K,"D. Franta, A. Dubroka, C. Wang, A. Giglia, J. Vohánka, P. Franta, I. Ohlídal.",,2026-09-28,CC0-1.0 (refractiveindex.info public domain),"Optical constants for Silicon via the refractiveindex.info database (public domain, CC0 1.0). Primary reference: D. Franta, A. Dubroka, C. Wang, A. Giglia, J. Vohánka, P. Franta, I. Ohlídal. DOI: https://doi.org/j.apsusc.2017.02.021 | page note: Float zone c-Si; Heterogenous data processing combining ellipsometric and spectrophotometric measurements with refractive index determined in 
B. J. Frey, D. B. Leviton, T. J. Madison.
Temperature-dependent refractive index of silicon and germanium,
<a href=\https://doi.org/10.1117/12.672850""><i>Proc. SPIE</i> <b>6273</b>, 62732J (2006)</a>.
Numerical procedures updated in
D. Franta, P. Franta, J. Vohánka, M. Čermák, I. Ohlídal.
Determination of thicknesses and temperatures of crystalline silicon wafers from optical measurements in the far infrared region,
<a href=""https://doi.org/10.1063/1.5026195""><i>J. Appl. Phys.</i> <b>123</b>, 185707 (2018)</a>.
Temperature 500 K."""
RII-SI-FRANTA-50K,refractiveindex.info,Silicon: Franta-50K (nk data),https://refractiveindex.info/?shelf=main&book=Si&page=Franta-50K,"D. Franta, A. Dubroka, C. Wang, A. Giglia, J. Vohánka, P. Franta, I. Ohlídal.",,2026-09-28,CC0-1.0 (refractiveindex.info public domain),"Optical constants for Silicon via the refractiveindex.info database (public domain, CC0 1.0). Primary reference: D. Franta, A. Dubroka, C. Wang, A. Giglia, J. Vohánka, P. Franta, I. Ohlídal. DOI: https://doi.org/j.apsusc.2017.02.021 | page note: Float zone c-Si; Heterogenous data processing combining ellipsometric and spectrophotometric measurements with refractive index determined in 
B. J. Frey, D. B. Leviton, T. J. Madison.
Temperature-dependent refractive index of silicon and germanium,
<a href=\https://doi.org/10.1117/12.672850""><i>Proc. SPIE</i> <b>6273</b>, 62732J (2006)</a>.
Numerical procedures updated in 
D. Franta, P. Franta, J. Vohánka, M. Čermák, I. Ohlídal.
Determination of thicknesses and temperatures of crystalline silicon wafers from optical measurements in the far infrared region,
<a href=""https://doi.org/10.1063/1.5026195""><i>J. Appl. Phys.</i> <b>123</b>, 185707 (2018)</a>.
Temperature 50 K."""
RII-SI-GREEN-1995,refractiveindex.info,Silicon: Green-1995 (nk data),https://refractiveindex.info/?shelf=main&book=Si&page=Green-1995,M. A. Green and M. J. Keevers.,,2026-09-28,CC0-1.0 (refractiveindex.info public domain),"Optical constants for Silicon via the refractiveindex.info database (public domain, CC0 1.0). Primary reference: M. A. Green and M. J. Keevers. DOI: https://doi.org/10.1002/pip.4670030303 | page note: 300 K (27 °C)"
RII-SI-GREEN-2008,refractiveindex.info,Silicon: Green-2008 (nk data),https://refractiveindex.info/?shelf=main&book=Si&page=Green-2008,M. A. Green.,,2026-09-28,CC0-1.0 (refractiveindex.info public domain),"Optical constants for Silicon via the refractiveindex.info database (public domain, CC0 1.0). Primary reference: M. A. Green. DOI: https://doi.org/10.1016/j.solmat.2008.06.009 | page note: Combination of data sets enforcing KK consistency. 300 K (27 °C). k is for band-to-band absorption."
RII-SI-JELLISON,refractiveindex.info,Silicon: Jellison (nk data),https://refractiveindex.info/?shelf=main&book=Si&page=Jellison,G.E. Jellison Jr.,,2026-09-28,CC0-1.0 (refractiveindex.info public domain),"Optical constants for Silicon via the refractiveindex.info database (public domain, CC0 1.0). Primary reference: G.E. Jellison Jr. DOI: https://doi.org/10.1016/0925-3467(92)90015-F | page note: Crysal orientation: <100>; n-type, 0.2-0.3 Ω·cm; Room temperature"
RII-SI-KARAMAN-120C,refractiveindex.info,Silicon: Karaman-120C (nk data),https://refractiveindex.info/?shelf=main&book=Si&page=Karaman-120C,"O. C. Karaman, G. N. Naidu, A. R. Bowman, E. N. Dayi, G. Tagliabue.",,2026-09-28,CC0-1.0 (refractiveindex.info public domain),"Optical constants for Silicon via the refractiveindex.info database (public domain, CC0 1.0). Primary reference: O. C. Karaman, G. N. Naidu, A. R. Bowman, E. N. Dayi, G. Tagliabue. DOI: https://doi.org/10.1002/lpor.202501014 | page note: Amorphous silicon (a-Si), 120 °C. 100 nm film on fused silica substrate."
RII-SI-KARAMAN-170C,refractiveindex.info,Silicon: Karaman-170C (nk data),https://refractiveindex.info/?shelf=main&book=Si&page=Karaman-170C,"O. C. Karaman, G. N. Naidu, A. R. Bowman, E. N. Dayi, G. Tagliabue.",,2026-09-28,CC0-1.0 (refractiveindex.info public domain),"Optical constants for Silicon via the refractiveindex.info database (public domain, CC0 1.0). Primary reference: O. C. Karaman, G. N. Naidu, A. R. Bowman, E. N. Dayi, G. Tagliabue. DOI: https://doi.org/10.1002/lpor.202501014 | page note: Amorphous silicon (a-Si), 170 °C. 100 nm film on fused silica substrate."
RII-SI-KARAMAN-20C,refractiveindex.info,Silicon: Karaman-20C (nk data),https://refractiveindex.info/?shelf=main&book=Si&page=Karaman-20C,"O. C. Karaman, G. N. Naidu, A. R. Bowman, E. N. Dayi, G. Tagliabue.",,2026-09-28,CC0-1.0 (refractiveindex.info public domain),"Optical constants for Silicon via the refractiveindex.info database (public domain, CC0 1.0). Primary reference: O. C. Karaman, G. N. Naidu, A. R. Bowman, E. N. Dayi, G. Tagliabue. DOI: https://doi.org/10.1002/lpor.202501014 | page note: Amorphous silicon (a-Si), 20 °C. 100 nm film on fused silica substrate."
RII-SI-KARAMAN-220C,refractiveindex.info,Silicon: Karaman-220C (nk data),https://refractiveindex.info/?shelf=main&book=Si&page=Karaman-220C,"O. C. Karaman, G. N. Naidu, A. R. Bowman, E. N. Dayi, G. Tagliabue.",,2026-09-28,CC0-1.0 (refractiveindex.info public domain),"Optical constants for Silicon via the refractiveindex.info database (public domain, CC0 1.0). Primary reference: O. C. Karaman, G. N. Naidu, A. R. Bowman, E. N. Dayi, G. Tagliabue. DOI: https://doi.org/10.1002/lpor.202501014 | page note: Amorphous silicon (a-Si), 220 °C. 100 nm film on fused silica substrate."
RII-SI-KARAMAN-70C,refractiveindex.info,Silicon: Karaman-70C (nk data),https://refractiveindex.info/?shelf=main&book=Si&page=Karaman-70C,"O. C. Karaman, G. N. Naidu, A. R. Bowman, E. N. Dayi, G. Tagliabue.",,2026-09-28,CC0-1.0 (refractiveindex.info public domain),"Optical constants for Silicon via the refractiveindex.info database (public domain, CC0 1.0). Primary reference: O. C. Karaman, G. N. Naidu, A. R. Bowman, E. N. Dayi, G. Tagliabue. DOI: https://doi.org/10.1002/lpor.202501014 | page note: Amorphous silicon (a-Si), 70 °C. 100 nm film on fused silica substrate."
RII-SI-LI-100K,refractiveindex.info,Silicon: Li-100K (nk data),https://refractiveindex.info/?shelf=main&book=Si&page=Li-100K,H. H. Li.,,2026-09-28,CC0-1.0 (refractiveindex.info public domain),"Optical constants for Silicon via the refractiveindex.info database (public domain, CC0 1.0). Primary reference: H. H. Li. DOI: https://doi.org/10.1063/1.555624 | page note: 100 K (-173 °C)"
RII-SI-LI-150K,refractiveindex.info,Silicon: Li-150K (nk data),https://refractiveindex.info/?shelf=main&book=Si&page=Li-150K,H. H. Li.,,2026-09-28,CC0-1.0 (refractiveindex.info public domain),"Optical constants for Silicon via the refractiveindex.info database (public domain, CC0 1.0). Primary reference: H. H. Li. DOI: https://doi.org/10.1063/1.555624 | page note: 150 K (-123 °C)"
RII-SI-LI-200K,refractiveindex.info,Silicon: Li-200K (nk data),https://refractiveindex.info/?shelf=main&book=Si&page=Li-200K,H. H. Li.,,2026-09-28,CC0-1.0 (refractiveindex.info public domain),"Optical constants for Silicon via the refractiveindex.info database (public domain, CC0 1.0). Primary reference: H. H. Li. DOI: https://doi.org/10.1063/1.555624 | page note: 200 K (-73 °C)"
RII-SI-LI-250K,refractiveindex.info,Silicon: Li-250K (nk data),https://refractiveindex.info/?shelf=main&book=Si&page=Li-250K,H. H. Li.,,2026-09-28,CC0-1.0 (refractiveindex.info public domain),"Optical constants for Silicon via the refractiveindex.info database (public domain, CC0 1.0). Primary reference: H. H. Li. DOI: https://doi.org/10.1063/1.555624 | page note: 250 K (-23 °C)"
RII-SI-LI-293K,refractiveindex.info,Silicon: Li-293K (nk data),https://refractiveindex.info/?shelf=main&book=Si&page=Li-293K,H. H. Li.,,2026-09-28,CC0-1.0 (refractiveindex.info public domain),"Optical constants for Silicon via the refractiveindex.info database (public domain, CC0 1.0). Primary reference: H. H. Li. DOI: https://doi.org/10.1063/1.555624 | page note: 293 K (20 °C)"
RII-SI-LI-350K,refractiveindex.info,Silicon: Li-350K (nk data),https://refractiveindex.info/?shelf=main&book=Si&page=Li-350K,H. H. Li.,,2026-09-28,CC0-1.0 (refractiveindex.info public domain),"Optical constants for Silicon via the refractiveindex.info database (public domain, CC0 1.0). Primary reference: H. H. Li. DOI: https://doi.org/10.1063/1.555624 | page note: 350 K (77 °C)"
RII-SI-LI-400K,refractiveindex.info,Silicon: Li-400K (nk data),https://refractiveindex.info/?shelf=main&book=Si&page=Li-400K,H. H. Li.,,2026-09-28,CC0-1.0 (refractiveindex.info public domain),"Optical constants for Silicon via the refractiveindex.info database (public domain, CC0 1.0). Primary reference: H. H. Li. DOI: https://doi.org/10.1063/1.555624 | page note: 400 K (127 °C)"
RII-SI-LI-450K,refractiveindex.info,Silicon: Li-450K (nk data),https://refractiveindex.info/?shelf=main&book=Si&page=Li-450K,H. H. Li.,,2026-09-28,CC0-1.0 (refractiveindex.info public domain),"Optical constants for Silicon via the refractiveindex.info database (public domain, CC0 1.0). Primary reference: H. H. Li. DOI: https://doi.org/10.1063/1.555624 | page note: 450 K (177 °C)"
RII-SI-LI-500K,refractiveindex.info,Silicon: Li-500K (nk data),https://refractiveindex.info/?shelf=main&book=Si&page=Li-500K,H. H. Li.,,2026-09-28,CC0-1.0 (refractiveindex.info public domain),"Optical constants for Silicon via the refractiveindex.info database (public domain, CC0 1.0). Primary reference: H. H. Li. DOI: https://doi.org/10.1063/1.555624 | page note: 500 K (227 °C)"
RII-SI-LI-550K,refractiveindex.info,Silicon: Li-550K (nk data),https://refractiveindex.info/?shelf=main&book=Si&page=Li-550K,H. H. Li.,,2026-09-28,CC0-1.0 (refractiveindex.info public domain),"Optical constants for Silicon via the refractiveindex.info database (public domain, CC0 1.0). Primary reference: H. H. Li. DOI: https://doi.org/10.1063/1.555624 | page note: 550 K (277 °C)"
RII-SI-LI-600K,refractiveindex.info,Silicon: Li-600K (nk data),https://refractiveindex.info/?shelf=main&book=Si&page=Li-600K,H. H. Li.,,2026-09-28,CC0-1.0 (refractiveindex.info public domain),"Optical constants for Silicon via the refractiveindex.info database (public domain, CC0 1.0). Primary reference: H. H. Li. DOI: https://doi.org/10.1063/1.555624 | page note: 600 K (327 °C)"
RII-SI-LI-650K,refractiveindex.info,Silicon: Li-650K (nk data),https://refractiveindex.info/?shelf=main&book=Si&page=Li-650K,H. H. Li.,,2026-09-28,CC0-1.0 (refractiveindex.info public domain),"Optical constants for Silicon via the refractiveindex.info database (public domain, CC0 1.0). Primary reference: H. H. Li. DOI: https://doi.org/10.1063/1.555624 | page note: 650 K (377 °C)"
RII-SI-LI-700K,refractiveindex.info,Silicon: Li-700K (nk data),https://refractiveindex.info/?shelf=main&book=Si&page=Li-700K,H. H. Li.,,2026-09-28,CC0-1.0 (refractiveindex.info public domain),"Optical constants for Silicon via the refractiveindex.info database (public domain, CC0 1.0). Primary reference: H. H. Li. DOI: https://doi.org/10.1063/1.555624 | page note: 700 K (427 °C)"
RII-SI-LI-750K,refractiveindex.info,Silicon: Li-750K (nk data),https://refractiveindex.info/?shelf=main&book=Si&page=Li-750K,H. H. Li.,,2026-09-28,CC0-1.0 (refractiveindex.info public domain),"Optical constants for Silicon via the refractiveindex.info database (public domain, CC0 1.0). Primary reference: H. H. Li. DOI: https://doi.org/10.1063/1.555624 | page note: 700 K (477 °C)"
RII-SI-PIERCE,refractiveindex.info,Silicon: Pierce (nk data),https://refractiveindex.info/?shelf=main&book=Si&page=Pierce,1) D. T. Pierce and W. E. Spicer.,,2026-09-28,CC0-1.0 (refractiveindex.info public domain),"Optical constants for Silicon via the refractiveindex.info database (public domain, CC0 1.0). Primary reference: 1) D. T. Pierce and W. E. Spicer. DOI: https://doi.org/10.1103/PhysRevB.5.3017 | page note: Amorphous silicon (α-Si or a-Si). 60-nm film."
RII-SI-SALZBERG,refractiveindex.info,Silicon: Salzberg (nk data),https://refractiveindex.info/?shelf=main&book=Si&page=Salzberg,1) C. D. Salzberg and J. J. Villa.,,2026-09-28,CC0-1.0 (refractiveindex.info public domain),"Optical constants for Silicon via the refractiveindex.info database (public domain, CC0 1.0). Primary reference: 1) C. D. Salzberg and J. J. Villa. DOI: https://doi.org/10.1364/JOSA.47.000244 | page note: 26 °C, Unknown purity"
RII-SI-SCHINKE,refractiveindex.info,Silicon: Schinke (nk data),https://refractiveindex.info/?shelf=main&book=Si&page=Schinke,"1) C. Schinke, P. C. Peest, J. Schmidt, R. Brendel,  K. Bothe, M. R. Vogt, I. Kröger, S. Winter, A. Schirmacher, S. Lim, H. T. Nguyen, D. MacDonald.",,2026-09-28,CC0-1.0 (refractiveindex.info public domain),"Optical constants for Silicon via the refractiveindex.info database (public domain, CC0 1.0). Primary reference: 1) C. Schinke, P. C. Peest, J. Schmidt, R. Brendel,  K. Bothe, M. R. Vogt, I. Kröger, S. Winter, A. Schirmacher, S. Lim, H. T. Nguyen, D. MacDonald. DOI: https://doi.org/10.1063%2F1.4923379 | page note: Relative uncertainties of the absorption coefficient: 0.4% at 0.250 µm, 11% at 0.6 µm, 1.4% at 1 µm, 12% at 1.2 µm and 180% at 1.45 µm. Temperature: 295 K."
RII-SI-SHKONDIN,refractiveindex.info,Silicon: Shkondin (nk data),https://refractiveindex.info/?shelf=main&book=Si&page=Shkondin,"E. Shkondin, O. Takayama, M. E. Aryaee Panah, P. Liu, P. V. Larsen, M. D. Mar, F. Jensen, A. V. Lavrinenko.",,2026-09-28,CC0-1.0 (refractiveindex.info public domain),"Optical constants for Silicon via the refractiveindex.info database (public domain, CC0 1.0). Primary reference: E. Shkondin, O. Takayama, M. E. Aryaee Panah, P. Liu, P. V. Larsen, M. D. Mar, F. Jensen, A. V. Lavrinenko. DOI: https://doi.org/10.1364/OME.7.001606 | page note: Bulk silicone"
RII-SI-SIK-250C,refractiveindex.info,Silicon: Sik-250C (nk data),https://refractiveindex.info/?shelf=main&book=Si&page=Sik-250C,"J. Šik, J. Hora, J. Humlı́ček.",,2026-09-28,CC0-1.0 (refractiveindex.info public domain),"Optical constants for Silicon via the refractiveindex.info database (public domain, CC0 1.0). Primary reference: J. Šik, J. Hora, J. Humlı́ček. DOI: https://doi.org/10.1063/1.368951 | page note: Temperature: 250 °C (523 K)."
RII-SI-SIK-25C,refractiveindex.info,Silicon: Sik-25C (nk data),https://refractiveindex.info/?shelf=main&book=Si&page=Sik-25C,"J. Šik, J. Hora, J. Humlı́ček.",,2026-09-28,CC0-1.0 (refractiveindex.info public domain),"Optical constants for Silicon via the refractiveindex.info database (public domain, CC0 1.0). Primary reference: J. Šik, J. Hora, J. Humlı́ček. DOI: https://doi.org/10.1063/1.368951 | page note: temperature: 25 °C (298 K)."
RII-SI-SIK-500C,refractiveindex.info,Silicon: Sik-500C (nk data),https://refractiveindex.info/?shelf=main&book=Si&page=Sik-500C,"J. Šik, J. Hora, J. Humlı́ček.",,2026-09-28,CC0-1.0 (refractiveindex.info public domain),"Optical constants for Silicon via the refractiveindex.info database (public domain, CC0 1.0). Primary reference: J. Šik, J. Hora, J. Humlı́ček. DOI: https://doi.org/10.1063/1.368951 | page note: Temperature: 500 °C (773 K)."
RII-SI-SIK-700C,refractiveindex.info,Silicon: Sik-700C (nk data),https://refractiveindex.info/?shelf=main&book=Si&page=Sik-700C,"J. Šik, J. Hora, J. Humlı́ček.",,2026-09-28,CC0-1.0 (refractiveindex.info public domain),"Optical constants for Silicon via the refractiveindex.info database (public domain, CC0 1.0). Primary reference: J. Šik, J. Hora, J. Humlı́ček. DOI: https://doi.org/10.1063/1.368951 | page note: Temperature: 700 °C (973 K)."
RII-SI-SIK-850C,refractiveindex.info,Silicon: Sik-850C (nk data),https://refractiveindex.info/?shelf=main&book=Si&page=Sik-850C,"J. Šik, J. Hora, J. Humlı́ček.",,2026-09-28,CC0-1.0 (refractiveindex.info public domain),"Optical constants for Silicon via the refractiveindex.info database (public domain, CC0 1.0). Primary reference: J. Šik, J. Hora, J. Humlı́ček. DOI: https://doi.org/10.1063/1.368951 | page note: Temperature: 850 °C (1123 K)."
RII-SI-VUYE-100C,refractiveindex.info,Silicon: Vuye-100C (nk data),https://refractiveindex.info/?shelf=main&book=Si&page=Vuye-100C,"G. Vuye, S. Fisson, V. Nguyen Van, Y. Wang, J. Rivory, F. Abelès.",,2026-09-28,CC0-1.0 (refractiveindex.info public domain),"Optical constants for Silicon via the refractiveindex.info database (public domain, CC0 1.0). Primary reference: G. Vuye, S. Fisson, V. Nguyen Van, Y. Wang, J. Rivory, F. Abelès. DOI: https://doi.org/10.1016/0040-6090(93)90082-Z | page note: 100 °C; Crysal orientation: <111>"
RII-SI-VUYE-150C,refractiveindex.info,Silicon: Vuye-150C (nk data),https://refractiveindex.info/?shelf=main&book=Si&page=Vuye-150C,"G. Vuye, S. Fisson, V. Nguyen Van, Y. Wang, J. Rivory, F. Abelès.",,2026-09-28,CC0-1.0 (refractiveindex.info public domain),"Optical constants for Silicon via the refractiveindex.info database (public domain, CC0 1.0). Primary reference: G. Vuye, S. Fisson, V. Nguyen Van, Y. Wang, J. Rivory, F. Abelès. DOI: https://doi.org/10.1016/0040-6090(93)90082-Z | page note: 150 °C; Crysal orientation: <111>"
RII-SI-VUYE-200C,refractiveindex.info,Silicon: Vuye-200C (nk data),https://refractiveindex.info/?shelf=main&book=Si&page=Vuye-200C,"G. Vuye, S. Fisson, V. Nguyen Van, Y. Wang, J. Rivory, F. Abelès.",,2026-09-28,CC0-1.0 (refractiveindex.info public domain),"Optical constants for Silicon via the refractiveindex.info database (public domain, CC0 1.0). Primary reference: G. Vuye, S. Fisson, V. Nguyen Van, Y. Wang, J. Rivory, F. Abelès. DOI: https://doi.org/10.1016/0040-6090(93)90082-Z | page note: 200 °C; Crysal orientation: <111>"
RII-SI-VUYE-20C,refractiveindex.info,Silicon: Vuye-20C (nk data),https://refractiveindex.info/?shelf=main&book=Si&page=Vuye-20C,"G. Vuye, S. Fisson, V. Nguyen Van, Y. Wang, J. Rivory, F. Abelès.",,2026-09-28,CC0-1.0 (refractiveindex.info public domain),"Optical constants for Silicon via the refractiveindex.info database (public domain, CC0 1.0). Primary reference: G. Vuye, S. Fisson, V. Nguyen Van, Y. Wang, J. Rivory, F. Abelès. DOI: https://doi.org/10.1016/0040-6090(93)90082-Z | page note: 20 °C; Crysal orientation: <111>"
RII-SI-VUYE-250C,refractiveindex.info,Silicon: Vuye-250C (nk data),https://refractiveindex.info/?shelf=main&book=Si&page=Vuye-250C,"G. Vuye, S. Fisson, V. Nguyen Van, Y. Wang, J. Rivory, F. Abelès.",,2026-09-28,CC0-1.0 (refractiveindex.info public domain),"Optical constants for Silicon via the refractiveindex.info database (public domain, CC0 1.0). Primary reference: G. Vuye, S. Fisson, V. Nguyen Van, Y. Wang, J. Rivory, F. Abelès. DOI: https://doi.org/10.1016/0040-6090(93)90082-Z | page note: 250 °C; Crysal orientation: <111>"
RII-SI-VUYE-300C,refractiveindex.info,Silicon: Vuye-300C (nk data),https://refractiveindex.info/?shelf=main&book=Si&page=Vuye-300C,"G. Vuye, S. Fisson, V. Nguyen Van, Y. Wang, J. Rivory, F. Abelès.",,2026-09-28,CC0-1.0 (refractiveindex.info public domain),"Optical constants for Silicon via the refractiveindex.info database (public domain, CC0 1.0). Primary reference: G. Vuye, S. Fisson, V. Nguyen Van, Y. Wang, J. Rivory, F. Abelès. DOI: https://doi.org/10.1016/0040-6090(93)90082-Z | page note: 300 °C; Crysal orientation: <111>"
RII-SI-VUYE-350C,refractiveindex.info,Silicon: Vuye-350C (nk data),https://refractiveindex.info/?shelf=main&book=Si&page=Vuye-350C,"G. Vuye, S. Fisson, V. Nguyen Van, Y. Wang, J. Rivory, F. Abelès.",,2026-09-28,CC0-1.0 (refractiveindex.info public domain),"Optical constants for Silicon via the refractiveindex.info database (public domain, CC0 1.0). Primary reference: G. Vuye, S. Fisson, V. Nguyen Van, Y. Wang, J. Rivory, F. Abelès. DOI: https://doi.org/10.1016/0040-6090(93)90082-Z | page note: 350 °C; Crysal orientation: <111>"
RII-SI-VUYE-400C,refractiveindex.info,Silicon: Vuye-400C (nk data),https://refractiveindex.info/?shelf=main&book=Si&page=Vuye-400C,"G. Vuye, S. Fisson, V. Nguyen Van, Y. Wang, J. Rivory, F. Abelès.",,2026-09-28,CC0-1.0 (refractiveindex.info public domain),"Optical constants for Silicon via the refractiveindex.info database (public domain, CC0 1.0). Primary reference: G. Vuye, S. Fisson, V. Nguyen Van, Y. Wang, J. Rivory, F. Abelès. DOI: https://doi.org/10.1016/0040-6090(93)90082-Z | page note: 400 °C; Crysal orientation: <111>"
RII-SI-VUYE-450C,refractiveindex.info,Silicon: Vuye-450C (nk data),https://refractiveindex.info/?shelf=main&book=Si&page=Vuye-450C,"G. Vuye, S. Fisson, V. Nguyen Van, Y. Wang, J. Rivory, F. Abelès.",,2026-09-28,CC0-1.0 (refractiveindex.info public domain),"Optical constants for Silicon via the refractiveindex.info database (public domain, CC0 1.0). Primary reference: G. Vuye, S. Fisson, V. Nguyen Van, Y. Wang, J. Rivory, F. Abelès. DOI: https://doi.org/10.1016/0040-6090(93)90082-Z | page note: 450 °C; Crysal orientation: <111>"
RII-SI-WANG-25C,refractiveindex.info,Silicon: Wang-25C (nk data),https://refractiveindex.info/?shelf=main&book=Si&page=Wang-25C,"X. Wang, C. Shi, Q. Zheng, D. Thompson.",,2026-09-28,CC0-1.0 (refractiveindex.info public domain),"Optical constants for Silicon via the refractiveindex.info database (public domain, CC0 1.0). Primary reference: X. Wang, C. Shi, Q. Zheng, D. Thompson. DOI: https://doi.org/10.1063/5.0276240 | page note: 25 °C. Silicon-on-insulator (SOI) wafer. Measurement method: ellipsometry."
RII-SI-WANG-35C,refractiveindex.info,Silicon: Wang-35C (nk data),https://refractiveindex.info/?shelf=main&book=Si&page=Wang-35C,"X. Wang, C. Shi, Q. Zheng, D. Thompson.",,2026-09-28,CC0-1.0 (refractiveindex.info public domain),"Optical constants for Silicon via the refractiveindex.info database (public domain, CC0 1.0). Primary reference: X. Wang, C. Shi, Q. Zheng, D. Thompson. DOI: https://doi.org/10.1063/5.0276240 | page note: 35 °C. Silicon-on-insulator (SOI) wafer. Measurement method: ellipsometry."
RII-SI-WANG-45C,refractiveindex.info,Silicon: Wang-45C (nk data),https://refractiveindex.info/?shelf=main&book=Si&page=Wang-45C,"X. Wang, C. Shi, Q. Zheng, D. Thompson.",,2026-09-28,CC0-1.0 (refractiveindex.info public domain),"Optical constants for Silicon via the refractiveindex.info database (public domain, CC0 1.0). Primary reference: X. Wang, C. Shi, Q. Zheng, D. Thompson. DOI: https://doi.org/10.1063/5.0276240 | page note: 45 °C. Silicon-on-insulator (SOI) wafer. Measurement method: ellipsometry."
RII-SI-WANG-55C,refractiveindex.info,Silicon: Wang-55C (nk data),https://refractiveindex.info/?shelf=main&book=Si&page=Wang-55C,"X. Wang, C. Shi, Q. Zheng, D. Thompson.",,2026-09-28,CC0-1.0 (refractiveindex.info public domain),"Optical constants for Silicon via the refractiveindex.info database (public domain, CC0 1.0). Primary reference: X. Wang, C. Shi, Q. Zheng, D. Thompson. DOI: https://doi.org/10.1063/5.0276240 | page note: 55 °C. Silicon-on-insulator (SOI) wafer. Measurement method: ellipsometry."
RII-SI-WANG-65C,refractiveindex.info,Silicon: Wang-65C (nk data),https://refractiveindex.info/?shelf=main&book=Si&page=Wang-65C,"X. Wang, C. Shi, Q. Zheng, D. Thompson.",,2026-09-28,CC0-1.0 (refractiveindex.info public domain),"Optical constants for Silicon via the refractiveindex.info database (public domain, CC0 1.0). Primary reference: X. Wang, C. Shi, Q. Zheng, D. Thompson. DOI: https://doi.org/10.1063/5.0276240 | page note: 65 °C. Silicon-on-insulator (SOI) wafer. Measurement method: ellipsometry."
RII-SIO2-AROSA,refractiveindex.info,Silicon dioxide (fused silica / quartz): Arosa (nk data),https://refractiveindex.info/?shelf=main&book=SiO2&page=Arosa,Y. Arosa and R. de la Fuente.,,2026-09-28,CC0-1.0 (refractiveindex.info public domain),"Optical constants for Silicon dioxide (fused silica / quartz) via the refractiveindex.info database (public domain, CC0 1.0). Primary reference: Y. Arosa and R. de la Fuente. DOI: https://doi.org/10.1364/OL.395510 | page note: Fused silica. The accuracy of refractive index measurements is lower than those reported by Malitson. However, by combining phase velocity and group velocity dispersion data, the authors have derived a potentially more accurate Sellmeier formula."
RII-SIO2-FRANTA,refractiveindex.info,Silicon dioxide (fused silica / quartz): Franta (nk data),https://refractiveindex.info/?shelf=main&book=SiO2&page=Franta,"D. Franta, D. Nečas, I. Ohlídal. A. Giglia.",,2026-09-28,CC0-1.0 (refractiveindex.info public domain),"Optical constants for Silicon dioxide (fused silica / quartz) via the refractiveindex.info database (public domain, CC0 1.0). Primary reference: D. Franta, D. Nečas, I. Ohlídal. A. Giglia. DOI: https://doi.org/10.1117/12.2227580 | page note: Fused silica SiO<sub>2</sub> plate; Thickness 0.405 mm; Heterogenous data processing combining ellipsometric and spectrophotometric measurements with tabulated refractive index data (SCHOTT Lithosil Q2 product sheet) and Palik's tabulated data in EUV (only the spectral distribution of the imaginary part of the susceptibility and not the absolute value was fitted); Room temperature."
RII-SIO2-FRANTA-25C,refractiveindex.info,Silicon dioxide (fused silica / quartz): Franta-25C (nk data),https://refractiveindex.info/?shelf=main&book=SiO2&page=Franta-25C,"D. Franta, D. Nečas, I. Ohlídal. A. Giglia.",,2026-09-28,CC0-1.0 (refractiveindex.info public domain),"Optical constants for Silicon dioxide (fused silica / quartz) via the refractiveindex.info database (public domain, CC0 1.0). Primary reference: D. Franta, D. Nečas, I. Ohlídal. A. Giglia. DOI: https://doi.org/10.1117/12.2227580 | page note: Film SiO<sub>2</sub>; Deposited by e-beam evaporation on c-Si at 25 °C; 878.4 nm thick film with a fine polycrystalline structure containing water and organic adsorbed contaminants in pores; Heterogenous data processing combining ellipsometric and spectrophotometric measurements; Room temperature."
RII-SIO2-FRANTA-300C,refractiveindex.info,Silicon dioxide (fused silica / quartz): Franta-300C (nk data),https://refractiveindex.info/?shelf=main&book=SiO2&page=Franta-300C,"D. Franta, D. Nečas, I. Ohlídal. A. Giglia.",,2026-09-28,CC0-1.0 (refractiveindex.info public domain),"Optical constants for Silicon dioxide (fused silica / quartz) via the refractiveindex.info database (public domain, CC0 1.0). Primary reference: D. Franta, D. Nečas, I. Ohlídal. A. Giglia. DOI: https://doi.org/10.1117/12.2227580 | page note: Film SiO<sub>2</sub>; Deposited by e-beam evaporation on c-Si at 300 °C; 801.9 nm thick film with an amorphous (very fine polycrystalline) dense structure; Heterogenous data processing combining ellipsometric and spectrophotometric measurements; Room temperature."
RII-SIO2-GAO,refractiveindex.info,Silicon dioxide (fused silica / quartz): Gao (nk data),https://refractiveindex.info/?shelf=main&book=SiO2&page=Gao,"L. Gao, F. Lemarchand, M. Lequime.",,2026-09-28,CC0-1.0 (refractiveindex.info public domain),"Optical constants for Silicon dioxide (fused silica / quartz) via the refractiveindex.info database (public domain, CC0 1.0). Primary reference: L. Gao, F. Lemarchand, M. Lequime. DOI: https://doi.org/10.2971/jeos.2013.13010 | page note: 300-nm monolayer deposited on fused silica using the ion assistance electronic beam deposition technique."
RII-SIO2-GHOSH-E,refractiveindex.info,Silicon dioxide (fused silica / quartz): Ghosh-e (nk data),https://refractiveindex.info/?shelf=main&book=SiO2&page=Ghosh-e,G. Ghosh.,,2026-09-28,CC0-1.0 (refractiveindex.info public domain),"Optical constants for Silicon dioxide (fused silica / quartz) via the refractiveindex.info database (public domain, CC0 1.0). Primary reference: G. Ghosh. DOI: https://doi.org/10.1016/S0030-4018(99)00091-7 | page note: Extraordinary ray (e). Room temperature."
RII-SIO2-GHOSH-O,refractiveindex.info,Silicon dioxide (fused silica / quartz): Ghosh-o (nk data),https://refractiveindex.info/?shelf=main&book=SiO2&page=Ghosh-o,G. Ghosh.,,2026-09-28,CC0-1.0 (refractiveindex.info public domain),"Optical constants for Silicon dioxide (fused silica / quartz) via the refractiveindex.info database (public domain, CC0 1.0). Primary reference: G. Ghosh. DOI: https://doi.org/10.1016/S0030-4018(99)00091-7 | page note: Ordinary ray (o). Room temperature."
RII-SIO2-KISCHKAT,refractiveindex.info,Silicon dioxide (fused silica / quartz): Kischkat (nk data),https://refractiveindex.info/?shelf=main&book=SiO2&page=Kischkat,"J. Kischkat, S. Peters, B. Gruska, M. Semtsiv, M. Chashnikova, M. Klinkmüller, O. Fedosenko, S. Machulik, A. Aleksandrova, G. Monastyrskyi, Y. Flores, W. T. Masselink.",,2026-09-28,CC0-1.0 (refractiveindex.info public domain),"Optical constants for Silicon dioxide (fused silica / quartz) via the refractiveindex.info database (public domain, CC0 1.0). Primary reference: J. Kischkat, S. Peters, B. Gruska, M. Semtsiv, M. Chashnikova, M. Klinkmüller, O. Fedosenko, S. Machulik, A. Aleksandrova, G. Monastyrskyi, Y. Flores, W. T. Masselink. DOI: https://doi.org/10.1364/AO.51.006789 | page note: 510-nm single layer on Si substrate. Prepared by room temperature reactive sputter deposition using Si target and 2.0 SCCM O<sub>2</sub> flux.<br>Data on the influence of deposition conditions on the optical properties of the film can be found in the original publication.<br>Data on the refractive index (n) in the visible can be found in the original publication."
RII-SIO2-LEMARCHAND,refractiveindex.info,Silicon dioxide (fused silica / quartz): Lemarchand (nk data),https://refractiveindex.info/?shelf=main&book=SiO2&page=Lemarchand,F. Lemarchand.,,2026-09-28,CC0-1.0 (refractiveindex.info public domain),"Optical constants for Silicon dioxide (fused silica / quartz) via the refractiveindex.info database (public domain, CC0 1.0). Primary reference: F. Lemarchand. DOI: https://doi.org/10.1364/OE.20.015734 | page note: 580-nm monolayer deposited on BK7 substrate using the magnetron sputtering technique."
RII-SIO2-MALITSON,refractiveindex.info,Silicon dioxide (fused silica / quartz): Malitson (nk data),https://refractiveindex.info/?shelf=main&book=SiO2&page=Malitson,1) I. H. Malitson.,,2026-09-28,CC0-1.0 (refractiveindex.info public domain),"Optical constants for Silicon dioxide (fused silica / quartz) via the refractiveindex.info database (public domain, CC0 1.0). Primary reference: 1) I. H. Malitson. DOI: https://doi.org/10.1364/JOSA.55.001205 | page note: Fused silica, 20 °C"
RII-SIO2-POPOVA,refractiveindex.info,Silicon dioxide (fused silica / quartz): Popova (nk data),https://refractiveindex.info/?shelf=main&book=SiO2&page=Popova,"1) S. Popova, T. Tolstykh, V. Vorobev.",,2026-09-28,CC0-1.0 (refractiveindex.info public domain),"Optical constants for Silicon dioxide (fused silica / quartz) via the refractiveindex.info database (public domain, CC0 1.0). Primary reference: 1) S. Popova, T. Tolstykh, V. Vorobev. DOI: https://doi.org/10.1364/AO.46.008118 | page note: Room temperature."
RII-SIO2-RADHAKRISHNAN-E,refractiveindex.info,Silicon dioxide (fused silica / quartz): Radhakrishnan-e (nk data),https://refractiveindex.info/?shelf=main&book=SiO2&page=Radhakrishnan-e,1) T. Radhakrishnan.,,2026-09-28,CC0-1.0 (refractiveindex.info public domain),"Optical constants for Silicon dioxide (fused silica / quartz) via the refractiveindex.info database (public domain, CC0 1.0). Primary reference: 1) T. Radhakrishnan. DOI: https://doi.org/10.1007/BF03172255 | page note: 18 °C"
RII-SIO2-RADHAKRISHNAN-O,refractiveindex.info,Silicon dioxide (fused silica / quartz): Radhakrishnan-o (nk data),https://refractiveindex.info/?shelf=main&book=SiO2&page=Radhakrishnan-o,1) T. Radhakrishnan.,,2026-09-28,CC0-1.0 (refractiveindex.info public domain),"Optical constants for Silicon dioxide (fused silica / quartz) via the refractiveindex.info database (public domain, CC0 1.0). Primary reference: 1) T. Radhakrishnan. DOI: https://doi.org/10.1007/BF03172255 | page note: 18 °C"
RII-SIO2-RODRIGUEZ-DEMARCOS,refractiveindex.info,Silicon dioxide (fused silica / quartz): Rodriguez-de Marcos (nk data),https://refractiveindex.info/?shelf=main&book=SiO2&page=Rodriguez-de Marcos,"L. V. Rodríguez-de Marcos, J. I. Larruquert, J. A. Méndez, J. A. Aznárez.",,2026-09-28,CC0-1.0 (refractiveindex.info public domain),"Optical constants for Silicon dioxide (fused silica / quartz) via the refractiveindex.info database (public domain, CC0 1.0). Primary reference: L. V. Rodríguez-de Marcos, J. I. Larruquert, J. A. Méndez, J. A. Aznárez. DOI: https://doi.org/10.1364/OME.6.003622 | page note: Oxide films were deposited by reactive electron-beam evaporation onto various sorts of substrates at 300 °C"
RII-SRF2-BOSOMWORTH-200K,refractiveindex.info,Strontium fluoride: Bosomworth-200K (nk data),https://refractiveindex.info/?shelf=main&book=SrF2&page=Bosomworth-200K,D. R. Bosomworth.,,2026-09-28,CC0-1.0 (refractiveindex.info public domain),"Optical constants for Strontium fluoride via the refractiveindex.info database (public domain, CC0 1.0). Primary reference: D. R. Bosomworth. DOI: https://doi.org/10.1103/PhysRev.157.709 | page note: 200 K"
RII-SRF2-BOSOMWORTH-300K,refractiveindex.info,Strontium fluoride: Bosomworth-300K (nk data),https://refractiveindex.info/?shelf=main&book=SrF2&page=Bosomworth-300K,D. R. Bosomworth.,,2026-09-28,CC0-1.0 (refractiveindex.info public domain),"Optical constants for Strontium fluoride via the refractiveindex.info database (public domain, CC0 1.0). Primary reference: D. R. Bosomworth. DOI: https://doi.org/10.1103/PhysRev.157.709 | page note: 300 K"
RII-SRF2-BOSOMWORTH-5K,refractiveindex.info,Strontium fluoride: Bosomworth-5K (nk data),https://refractiveindex.info/?shelf=main&book=SrF2&page=Bosomworth-5K,D. R. Bosomworth.,,2026-09-28,CC0-1.0 (refractiveindex.info public domain),"Optical constants for Strontium fluoride via the refractiveindex.info database (public domain, CC0 1.0). Primary reference: D. R. Bosomworth. DOI: https://doi.org/10.1103/PhysRev.157.709 | page note: 5 K"
RII-SRF2-BOSOMWORTH-80K,refractiveindex.info,Strontium fluoride: Bosomworth-80K (nk data),https://refractiveindex.info/?shelf=main&book=SrF2&page=Bosomworth-80K,D. R. Bosomworth.,,2026-09-28,CC0-1.0 (refractiveindex.info public domain),"Optical constants for Strontium fluoride via the refractiveindex.info database (public domain, CC0 1.0). Primary reference: D. R. Bosomworth. DOI: https://doi.org/10.1103/PhysRev.157.709 | page note: 80 K"
RII-SRF2-FELDMAN,refractiveindex.info,Strontium fluoride: Feldman (nk data),https://refractiveindex.info/?shelf=main&book=SrF2&page=Feldman,"A. Feldman, D. Horowitz, R. Waxier and M. Dodge. Optical materials characterization final technical report, February 1, 1978.",,2026-09-28,CC0-1.0 (refractiveindex.info public domain),"Optical constants for Strontium fluoride via the refractiveindex.info database (public domain, CC0 1.0). Primary reference: A. Feldman, D. Horowitz, R. Waxier and M. Dodge. Optical materials characterization final technical report, February 1, 1978. | page note: 20 °C"
RII-SRF2-KAISER,refractiveindex.info,Strontium fluoride: Kaiser (nk data),https://refractiveindex.info/?shelf=main&book=SrF2&page=Kaiser,"W. Kaiser, W. G. Spitzer, R. H. Kaiser, L. E. Howarth.",,2026-09-28,CC0-1.0 (refractiveindex.info public domain),"Optical constants for Strontium fluoride via the refractiveindex.info database (public domain, CC0 1.0). Primary reference: W. Kaiser, W. G. Spitzer, R. H. Kaiser, L. E. Howarth. DOI: https://doi.org/10.1103/PhysRev.127.1950 | page note: Single crystal; Room temperature; Lorentz oscillator model parameters provided."
RII-SRF2-LI,refractiveindex.info,Strontium fluoride: Li (nk data),https://refractiveindex.info/?shelf=main&book=SrF2&page=Li,H. H. Li.,,2026-09-28,CC0-1.0 (refractiveindex.info public domain),"Optical constants for Strontium fluoride via the refractiveindex.info database (public domain, CC0 1.0). Primary reference: H. H. Li. DOI: https://doi.org/10.1063/1.555616 | page note: 293 K (20 °C)."
RII-SRF2-RODRIGUEZ-DEMARCOS,refractiveindex.info,Strontium fluoride: Rodriguez-de Marcos (nk data),https://refractiveindex.info/?shelf=main&book=SrF2&page=Rodriguez-de Marcos,"L. Rodríguez-de Marcos, J. I. Larruquert, J. A. Aznárez, M. Fernández-Perea, R. Soufli, J. A. Méndez, S. L. Baker, E. M. Gullikson.",,2026-09-28,CC0-1.0 (refractiveindex.info public domain),"Optical constants for Strontium fluoride via the refractiveindex.info database (public domain, CC0 1.0). Primary reference: L. Rodríguez-de Marcos, J. I. Larruquert, J. A. Aznárez, M. Fernández-Perea, R. Soufli, J. A. Méndez, S. L. Baker, E. M. Gullikson. DOI: https://doi.org/10.1063/1.4800099 | page note: Density: 3.98 g/cm<sup>3</sup>. Film deposited at room temperature."
RII-TE-CALDWELL-E,refractiveindex.info,Tellurium: Caldwell-e (nk data),https://refractiveindex.info/?shelf=main&book=Te&page=Caldwell-e,1) R. S. Caldwell and H. Y. Fan.,,2026-09-28,CC0-1.0 (refractiveindex.info public domain),"Optical constants for Tellurium via the refractiveindex.info database (public domain, CC0 1.0). Primary reference: 1) R. S. Caldwell and H. Y. Fan. DOI: https://doi.org/10.1103/PhysRev.114.664 | page note: Extraordinary ray (e)."
RII-TE-CALDWELL-O,refractiveindex.info,Tellurium: Caldwell-o (nk data),https://refractiveindex.info/?shelf=main&book=Te&page=Caldwell-o,1) R. S. Caldwell and H. Y. Fan.,,2026-09-28,CC0-1.0 (refractiveindex.info public domain),"Optical constants for Tellurium via the refractiveindex.info database (public domain, CC0 1.0). Primary reference: 1) R. S. Caldwell and H. Y. Fan. DOI: https://doi.org/10.1103/PhysRev.114.664 | page note: Ordinary ray (o)."
RII-TE-CIESIELSKI,refractiveindex.info,Tellurium: Ciesielski (nk data),https://refractiveindex.info/?shelf=main&book=Te&page=Ciesielski,"A. Ciesielski, L. Skowronski, W.Pacuski, T. Szoplik.",,2026-09-28,CC0-1.0 (refractiveindex.info public domain),"Optical constants for Tellurium via the refractiveindex.info database (public domain, CC0 1.0). Primary reference: A. Ciesielski, L. Skowronski, W.Pacuski, T. Szoplik. DOI: https://doi.org/10.1016/j.mssp.2018.03.003 | page note: 30 nm-thick tellurium film deposited directly on SiO<sub>2</sub> substrate"
RII-TE-GUO-E,refractiveindex.info,Tellurium: Guo-e (nk data),https://refractiveindex.info/?shelf=main&book=Te&page=Guo-e,"Z. Guo, H. Gu, M. Fang, L. Yed, S. Liu.",,2026-09-28,CC0-1.0 (refractiveindex.info public domain),"Optical constants for Tellurium via the refractiveindex.info database (public domain, CC0 1.0). Primary reference: Z. Guo, H. Gu, M. Fang, L. Yed, S. Liu. DOI: https://doi.org/10.1039/D2NR03226K | page note: Tellurene. Extraordinary ray (e)."
RII-TE-GUO-O,refractiveindex.info,Tellurium: Guo-o (nk data),https://refractiveindex.info/?shelf=main&book=Te&page=Guo-o,"Z. Guo, H. Gu, M. Fang, L. Yed, S. Liu.",,2026-09-28,CC0-1.0 (refractiveindex.info public domain),"Optical constants for Tellurium via the refractiveindex.info database (public domain, CC0 1.0). Primary reference: Z. Guo, H. Gu, M. Fang, L. Yed, S. Liu. DOI: https://doi.org/10.1039/D2NR03226K | page note: Tellurene. Ordinary ray (o)."
RII-TE-SHERMAN-E,refractiveindex.info,Tellurium: Sherman-e (nk data),https://refractiveindex.info/?shelf=main&book=Te&page=Sherman-e,1) G. H. Sherman et al.,,2026-09-28,CC0-1.0 (refractiveindex.info public domain),"Optical constants for Tellurium via the refractiveindex.info database (public domain, CC0 1.0). Primary reference: 1) G. H. Sherman et al. DOI: https://doi.org/10.1364/AO.15.0305_1 | page note: Extraordinary ray"
RII-TE-SHERMAN-O,refractiveindex.info,Tellurium: Sherman-o (nk data),https://refractiveindex.info/?shelf=main&book=Te&page=Sherman-o,1) G. H. Sherman et al.,,2026-09-28,CC0-1.0 (refractiveindex.info public domain),"Optical constants for Tellurium via the refractiveindex.info database (public domain, CC0 1.0). Primary reference: 1) G. H. Sherman et al. DOI: https://doi.org/10.1364/AO.15.0305_1 | page note: Ordinary ray"
RII-Y3AL5O12-BOND,refractiveindex.info,Yttrium aluminium garnet (YAG): Bond (nk data),https://refractiveindex.info/?shelf=main&book=Y3Al5O12&page=Bond,W. L. Bond.,,2026-09-28,CC0-1.0 (refractiveindex.info public domain),"Optical constants for Yttrium aluminium garnet (YAG) via the refractiveindex.info database (public domain, CC0 1.0). Primary reference: W. L. Bond. DOI: https://doi.org/10.1063/1.1703106 | page note: Room temperature."
RII-Y3AL5O12-FRANTA,refractiveindex.info,Yttrium aluminium garnet (YAG): Franta (nk data),https://refractiveindex.info/?shelf=main&book=Y3Al5O12&page=Franta,"D. Franta, M.-G. Mureșan.",,2026-09-28,CC0-1.0 (refractiveindex.info public domain),"Optical constants for Yttrium aluminium garnet (YAG) via the refractiveindex.info database (public domain, CC0 1.0). Primary reference: D. Franta, M.-G. Mureșan. DOI: https://doi.org/10.1364/OME.441088 | page note: Single-crystal Y<sub>3</sub>Al<sub>5</sub>O<sub>12</sub>; Heterogenous data processing combining ellipsometric and spectrophotometric measurements with refractive index data (Zelmon et al. 1998); 2 mm thick plate; Room temperature."
RII-Y3AL5O12-ZELMON,refractiveindex.info,Yttrium aluminium garnet (YAG): Zelmon (nk data),https://refractiveindex.info/?shelf=main&book=Y3Al5O12&page=Zelmon,"D. E. Zelmon, D. L. Small and R. Page.",,2026-09-28,CC0-1.0 (refractiveindex.info public domain),"Optical constants for Yttrium aluminium garnet (YAG) via the refractiveindex.info database (public domain, CC0 1.0). Primary reference: D. E. Zelmon, D. L. Small and R. Page. DOI: https://doi.org/10.1364/AO.37.004933"
RII-ZNS-AMOTCHKINA,refractiveindex.info,Zinc sulfide: Amotchkina (nk data),https://refractiveindex.info/?shelf=main&book=ZnS&page=Amotchkina,"T. Amotchkina, M. Trubetskov, D. Hahner, V. Pervak.",,2026-09-28,CC0-1.0 (refractiveindex.info public domain),"Optical constants for Zinc sulfide via the refractiveindex.info database (public domain, CC0 1.0). Primary reference: T. Amotchkina, M. Trubetskov, D. Hahner, V. Pervak. DOI: https://doi.org/10.1364/AO.59.000A40 | page note: 1.008 µm ZnS film deposited on 3 mm thick Ge substrate by e-beam evaporation at 120 °C substrate temperature."
RII-ZNS-BOND,refractiveindex.info,Zinc sulfide: Bond (nk data),https://refractiveindex.info/?shelf=main&book=ZnS&page=Bond,W. L. Bond.,,2026-09-28,CC0-1.0 (refractiveindex.info public domain),"Optical constants for Zinc sulfide via the refractiveindex.info database (public domain, CC0 1.0). Primary reference: W. L. Bond. DOI: https://doi.org/10.1063/1.1703106 | page note: Room temperature."
RII-ZNS-OZAKI,refractiveindex.info,Zinc sulfide: Ozaki (nk data),https://refractiveindex.info/?shelf=main&book=ZnS&page=Ozaki,S. Ozaki and S. Adachi.,,2026-09-28,CC0-1.0 (refractiveindex.info public domain),"Optical constants for Zinc sulfide via the refractiveindex.info database (public domain, CC0 1.0). Primary reference: S. Ozaki and S. Adachi. DOI: https://doi.org/10.1143/JJAP.32.5008 | page note: Fit of author's experimental data to a simplified model of the interband transitions (MDF). Room Temperature."
RII-ZNS-QUERRY,refractiveindex.info,Zinc sulfide: Querry (nk data),https://refractiveindex.info/?shelf=main&book=ZnS&page=Querry,"M. R. Querry. Optical constants of minerals and other materials from the millimeter to the ultraviolet, Contractor Report CRDEC-CR-88009 (1987)",,2026-09-28,CC0-1.0 (refractiveindex.info public domain),"Optical constants for Zinc sulfide via the refractiveindex.info database (public domain, CC0 1.0). Primary reference: M. R. Querry. Optical constants of minerals and other materials from the millimeter to the ultraviolet, Contractor Report CRDEC-CR-88009 (1987)"
RII-ZNSE-ADACHI,refractiveindex.info,Zinc selenide: Adachi (nk data),https://refractiveindex.info/?shelf=main&book=ZnSe&page=Adachi,S. Adachi and T. Taguchi.,,2026-09-28,CC0-1.0 (refractiveindex.info public domain),"Optical constants for Zinc selenide via the refractiveindex.info database (public domain, CC0 1.0). Primary reference: S. Adachi and T. Taguchi. DOI: https://doi.org/10.1103/PhysRevB.43.9569"
RII-ZNSE-AMOTCHKINA,refractiveindex.info,Zinc selenide: Amotchkina (nk data),https://refractiveindex.info/?shelf=main&book=ZnSe&page=Amotchkina,"T. Amotchkina, M. Trubetskov, D. Hahner, V. Pervak.",,2026-09-28,CC0-1.0 (refractiveindex.info public domain),"Optical constants for Zinc selenide via the refractiveindex.info database (public domain, CC0 1.0). Primary reference: T. Amotchkina, M. Trubetskov, D. Hahner, V. Pervak. DOI: https://doi.org/10.1364/AO.59.000A40"
RII-ZNSE-CONNOLLY,refractiveindex.info,Zinc selenide: Connolly (nk data),https://refractiveindex.info/?shelf=main&book=ZnSe&page=Connolly,"1) J. Connolly, B. diBenedetto, R. Donadio.",,2026-09-28,CC0-1.0 (refractiveindex.info public domain),"Optical constants for Zinc selenide via the refractiveindex.info database (public domain, CC0 1.0). Primary reference: 1) J. Connolly, B. diBenedetto, R. Donadio. DOI: https://doi.org/10.1117/12.957359 | page note: CVD ZnSe, 23 °C"
RII-ZNSE-MARPLE,refractiveindex.info,Zinc selenide: Marple (nk data),https://refractiveindex.info/?shelf=main&book=ZnSe&page=Marple,D. T. F. Marple.,,2026-09-28,CC0-1.0 (refractiveindex.info public domain),"Optical constants for Zinc selenide via the refractiveindex.info database (public domain, CC0 1.0). Primary reference: D. T. F. Marple. DOI: https://doi.org/10.1063/1.1713411 | page note: Room temperature"
RII-ZNSE-QUERRY,refractiveindex.info,Zinc selenide: Querry (nk data),https://refractiveindex.info/?shelf=main&book=ZnSe&page=Querry,"M. R. Querry. Optical constants of minerals and other materials from the millimeter to the ultraviolet, Contractor Report CRDEC-CR-88009 (1987)",,2026-09-28,CC0-1.0 (refractiveindex.info public domain),"Optical constants for Zinc selenide via the refractiveindex.info database (public domain, CC0 1.0). Primary reference: M. R. Querry. Optical constants of minerals and other materials from the millimeter to the ultraviolet, Contractor Report CRDEC-CR-88009 (1987)"
RIINFO-PUBLIC-DOMAIN,VARIOUS,refractiveindex.info database (CC0),https://refractiveindex.info/,refractiveindex.info database record (CC0 1.0 waiver),,2026-09-21,CC0-1.0,Sellmeier dispersion coefficients mirrored from the CC0 refractiveindex.info database; original coefficients originate from SCHOTT/OHARA/HOYA/CDGM Zemax catalogs.
RPO-AGF-NZHAGEN-MIRROR,RPO,RPO Zemax catalog (RPO-AGF-NZHAGEN-MIRROR),https://github.com/nzhagen/zemaxglass/tree/master/src/ZemaxGlass/AGF_files,RPO-AGF-NZHAGEN-MIRROR,,2026-09-21,mirror-vintage-unknown; verify vs manufacturer catalog,Third-party mirror via nzhagen/zemaxglass; vintage unknown.
SCHOTT-AGF-2025-06,SCHOTT,SCHOTT Zemax catalog (SCHOTT-AGF-2025-06),https://www.schott.com/en-us/products/optical-glass-p1000267/downloads,SCHOTT-AGF-2025-06,,2026-09-21,"redistribution-limited; .agf stays local, only normalized rows committed",SCHOTT June 2025 preferred/inquiry/AR catalog; parsed locally.
SCHOTT-BK7-DS,SCHOTT,SCHOTT N-BK7 datasheet,https://www.schott.com/shop/advanced-optics/en/Optical-Glass/N-BK7/c/glass-N-BK7,N-BK7 datasheet (SCHOTT Advanced Optics),,2026-09-21, redistribution-prohibited; values transcribed for reference — see SCHOTT site for authoritative data,Anchor glass values per SCHOTT datasheet.
SCHOTT-CAT-2024,SCHOTT,SCHOTT optical glass catalog,https://www.schott.com/en-us/products/optical-glass-p1000267/downloads,SCHOTT optical glass pocket catalog / datasheets,,2026-09-21,redistribution-prohibited; use manufacturer source,nd/vd/density values for SCHOTT crown/flint glasses.
SUMITA-AGF-NZHAGEN-MIRROR,SUMITA,SUMITA Zemax catalog (SUMITA-AGF-NZHAGEN-MIRROR),https://github.com/nzhagen/zemaxglass/tree/master/src/ZemaxGlass/AGF_files,SUMITA-AGF-NZHAGEN-MIRROR,,2026-09-21,mirror-vintage-unknown; verify vs manufacturer catalog,Third-party mirror via nzhagen/zemaxglass; vintage unknown.
SUMITA-CAT,SUMITA,SUMITA optical glass catalog,https://www.sumita-optical.co.jp/en/product/,SUMITA glass catalog (K-PFK / K-VC series),,2026-09-21,redistribution-prohibited; use manufacturer source,K-PFK85 and K-VC78 nd/vd per SUMITA catalog listings.
TOPAS-AGF-NZHAGEN-MIRROR,TOPAS,TOPAS Zemax catalog (TOPAS-AGF-NZHAGEN-MIRROR),https://github.com/nzhagen/zemaxglass/tree/master/src/ZemaxGlass/AGF_files,TOPAS-AGF-NZHAGEN-MIRROR,,2026-09-21,mirror-vintage-unknown; verify vs manufacturer catalog,Third-party mirror via nzhagen/zemaxglass; vintage unknown.
UMICORE-AGF-NZHAGEN-MIRROR,UMICORE,UMICORE Zemax catalog (UMICORE-AGF-NZHAGEN-MIRROR),https://github.com/nzhagen/zemaxglass/tree/master/src/ZemaxGlass/AGF_files,UMICORE-AGF-NZHAGEN-MIRROR,,2026-09-21,mirror-vintage-unknown; verify vs manufacturer catalog,Third-party mirror via nzhagen/zemaxglass; vintage unknown.
ZEON-AGF-NZHAGEN-MIRROR,ZEON,ZEON Zemax catalog (ZEON-AGF-NZHAGEN-MIRROR),https://github.com/nzhagen/zemaxglass/tree/master/src/ZemaxGlass/AGF_files,ZEON-AGF-NZHAGEN-MIRROR,,2026-09-21,mirror-vintage-unknown; verify vs manufacturer catalog,Third-party mirror via nzhagen/zemaxglass; vintage unknown.
